; --- Creality Falcon 5W - 10CM SINGLE THICK LINE MASTER JOB ---
; 1. ALL VERY CLOSE DOUBLE LINES COLLAPSED TO SINGLE THICK LINES (Centerlines)
; 2. CIRCULAR BORDERS ARE SINGLE THICK RINGS (One Outer Circle, One Inner Circle)
; 3. UNIFORM CLEAN LINES ALL AROUND (360-degree G2 Circles, Zero Bottom Ornamentation)
; 4. TEXTS ARE 100% SOLID BOLD BLACK (Concentric Vector Pocketing)
; 5. RIBBON BANNER IS 100% COMPLETE (Intact Swallowtails & Bottom Curve)
; 6. Upright Orientation: y_cnc = -y_svg
; Speed: F1000 mm/min | Rapid: F2500 mm/min | Power: S320
; Workpiece: 100.0 mm | Outer Border: 90.0 mm
G21 ; mm
G90 ; Absolute coordinates
G92 X0 Y0 ; Assert laser head position as Center Origin (0,0)
M5 ; Laser OFF
G0 F2500
; --- Single Thick Circular Borders (Outer R=45mm, Inner R=43.5mm) ---
G0 X0 Y45.000 F2500
M3 S320
G2 X0 Y45.000 I0 J-45.000 F1000
G2 X0 Y45.000 I0 J-45.000 F1000
M5
G0 X0 Y43.500 F2500
M3 S320
G2 X0 Y43.500 I0 J-43.500 F1000
G2 X0 Y43.500 I0 J-43.500 F1000
M5
; --- Single-Line Artwork & Solid Black Text Toolpaths ---
G0 X-1.233 Y-2.277 F2500
M3 S320
G1 F1000
G1 X-1.138 Y-2.182
G1 X1.565 Y-2.229
G1 X1.138 Y-2.324
M5
G0 X2.941 Y-1.470 F2500
M3 S320
G1 F1000
G1 X3.130 Y-1.518
G1 X3.083 Y-1.660
G1 X2.941 Y-1.707
M5
G0 X2.893 Y-1.375 F2500
M3 S320
G1 F1000
G1 X2.988 Y-1.281
G1 X3.130 Y-1.328
G1 X3.083 Y-1.470
M5
G0 X2.988 Y-1.043 F2500
M3 S320
G1 F1000
G1 X3.130 Y-1.091
G1 X3.083 Y-1.281
G1 X2.941 Y-1.233
M5
G0 X2.988 Y-0.664 F2500
M3 S320
G1 F1000
G1 X3.130 Y-0.711
G1 X3.083 Y-1.043
G1 X2.941 Y-0.996
M5
G0 X2.988 Y-0.522 F2500
M3 S320
G1 F1000
G1 X3.083 Y-0.664
G1 X2.941 Y-0.617
M5
G0 X2.893 Y0.427 F2500
M3 S320
G1 F1000
G1 X3.083 Y0.379
G1 X3.130 Y0.285
G1 X3.083 Y0.142
G1 X2.988 Y0.142
G1 X3.178 Y0.095
G1 X3.178 Y-0.190
G1 X3.130 Y-0.285
G1 X2.941 Y-0.332
G1 X3.130 Y-0.379
G1 X3.083 Y-0.522
G1 X2.941 Y-0.522
G1 X2.893 Y-0.901
G1 X2.798 Y-0.901
G1 X2.941 Y-0.949
G1 X2.751 Y-1.043
G1 X2.846 Y-1.091
G1 X2.751 Y-1.138
G1 X2.893 Y-1.091
G1 X2.893 Y-1.328
G1 X2.751 Y-1.281
G1 X2.846 Y-1.423
G1 X2.751 Y-1.423
G1 X2.846 Y-1.470
G1 X2.656 Y-1.518
G1 X2.893 Y-1.565
G1 X2.941 Y-1.755
G1 X2.846 Y-1.850
G1 X2.514 Y-1.802
G1 X2.514 Y-1.707
G1 X2.466 Y-1.850
G1 X2.182 Y-1.755
G1 X2.277 Y-1.613
G1 X2.277 Y-1.328
G1 X2.514 Y-0.142
G1 X2.656 Y0.285
M5
G0 X2.751 Y0.664 F2500
M3 S320
G1 F1000
G1 X2.703 Y0.474
G1 X2.609 Y0.474
G1 X2.751 Y0.427
G1 X2.656 Y0.332
G1 X2.514 Y-0.095
G1 X2.514 Y-0.332
G1 X2.277 Y-1.328
G1 X2.277 Y-1.613
G1 X2.182 Y-1.707
G1 X1.850 Y-1.755
G1 X2.039 Y-1.707
G1 X2.134 Y-1.850
G1 X1.613 Y-1.802
G1 X1.707 Y-1.138
G1 X2.039 Y-0.142
G1 X2.419 Y0.711
M5
G0 X2.798 Y0.711 F2500
M3 S320
G1 F1000
G1 X3.130 Y0.664
G1 X3.083 Y0.427
G1 X2.941 Y0.427
G1 X2.798 Y0.522
M5
G0 X3.130 Y0.949 F2500
M3 S320
G1 F1000
G1 X3.083 Y0.711
G1 X2.846 Y0.806
M5
G0 X3.178 Y1.613 F2500
M3 S320
G1 F1000
G1 X3.130 Y0.996
G1 X2.893 Y0.996
G1 X2.941 Y0.901
G1 X2.846 Y0.854
G1 X2.798 Y0.711
G1 X2.324 Y0.711
G1 X2.229 Y0.806
G1 X2.182 Y1.043
G1 X2.324 Y1.233
G1 X2.609 Y1.328
G1 X2.988 Y1.660
M5
G0 X2.893 Y1.802 F2500
M3 S320
G1 F1000
G1 X2.798 Y1.755
G1 X2.751 Y1.850
M5
G0 X3.130 Y1.945 F2500
M3 S320
G1 F1000
G1 X3.083 Y1.660
G1 X2.846 Y1.660
G1 X2.846 Y1.755
G1 X2.988 Y1.945
M5
G0 X2.988 Y2.609 F2500
M3 S320
G1 F1000
G1 X3.130 Y2.561
G1 X3.083 Y2.277
G1 X2.988 Y2.324
M5
G0 X2.988 Y2.893 F2500
M3 S320
G1 F1000
G1 X2.846 Y2.751
M5
G0 X3.130 Y3.510 F2500
M3 S320
G1 F1000
G1 X2.988 Y2.656
G1 X2.893 Y3.415
G1 X2.941 Y3.510
M5
G0 X2.798 Y3.605 F2500
M3 S320
G1 F1000
G1 X2.941 Y3.557
G1 X2.846 Y3.178
G1 X2.751 Y3.273
G1 X2.703 Y3.510
M5
G0 X1.707 Y4.980 F2500
M3 S320
G1 F1000
G1 X1.897 Y5.027
G1 X2.039 Y4.743
G1 X2.182 Y4.743
G1 X2.324 Y4.553
G1 X2.561 Y4.411
G1 X2.561 Y4.221
G1 X2.324 Y4.221
G1 X2.656 Y4.174
G1 X2.561 Y4.079
G1 X2.371 Y4.031
G1 X2.561 Y4.079
G1 X2.656 Y3.984
G1 X2.419 Y3.889
G1 X2.656 Y3.794
G1 X2.514 Y3.794
G1 X2.703 Y3.652
G1 X2.466 Y3.652
G1 X2.751 Y3.605
G1 X2.656 Y3.510
G1 X2.466 Y3.462
G1 X2.609 Y3.510
G1 X2.751 Y3.462
G1 X2.703 Y3.320
G1 X2.514 Y3.320
G1 X2.656 Y3.178
G1 X2.751 Y3.225
G1 X2.751 Y3.035
G1 X2.656 Y3.035
G1 X2.798 Y2.893
G1 X2.703 Y2.846
G1 X2.846 Y2.846
G1 X2.798 Y2.656
G1 X2.941 Y2.514
G1 X2.751 Y2.371
G1 X2.893 Y2.466
G1 X3.035 Y2.324
G1 X3.035 Y2.134
G1 X2.798 Y2.087
G1 X2.941 Y2.134
G1 X3.035 Y1.992
G1 X2.893 Y1.992
G1 X2.751 Y1.897
G1 X2.324 Y2.561
G1 X1.802 Y4.031
G1 X1.660 Y4.695
M5
G0 X0.949 Y5.549 F2500
M3 S320
G1 F1000
G1 X1.091 Y5.502
G1 X0.996 Y5.359
G1 X0.901 Y5.454
M5
G0 X0.759 Y5.407 F2500
M3 S320
G1 F1000
G1 X0.901 Y5.265
G1 X1.043 Y5.217
G1 X0.996 Y5.312
G1 X1.091 Y5.407
G1 X1.375 Y5.454
G1 X1.281 Y5.217
G1 X1.375 Y5.217
G1 X1.470 Y5.359
G1 X1.660 Y5.217
G1 X1.660 Y5.027
G1 X1.423 Y5.027
G1 X1.660 Y4.980
G1 X1.707 Y4.458
G1 X1.945 Y3.699
G1 X1.850 Y3.510
G1 X1.992 Y3.462
G1 X2.134 Y2.988
G1 X2.324 Y2.656
G1 X2.419 Y2.229
G1 X2.277 Y2.134
G1 X2.371 Y2.229
G1 X2.466 Y2.229
G1 X2.609 Y2.087
G1 X2.798 Y1.613
G1 X2.703 Y1.613
G1 X2.798 Y1.470
G1 X2.656 Y1.423
G1 X2.419 Y1.660
G1 X1.755 Y2.561
G1 X1.755 Y2.656
G1 X1.423 Y3.225
G1 X1.281 Y3.557
G1 X1.281 Y3.699
G1 X1.138 Y3.937
G1 X1.186 Y4.269
G1 X1.043 Y4.316
G1 X1.043 Y4.411
G1 X0.949 Y4.506
G1 X0.759 Y5.122
M5
G0 X0.664 Y5.549 F2500
M3 S320
G1 F1000
G1 X0.901 Y5.549
G1 X0.854 Y5.407
G1 X0.711 Y5.454
M5
G0 X0.095 Y5.549 F2500
M3 S320
G1 F1000
G1 X0.332 Y5.597
G1 X0.474 Y5.502
G1 X0.711 Y5.454
G1 X0.664 Y5.265
G1 X0.474 Y5.217
G1 X0.711 Y5.312
G1 X0.806 Y5.027
G1 X0.759 Y4.885
G1 X0.854 Y4.885
G1 X0.949 Y4.648
G1 X0.949 Y4.269
G1 X1.091 Y4.221
G1 X1.043 Y3.984
G1 X1.138 Y3.937
G1 X1.043 Y3.889
G1 X1.138 Y3.889
G1 X1.233 Y3.794
G1 X1.091 Y3.747
G1 X1.281 Y3.699
G1 X1.186 Y3.510
G1 X1.281 Y3.510
G1 X1.375 Y3.415
G1 X1.897 Y2.324
G1 X2.277 Y1.802
G1 X2.609 Y1.470
G1 X2.609 Y1.375
G1 X2.514 Y1.281
G1 X2.324 Y1.281
G1 X1.802 Y1.755
G1 X1.281 Y2.419
G1 X0.901 Y3.035
G1 X0.569 Y3.747
G1 X0.237 Y4.695
G1 X0.047 Y5.407
M5
G0 X-0.047 Y5.597 F2500
M3 S320
G1 F1000
G1 X0.095 Y5.359
G1 X0.332 Y4.363
G1 X0.901 Y3.035
G1 X1.707 Y1.850
G1 X2.324 Y1.281
G1 X2.324 Y1.186
G1 X2.182 Y1.043
G1 X2.182 Y0.901
G1 X2.371 Y0.664
G1 X2.371 Y0.522
G1 X2.039 Y-0.142
G1 X1.707 Y-1.138
G1 X1.565 Y-1.850
G1 X-1.660 Y-1.802
G1 X-1.802 Y-1.091
G1 X-2.419 Y0.569
G1 X-2.419 Y0.664
G1 X-2.229 Y0.901
G1 X-2.371 Y1.233
G1 X-1.660 Y1.945
G1 X-0.806 Y3.320
G1 X-0.379 Y4.506
G1 X-0.190 Y5.407
M5
G0 X-0.569 Y5.739 F2500
M3 S320
G1 F1000
G1 X-0.474 Y5.597
G1 X-0.617 Y5.644
M5
G0 X-0.806 Y5.407 F2500
M3 S320
G1 F1000
G1 X-0.854 Y5.359
G1 X-1.091 Y5.359
G1 X-1.138 Y5.454
G1 X-0.901 Y5.549
M5
G0 X-0.759 Y5.265 F2500
M3 S320
G1 F1000
G1 X-0.901 Y4.695
G1 X-1.043 Y4.458
G1 X-1.186 Y3.937
G1 X-1.707 Y2.751
G1 X-2.609 Y1.518
G1 X-2.846 Y1.470
G1 X-2.941 Y1.565
G1 X-2.514 Y2.324
G1 X-2.277 Y2.893
G1 X-2.134 Y2.893
G1 X-2.229 Y3.035
G1 X-1.850 Y4.174
G1 X-1.802 Y4.695
G1 X-1.707 Y4.885
G1 X-1.518 Y4.885
G1 X-1.707 Y5.027
G1 X-1.470 Y5.027
G1 X-1.755 Y5.075
G1 X-1.707 Y5.217
G1 X-1.565 Y5.359
G1 X-1.375 Y5.359
G1 X-1.375 Y5.265
M5
G0 X-1.897 Y4.933 F2500
M3 S320
G1 F1000
G1 X-1.755 Y4.885
G1 X-1.850 Y4.743
G1 X-1.945 Y4.838
M5
G0 X-1.992 Y4.838 F2500
M3 S320
G1 F1000
G1 X-1.945 Y4.695
G1 X-1.802 Y4.695
G1 X-1.802 Y4.411
G1 X-2.087 Y3.462
G1 X-2.277 Y3.035
G1 X-2.324 Y2.751
G1 X-2.893 Y1.613
G1 X-3.178 Y1.613
G1 X-3.225 Y1.707
G1 X-3.178 Y2.087
G1 X-3.035 Y2.039
G1 X-3.035 Y1.850
G1 X-3.035 Y1.992
G1 X-2.941 Y2.134
G1 X-3.083 Y2.182
G1 X-3.130 Y2.324
G1 X-3.035 Y2.419
G1 X-2.846 Y2.419
G1 X-2.941 Y2.561
G1 X-2.798 Y2.561
G1 X-2.893 Y2.703
G1 X-2.798 Y2.703
G1 X-2.941 Y2.751
G1 X-2.941 Y2.846
G1 X-2.846 Y2.941
G1 X-2.703 Y2.941
G1 X-2.846 Y3.035
G1 X-2.751 Y3.083
G1 X-2.751 Y3.225
G1 X-2.988 Y3.273
G1 X-3.083 Y3.415
G1 X-2.988 Y3.605
G1 X-2.798 Y3.652
G1 X-2.703 Y4.079
G1 X-2.419 Y4.126
G1 X-2.703 Y4.174
G1 X-2.609 Y4.411
G1 X-2.514 Y4.411
G1 X-2.324 Y4.221
G1 X-2.419 Y4.316
G1 X-2.277 Y4.363
G1 X-2.182 Y4.743
G1 X-2.039 Y4.743
M5
G0 X-1.992 Y5.027 F2500
M3 S320
G1 F1000
G1 X-1.897 Y5.122
G1 X-1.755 Y4.980
M5
G0 X-2.371 Y4.601 F2500
M3 S320
G1 F1000
G1 X-2.277 Y4.506
G1 X-2.324 Y4.363
G1 X-2.514 Y4.411
G1 X-2.514 Y4.506
M5
G0 X-3.225 Y3.225 F2500
M3 S320
G1 F1000
G1 X-2.988 Y3.273
G1 X-3.035 Y3.035
G1 X-2.941 Y3.130
G1 X-2.846 Y3.035
G1 X-2.846 Y2.941
G1 X-2.988 Y2.798
G1 X-3.178 Y2.846
M5
G0 X-3.178 Y2.798 F2500
M3 S320
G1 F1000
G1 X-2.941 Y2.751
G1 X-2.941 Y2.609
G1 X-3.035 Y2.419
G1 X-3.130 Y2.371
G1 X-3.225 Y2.466
M5
G0 X-3.178 Y1.565 F2500
M3 S320
G1 F1000
G1 X-2.941 Y1.565
G1 X-2.846 Y1.470
G1 X-2.751 Y1.470
G1 X-2.514 Y1.233
G1 X-2.324 Y1.186
G1 X-2.229 Y0.901
G1 X-2.371 Y0.711
G1 X-3.178 Y0.759
G1 X-3.225 Y0.949
M5
G0 X-3.225 Y0.617 F2500
M3 S320
G1 F1000
G1 X-3.130 Y0.711
G1 X-2.988 Y0.617
G1 X-2.846 Y0.664
G1 X-2.893 Y0.474
G1 X-2.988 Y0.474
G1 X-3.083 Y0.379
G1 X-3.225 Y0.427
M5
G0 X-3.178 Y0.285 F2500
M3 S320
G1 F1000
G1 X-3.130 Y0.379
G1 X-2.988 Y0.332
M5
G0 X-2.941 Y0.474 F2500
M3 S320
G1 F1000
G1 X-2.798 Y0.427
G1 X-2.893 Y0.332
G1 X-2.846 Y0.190
G1 X-2.703 Y0.142
G1 X-2.609 Y-0.427
G1 X-2.703 Y-0.427
G1 X-2.514 Y-0.474
G1 X-2.324 Y-1.423
G1 X-2.371 Y-1.897
G1 X-2.846 Y-1.850
G1 X-2.798 Y-1.755
G1 X-2.561 Y-1.707
G1 X-2.751 Y-1.707
G1 X-2.988 Y-1.802
G1 X-3.035 Y-1.423
G1 X-2.941 Y-1.233
G1 X-2.798 Y-1.233
G1 X-3.035 Y-1.186
G1 X-2.988 Y-0.854
G1 X-2.751 Y-0.854
G1 X-3.035 Y-0.806
G1 X-2.988 Y-0.617
G1 X-2.798 Y-0.617
G1 X-3.035 Y-0.569
G1 X-3.035 Y-0.474
G1 X-2.941 Y-0.474
G1 X-3.035 Y-0.379
G1 X-2.988 Y0.285
G1 X-3.035 Y0.379
M5
G0 X-3.178 Y0.142 F2500
M3 S320
G1 F1000
G1 X-3.035 Y0.095
G1 X-3.083 Y-0.047
G1 X-3.225 Y0.000
M5
G0 X-3.178 Y-0.047 F2500
M3 S320
G1 F1000
G1 X-3.035 Y-0.095
G1 X-3.083 Y-0.285
G1 X-3.225 Y-0.237
M5
G0 X-3.178 Y-0.285 F2500
M3 S320
G1 F1000
G1 X-3.083 Y-0.427
G1 X-3.225 Y-0.379
M5
G0 X-3.178 Y-0.427 F2500
M3 S320
G1 F1000
G1 X-3.035 Y-0.474
G1 X-3.083 Y-0.711
G1 X-3.225 Y-0.664
M5
G0 X-3.178 Y-0.711 F2500
M3 S320
G1 F1000
G1 X-3.083 Y-0.854
G1 X-3.225 Y-0.806
M5
G0 X-3.178 Y-0.854 F2500
M3 S320
G1 F1000
G1 X-3.035 Y-0.901
G1 X-2.988 Y-1.091
G1 X-3.178 Y-1.186
M5
G0 X-3.178 Y-1.233 F2500
M3 S320
G1 F1000
G1 X-2.988 Y-1.281
G1 X-3.035 Y-1.423
G1 X-3.178 Y-1.470
M5
G0 X-3.178 Y-1.518 F2500
M3 S320
G1 F1000
G1 X-2.988 Y-1.565
G1 X-3.035 Y-1.707
G1 X-3.225 Y-1.660
M5
G0 X-3.130 Y-1.707 F2500
M3 S320
G1 F1000
G1 X-3.035 Y-1.850
G1 X-3.178 Y-1.802
M5
G0 X-4.933 Y-2.703 F2500
M3 S320
G1 F1000
G1 X-5.122 Y-2.514
G1 X-5.549 Y-2.893
G1 X-5.122 Y-2.514
M5
G0 X-5.454 Y-3.842 F2500
M3 S320
G1 F1000
G1 X-5.502 Y-4.126
G1 X-5.929 Y-5.027
G1 X-6.213 Y-5.359
G1 X-6.687 Y-5.549
G1 X-7.683 Y-5.502
G1 X-7.636 Y-5.217
G1 X-7.351 Y-4.933
G1 X-7.257 Y-4.743
G1 X-7.162 Y-3.842
G1 X-6.687 Y-3.842
G1 X-6.640 Y-3.794
G1 X-6.166 Y-3.842
G1 X-6.166 Y-4.079
G1 X-6.118 Y-3.794
M5
G0 X-6.166 Y-4.174 F2500
M3 S320
G1 F1000
G1 X-6.166 Y-4.506
G1 X-6.498 Y-4.980
G1 X-6.166 Y-4.506
M5
G0 X-8.679 Y-3.225 F2500
M3 S320
G1 F1000
G1 X-8.632 Y-2.419
G1 X-8.442 Y-2.277
G1 X-8.205 Y-2.324
G1 X-8.205 Y-2.419
G1 X-8.442 Y-2.656
G1 X-8.205 Y-2.419
G1 X-8.158 Y-2.277
G1 X-7.968 Y-2.324
G1 X-7.968 Y-2.419
G1 X-8.110 Y-2.561
G1 X-7.968 Y-2.419
G1 X-7.921 Y-2.277
G1 X-7.589 Y-2.371
G1 X-8.205 Y-2.893
G1 X-7.731 Y-2.466
G1 X-7.589 Y-2.419
G1 X-7.351 Y-2.609
G1 X-7.541 Y-2.466
G1 X-7.541 Y-2.277
G1 X-7.304 Y-2.324
G1 X-7.304 Y-2.419
G1 X-7.019 Y-2.703
G1 X-7.304 Y-2.419
G1 X-7.257 Y-2.277
G1 X-7.067 Y-2.324
G1 X-7.067 Y-2.419
G1 X-6.782 Y-2.703
G1 X-7.067 Y-2.419
G1 X-7.019 Y-2.277
G1 X-5.597 Y-2.324
G1 X-5.597 Y-2.419
G1 X-5.786 Y-2.609
G1 X-5.597 Y-2.419
G1 X-5.549 Y-2.277
G1 X-5.359 Y-2.324
G1 X-5.359 Y-2.419
G1 X-5.881 Y-2.941
G1 X-5.407 Y-2.514
G1 X-5.312 Y-2.277
G1 X-4.933 Y-2.324
G1 X-4.933 Y-2.466
G1 X-4.885 Y-2.277
G1 X-4.743 Y-2.324
G1 X-4.743 Y-2.419
G1 X-4.553 Y-2.609
G1 X-4.743 Y-2.419
G1 X-4.695 Y-2.277
G1 X-3.510 Y-2.324
G1 X-3.605 Y-2.466
G1 X-3.510 Y-2.419
G1 X-3.462 Y-2.277
G1 X-3.273 Y-2.324
G1 X-3.273 Y-2.419
G1 X-3.747 Y-2.893
G1 X-3.273 Y-2.419
G1 X-3.225 Y-2.277
G1 X-2.846 Y-2.324
G1 X-2.846 Y-2.419
G1 X-2.324 Y-2.893
G1 X-2.846 Y-2.371
G1 X-2.798 Y-2.229
G1 X-2.561 Y-2.277
G1 X-2.561 Y-2.419
G1 X-2.466 Y-2.514
G1 X-2.561 Y-2.419
G1 X-2.514 Y-2.277
G1 X-1.328 Y-2.324
G1 X-1.328 Y-2.419
G1 X-1.423 Y-2.514
G1 X-1.233 Y-2.277
G1 X-1.138 Y-2.371
G1 X-1.138 Y-2.466
G1 X-1.091 Y-2.324
G1 X-0.759 Y-2.371
G1 X-0.285 Y-2.893
G1 X-0.711 Y-2.324
G1 X-0.474 Y-2.371
G1 X-0.427 Y-2.466
G1 X-0.427 Y-2.324
G1 X0.711 Y-2.419
G1 X0.190 Y-2.941
G1 X0.711 Y-2.371
G1 X1.091 Y-2.324
G1 X1.375 Y-2.609
G1 X1.186 Y-2.277
G1 X2.087 Y-2.229
G1 X2.182 Y-2.324
G1 X2.182 Y-2.419
G1 X1.945 Y-2.656
G1 X2.182 Y-2.466
G1 X2.182 Y-2.324
G1 X2.277 Y-2.229
G1 X2.466 Y-2.277
G1 X2.419 Y-2.466
G1 X1.945 Y-2.893
G1 X2.466 Y-2.419
G1 X2.514 Y-2.277
G1 X2.751 Y-2.324
G1 X2.703 Y-2.466
G1 X2.229 Y-2.893
G1 X2.751 Y-2.419
G1 X2.798 Y-2.277
G1 X3.225 Y-2.324
G1 X3.225 Y-2.419
G1 X3.652 Y-2.798
G1 X3.273 Y-2.277
G1 X3.510 Y-2.324
G1 X3.557 Y-2.466
G1 X3.557 Y-2.277
G1 X4.648 Y-2.324
G1 X4.695 Y-2.419
G1 X4.458 Y-2.703
G1 X4.743 Y-2.419
G1 X4.790 Y-2.277
G1 X5.027 Y-2.371
G1 X4.506 Y-2.893
G1 X5.075 Y-2.277
G1 X5.217 Y-2.324
G1 X5.217 Y-2.419
G1 X4.743 Y-2.893
G1 X5.359 Y-2.324
G1 X5.929 Y-2.893
G1 X5.502 Y-2.514
G1 X5.407 Y-2.277
G1 X5.691 Y-2.324
G1 X5.691 Y-2.419
G1 X6.023 Y-2.751
G1 X5.786 Y-2.514
G1 X5.739 Y-2.277
G1 X7.019 Y-2.324
G1 X7.019 Y-2.419
G1 X6.830 Y-2.609
G1 X7.019 Y-2.419
G1 X7.067 Y-2.277
G1 X7.304 Y-2.371
G1 X6.782 Y-2.893
G1 X7.257 Y-2.466
G1 X7.351 Y-2.277
G1 X7.494 Y-2.324
G1 X7.494 Y-2.466
G1 X7.968 Y-2.893
G1 X7.494 Y-2.419
G1 X7.541 Y-2.277
G1 X7.683 Y-2.324
G1 X8.063 Y-2.703
G1 X7.778 Y-2.466
G1 X7.731 Y-2.277
G1 X8.063 Y-2.324
G1 X8.063 Y-2.466
G1 X8.253 Y-2.656
G1 X8.063 Y-2.466
G1 X8.110 Y-2.277
G1 X8.395 Y-2.324
G1 X8.585 Y-2.466
G1 X8.537 Y-3.273
G1 X8.158 Y-3.225
G1 X8.110 Y-3.130
G1 X8.110 Y-3.273
G1 X6.640 Y-3.225
G1 X6.735 Y-2.988
G1 X6.593 Y-3.273
G1 X3.652 Y-3.225
G1 X3.652 Y-3.130
G1 X3.605 Y-3.273
G1 X0.237 Y-3.178
G1 X0.379 Y-3.035
G1 X0.237 Y-3.225
G1 X-1.470 Y-3.225
G1 X-1.423 Y-3.035
G1 X-1.518 Y-3.273
G1 X-2.087 Y-3.225
G1 X-2.134 Y-3.130
G1 X-2.134 Y-3.273
G1 X-3.652 Y-3.225
G1 X-3.652 Y-3.130
G1 X-3.699 Y-3.273
G1 X-4.363 Y-3.225
G1 X-4.411 Y-3.083
G1 X-4.411 Y-3.273
G1 X-4.601 Y-3.225
G1 X-4.601 Y-3.130
G1 X-4.648 Y-3.273
G1 X-6.735 Y-3.225
G1 X-6.735 Y-3.130
G1 X-6.782 Y-3.273
M5
G0 X-6.023 Y-0.806 F2500
M3 S320
G1 F1000
G1 X-6.355 Y-0.806
G1 X-6.308 Y-0.901
G1 X-6.545 Y-1.186
G1 X-6.403 Y-1.091
G1 X-6.261 Y-0.854
M5
G0 X-5.976 Y1.043 F2500
M3 S320
G1 F1000
G1 X-5.739 Y1.281
G1 X-5.549 Y1.375
G1 X-5.217 Y1.375
G1 X-4.885 Y1.091
G1 X-5.027 Y1.281
G1 X-5.217 Y1.375
G1 X-5.549 Y1.375
G1 X-5.739 Y1.281
M5
G0 X-5.265 Y2.514 F2500
M3 S320
G1 F1000
G1 X-5.929 Y1.755
G1 X-5.265 Y2.419
M5
G0 X-6.877 Y2.324 F2500
M3 S320
G1 F1000
G1 X-6.403 Y1.755
M5
G0 X-7.257 Y1.850 F2500
M3 S320
G1 F1000
G1 X-7.162 Y1.802
G1 X-7.257 Y1.707
G1 X-7.114 Y1.660
G1 X-7.067 Y1.755
G1 X-6.877 Y1.707
M5
G0 X-7.446 Y0.996 F2500
M3 S320
G1 F1000
G1 X-7.399 Y1.138
G1 X-7.209 Y1.328
G1 X-6.830 Y1.375
G1 X-6.545 Y1.233
G1 X-6.355 Y1.043
G1 X-6.166 Y0.664
G1 X-6.023 Y0.949
G1 X-6.166 Y0.711
G1 X-6.308 Y0.996
G1 X-6.593 Y1.281
G1 X-6.782 Y1.375
G1 X-7.209 Y1.328
G1 X-7.399 Y1.138
M5
G0 X-9.201 Y3.557 F2500
M3 S320
G1 F1000
G1 X-9.154 Y3.083
G1 X-9.201 Y1.802
G1 X-9.628 Y1.755
G1 X-10.102 Y1.802
G1 X-9.438 Y2.561
G1 X-9.438 Y2.703
G1 X-9.438 Y2.561
G1 X-10.055 Y1.945
G1 X-10.102 Y1.802
G1 X-10.387 Y1.755
G1 X-10.719 Y1.802
G1 X-10.719 Y2.134
G1 X-10.482 Y2.277
G1 X-10.197 Y2.277
G1 X-10.102 Y2.371
G1 X-10.102 Y2.798
G1 X-10.007 Y2.893
G1 X-9.675 Y2.941
G1 X-9.628 Y3.415
G1 X-9.438 Y3.605
M5
G0 X-8.205 Y4.079 F2500
M3 S320
G1 F1000
G1 X-8.063 Y4.031
G1 X-8.110 Y-1.850
G1 X-8.347 Y-1.897
G1 X-8.632 Y-1.850
G1 X-8.679 Y-1.281
G1 X-8.679 Y3.889
G1 X-8.585 Y3.984
G1 X-8.347 Y3.984
M5
G0 X-7.968 Y4.174 F2500
M3 S320
G1 F1000
G1 X-7.683 Y4.126
G1 X-7.636 Y1.802
G1 X-7.731 Y-1.850
G1 X-8.063 Y-1.802
G1 X-8.063 Y4.079
M5
G0 X-8.395 Y5.265 F2500
M3 S320
G1 F1000
G1 X-8.442 Y5.122
G1 X-8.537 Y5.217
M5
G0 X-8.632 Y5.549 F2500
M3 S320
G1 F1000
G1 X-9.249 Y5.359
G1 X-9.770 Y5.027
G1 X-10.007 Y4.980
G1 X-9.770 Y5.027
G1 X-9.249 Y5.359
G1 X-8.964 Y5.407
M5
G0 X-9.201 Y4.980 F2500
M3 S320
G1 F1000
G1 X-8.917 Y5.170
G1 X-8.679 Y5.122
G1 X-8.632 Y3.937
G1 X-8.679 Y-1.281
G1 X-8.585 Y-2.277
G1 X-8.679 Y-2.751
G1 X-8.632 Y-3.273
G1 X8.585 Y-3.225
G1 X8.537 Y-2.371
G1 X8.632 Y-2.134
G1 X8.585 Y-1.802
G1 X8.585 Y4.411
G1 X8.727 Y5.170
G1 X8.964 Y5.122
G1 X9.106 Y4.980
G1 X9.154 Y4.790
G1 X9.106 Y4.031
G1 X9.154 Y3.557
G1 X9.154 Y0.047
G1 X9.106 Y-0.569
G1 X9.201 Y-0.806
G1 X9.201 Y-2.039
G1 X9.106 Y-3.937
G1 X8.632 Y-3.937
G1 X8.442 Y-3.794
G1 X7.778 Y-3.794
G1 X7.683 Y-3.699
G1 X7.399 Y-3.652
G1 X7.494 Y-3.699
G1 X7.351 Y-3.747
G1 X7.541 Y-3.699
G1 X7.731 Y-3.747
G1 X7.683 Y-3.889
G1 X7.351 Y-3.889
G1 X7.209 Y-3.984
G1 X5.976 Y-3.747
G1 X6.118 Y-3.747
G1 X5.881 Y-3.794
G1 X-0.569 Y-3.794
G1 X-0.617 Y-3.699
G1 X-1.992 Y-3.652
G1 X-2.134 Y-3.794
G1 X-6.687 Y-3.842
G1 X-7.683 Y-3.794
G1 X-8.537 Y-3.842
G1 X-8.679 Y-3.984
G1 X-9.059 Y-3.937
G1 X-9.201 Y-3.699
G1 X-9.154 Y-2.229
G1 X-9.249 Y-1.992
G1 X-9.154 Y-1.375
G1 X-9.249 Y-0.901
G1 X-9.154 Y0.142
M5
G0 X-10.387 Y0.047 F2500
M3 S320
G1 F1000
G1 X-10.387 Y-0.142
G1 X-9.913 Y-0.664
G1 X-10.387 Y-0.142
M5
G0 X-10.624 Y0.237 F2500
M3 S320
G1 F1000
G1 X-10.150 Y0.237
G1 X-9.770 Y0.095
G1 X-9.723 Y-0.095
G1 X-9.628 Y-0.190
G1 X-9.533 Y0.000
G1 X-9.391 Y0.000
G1 X-9.391 Y-0.237
G1 X-9.343 Y-0.047
G1 X-9.249 Y0.000
G1 X-9.249 Y-0.806
G1 X-9.391 Y-0.711
G1 X-9.628 Y-0.379
G1 X-10.150 Y0.000
G1 X-9.628 Y-0.379
G1 X-9.201 Y-0.949
G1 X-9.154 Y-1.375
G1 X-9.343 Y-1.945
G1 X-9.438 Y-1.945
G1 X-9.628 Y-1.660
G1 X-9.675 Y-1.186
G1 X-10.007 Y-1.138
G1 X-10.102 Y-1.043
G1 X-10.150 Y-0.569
G1 X-10.671 Y-0.190
G1 X-10.766 Y0.000
M5
G0 X-10.671 Y1.755 F2500
M3 S320
G1 F1000
G1 X-10.387 Y1.755
G1 X-10.339 Y1.802
G1 X-9.201 Y1.755
G1 X-9.154 Y1.660
G1 X-9.154 Y0.142
G1 X-9.249 Y0.000
G1 X-9.723 Y0.047
G1 X-9.818 Y0.142
G1 X-10.150 Y0.237
G1 X-10.671 Y0.190
M5
G0 X-11.051 Y2.039 F2500
M3 S320
G1 F1000
G1 X-10.719 Y1.992
G1 X-10.766 Y0.000
G1 X-11.193 Y0.047
G1 X-11.146 Y1.755
M5
G0 X-11.335 Y2.039 F2500
M3 S320
G1 F1000
G1 X-11.098 Y1.992
G1 X-11.146 Y0.474
G1 X-11.241 Y-0.047
G1 X-11.383 Y0.000
G1 X-11.573 Y0.190
G1 X-11.573 Y1.613
G1 X-11.478 Y1.897
M5
G0 X-10.292 Y5.027 F2500
M3 S320
G1 F1000
G1 X-10.292 Y5.312
G1 X-10.150 Y5.454
G1 X-8.110 Y6.308
G1 X-6.450 Y6.830
G1 X-4.601 Y7.257
G1 X-2.846 Y7.541
G1 X-0.379 Y7.731
G1 X2.514 Y7.589
G1 X3.889 Y7.399
G1 X5.359 Y7.114
G1 X6.830 Y6.735
G1 X8.774 Y6.071
G1 X10.007 Y5.549
G1 X10.245 Y5.312
G1 X10.292 Y5.170
G1 X10.150 Y4.933
G1 X9.723 Y5.217
G1 X9.913 Y5.075
G1 X9.818 Y5.027
G1 X9.296 Y5.359
G1 X8.869 Y5.454
G1 X9.391 Y5.312
G1 X9.770 Y5.027
G1 X10.055 Y5.027
G1 X10.150 Y4.885
G1 X9.960 Y4.743
G1 X9.818 Y4.743
G1 X9.438 Y4.933
G1 X9.249 Y4.933
G1 X8.964 Y5.122
G1 X8.774 Y5.122
G1 X8.442 Y5.359
G1 X8.205 Y5.359
G1 X8.158 Y5.454
G1 X7.968 Y5.454
G1 X7.731 Y5.597
G1 X7.589 Y5.597
G1 X7.494 Y5.691
G1 X6.925 Y5.786
G1 X6.830 Y5.881
G1 X6.498 Y5.929
G1 X6.355 Y6.023
G1 X6.023 Y6.023
G1 X5.929 Y6.118
G1 X5.644 Y6.118
G1 X5.502 Y6.213
G1 X5.027 Y6.261
G1 X4.885 Y6.355
G1 X4.506 Y6.355
G1 X4.411 Y6.450
G1 X3.937 Y6.403
G1 X3.747 Y6.450
G1 X3.462 Y6.640
G1 X3.130 Y6.640
G1 X2.988 Y6.735
G1 X2.561 Y6.782
G1 X-0.522 Y6.877
G1 X-0.617 Y6.782
G1 X-1.850 Y6.830
G1 X-2.941 Y6.735
G1 X-3.225 Y6.640
G1 X-3.510 Y6.640
G1 X-3.842 Y6.498
G1 X-4.079 Y6.545
G1 X-4.506 Y6.403
G1 X-4.790 Y6.403
G1 X-4.980 Y6.261
G1 X-5.359 Y6.261
G1 X-5.597 Y6.071
G1 X-6.071 Y6.071
G1 X-6.166 Y5.976
G1 X-6.640 Y5.929
G1 X-6.735 Y5.834
G1 X-7.019 Y5.834
G1 X-7.162 Y5.691
G1 X-7.351 Y5.739
G1 X-7.683 Y5.597
G1 X-7.921 Y5.359
G1 X-8.537 Y5.312
G1 X-8.679 Y5.170
G1 X-8.917 Y5.170
G1 X-9.249 Y4.933
G1 X-9.438 Y4.933
G1 X-9.865 Y4.695
G1 X-10.007 Y4.695
M5
G0 X-8.253 Y5.691 F2500
M3 S320
G1 F1000
G1 X-6.545 Y6.261
G1 X-4.648 Y6.687
G1 X-2.846 Y6.972
G1 X-1.091 Y7.114
G1 X1.281 Y7.114
G1 X2.941 Y6.972
G1 X5.597 Y6.498
G1 X7.731 Y5.881
G1 X5.597 Y6.498
G1 X2.941 Y6.972
G1 X1.281 Y7.114
G1 X-1.091 Y7.114
G1 X-2.846 Y6.972
G1 X-4.695 Y6.687
G1 X-6.545 Y6.261
M5
G0 X-6.450 Y5.834 F2500
M3 S320
G1 F1000
G1 X-6.687 Y5.834
G1 X-6.545 Y5.929
M5
G0 X-7.067 Y5.597 F2500
M3 S320
G1 F1000
G1 X-6.972 Y5.834
G1 X-6.687 Y5.786
G1 X-6.877 Y5.597
M5
G0 X-7.494 Y5.644 F2500
M3 S320
G1 F1000
G1 X-7.351 Y5.739
G1 X-7.209 Y5.644
G1 X-7.304 Y5.549
G1 X-7.399 Y5.549
M5
G0 X-7.589 Y5.644 F2500
M3 S320
G1 F1000
G1 X-7.446 Y5.597
G1 X-7.446 Y5.502
G1 X-7.541 Y5.407
G1 X-7.683 Y5.454
G1 X-7.683 Y5.549
M5
G0 X-6.308 Y4.174 F2500
M3 S320
G1 F1000
G1 X-6.213 Y4.079
G1 X-6.498 Y3.794
G1 X-6.261 Y3.984
G1 X-6.071 Y3.937
G1 X-6.071 Y4.126
G1 X-5.976 Y4.174
G1 X-5.454 Y3.699
G1 X-5.027 Y2.941
G1 X-4.885 Y2.324
G1 X-4.743 Y2.134
G1 X-4.695 Y1.897
G1 X-4.743 Y-1.138
G1 X-4.838 Y-1.186
G1 X-4.695 Y-1.186
G1 X-4.743 Y-1.375
G1 X-4.838 Y-1.423
G1 X-4.885 Y-1.565
G1 X-5.359 Y-1.660
G1 X-4.933 Y-1.613
G1 X-4.695 Y-1.518
G1 X-4.743 Y-1.850
G1 X-6.071 Y-1.802
G1 X-7.541 Y-1.850
G1 X-7.636 Y-1.802
G1 X-7.636 Y-1.565
G1 X-7.351 Y-1.613
G1 X-7.683 Y-1.518
G1 X-7.589 Y-1.186
G1 X-7.351 Y-1.423
G1 X-7.162 Y-1.470
G1 X-7.351 Y-1.423
G1 X-7.683 Y-1.138
G1 X-7.683 Y1.755
G1 X-7.541 Y1.945
G1 X-7.446 Y2.514
G1 X-7.209 Y3.035
G1 X-6.925 Y3.130
G1 X-6.593 Y2.703
G1 X-6.640 Y2.846
G1 X-6.925 Y3.130
G1 X-7.019 Y3.130
G1 X-7.114 Y3.273
G1 X-6.687 Y3.842
M5
G0 X-4.648 Y4.980 F2500
M3 S320
G1 F1000
G1 X-4.648 Y4.363
G1 X-4.838 Y2.229
G1 X-5.027 Y2.941
G1 X-5.502 Y3.794
G1 X-5.786 Y4.079
G1 X-5.881 Y4.079
G1 X-5.976 Y4.174
G1 X-6.355 Y4.174
G1 X-7.067 Y3.367
G1 X-7.114 Y3.130
G1 X-7.446 Y2.514
G1 X-7.494 Y2.182
G1 X-7.683 Y1.945
G1 X-7.683 Y4.174
G1 X-7.589 Y4.269
G1 X-7.114 Y4.363
G1 X-6.213 Y4.695
G1 X-4.885 Y5.027
M5
G0 X-4.601 Y5.075 F2500
M3 S320
G1 F1000
G1 X-4.316 Y5.027
G1 X-4.363 Y-1.850
G1 X-4.695 Y-1.802
G1 X-4.743 Y-1.423
G1 X-4.695 Y4.316
M5
G0 X-3.842 Y5.217 F2500
M3 S320
G1 F1000
G1 X-3.699 Y5.170
G1 X-3.747 Y-1.850
G1 X-4.316 Y-1.802
G1 X-4.269 Y5.122
M5
G0 X-3.699 Y5.644 F2500
M3 S320
G1 F1000
G1 X-3.747 Y5.217
G1 X-4.363 Y5.075
G1 X-4.885 Y5.027
G1 X-6.213 Y4.695
G1 X-7.589 Y4.269
G1 X-7.731 Y4.174
G1 X-7.968 Y4.174
G1 X-8.063 Y4.079
G1 X-8.632 Y3.937
G1 X-8.632 Y4.411
G1 X-5.597 Y5.359
G1 X-3.984 Y5.691
M5
G0 X-4.221 Y6.308 F2500
M3 S320
G1 F1000
G1 X-4.031 Y6.213
G1 X-4.126 Y6.118
G1 X-4.221 Y6.166
M5
G0 X-4.126 Y6.450 F2500
M3 S320
G1 F1000
G1 X-4.174 Y6.308
G1 X-4.363 Y6.261
G1 X-4.411 Y6.450
G1 X-4.316 Y6.498
M5
G0 X-4.031 Y6.545 F2500
M3 S320
G1 F1000
G1 X-3.889 Y6.498
G1 X-3.937 Y6.308
G1 X-4.031 Y6.261
G1 X-4.126 Y6.355
G1 X-4.126 Y6.450
M5
G0 X-3.747 Y6.545 F2500
M3 S320
G1 F1000
G1 X-3.747 Y5.691
G1 X-5.217 Y5.454
G1 X-6.972 Y4.980
G1 X-8.395 Y4.506
G1 X-8.537 Y4.411
G1 X-8.679 Y4.458
G1 X-8.537 Y4.790
G1 X-8.632 Y4.885
G1 X-8.537 Y5.170
G1 X-8.490 Y5.170
G1 X-8.442 Y5.027
G1 X-8.490 Y4.933
G1 X-8.253 Y5.312
G1 X-8.205 Y5.122
G1 X-8.300 Y4.980
G1 X-8.063 Y5.359
G1 X-7.968 Y5.265
G1 X-7.968 Y5.170
G1 X-7.873 Y5.312
G1 X-7.778 Y5.312
G1 X-7.683 Y5.407
G1 X-7.494 Y5.407
G1 X-7.399 Y5.549
G1 X-7.257 Y5.454
G1 X-7.209 Y5.597
G1 X-7.019 Y5.502
G1 X-7.257 Y5.312
G1 X-7.067 Y5.407
G1 X-6.972 Y5.549
G1 X-6.782 Y5.549
G1 X-7.209 Y5.122
G1 X-6.640 Y5.644
G1 X-6.593 Y5.786
G1 X-6.261 Y5.929
G1 X-6.261 Y5.786
G1 X-6.687 Y5.407
G1 X-6.166 Y5.834
G1 X-6.071 Y6.071
G1 X-5.739 Y6.023
G1 X-6.166 Y5.597
G1 X-5.597 Y6.071
G1 X-5.454 Y5.929
G1 X-5.597 Y5.786
G1 X-5.454 Y5.929
G1 X-5.407 Y6.071
G1 X-5.027 Y5.976
G1 X-5.122 Y5.881
G1 X-4.838 Y6.166
G1 X-4.695 Y6.118
G1 X-4.506 Y6.403
G1 X-4.363 Y6.261
G1 X-4.458 Y6.118
G1 X-4.316 Y6.261
G1 X-4.126 Y6.118
G1 X-3.889 Y6.355
G1 X-3.842 Y6.498
M5
G0 X-3.699 Y6.403 F2500
M3 S320
G1 F1000
G1 X-3.652 Y6.593
G1 X-3.510 Y6.640
G1 X-3.178 Y6.593
G1 X-3.273 Y6.403
G1 X-3.462 Y6.355
M5
G0 X-3.415 Y6.403 F2500
M3 S320
G1 F1000
G1 X-3.225 Y6.355
G1 X-3.273 Y3.889
G1 X-3.225 Y3.605
G1 X-3.083 Y3.415
G1 X-3.225 Y3.225
G1 X-3.225 Y2.466
G1 X-3.130 Y2.371
G1 X-3.130 Y2.134
G1 X-3.225 Y2.039
G1 X-3.178 Y1.613
G1 X-3.225 Y0.379
G1 X-3.130 Y0.190
G1 X-3.178 Y-1.755
G1 X-3.273 Y-1.850
G1 X-3.699 Y-1.802
G1 X-3.747 Y5.217
G1 X-3.652 Y6.355
M5
G0 X-4.553 Y6.308 F2500
M3 S320
G1 F1000
G1 X-4.790 Y6.118
G1 X-4.885 Y6.213
G1 X-4.838 Y6.355
G1 X-4.743 Y6.403
M5
G0 X-4.933 Y6.308 F2500
M3 S320
G1 F1000
G1 X-4.885 Y6.118
G1 X-4.980 Y6.023
G1 X-5.170 Y6.071
G1 X-5.122 Y6.261
M5
G0 X-5.407 Y6.213 F2500
M3 S320
G1 F1000
G1 X-5.170 Y6.213
G1 X-5.217 Y6.023
G1 X-5.359 Y6.023
G1 X-5.454 Y6.118
M5
G0 X-1.850 Y6.545 F2500
M3 S320
G1 F1000
G1 X-1.802 Y6.640
G1 X-1.613 Y6.545
G1 X-1.755 Y6.450
M5
G0 X-0.522 Y6.735 F2500
M3 S320
G1 F1000
G1 X-0.474 Y6.877
G1 X-0.142 Y6.830
G1 X-0.285 Y6.687
M5
G0 X0.000 Y6.782 F2500
M3 S320
G1 F1000
G1 X-0.047 Y6.118
G1 X-0.237 Y6.118
G1 X-0.237 Y6.023
G1 X-0.142 Y5.976
G1 X-0.237 Y5.881
G1 X-0.522 Y5.834
G1 X-0.664 Y5.549
G1 X-0.759 Y5.502
G1 X-0.901 Y5.549
G1 X-1.138 Y5.502
G1 X-1.233 Y5.359
G1 X-1.470 Y5.407
G1 X-1.660 Y5.312
G1 X-1.755 Y5.122
G1 X-1.897 Y5.122
G1 X-2.039 Y4.885
G1 X-2.609 Y4.411
G1 X-2.751 Y3.984
G1 X-2.751 Y3.747
G1 X-2.846 Y3.652
G1 X-3.035 Y3.652
G1 X-3.035 Y4.458
G1 X-2.988 Y4.601
G1 X-2.798 Y4.790
G1 X-2.419 Y4.980
G1 X-1.707 Y5.739
G1 X-2.039 Y5.597
G1 X-1.945 Y5.549
G1 X-1.992 Y5.454
G1 X-2.514 Y4.933
G1 X-2.798 Y4.790
G1 X-2.988 Y4.838
G1 X-2.988 Y5.027
G1 X-3.083 Y3.462
G1 X-3.225 Y3.605
G1 X-3.273 Y3.889
G1 X-3.225 Y6.545
G1 X-3.178 Y6.640
G1 X-2.941 Y6.735
G1 X-1.850 Y6.830
G1 X-0.664 Y6.782
G1 X-0.711 Y6.687
G1 X-1.470 Y6.593
G1 X-1.802 Y6.640
G1 X-2.941 Y6.545
G1 X-2.941 Y6.308
G1 X-2.893 Y6.545
G1 X-2.798 Y6.593
G1 X-2.324 Y6.450
G1 X-2.751 Y6.213
G1 X-2.656 Y6.213
G1 X-2.371 Y6.450
G1 X-2.134 Y6.450
G1 X-2.277 Y6.545
G1 X-2.039 Y6.593
G1 X-1.945 Y6.498
G1 X-2.039 Y6.355
G1 X-1.945 Y6.498
G1 X-1.850 Y6.545
G1 X-1.707 Y6.450
G1 X-1.565 Y6.593
G1 X-1.423 Y6.545
G1 X-1.423 Y6.450
G1 X-1.375 Y6.640
G1 X-1.186 Y6.640
G1 X-0.996 Y6.403
G1 X-1.091 Y6.545
G1 X-0.996 Y6.640
G1 X-0.854 Y6.545
G1 X-0.759 Y6.640
G1 X-0.664 Y6.355
G1 X-0.617 Y6.498
G1 X-0.711 Y6.593
G1 X-0.664 Y6.735
G1 X-0.332 Y6.640
G1 X-0.474 Y6.308
G1 X-0.759 Y5.976
G1 X-1.186 Y5.834
G1 X-1.328 Y5.929
G1 X-1.328 Y5.834
G1 X-0.806 Y5.929
G1 X-0.522 Y6.213
G1 X-0.285 Y6.687
M5
G0 X0.047 Y6.830 F2500
M3 S320
G1 F1000
G1 X0.190 Y6.830
G1 X0.285 Y6.735
G1 X0.285 Y6.545
G1 X0.522 Y6.166
G1 X0.711 Y5.976
G1 X0.996 Y5.881
G1 X1.186 Y5.881
G1 X0.806 Y5.929
G1 X0.569 Y6.118
G1 X0.285 Y6.593
G1 X0.237 Y6.782
G1 X0.285 Y6.877
G1 X0.522 Y6.830
G1 X0.522 Y6.640
G1 X1.138 Y6.545
G1 X1.043 Y6.403
G1 X1.186 Y6.593
G1 X1.375 Y6.593
G1 X1.375 Y6.498
G1 X1.470 Y6.450
G1 X1.423 Y6.640
G1 X1.613 Y6.593
G1 X1.613 Y6.498
G1 X1.707 Y6.498
G1 X1.802 Y6.593
G1 X1.945 Y6.545
G1 X2.229 Y6.213
G1 X1.992 Y6.450
G1 X1.992 Y6.593
G1 X2.893 Y6.545
G1 X2.893 Y6.355
G1 X2.846 Y6.593
G1 X1.707 Y6.640
G1 X1.186 Y6.593
G1 X0.664 Y6.687
G1 X0.711 Y6.830
G1 X2.561 Y6.782
G1 X2.988 Y6.735
G1 X3.178 Y6.593
G1 X3.130 Y6.166
G1 X3.225 Y3.652
G1 X3.130 Y3.557
G1 X2.988 Y3.605
G1 X2.988 Y4.363
G1 X2.893 Y4.695
G1 X2.941 Y5.976
G1 X2.846 Y4.743
G1 X2.324 Y5.075
G1 X1.518 Y5.881
G1 X1.613 Y5.929
G1 X1.565 Y5.786
G1 X1.755 Y5.691
G1 X2.466 Y4.933
G1 X2.798 Y4.790
G1 X2.941 Y4.648
G1 X2.988 Y4.363
G1 X2.941 Y3.605
G1 X2.751 Y3.652
G1 X2.751 Y3.794
G1 X2.656 Y3.984
G1 X2.703 Y4.126
G1 X2.609 Y4.221
G1 X2.561 Y4.411
G1 X2.324 Y4.553
G1 X1.992 Y4.885
G1 X1.945 Y5.027
G1 X1.802 Y5.170
G1 X1.707 Y5.170
G1 X1.660 Y5.265
G1 X1.470 Y5.359
G1 X1.470 Y5.454
G1 X0.617 Y5.644
G1 X0.000 Y6.261
M5
G0 X0.000 Y6.166 F2500
M3 S320
G1 F1000
G1 X0.237 Y6.071
G1 X0.047 Y5.881
G1 X-0.142 Y5.929
G1 X-0.095 Y6.118
M5
G0 X-0.142 Y5.929 F2500
M3 S320
G1 F1000
G1 X-0.047 Y5.834
G1 X-0.047 Y5.644
G1 X-0.190 Y5.407
G1 X-0.427 Y4.363
G1 X-0.617 Y3.794
G1 X-1.091 Y2.798
G1 X-1.897 Y1.707
G1 X-2.371 Y1.233
G1 X-2.514 Y1.233
G1 X-2.703 Y1.423
G1 X-2.134 Y2.087
G1 X-1.755 Y2.656
G1 X-1.470 Y3.225
G1 X-0.617 Y5.502
G1 X-0.522 Y5.454
G1 X-0.617 Y5.549
G1 X-0.285 Y5.644
G1 X-0.379 Y5.691
G1 X-0.285 Y5.786
G1 X-0.190 Y5.786
M5
G0 X-0.332 Y5.929 F2500
M3 S320
G1 F1000
G1 X-0.285 Y5.834
G1 X-0.427 Y5.691
G1 X-0.522 Y5.786
M5
G0 X0.047 Y5.881 F2500
M3 S320
G1 F1000
G1 X0.379 Y5.691
G1 X0.569 Y5.691
G1 X0.617 Y5.502
G1 X0.379 Y5.597
G1 X0.142 Y5.549
G1 X-0.047 Y5.597
M5
G0 X0.237 Y5.929 F2500
M3 S320
G1 F1000
G1 X0.474 Y5.834
G1 X0.474 Y5.691
G1 X0.285 Y5.739
G1 X0.190 Y5.834
M5
G0 X3.462 Y6.640 F2500
M3 S320
G1 F1000
G1 X3.699 Y6.498
G1 X3.462 Y6.355
G1 X3.605 Y6.308
G1 X3.605 Y-1.850
G1 X3.225 Y-1.897
G1 X3.083 Y-1.707
G1 X3.178 Y0.142
G1 X3.083 Y0.379
G1 X3.178 Y0.996
G1 X3.178 Y1.660
G1 X3.083 Y1.992
G1 X3.130 Y3.510
G1 X3.225 Y3.652
G1 X3.130 Y6.166
G1 X3.178 Y6.450
G1 X3.320 Y6.450
G1 X3.178 Y6.498
G1 X3.225 Y6.640
M5
G0 X3.605 Y6.355 F2500
M3 S320
G1 F1000
G1 X3.699 Y6.450
G1 X3.889 Y6.403
G1 X3.937 Y6.166
G1 X4.079 Y6.355
G1 X4.221 Y6.213
G1 X4.316 Y6.213
G1 X4.458 Y6.355
G1 X4.601 Y6.308
G1 X4.553 Y6.118
G1 X4.458 Y6.071
G1 X4.601 Y6.166
G1 X4.790 Y6.071
G1 X4.933 Y6.166
G1 X5.027 Y6.023
G1 X5.027 Y6.261
G1 X5.217 Y6.213
G1 X5.122 Y6.023
G1 X5.265 Y6.023
G1 X5.454 Y5.881
G1 X5.644 Y5.976
G1 X5.834 Y5.786
G1 X5.644 Y6.118
G1 X5.929 Y6.118
G1 X6.071 Y5.976
G1 X6.118 Y5.834
G1 X6.498 Y5.834
G1 X6.545 Y5.739
G1 X6.735 Y5.644
G1 X6.687 Y5.834
G1 X6.830 Y5.881
G1 X6.925 Y5.786
G1 X6.877 Y5.644
G1 X7.304 Y5.407
G1 X7.494 Y5.454
G1 X7.541 Y5.359
G1 X7.683 Y5.312
G1 X7.826 Y5.454
G1 X7.873 Y5.265
G1 X7.921 Y5.502
G1 X8.110 Y5.312
G1 X8.110 Y5.217
G1 X8.205 Y5.359
G1 X8.253 Y5.265
G1 X8.205 Y5.122
G1 X8.300 Y5.122
G1 X8.395 Y4.980
G1 X8.253 Y5.265
G1 X8.300 Y5.407
G1 X8.632 Y5.170
G1 X8.585 Y4.411
G1 X5.929 Y5.265
G1 X3.652 Y5.739
M5
G0 X3.699 Y5.691 F2500
M3 S320
G1 F1000
G1 X4.458 Y5.597
G1 X6.071 Y5.217
G1 X8.347 Y4.506
G1 X8.632 Y4.363
G1 X8.585 Y3.937
G1 X5.027 Y4.980
G1 X4.743 Y4.980
G1 X4.601 Y5.075
G1 X3.842 Y5.170
G1 X3.652 Y5.265
M5
G0 X3.699 Y5.217 F2500
M3 S320
G1 F1000
G1 X4.079 Y5.170
G1 X4.316 Y5.075
G1 X4.221 Y-1.850
G1 X3.652 Y-1.802
M5
G0 X3.273 Y-2.703 F2500
M3 S320
G1 F1000
G1 X3.035 Y-2.466
G1 X2.941 Y-2.466
G1 X2.419 Y-3.035
G1 X2.941 Y-2.466
G1 X3.035 Y-2.466
M5
G0 X5.597 Y-3.794 F2500
M3 S320
G1 F1000
G1 X5.881 Y-3.794
G1 X5.976 Y-3.889
G1 X6.166 Y-3.937
G1 X6.166 Y-4.363
G1 X6.213 Y-3.889
G1 X6.450 Y-3.937
G1 X6.450 Y-4.269
G1 X6.498 Y-3.889
G1 X6.640 Y-3.937
G1 X6.640 Y-4.079
G1 X6.687 Y-3.889
G1 X7.067 Y-3.984
G1 X7.067 Y-4.316
G1 X7.114 Y-3.984
G1 X7.257 Y-4.031
G1 X7.257 Y-4.411
G1 X7.399 Y-4.885
G1 X7.778 Y-5.265
G1 X7.826 Y-5.502
G1 X7.731 Y-5.597
G1 X6.735 Y-5.597
G1 X6.403 Y-5.454
G1 X6.118 Y-5.170
G1 X5.691 Y-4.411
G1 X5.549 Y-4.031
M5
G0 X8.253 Y-2.277 F2500
M3 S320
G1 F1000
G1 X8.347 Y-2.182
G1 X8.585 Y-2.229
G1 X8.537 Y-2.371
M5
G0 X8.585 Y-1.802 F2500
M3 S320
G1 F1000
G1 X8.585 Y-2.182
G1 X8.300 Y-2.182
G1 X8.205 Y-2.277
G1 X4.695 Y-2.324
G1 X2.466 Y-2.229
G1 X2.134 Y-2.277
G1 X1.565 Y-2.182
G1 X-1.186 Y-2.182
G1 X-1.281 Y-2.277
G1 X-2.846 Y-2.229
G1 X-8.537 Y-2.324
G1 X-8.632 Y-2.229
G1 X-8.585 Y-1.897
G1 X-7.683 Y-1.802
G1 X-3.178 Y-1.802
G1 X-2.798 Y-1.897
G1 X-2.324 Y-1.850
G1 X-1.945 Y-1.897
G1 X2.846 Y-1.850
G1 X2.988 Y-1.755
G1 X3.083 Y-1.755
G1 X3.225 Y-1.897
G1 X4.648 Y-1.802
G1 X6.593 Y-1.802
G1 X6.640 Y-1.850
M5
G0 X6.023 Y-0.806 F2500
M3 S320
G1 F1000
G1 X6.261 Y-0.854
G1 X6.403 Y-1.138
G1 X6.261 Y-0.806
M5
G0 X6.972 Y1.186 F2500
M3 S320
G1 F1000
G1 X6.735 Y1.138
G1 X6.403 Y0.759
G1 X6.735 Y1.138
M5
G0 X7.067 Y2.561 F2500
M3 S320
G1 F1000
G1 X6.403 Y1.802
G1 X7.019 Y2.419
M5
G0 X5.217 Y2.514 F2500
M3 S320
G1 F1000
G1 X5.834 Y1.850
M5
G0 X4.838 Y0.996 F2500
M3 S320
G1 F1000
G1 X4.885 Y1.138
G1 X5.217 Y1.375
G1 X5.502 Y1.375
G1 X5.691 Y1.281
G1 X6.023 Y0.949
G1 X6.071 Y0.759
G1 X6.213 Y0.854
G1 X6.308 Y1.043
G1 X6.545 Y1.281
G1 X6.735 Y1.375
G1 X7.114 Y1.328
G1 X7.399 Y1.091
G1 X7.304 Y1.233
G1 X7.019 Y1.375
G1 X6.687 Y1.375
G1 X6.261 Y0.996
G1 X6.118 Y0.759
G1 X5.929 Y1.091
G1 X5.739 Y1.281
G1 X5.549 Y1.375
G1 X5.170 Y1.375
G1 X4.885 Y1.138
M5
G0 X5.786 Y3.842 F2500
M3 S320
G1 F1000
G1 X6.023 Y4.031
G1 X6.071 Y3.937
G1 X5.976 Y3.747
G1 X6.023 Y4.031
M5
G0 X6.071 Y4.316 F2500
M3 S320
G1 F1000
G1 X6.166 Y4.316
G1 X6.830 Y3.699
G1 X7.257 Y2.941
G1 X7.446 Y2.229
G1 X7.541 Y2.182
G1 X7.636 Y1.755
G1 X7.636 Y-0.996
G1 X7.541 Y-1.186
G1 X7.257 Y-1.423
G1 X7.114 Y-1.470
G1 X7.589 Y-1.233
G1 X7.541 Y-1.470
G1 X7.257 Y-1.613
G1 X7.636 Y-1.518
G1 X7.589 Y-1.802
G1 X7.209 Y-1.850
G1 X4.648 Y-1.802
G1 X4.695 Y-1.470
G1 X5.075 Y-1.613
G1 X4.648 Y-1.423
G1 X4.695 Y2.039
G1 X4.790 Y2.087
G1 X4.885 Y2.656
G1 X5.265 Y3.462
G1 X5.502 Y3.794
M5
G0 X4.695 Y5.027 F2500
M3 S320
G1 F1000
G1 X5.597 Y4.838
G1 X7.541 Y4.269
G1 X7.636 Y4.174
G1 X7.589 Y2.182
G1 X7.446 Y2.229
G1 X7.257 Y2.941
G1 X6.877 Y3.652
G1 X6.261 Y4.269
G1 X6.023 Y4.316
G1 X5.502 Y3.794
G1 X5.265 Y3.462
G1 X4.885 Y2.656
G1 X4.838 Y2.277
G1 X4.695 Y2.039
M5
G0 X4.316 Y5.075 F2500
M3 S320
G1 F1000
G1 X4.648 Y5.027
G1 X4.601 Y-1.850
G1 X4.269 Y-1.802
M5
G0 X9.533 Y0.142 F2500
M3 S320
G1 F1000
G1 X9.675 Y0.047
G1 X9.438 Y-0.142
G1 X9.533 Y-0.237
G1 X9.770 Y-0.190
G1 X9.343 Y-0.664
G1 X9.201 Y-0.711
G1 X9.106 Y-0.569
G1 X9.106 Y-0.332
G1 X9.249 Y0.047
G1 X9.343 Y-0.095
G1 X9.249 Y0.047
M5
G0 X9.581 Y0.664 F2500
M3 S320
G1 F1000
G1 X10.292 Y0.664
M5
G0 X10.624 Y0.522 F2500
M3 S320
G1 F1000
G1 X10.577 Y0.237
G1 X10.055 Y0.237
G1 X9.438 Y0.095
G1 X9.106 Y0.095
G1 X9.154 Y0.522
G1 X9.865 Y0.522
G1 X9.913 Y0.569
M5
G0 X10.624 Y0.190 F2500
M3 S320
G1 F1000
G1 X10.671 Y-0.047
G1 X10.624 Y-0.190
G1 X10.102 Y-0.522
G1 X10.055 Y-0.996
G1 X9.913 Y-1.138
G1 X9.581 Y-1.091
G1 X9.628 Y-1.328
G1 X9.533 Y-1.755
G1 X9.438 Y-1.897
G1 X9.201 Y-2.039
G1 X9.154 Y-0.854
G1 X9.201 Y-0.759
G1 X10.007 Y-0.047
G1 X10.245 Y0.095
G1 X10.387 Y0.000
G1 X10.245 Y0.095
G1 X9.818 Y-0.190
G1 X9.675 Y-0.047
G1 X9.675 Y0.095
G1 X9.770 Y0.190
G1 X10.055 Y0.237
M5
G0 X11.478 Y0.285 F2500
M3 S320
G1 F1000
G1 X11.525 Y0.617
G1 X13.944 Y0.569
G1 X13.944 Y0.332
G1 X13.849 Y0.237
G1 X12.853 Y0.285
G1 X12.853 Y0.379
G1 X11.952 Y0.332
G1 X11.857 Y0.237
M5
G0 X11.905 Y0.285 F2500
M3 S320
G1 F1000
G1 X11.999 Y0.379
G1 X12.853 Y0.332
G1 X12.806 Y0.190
M5
G0 X13.991 Y1.802 F2500
M3 S320
G1 F1000
G1 X13.897 Y0.617
G1 X11.478 Y0.664
G1 X11.525 Y1.802
G1 X13.612 Y1.850
M5
G0 X14.039 Y1.992 F2500
M3 S320
G1 F1000
G1 X14.466 Y1.992
G1 X14.418 Y0.095
G1 X14.323 Y0.000
G1 X14.086 Y0.047
G1 X13.897 Y0.285
G1 X13.944 Y1.375
M5
G0 X14.608 Y2.087 F2500
M3 S320
G1 F1000
G1 X14.750 Y2.087
G1 X14.893 Y1.945
G1 X14.940 Y0.237
G1 X14.798 Y0.047
G1 X14.418 Y0.095
G1 X14.418 Y0.996
G1 X14.466 Y1.043
G1 X14.513 Y2.039
M5
G0 X14.987 Y0.759 F2500
M3 S320
G1 F1000
G1 X15.082 Y0.617
G1 X14.940 Y0.664
M5
G0 X15.177 Y0.474 F2500
M3 S320
G1 F1000
G1 X15.319 Y0.332
G1 X15.130 Y0.379
M5
G0 X15.319 Y0.806 F2500
M3 S320
G1 F1000
G1 X15.319 Y0.664
G1 X15.130 Y0.711
M5
G0 X15.604 Y0.569 F2500
M3 S320
G1 F1000
G1 X15.699 Y0.474
G1 X15.557 Y0.379
M5
G0 X16.315 Y1.328 F2500
M3 S320
G1 F1000
G1 X15.557 Y0.806
G1 X15.272 Y0.759
G1 X14.987 Y0.806
G1 X15.414 Y0.949
G1 X16.221 Y1.423
M5
G0 X17.311 Y2.182 F2500
M3 S320
G1 F1000
G1 X16.315 Y1.328
G1 X16.221 Y1.423
G1 X16.979 Y2.087
M5
G0 X18.877 Y2.751 F2500
M3 S320
G1 F1000
G1 X18.829 Y2.514
G1 X18.165 Y2.324
G1 X17.881 Y2.182
G1 X16.979 Y1.375
G1 X16.837 Y1.423
G1 X16.553 Y1.138
G1 X16.221 Y0.949
G1 X16.221 Y0.806
G1 X16.078 Y0.664
G1 X15.936 Y0.617
G1 X15.889 Y0.711
G1 X15.319 Y0.474
G1 X15.130 Y0.474
G1 X15.082 Y0.332
G1 X14.893 Y0.379
G1 X14.940 Y0.617
G1 X15.367 Y0.664
G1 X15.509 Y0.806
G1 X15.699 Y0.854
G1 X17.169 Y1.992
G1 X17.406 Y2.277
G1 X17.549 Y2.277
G1 X17.928 Y2.514
G1 X18.687 Y2.798
M5
G0 X18.782 Y3.889 F2500
M3 S320
G1 F1000
G1 X18.877 Y3.510
G1 X18.829 Y2.798
G1 X18.450 Y2.751
G1 X17.643 Y2.466
G1 X18.213 Y2.798
G1 X17.833 Y2.703
G1 X18.165 Y2.893
G1 X17.738 Y2.703
G1 X16.078 Y1.328
G1 X15.509 Y0.996
G1 X14.940 Y0.806
G1 X14.940 Y1.897
G1 X15.130 Y1.897
G1 X15.604 Y2.182
G1 X16.742 Y3.178
G1 X17.359 Y3.605
G1 X18.165 Y3.889
G1 X18.592 Y3.937
M5
G0 X18.877 Y4.031 F2500
M3 S320
G1 F1000
G1 X19.114 Y3.984
G1 X19.256 Y3.035
G1 X19.256 Y2.561
G1 X19.209 Y2.466
G1 X18.971 Y2.419
G1 X18.829 Y2.561
G1 X18.877 Y3.510
G1 X18.782 Y3.937
M5
G0 X19.209 Y3.984 F2500
M3 S320
G1 F1000
G1 X19.541 Y3.889
G1 X19.541 Y2.371
G1 X19.209 Y2.419
G1 X19.256 Y3.035
G1 X19.161 Y3.462
M5
G0 X19.588 Y3.889 F2500
M3 S320
G1 F1000
G1 X20.110 Y3.794
G1 X20.537 Y3.367
G1 X20.584 Y3.225
G1 X20.537 Y2.798
G1 X20.157 Y2.371
G1 X19.920 Y2.324
G1 X19.588 Y2.371
G1 X19.635 Y2.514
G1 X19.778 Y2.514
G1 X19.541 Y2.561
M5
G0 X20.394 Y3.083 F2500
M3 S320
G1 F1000
G1 X20.394 Y2.941
G1 X20.252 Y2.703
G1 X20.110 Y2.609
G1 X20.015 Y2.656
G1 X19.825 Y2.609
G1 X20.015 Y2.561
G1 X19.920 Y2.514
G1 X20.110 Y2.561
G1 X20.299 Y2.751
G1 X20.394 Y2.941
M5
G0 X23.999 Y-2.134 F2500
M3 S320
G1 F1000
G1 X24.615 Y-3.415
G1 X24.805 Y-3.699
M5
G0 X25.042 Y-3.510 F2500
M3 S320
G1 F1000
G1 X25.659 Y-4.553
G1 X26.370 Y-5.407
G1 X26.370 Y-7.636
G1 X26.228 Y-9.391
G1 X25.801 Y-11.857
G1 X25.422 Y-13.280
G1 X25.042 Y-14.418
G1 X24.236 Y-16.315
G1 X23.762 Y-17.264
G1 X23.193 Y-18.213
G1 X23.714 Y-17.359
G1 X24.473 Y-15.841
G1 X25.090 Y-14.323
G1 X25.801 Y-11.905
G1 X26.228 Y-9.391
G1 X26.370 Y-7.636
G1 X26.370 Y-5.407
G1 X25.754 Y-4.648
M5
G0 X24.995 Y-4.031 F2500
M3 S320
G1 F1000
G1 X25.469 Y-4.790
G1 X26.086 Y-5.549
G1 X26.086 Y-7.304
G1 X25.943 Y-9.296
G1 X26.086 Y-7.304
G1 X26.086 Y-5.549
G1 X25.469 Y-4.790
M5
G0 X17.122 Y-8.727 F2500
M3 S320
G1 F1000
G1 X16.600 Y-9.249
G1 X16.078 Y-9.438
G1 X15.936 Y-9.581
G1 X15.225 Y-9.675
G1 X14.466 Y-9.628
G1 X14.418 Y-9.533
G1 X14.987 Y-8.964
G1 X15.225 Y-8.869
G1 X15.794 Y-8.822
G1 X16.078 Y-8.869
G1 X15.936 Y-9.106
G1 X16.031 Y-9.011
G1 X16.031 Y-8.917
G1 X16.221 Y-8.774
G1 X16.837 Y-8.679
M5
G0 X13.422 Y-7.257 F2500
M3 S320
G1 F1000
G1 X13.517 Y-7.162
G1 X13.659 Y-7.162
G1 X13.849 Y-7.257
G1 X13.754 Y-7.351
G1 X13.517 Y-7.351
M5
G0 X12.948 Y-7.257 F2500
M3 S320
G1 F1000
G1 X13.043 Y-7.162
G1 X13.375 Y-7.209
G1 X13.470 Y-7.351
G1 X13.802 Y-7.351
G1 X13.897 Y-7.257
G1 X14.276 Y-7.209
G1 X14.798 Y-7.257
G1 X14.750 Y-7.446
G1 X14.561 Y-7.446
G1 X14.798 Y-7.494
G1 X14.798 Y-7.589
G1 X14.703 Y-7.731
G1 X14.276 Y-7.683
G1 X13.375 Y-7.731
G1 X12.995 Y-7.636
M5
G0 X12.711 Y-8.442 F2500
M3 S320
G1 F1000
G1 X12.853 Y-8.253
G1 X12.901 Y-8.015
G1 X13.090 Y-7.683
G1 X14.655 Y-7.683
G1 X14.798 Y-7.826
G1 X14.845 Y-7.968
G1 X14.940 Y-8.015
G1 X14.987 Y-8.253
G1 X15.130 Y-8.442
G1 X15.035 Y-8.537
G1 X14.608 Y-8.585
G1 X12.758 Y-8.537
M5
G0 X11.620 Y-10.102 F2500
M3 S320
G1 F1000
G1 X11.857 Y-9.628
G1 X12.047 Y-9.581
G1 X13.138 Y-9.723
G1 X15.225 Y-9.675
G1 X15.604 Y-9.581
G1 X15.936 Y-9.581
G1 X16.031 Y-9.675
G1 X16.031 Y-9.865
G1 X16.221 Y-10.150
G1 X16.173 Y-10.245
G1 X15.936 Y-10.339
G1 X15.272 Y-10.434
G1 X13.422 Y-10.482
G1 X11.762 Y-10.292
G1 X11.667 Y-10.245
M5
G0 X11.098 Y-10.529 F2500
M3 S320
G1 F1000
G1 X11.241 Y-10.292
G1 X11.478 Y-10.197
G1 X11.620 Y-10.197
G1 X11.762 Y-10.292
G1 X13.422 Y-10.482
G1 X14.845 Y-10.482
G1 X16.126 Y-10.292
G1 X16.221 Y-10.197
G1 X16.363 Y-10.197
G1 X16.553 Y-10.292
G1 X16.695 Y-10.529
G1 X16.505 Y-10.671
G1 X15.367 Y-10.861
G1 X14.703 Y-10.909
G1 X14.608 Y-11.003
G1 X13.185 Y-11.003
G1 X13.090 Y-10.909
G1 X12.853 Y-10.861
G1 X12.474 Y-10.861
G1 X11.193 Y-10.624
M5
G0 X10.766 Y-8.822 F2500
M3 S320
G1 F1000
G1 X10.814 Y-8.679
G1 X11.003 Y-8.679
G1 X11.667 Y-8.822
G1 X13.422 Y-8.964
G1 X14.181 Y-8.964
G1 X14.229 Y-8.917
G1 X14.987 Y-9.011
G1 X14.418 Y-9.486
G1 X14.276 Y-9.723
G1 X13.138 Y-9.723
G1 X11.905 Y-9.581
G1 X11.762 Y-9.438
G1 X11.525 Y-9.391
G1 X11.146 Y-9.201
M5
G0 X10.387 Y-8.347 F2500
M3 S320
G1 F1000
G1 X10.624 Y-8.205
G1 X10.909 Y-8.205
G1 X11.146 Y-8.110
G1 X12.331 Y-8.015
G1 X12.853 Y-8.158
G1 X12.853 Y-8.253
G1 X12.663 Y-8.442
G1 X11.003 Y-8.442
G1 X14.608 Y-8.585
G1 X15.035 Y-8.537
G1 X15.130 Y-8.442
G1 X15.414 Y-8.395
G1 X15.462 Y-8.442
G1 X15.699 Y-8.442
G1 X15.746 Y-8.395
G1 X16.742 Y-8.442
G1 X15.130 Y-8.395
G1 X14.987 Y-8.253
G1 X14.940 Y-8.063
G1 X15.746 Y-8.015
G1 X17.311 Y-8.253
G1 X17.406 Y-8.347
G1 X17.406 Y-8.490
G1 X17.169 Y-8.679
G1 X16.790 Y-8.679
G1 X16.173 Y-8.822
G1 X15.177 Y-8.917
G1 X13.422 Y-8.964
G1 X12.047 Y-8.869
G1 X10.671 Y-8.679
G1 X10.387 Y-8.442
M5
G0 X12.948 Y-11.573 F2500
M3 S320
G1 F1000
G1 X12.995 Y-11.335
G1 X13.233 Y-11.003
G1 X14.608 Y-11.003
G1 X14.893 Y-11.383
G1 X14.893 Y-11.620
G1 X14.798 Y-11.667
G1 X13.707 Y-11.667
M5
G0 X13.043 Y-12.331 F2500
M3 S320
G1 F1000
G1 X13.233 Y-12.331
G1 X13.470 Y-12.426
G1 X14.181 Y-12.426
G1 X14.276 Y-12.521
G1 X14.181 Y-12.616
G1 X14.181 Y-12.806
G1 X14.181 Y-12.663
G1 X14.323 Y-12.521
G1 X14.418 Y-12.521
G1 X14.608 Y-12.379
G1 X14.798 Y-12.426
G1 X14.893 Y-14.039
G1 X15.082 Y-14.987
G1 X15.130 Y-15.604
G1 X15.272 Y-16.173
G1 X15.225 Y-16.505
G1 X15.035 Y-16.600
G1 X14.371 Y-16.742
G1 X13.612 Y-16.742
G1 X12.995 Y-16.647
G1 X12.474 Y-16.458
G1 X12.474 Y-16.126
G1 X12.663 Y-15.319
M5
G0 X12.331 Y-16.553 F2500
M3 S320
G1 F1000
G1 X12.474 Y-16.458
G1 X13.233 Y-16.695
G1 X14.371 Y-16.742
G1 X14.893 Y-16.647
G1 X15.319 Y-16.458
G1 X15.462 Y-16.695
G1 X14.845 Y-16.979
G1 X13.802 Y-17.027
G1 X12.853 Y-16.885
G1 X12.331 Y-16.695
M5
G0 X12.189 Y-16.790 F2500
M3 S320
G1 F1000
G1 X12.379 Y-16.742
G1 X12.806 Y-16.885
G1 X13.802 Y-17.027
G1 X14.513 Y-17.027
G1 X14.893 Y-16.979
G1 X15.367 Y-16.742
G1 X15.509 Y-16.790
G1 X15.509 Y-17.027
G1 X15.319 Y-17.217
G1 X14.987 Y-17.311
G1 X13.612 Y-17.311
G1 X12.806 Y-17.217
G1 X12.189 Y-17.027
M5
G0 X11.288 Y-18.213 F2500
M3 S320
G1 F1000
G1 X11.383 Y-18.118
G1 X11.383 Y-17.975
G1 X12.142 Y-17.122
G1 X12.426 Y-17.074
G1 X12.806 Y-17.217
G1 X13.612 Y-17.311
G1 X14.987 Y-17.311
G1 X15.225 Y-17.264
G1 X15.557 Y-17.074
G1 X15.841 Y-17.501
G1 X16.173 Y-17.833
G1 X16.221 Y-18.070
G1 X16.458 Y-18.402
G1 X16.221 Y-18.545
G1 X15.462 Y-18.687
G1 X13.138 Y-18.734
G1 X12.331 Y-18.639
G1 X11.335 Y-18.402
M5
G0 X10.861 Y-18.924 F2500
M3 S320
G1 F1000
G1 X10.909 Y-18.734
G1 X11.098 Y-18.734
G1 X11.715 Y-18.924
G1 X12.474 Y-19.066
G1 X14.371 Y-19.114
G1 X15.651 Y-19.019
G1 X16.885 Y-18.734
G1 X17.074 Y-18.877
G1 X16.790 Y-19.114
G1 X15.889 Y-19.303
G1 X14.181 Y-19.446
G1 X12.901 Y-19.398
G1 X11.620 Y-19.209
G1 X11.430 Y-19.114
G1 X11.146 Y-19.114
G1 X10.909 Y-19.019
M5
G0 X10.482 Y-18.450 F2500
M3 S320
G1 F1000
G1 X10.624 Y-18.213
G1 X11.051 Y-18.023
G1 X11.241 Y-18.070
G1 X11.288 Y-18.165
G1 X11.193 Y-18.307
G1 X11.430 Y-18.450
G1 X12.331 Y-18.639
G1 X13.138 Y-18.734
G1 X15.462 Y-18.687
G1 X16.363 Y-18.497
G1 X16.600 Y-18.402
G1 X16.742 Y-18.213
G1 X16.979 Y-18.213
G1 X16.979 Y-18.307
G1 X16.790 Y-18.450
G1 X17.074 Y-18.213
G1 X17.311 Y-18.402
G1 X17.311 Y-18.592
G1 X17.074 Y-18.782
G1 X16.790 Y-18.734
G1 X15.651 Y-19.019
G1 X14.371 Y-19.114
G1 X13.327 Y-19.114
G1 X12.189 Y-19.019
G1 X11.146 Y-18.734
G1 X10.766 Y-18.782
G1 X10.482 Y-18.545
M5
G0 X10.434 Y-19.967 F2500
M3 S320
G1 F1000
G1 X10.861 Y-19.303
G1 X10.909 Y-19.114
G1 X11.098 Y-19.066
G1 X12.094 Y-19.303
G1 X13.991 Y-19.446
G1 X15.557 Y-19.351
G1 X16.363 Y-19.209
G1 X16.600 Y-19.114
G1 X16.837 Y-19.161
G1 X16.837 Y-19.303
G1 X17.264 Y-20.110
G1 X16.885 Y-20.299
G1 X15.889 Y-20.537
G1 X14.655 Y-20.679
G1 X13.612 Y-20.679
G1 X12.426 Y-20.584
G1 X11.525 Y-20.442
G1 X10.861 Y-20.252
G1 X10.577 Y-20.110
M5
G0 X10.055 Y-20.110 F2500
M3 S320
G1 F1000
G1 X10.150 Y-20.015
G1 X10.434 Y-19.967
G1 X10.624 Y-20.157
G1 X11.525 Y-20.442
G1 X12.426 Y-20.584
G1 X13.612 Y-20.679
G1 X14.655 Y-20.679
G1 X15.889 Y-20.537
G1 X16.885 Y-20.299
G1 X17.217 Y-20.157
G1 X17.264 Y-20.062
G1 X17.454 Y-20.015
G1 X17.596 Y-20.062
G1 X17.643 Y-20.347
G1 X17.454 Y-20.584
G1 X17.169 Y-20.726
G1 X16.031 Y-21.011
G1 X14.940 Y-21.153
G1 X12.995 Y-21.153
G1 X11.952 Y-21.058
G1 X10.861 Y-20.821
G1 X10.339 Y-20.584
G1 X10.102 Y-20.347
M5
G0 X16.363 Y-17.928 F2500
M3 S320
G1 F1000
G1 X16.790 Y-18.118
G1 X16.742 Y-18.260
G1 X16.600 Y-18.402
G1 X16.505 Y-18.402
G1 X16.363 Y-18.260
G1 X16.315 Y-18.023
M5
G0 X22.007 Y-19.351 F2500
M3 S320
G1 F1000
G1 X21.295 Y-20.205
G1 X19.967 Y-21.533
G1 X19.398 Y-22.007
G1 X18.118 Y-22.908
G1 X16.979 Y-23.525
G1 X15.983 Y-23.904
G1 X14.371 Y-24.283
G1 X13.470 Y-24.378
G1 X12.284 Y-24.378
G1 X11.620 Y-24.283
G1 X11.051 Y-25.374
G1 X10.577 Y-25.991
G1 X9.865 Y-26.655
G1 X10.624 Y-25.943
G1 X11.003 Y-25.469
G1 X11.620 Y-24.283
G1 X12.284 Y-24.378
G1 X13.470 Y-24.378
G1 X14.371 Y-24.283
G1 X15.841 Y-23.951
G1 X17.406 Y-23.335
G1 X18.877 Y-22.434
G1 X20.062 Y-21.485
G1 X21.201 Y-20.347
M5
G0 X21.865 Y-20.110 F2500
M3 S320
G1 F1000
G1 X19.920 Y-22.054
G1 X19.114 Y-22.671
G1 X17.833 Y-23.477
G1 X16.363 Y-24.141
G1 X14.798 Y-24.568
G1 X13.612 Y-24.710
G1 X11.905 Y-24.663
G1 X11.715 Y-24.758
G1 X11.667 Y-24.615
G1 X11.715 Y-24.521
G1 X11.335 Y-25.422
G1 X10.909 Y-25.991
G1 X11.383 Y-25.374
G1 X11.620 Y-24.805
G1 X11.905 Y-24.663
G1 X13.612 Y-24.710
G1 X14.798 Y-24.568
G1 X15.794 Y-24.331
G1 X16.505 Y-24.094
G1 X17.691 Y-23.572
G1 X19.161 Y-22.671
G1 X20.015 Y-22.007
G1 X21.201 Y-20.869
M5
G0 X23.335 Y-23.335 F2500
M3 S320
G1 F1000
G1 X22.671 Y-23.572
G1 X21.533 Y-24.094
G1 X20.679 Y-24.663
G1 X20.252 Y-25.137
G1 X20.821 Y-24.568
G1 X21.390 Y-24.189
G1 X22.339 Y-23.714
M5
G0 X22.671 Y-24.473 F2500
M3 S320
G1 F1000
G1 X22.813 Y-24.615
G1 X22.766 Y-24.758
G1 X22.576 Y-24.568
M5
G0 X22.481 Y-24.568 F2500
M3 S320
G1 F1000
G1 X22.576 Y-24.568
G1 X22.671 Y-24.710
G1 X22.861 Y-24.805
G1 X22.861 Y-24.900
G1 X22.955 Y-24.995
G1 X22.955 Y-25.137
G1 X22.766 Y-25.279
G1 X22.529 Y-24.995
G1 X22.529 Y-24.853
G1 X22.386 Y-24.663
M5
G0 X22.291 Y-24.710 F2500
M3 S320
G1 F1000
G1 X22.386 Y-24.710
G1 X22.529 Y-24.853
G1 X22.529 Y-25.042
G1 X22.671 Y-25.137
G1 X22.766 Y-25.327
G1 X22.766 Y-25.469
G1 X22.623 Y-25.611
G1 X22.197 Y-24.805
M5
G0 X22.197 Y-24.805 F2500
M3 S320
G1 F1000
G1 X22.291 Y-24.900
G1 X22.339 Y-25.137
G1 X22.576 Y-25.564
G1 X22.718 Y-25.706
G1 X22.908 Y-26.133
G1 X22.813 Y-26.228
G1 X22.623 Y-26.181
G1 X22.434 Y-25.754
G1 X22.149 Y-25.327
G1 X22.671 Y-26.275
G1 X22.529 Y-26.418
G1 X22.386 Y-26.370
G1 X22.386 Y-26.275
G1 X22.102 Y-25.849
G1 X21.959 Y-25.469
G1 X22.102 Y-25.849
G1 X22.386 Y-26.275
G1 X22.386 Y-26.513
G1 X22.291 Y-26.560
G1 X22.149 Y-26.513
G1 X21.959 Y-26.086
G1 X22.197 Y-26.607
G1 X22.102 Y-26.702
G1 X21.959 Y-26.750
G1 X21.865 Y-26.655
G1 X21.722 Y-26.275
G1 X21.912 Y-26.702
G1 X21.912 Y-26.797
G1 X21.817 Y-26.892
G1 X21.627 Y-26.845
G1 X21.485 Y-26.465
G1 X21.675 Y-26.939
G1 X21.533 Y-27.082
G1 X21.390 Y-27.034
G1 X21.201 Y-26.655
G1 X21.438 Y-27.129
G1 X21.248 Y-27.271
G1 X21.106 Y-27.224
G1 X20.963 Y-26.797
G1 X21.153 Y-27.319
G1 X21.011 Y-27.461
G1 X20.821 Y-27.414
G1 X20.821 Y-27.271
G1 X20.679 Y-26.939
G1 X20.821 Y-27.414
G1 X20.821 Y-27.556
G1 X20.726 Y-27.603
G1 X20.584 Y-27.556
G1 X20.394 Y-27.034
G1 X20.489 Y-27.224
G1 X20.584 Y-27.698
G1 X20.394 Y-27.793
G1 X20.157 Y-27.746
G1 X19.967 Y-27.366
G1 X19.873 Y-26.987
G1 X19.351 Y-25.896
G1 X19.398 Y-25.611
G1 X19.967 Y-25.801
G1 X20.537 Y-25.754
G1 X21.295 Y-25.422
G1 X21.959 Y-24.947
G1 X22.102 Y-25.090
G1 X21.959 Y-24.947
M5
G0 X22.861 Y-25.232 F2500
M3 S320
G1 F1000
G1 X23.050 Y-25.232
G1 X23.050 Y-25.327
G1 X23.335 Y-25.801
G1 X23.193 Y-25.943
G1 X23.050 Y-25.896
G1 X22.908 Y-25.564
G1 X22.766 Y-25.422
M5
G0 X22.813 Y-25.469 F2500
M3 S320
G1 F1000
G1 X23.098 Y-25.991
G1 X23.003 Y-26.086
G1 X22.861 Y-26.038
G1 X22.671 Y-25.611
M5
G0 X23.145 Y-25.327 F2500
M3 S320
G1 F1000
G1 X23.287 Y-25.279
G1 X23.430 Y-25.327
G1 X23.430 Y-25.469
G1 X23.525 Y-25.564
G1 X23.525 Y-25.659
G1 X23.430 Y-25.754
G1 X23.335 Y-25.754
G1 X23.193 Y-25.611
M5
G0 X23.193 Y-25.042 F2500
M3 S320
G1 F1000
G1 X23.287 Y-25.090
G1 X23.287 Y-25.279
G1 X23.193 Y-25.327
G1 X23.050 Y-25.232
M5
G0 X23.145 Y-24.805 F2500
M3 S320
G1 F1000
G1 X23.240 Y-24.900
G1 X23.240 Y-24.995
G1 X23.145 Y-25.137
G1 X22.955 Y-25.137
G1 X23.003 Y-24.900
M5
G0 X23.145 Y-24.615 F2500
M3 S320
G1 F1000
G1 X23.145 Y-24.758
G1 X22.908 Y-24.947
G1 X22.813 Y-24.758
M5
G0 X22.955 Y-24.331 F2500
M3 S320
G1 F1000
G1 X23.050 Y-24.426
G1 X23.003 Y-24.615
G1 X22.813 Y-24.663
G1 X22.671 Y-24.473
G1 X22.766 Y-24.378
M5
G0 X23.287 Y-24.473 F2500
M3 S320
G1 F1000
G1 X23.382 Y-24.663
G1 X23.145 Y-24.710
G1 X23.145 Y-24.615
M5
G0 X23.382 Y-24.758 F2500
M3 S320
G1 F1000
G1 X23.430 Y-25.042
G1 X23.240 Y-25.042
G1 X23.240 Y-24.900
M5
G0 X23.525 Y-24.947 F2500
M3 S320
G1 F1000
G1 X23.619 Y-25.137
G1 X23.477 Y-25.279
G1 X23.335 Y-25.232
G1 X23.382 Y-25.090
M5
G0 X23.667 Y-25.232 F2500
M3 S320
G1 F1000
G1 X23.714 Y-25.422
G1 X23.619 Y-25.517
G1 X23.430 Y-25.469
G1 X23.430 Y-25.327
M5
G0 X23.857 Y-24.995 F2500
M3 S320
G1 F1000
G1 X23.904 Y-25.185
G1 X23.667 Y-25.279
G1 X23.667 Y-25.090
M5
G0 X23.714 Y-24.853 F2500
M3 S320
G1 F1000
G1 X23.762 Y-25.042
G1 X23.572 Y-25.042
G1 X23.572 Y-24.947
M5
G0 X23.667 Y-24.663 F2500
M3 S320
G1 F1000
G1 X23.714 Y-24.805
G1 X23.525 Y-24.947
G1 X23.430 Y-24.853
G1 X23.477 Y-24.663
M5
G0 X23.477 Y-24.283 F2500
M3 S320
G1 F1000
G1 X23.619 Y-24.473
G1 X23.572 Y-24.615
G1 X23.430 Y-24.710
G1 X23.335 Y-24.615
G1 X23.335 Y-24.426
M5
G0 X23.382 Y-24.236 F2500
M3 S320
G1 F1000
G1 X23.335 Y-24.426
G1 X23.240 Y-24.521
G1 X23.050 Y-24.521
G1 X23.050 Y-24.426
G1 X22.955 Y-24.331
G1 X23.050 Y-24.236
G1 X23.193 Y-24.189
M5
G0 X23.857 Y-24.141 F2500
M3 S320
G1 F1000
G1 X23.857 Y-24.236
G1 X23.619 Y-24.426
G1 X23.430 Y-24.236
G1 X23.572 Y-24.094
M5
G0 X23.904 Y-24.236 F2500
M3 S320
G1 F1000
G1 X24.046 Y-24.378
G1 X23.999 Y-24.521
G1 X23.857 Y-24.663
G1 X23.714 Y-24.710
G1 X23.619 Y-24.615
G1 X23.667 Y-24.426
M5
G0 X23.999 Y-24.568 F2500
M3 S320
G1 F1000
G1 X24.046 Y-24.758
G1 X23.999 Y-24.900
G1 X23.857 Y-24.995
G1 X23.714 Y-24.758
M5
G0 X24.046 Y-25.896 F2500
M3 S320
G1 F1000
G1 X23.382 Y-26.513
G1 X22.197 Y-27.319
G1 X23.572 Y-26.370
M5
G0 X24.473 Y-26.038 F2500
M3 S320
G1 F1000
G1 X23.572 Y-26.939
M5
G0 X24.710 Y-26.465 F2500
M3 S320
G1 F1000
G1 X24.331 Y-26.939
G1 X23.857 Y-27.366
G1 X24.426 Y-26.845
M5
G0 X25.422 Y-28.362 F2500
M3 S320
G1 F1000
G1 X24.947 Y-28.837
G1 X24.331 Y-29.311
G1 X24.947 Y-28.837
M5
G0 X25.801 Y-28.694 F2500
M3 S320
G1 F1000
G1 X24.805 Y-29.595
M5
G0 X26.038 Y-29.121 F2500
M3 S320
G1 F1000
G1 X25.042 Y-30.022
M5
G0 X26.133 Y-30.354 F2500
M3 S320
G1 F1000
G1 X25.279 Y-31.066
M5
G0 X26.702 Y-30.354 F2500
M3 S320
G1 F1000
G1 X25.991 Y-31.066
G1 X24.995 Y-31.825
G1 X26.275 Y-30.829
M5
G0 X26.939 Y-30.734 F2500
M3 S320
G1 F1000
G1 X26.275 Y-31.350
G1 X24.900 Y-32.394
G1 X26.181 Y-31.445
M5
G0 X26.228 Y-29.595 F2500
M3 S320
G1 F1000
G1 X24.995 Y-30.686
G1 X25.706 Y-30.117
M5
G0 X19.446 Y-31.113 F2500
M3 S320
G1 F1000
G1 X19.303 Y-31.066
G1 X17.406 Y-32.014
G1 X17.454 Y-32.157
G1 X17.691 Y-32.346
G1 X18.165 Y-33.437
G1 X18.165 Y-33.579
G1 X18.070 Y-33.817
G1 X17.786 Y-34.101
G1 X17.549 Y-34.243
G1 X17.359 Y-34.291
G1 X17.169 Y-34.291
G1 X16.979 Y-34.149
G1 X17.406 Y-33.674
G1 X17.454 Y-33.532
G1 X17.454 Y-33.010
G1 X17.359 Y-32.773
G1 X17.122 Y-32.489
G1 X16.932 Y-32.394
G1 X16.553 Y-32.394
G1 X16.315 Y-32.489
G1 X15.983 Y-32.868
G1 X15.983 Y-33.200
G1 X16.031 Y-33.342
G1 X16.268 Y-33.532
G1 X16.647 Y-33.485
G1 X16.647 Y-33.342
G1 X16.458 Y-33.153
G1 X16.458 Y-33.010
G1 X16.600 Y-32.868
G1 X16.790 Y-32.868
G1 X16.932 Y-32.963
G1 X17.027 Y-33.153
G1 X16.932 Y-33.532
G1 X16.600 Y-33.817
G1 X16.173 Y-33.911
G1 X15.082 Y-34.338
G1 X14.893 Y-34.575
G1 X14.893 Y-34.860
G1 X14.987 Y-35.050
G1 X15.177 Y-35.239
G1 X15.509 Y-35.239
G1 X15.699 Y-35.145
G1 X15.746 Y-34.955
G1 X15.557 Y-34.670
G1 X15.651 Y-34.575
G1 X16.315 Y-34.291
G1 X16.410 Y-34.291
G1 X16.600 Y-34.481
G1 X16.979 Y-34.670
G1 X17.549 Y-34.670
G1 X17.786 Y-34.575
G1 X18.402 Y-34.101
G1 X18.497 Y-34.196
G1 X18.734 Y-34.718
G1 X18.829 Y-34.718
G1 X19.019 Y-34.575
G1 X19.161 Y-34.386
G1 X18.782 Y-33.674
G1 X18.118 Y-32.204
G1 X18.118 Y-32.109
G1 X18.213 Y-32.014
G1 X18.687 Y-31.825
G1 X18.782 Y-31.919
G1 X19.398 Y-33.200
G1 X19.920 Y-34.101
G1 X20.347 Y-33.817
G1 X20.062 Y-33.342
G1 X19.920 Y-32.963
G1 X19.541 Y-32.299
G1 X19.541 Y-32.204
G1 X19.209 Y-31.587
G1 X19.351 Y-31.445
G1 X19.493 Y-31.398
G1 X19.541 Y-31.303
G1 X19.446 Y-31.113
G1 X19.303 Y-31.066
M5
G0 X19.398 Y-31.113 F2500
M3 S320
G1 F1000
G1 X19.303 Y-31.113
G1 X17.454 Y-32.062
G1 X17.501 Y-32.157
G1 X17.738 Y-32.346
G1 X18.213 Y-33.437
G1 X18.213 Y-33.579
G1 X18.118 Y-33.817
G1 X17.786 Y-34.149
G1 X17.549 Y-34.291
G1 X17.359 Y-34.338
G1 X17.169 Y-34.338
G1 X16.932 Y-34.149
G1 X17.359 Y-33.674
G1 X17.406 Y-33.532
G1 X17.406 Y-33.010
G1 X17.311 Y-32.773
G1 X17.122 Y-32.536
G1 X16.932 Y-32.441
G1 X16.553 Y-32.441
G1 X16.315 Y-32.536
G1 X16.078 Y-32.773
G1 X16.031 Y-32.868
G1 X16.031 Y-33.200
G1 X16.078 Y-33.342
G1 X16.268 Y-33.485
G1 X16.600 Y-33.485
G1 X16.600 Y-33.342
G1 X16.410 Y-33.153
G1 X16.410 Y-33.010
G1 X16.600 Y-32.821
G1 X16.790 Y-32.821
G1 X16.979 Y-32.963
G1 X17.074 Y-33.153
G1 X16.979 Y-33.532
G1 X16.600 Y-33.864
G1 X16.173 Y-33.959
G1 X15.082 Y-34.386
G1 X14.940 Y-34.575
G1 X14.940 Y-34.860
G1 X15.035 Y-35.050
G1 X15.177 Y-35.192
G1 X15.509 Y-35.192
G1 X15.699 Y-35.050
G1 X15.699 Y-34.955
G1 X15.509 Y-34.670
G1 X15.651 Y-34.528
G1 X16.315 Y-34.243
G1 X16.410 Y-34.243
G1 X16.600 Y-34.433
G1 X16.979 Y-34.623
G1 X17.549 Y-34.623
G1 X17.786 Y-34.528
G1 X18.402 Y-34.054
G1 X18.545 Y-34.196
G1 X18.734 Y-34.623
G1 X18.829 Y-34.670
G1 X19.019 Y-34.528
G1 X19.114 Y-34.386
G1 X18.734 Y-33.674
G1 X18.070 Y-32.204
G1 X18.070 Y-32.109
G1 X18.213 Y-31.967
G1 X18.687 Y-31.777
G1 X18.829 Y-31.919
G1 X19.446 Y-33.200
G1 X19.920 Y-34.006
G1 X20.015 Y-34.006
G1 X20.299 Y-33.817
G1 X20.015 Y-33.342
G1 X19.873 Y-32.963
G1 X19.493 Y-32.299
G1 X19.493 Y-32.204
G1 X19.161 Y-31.587
G1 X19.351 Y-31.398
G1 X19.493 Y-31.350
G1 X19.398 Y-31.113
G1 X19.303 Y-31.113
M5
G0 X19.351 Y-31.208 F2500
M3 S320
G1 F1000
G1 X17.596 Y-32.062
G1 X17.833 Y-32.346
G1 X18.307 Y-33.437
G1 X18.307 Y-33.579
G1 X18.213 Y-33.817
G1 X17.786 Y-34.243
G1 X17.549 Y-34.386
G1 X17.169 Y-34.433
G1 X16.837 Y-34.149
G1 X17.264 Y-33.674
G1 X17.311 Y-33.532
G1 X17.311 Y-33.010
G1 X17.122 Y-32.631
G1 X16.932 Y-32.536
G1 X16.553 Y-32.536
G1 X16.315 Y-32.631
G1 X16.126 Y-32.868
G1 X16.126 Y-33.200
G1 X16.173 Y-33.247
G1 X16.173 Y-33.342
G1 X16.268 Y-33.390
G1 X16.505 Y-33.390
G1 X16.315 Y-33.153
G1 X16.315 Y-33.010
G1 X16.600 Y-32.726
G1 X16.790 Y-32.726
G1 X17.074 Y-32.963
G1 X17.169 Y-33.153
G1 X17.074 Y-33.532
G1 X16.600 Y-33.959
G1 X16.173 Y-34.054
G1 X15.651 Y-34.291
G1 X15.272 Y-34.386
G1 X15.082 Y-34.481
G1 X15.035 Y-34.575
G1 X15.035 Y-34.860
G1 X15.130 Y-35.050
G1 X15.509 Y-35.097
G1 X15.604 Y-35.050
G1 X15.604 Y-34.955
G1 X15.414 Y-34.670
G1 X15.651 Y-34.433
G1 X16.315 Y-34.149
G1 X16.410 Y-34.149
G1 X16.600 Y-34.338
G1 X16.979 Y-34.528
G1 X17.549 Y-34.528
G1 X17.786 Y-34.433
G1 X18.402 Y-33.959
G1 X18.639 Y-34.196
G1 X18.829 Y-34.575
G1 X19.019 Y-34.433
G1 X17.975 Y-32.204
G1 X17.975 Y-32.109
G1 X18.213 Y-31.872
G1 X18.687 Y-31.682
G1 X18.924 Y-31.919
G1 X19.541 Y-33.200
G1 X19.778 Y-33.627
G1 X19.873 Y-33.722
G1 X19.920 Y-33.864
G1 X20.015 Y-33.911
G1 X20.157 Y-33.817
G1 X20.157 Y-33.722
G1 X19.920 Y-33.342
G1 X19.778 Y-32.963
G1 X19.398 Y-32.299
G1 X19.398 Y-32.204
G1 X19.066 Y-31.587
G1 X19.398 Y-31.303
G1 X19.351 Y-31.208
G1 X17.596 Y-32.062
M5
G0 X17.881 Y-32.062 F2500
M3 S320
G1 F1000
G1 X17.786 Y-32.109
G1 X17.881 Y-32.251
G1 X17.881 Y-32.062
G1 X17.786 Y-32.109
M5
G0 X18.070 Y-31.919 F2500
M3 S320
G1 F1000
G1 X17.691 Y-32.109
G1 X17.928 Y-32.346
G1 X18.165 Y-32.821
G1 X18.402 Y-33.437
G1 X18.402 Y-33.579
G1 X18.307 Y-33.817
G1 X17.786 Y-34.338
G1 X17.691 Y-34.386
G1 X18.070 Y-34.149
G1 X18.402 Y-33.864
G1 X18.734 Y-34.196
G1 X18.829 Y-34.433
G1 X18.924 Y-34.386
G1 X18.545 Y-33.674
G1 X17.881 Y-32.204
G1 X17.881 Y-32.109
G1 X18.070 Y-31.919
G1 X17.691 Y-32.109
M5
G0 X16.932 Y-32.678 F2500
M3 S320
G1 F1000
G1 X17.122 Y-32.868
G1 X17.074 Y-32.773
G1 X16.932 Y-32.678
G1 X17.122 Y-32.868
M5
G0 X17.217 Y-33.295 F2500
M3 S320
G1 F1000
G1 X17.169 Y-33.532
G1 X16.695 Y-34.006
G1 X16.458 Y-34.101
G1 X16.600 Y-34.243
G1 X17.027 Y-34.433
G1 X16.742 Y-34.149
G1 X17.122 Y-33.769
G1 X17.217 Y-33.532
G1 X17.217 Y-33.295
G1 X17.169 Y-33.532
M5
G0 X17.122 Y-33.627 F2500
M3 S320
G1 F1000
G1 X16.695 Y-34.054
G1 X16.505 Y-34.101
G1 X16.600 Y-34.196
G1 X16.885 Y-34.338
G1 X16.695 Y-34.149
G1 X17.074 Y-33.769
G1 X17.122 Y-33.627
G1 X16.695 Y-34.054
M5
G0 X17.027 Y-33.769 F2500
M3 S320
G1 F1000
G1 X16.600 Y-34.149
G1 X16.695 Y-34.196
G1 X17.027 Y-33.769
G1 X16.600 Y-34.149
M5
G0 X15.604 Y-34.386 F2500
M3 S320
G1 F1000
G1 X15.177 Y-34.528
G1 X15.130 Y-34.860
G1 X15.177 Y-34.955
G1 X15.509 Y-35.002
G1 X15.462 Y-34.860
G1 X15.319 Y-34.670
G1 X15.604 Y-34.386
G1 X15.177 Y-34.528
M5
G0 X15.319 Y-34.575 F2500
M3 S320
G1 F1000
G1 X15.225 Y-34.623
G1 X15.272 Y-34.907
G1 X15.367 Y-34.907
G1 X15.225 Y-34.670
G1 X15.319 Y-34.575
G1 X15.225 Y-34.623
M5
G0 X15.462 Y-34.481 F2500
M3 S320
G1 F1000
G1 X15.177 Y-34.575
G1 X15.177 Y-34.860
G1 X15.225 Y-34.955
G1 X15.462 Y-34.955
G1 X15.272 Y-34.670
G1 X15.462 Y-34.481
G1 X15.177 Y-34.575
M5
G0 X14.134 Y-35.239 F2500
M3 S320
G1 F1000
G1 X14.134 Y-35.382
G1 X14.039 Y-35.477
G1 X14.323 Y-35.761
G1 X14.229 Y-35.619
G1 X14.134 Y-35.239
G1 X14.134 Y-35.382
M5
G0 X12.663 Y-35.239 F2500
M3 S320
G1 F1000
G1 X12.806 Y-35.619
G1 X12.901 Y-35.714
G1 X12.995 Y-35.714
G1 X12.758 Y-35.477
G1 X12.663 Y-35.239
G1 X12.806 Y-35.619
M5
G0 X12.711 Y-34.433 F2500
M3 S320
G1 F1000
G1 X13.470 Y-34.196
G1 X13.565 Y-34.291
G1 X13.849 Y-35.192
G1 X13.849 Y-35.382
G1 X13.565 Y-35.619
G1 X13.185 Y-35.619
G1 X13.043 Y-35.477
G1 X12.663 Y-34.623
G1 X12.711 Y-34.433
G1 X13.470 Y-34.196
M5
G0 X13.470 Y-34.054 F2500
M3 S320
G1 F1000
G1 X13.707 Y-34.291
G1 X13.991 Y-35.192
G1 X13.991 Y-35.382
G1 X13.565 Y-35.761
G1 X13.185 Y-35.761
G1 X12.901 Y-35.477
G1 X12.521 Y-34.623
G1 X12.521 Y-34.481
G1 X12.711 Y-34.291
G1 X13.470 Y-34.054
G1 X13.707 Y-34.291
M5
G0 X13.565 Y-34.006 F2500
M3 S320
G1 F1000
G1 X13.707 Y-34.149
G1 X13.659 Y-34.054
G1 X13.707 Y-33.959
G1 X13.565 Y-34.006
G1 X13.707 Y-34.149
M5
G0 X13.470 Y-34.006 F2500
M3 S320
G1 F1000
G1 X13.754 Y-34.291
G1 X14.039 Y-35.192
G1 X14.039 Y-35.382
G1 X13.659 Y-35.761
G1 X13.565 Y-35.809
G1 X13.185 Y-35.809
G1 X12.853 Y-35.477
G1 X12.474 Y-34.623
G1 X12.474 Y-34.481
G1 X12.711 Y-34.243
G1 X13.470 Y-34.006
G1 X13.754 Y-34.291
M5
G0 X13.897 Y-33.817 F2500
M3 S320
G1 F1000
G1 X13.517 Y-34.006
G1 X13.802 Y-34.291
G1 X14.086 Y-35.192
G1 X14.086 Y-35.382
G1 X13.754 Y-35.714
G1 X14.039 Y-35.524
G1 X14.323 Y-35.809
G1 X14.418 Y-36.141
G1 X14.561 Y-36.330
G1 X14.276 Y-35.619
G1 X14.039 Y-34.860
G1 X13.849 Y-34.481
G1 X13.707 Y-34.006
G1 X13.897 Y-33.817
G1 X13.517 Y-34.006
M5
G0 X12.711 Y-34.338 F2500
M3 S320
G1 F1000
G1 X13.470 Y-34.101
G1 X13.659 Y-34.291
G1 X13.944 Y-35.192
G1 X13.944 Y-35.382
G1 X13.659 Y-35.666
G1 X13.565 Y-35.714
G1 X13.185 Y-35.714
G1 X12.948 Y-35.477
G1 X12.569 Y-34.623
G1 X12.569 Y-34.481
G1 X12.711 Y-34.338
G1 X13.470 Y-34.101
M5
G0 X12.711 Y-34.386 F2500
M3 S320
G1 F1000
G1 X13.470 Y-34.149
G1 X13.612 Y-34.291
G1 X13.897 Y-35.192
G1 X13.897 Y-35.382
G1 X13.659 Y-35.619
G1 X13.565 Y-35.666
G1 X13.185 Y-35.666
G1 X12.995 Y-35.477
G1 X12.616 Y-34.623
G1 X12.616 Y-34.481
G1 X12.711 Y-34.386
G1 X13.470 Y-34.149
M5
G0 X12.284 Y-34.481 F2500
M3 S320
G1 F1000
G1 X12.379 Y-34.575
G1 X12.426 Y-34.433
G1 X12.284 Y-34.481
G1 X12.379 Y-34.575
M5
G0 X12.189 Y-34.433 F2500
M3 S320
G1 F1000
G1 X12.426 Y-34.670
G1 X12.663 Y-35.429
G1 X12.806 Y-35.714
G1 X13.138 Y-35.809
G1 X12.806 Y-35.477
G1 X12.426 Y-34.623
G1 X12.426 Y-34.481
G1 X12.569 Y-34.338
G1 X12.189 Y-34.433
G1 X12.426 Y-34.670
M5
G0 X10.671 Y-34.670 F2500
M3 S320
G1 F1000
G1 X10.529 Y-34.670
G1 X10.197 Y-34.813
G1 X9.533 Y-35.002
G1 X8.585 Y-35.192
G1 X7.541 Y-35.477
G1 X7.636 Y-35.856
G1 X8.490 Y-35.619
G1 X8.679 Y-35.761
G1 X8.869 Y-36.141
G1 X8.869 Y-36.473
G1 X8.679 Y-36.615
G1 X8.205 Y-36.473
G1 X8.063 Y-36.662
G1 X8.015 Y-36.899
G1 X9.201 Y-37.943
G1 X9.581 Y-38.227
G1 X9.913 Y-37.895
G1 X9.296 Y-37.469
G1 X8.869 Y-37.042
G1 X9.011 Y-36.947
G1 X9.249 Y-36.947
G1 X9.770 Y-36.852
G1 X10.150 Y-36.710
G1 X10.387 Y-36.757
G1 X10.529 Y-37.469
G1 X10.719 Y-37.848
G1 X11.098 Y-37.706
G1 X10.434 Y-35.239
G1 X10.434 Y-35.097
G1 X10.766 Y-35.002
G1 X10.766 Y-34.860
G1 X10.671 Y-34.670
G1 X10.529 Y-34.670
M5
G0 X10.529 Y-34.718 F2500
M3 S320
G1 F1000
G1 X10.339 Y-34.813
G1 X9.533 Y-35.050
G1 X8.585 Y-35.239
G1 X7.589 Y-35.524
G1 X7.683 Y-35.809
G1 X8.490 Y-35.571
G1 X8.727 Y-35.761
G1 X8.917 Y-36.141
G1 X8.917 Y-36.473
G1 X8.679 Y-36.662
G1 X8.585 Y-36.662
G1 X8.300 Y-36.520
G1 X8.158 Y-36.567
G1 X8.063 Y-36.852
G1 X8.822 Y-37.563
G1 X9.581 Y-38.180
G1 X9.865 Y-37.895
G1 X9.296 Y-37.516
G1 X8.822 Y-37.042
G1 X9.011 Y-36.899
G1 X9.533 Y-36.852
G1 X9.960 Y-36.757
G1 X10.150 Y-36.662
G1 X10.339 Y-36.662
G1 X10.434 Y-36.757
G1 X10.482 Y-36.899
G1 X10.529 Y-37.279
G1 X10.671 Y-37.658
G1 X10.671 Y-37.801
G1 X11.051 Y-37.706
G1 X10.861 Y-37.089
G1 X10.766 Y-36.567
G1 X10.339 Y-35.145
G1 X10.434 Y-35.050
G1 X10.719 Y-34.955
G1 X10.671 Y-34.765
G1 X10.529 Y-34.718
G1 X10.339 Y-34.813
M5
G0 X10.292 Y-35.002 F2500
M3 S320
G1 F1000
G1 X9.960 Y-35.097
G1 X10.197 Y-35.334
G1 X10.339 Y-35.856
G1 X10.387 Y-36.235
G1 X10.197 Y-36.473
G1 X10.339 Y-36.473
G1 X10.624 Y-36.757
G1 X10.624 Y-36.852
G1 X10.577 Y-36.567
G1 X10.387 Y-36.046
G1 X10.150 Y-35.145
G1 X10.292 Y-35.002
G1 X9.960 Y-35.097
M5
G0 X9.913 Y-35.145 F2500
M3 S320
G1 F1000
G1 X10.150 Y-35.429
G1 X10.292 Y-36.235
G1 X10.055 Y-36.520
G1 X9.818 Y-36.615
G1 X9.486 Y-36.662
G1 X9.249 Y-36.425
G1 X9.249 Y-36.235
G1 X8.964 Y-35.524
G1 X9.201 Y-35.287
G1 X9.913 Y-35.145
G1 X10.150 Y-35.429
M5
G0 X9.960 Y-35.334 F2500
M3 S320
G1 F1000
G1 X10.102 Y-35.856
G1 X10.150 Y-36.235
G1 X10.102 Y-36.330
G1 X9.960 Y-36.425
G1 X9.486 Y-36.520
G1 X9.391 Y-36.425
G1 X9.391 Y-36.235
G1 X9.106 Y-35.524
G1 X9.201 Y-35.429
G1 X9.533 Y-35.382
G1 X9.770 Y-35.287
G1 X9.960 Y-35.334
G1 X10.102 Y-35.856
M5
G0 X10.434 Y-36.235 F2500
M3 S320
G1 F1000
G1 X10.292 Y-36.425
G1 X10.529 Y-36.615
G1 X10.434 Y-36.378
G1 X10.434 Y-36.235
G1 X10.292 Y-36.425
M5
G0 X10.671 Y-36.947 F2500
M3 S320
G1 F1000
G1 X10.671 Y-37.089
G1 X10.719 Y-37.137
G1 X10.814 Y-37.563
G1 X10.766 Y-37.279
G1 X10.671 Y-37.089
G1 X10.671 Y-36.947
G1 X10.671 Y-37.089
M5
G0 X9.249 Y-36.615 F2500
M3 S320
G1 F1000
G1 X9.154 Y-36.520
G1 X9.059 Y-36.615
G1 X9.249 Y-36.615
G1 X9.154 Y-36.520
M5
G0 X8.300 Y-36.805 F2500
M3 S320
G1 F1000
G1 X8.395 Y-36.947
G1 X8.822 Y-37.326
G1 X8.869 Y-37.326
G1 X9.201 Y-37.658
G1 X8.585 Y-37.042
G1 X8.917 Y-36.710
G1 X9.296 Y-36.615
G1 X9.154 Y-36.473
G1 X8.679 Y-36.899
G1 X8.300 Y-36.805
G1 X8.395 Y-36.947
M5
G0 X8.585 Y-35.429 F2500
M3 S320
G1 F1000
G1 X9.011 Y-35.903
G1 X9.106 Y-36.141
G1 X9.106 Y-36.473
G1 X8.679 Y-36.852
G1 X8.585 Y-36.852
G1 X8.300 Y-36.710
G1 X8.253 Y-36.852
G1 X9.438 Y-37.895
G1 X9.628 Y-37.943
G1 X9.296 Y-37.706
G1 X8.632 Y-37.042
G1 X8.917 Y-36.757
G1 X9.391 Y-36.662
G1 X9.154 Y-36.425
G1 X9.154 Y-36.235
G1 X8.869 Y-35.524
G1 X9.059 Y-35.334
G1 X8.585 Y-35.429
G1 X9.011 Y-35.903
M5
G0 X8.964 Y-35.382 F2500
M3 S320
G1 F1000
G1 X8.679 Y-35.477
G1 X8.917 Y-35.714
G1 X8.822 Y-35.524
G1 X8.964 Y-35.382
G1 X8.679 Y-35.477
M5
G0 X9.913 Y-35.239 F2500
M3 S320
G1 F1000
G1 X10.055 Y-35.429
G1 X10.197 Y-36.235
G1 X10.150 Y-36.330
G1 X9.960 Y-36.473
G1 X9.486 Y-36.567
G1 X9.343 Y-36.425
G1 X9.343 Y-36.235
G1 X9.059 Y-35.524
G1 X9.201 Y-35.382
G1 X9.913 Y-35.239
G1 X10.055 Y-35.429
M5
G0 X9.913 Y-35.192 F2500
M3 S320
G1 F1000
G1 X10.102 Y-35.429
G1 X10.245 Y-36.235
G1 X10.055 Y-36.473
G1 X9.818 Y-36.567
G1 X9.486 Y-36.615
G1 X9.296 Y-36.425
G1 X9.296 Y-36.235
G1 X9.011 Y-35.524
G1 X9.201 Y-35.334
G1 X9.913 Y-35.192
G1 X10.102 Y-35.429
M5
G0 X10.055 Y-35.097 F2500
M3 S320
G1 F1000
G1 X10.150 Y-35.239
G1 X10.150 Y-35.097
G1 X10.055 Y-35.097
G1 X10.150 Y-35.239
M5
G0 X10.577 Y-34.860 F2500
M3 S320
G1 F1000
G1 X9.533 Y-35.192
G1 X8.585 Y-35.382
G1 X7.778 Y-35.619
G1 X8.490 Y-35.429
G1 X8.869 Y-35.761
G1 X9.059 Y-36.141
G1 X9.059 Y-36.473
G1 X8.679 Y-36.805
G1 X8.585 Y-36.805
G1 X8.253 Y-36.662
G1 X8.205 Y-36.852
G1 X9.201 Y-37.753
G1 X9.581 Y-38.038
G1 X9.675 Y-37.943
G1 X9.296 Y-37.658
G1 X8.679 Y-37.042
G1 X9.011 Y-36.757
G1 X9.533 Y-36.710
G1 X9.201 Y-36.425
G1 X9.201 Y-36.235
G1 X8.917 Y-35.524
G1 X9.201 Y-35.239
G1 X9.533 Y-35.192
G1 X9.770 Y-35.097
G1 X9.913 Y-35.097
G1 X10.150 Y-35.334
G1 X10.292 Y-35.856
G1 X10.339 Y-36.235
G1 X10.055 Y-36.567
G1 X9.865 Y-36.615
G1 X9.960 Y-36.615
G1 X10.150 Y-36.520
G1 X10.339 Y-36.520
G1 X10.577 Y-36.757
G1 X10.766 Y-37.611
G1 X10.909 Y-37.611
G1 X10.719 Y-37.089
G1 X10.624 Y-36.567
G1 X10.197 Y-35.145
G1 X10.434 Y-34.907
G1 X10.577 Y-34.860
G1 X9.533 Y-35.192
M5
G0 X10.577 Y-34.813 F2500
M3 S320
G1 F1000
G1 X9.533 Y-35.145
G1 X8.585 Y-35.334
G1 X7.731 Y-35.571
G1 X7.731 Y-35.666
G1 X7.826 Y-35.666
G1 X7.873 Y-35.619
G1 X8.490 Y-35.477
G1 X8.822 Y-35.761
G1 X9.011 Y-36.141
G1 X9.011 Y-36.473
G1 X8.679 Y-36.757
G1 X8.205 Y-36.662
G1 X8.158 Y-36.852
G1 X9.201 Y-37.801
G1 X9.581 Y-38.085
G1 X9.723 Y-37.895
G1 X9.296 Y-37.611
G1 X8.727 Y-37.042
G1 X9.011 Y-36.805
G1 X9.533 Y-36.757
G1 X9.960 Y-36.662
G1 X10.150 Y-36.567
G1 X10.339 Y-36.567
G1 X10.529 Y-36.757
G1 X10.671 Y-37.469
G1 X10.766 Y-37.658
G1 X10.956 Y-37.611
G1 X10.766 Y-37.089
G1 X10.671 Y-36.567
G1 X10.245 Y-35.145
G1 X10.434 Y-34.955
G1 X10.624 Y-34.907
G1 X10.577 Y-34.813
G1 X9.533 Y-35.145
M5
G0 X10.624 Y-34.765 F2500
M3 S320
G1 F1000
G1 X9.533 Y-35.097
G1 X7.778 Y-35.524
G1 X7.636 Y-35.524
G1 X7.683 Y-35.714
G1 X7.826 Y-35.714
G1 X8.490 Y-35.524
G1 X8.774 Y-35.761
G1 X8.964 Y-36.141
G1 X8.964 Y-36.473
G1 X8.679 Y-36.710
G1 X8.205 Y-36.567
G1 X8.110 Y-36.852
G1 X9.201 Y-37.848
G1 X9.581 Y-38.133
G1 X9.723 Y-37.848
G1 X9.296 Y-37.563
G1 X8.774 Y-37.042
G1 X9.011 Y-36.852
G1 X9.533 Y-36.805
G1 X9.960 Y-36.710
G1 X10.150 Y-36.615
G1 X10.339 Y-36.615
G1 X10.482 Y-36.757
G1 X10.577 Y-37.279
G1 X10.719 Y-37.753
G1 X11.003 Y-37.658
G1 X10.292 Y-35.145
G1 X10.434 Y-35.002
G1 X10.671 Y-34.955
G1 X10.624 Y-34.765
G1 X9.533 Y-35.097
M5
G0 X5.217 Y-35.809 F2500
M3 S320
G1 F1000
G1 X3.178 Y-36.093
G1 X1.565 Y-36.188
G1 X-0.095 Y-36.188
G1 X-0.095 Y-36.567
G1 X0.522 Y-36.615
G1 X0.617 Y-37.042
G1 X0.664 Y-37.469
G1 X0.522 Y-37.563
G1 X0.237 Y-37.516
G1 X0.142 Y-37.563
G1 X0.095 Y-37.848
G1 X0.142 Y-37.990
G1 X0.379 Y-38.227
G1 X0.569 Y-38.322
G1 X0.759 Y-38.322
G1 X0.996 Y-38.227
G1 X1.091 Y-38.133
G1 X1.138 Y-37.990
G1 X1.138 Y-37.753
G1 X1.186 Y-37.706
G1 X1.138 Y-37.089
G1 X1.043 Y-36.805
G1 X1.091 Y-36.567
G1 X1.707 Y-36.520
G1 X1.802 Y-36.662
G1 X1.850 Y-38.797
G1 X1.897 Y-38.844
G1 X1.897 Y-39.129
G1 X2.371 Y-39.129
G1 X2.324 Y-37.563
G1 X2.229 Y-36.757
G1 X2.277 Y-36.520
G1 X3.130 Y-36.473
G1 X3.937 Y-36.378
G1 X4.316 Y-36.283
G1 X4.411 Y-36.378
G1 X4.458 Y-36.852
G1 X4.363 Y-36.947
G1 X3.699 Y-36.947
G1 X3.462 Y-36.994
G1 X3.178 Y-37.137
G1 X3.083 Y-37.231
G1 X2.988 Y-37.421
G1 X2.988 Y-37.990
G1 X3.083 Y-38.275
G1 X3.273 Y-38.654
G1 X3.510 Y-38.986
G1 X3.652 Y-39.081
G1 X3.747 Y-38.986
G1 X3.984 Y-38.891
G1 X4.031 Y-38.797
G1 X3.794 Y-38.559
G1 X3.510 Y-38.085
G1 X3.462 Y-37.943
G1 X3.462 Y-37.563
G1 X3.605 Y-37.421
G1 X3.747 Y-37.374
G1 X4.458 Y-37.326
G1 X4.553 Y-37.421
G1 X4.553 Y-37.801
G1 X4.695 Y-38.559
G1 X4.695 Y-38.939
G1 X4.838 Y-38.939
G1 X5.217 Y-38.797
G1 X5.075 Y-37.516
G1 X4.933 Y-36.710
G1 X4.980 Y-36.188
G1 X5.312 Y-36.188
G1 X5.217 Y-35.809
G1 X3.178 Y-36.093
M5
G0 X3.130 Y-36.283 F2500
M3 S320
G1 F1000
G1 X1.613 Y-36.330
G1 X1.707 Y-36.330
G1 X1.992 Y-36.662
G1 X2.039 Y-38.797
G1 X2.134 Y-38.939
G1 X2.134 Y-37.563
G1 X2.039 Y-36.567
G1 X2.277 Y-36.330
G1 X3.130 Y-36.283
G1 X1.613 Y-36.330
M5
G0 X1.802 Y-36.378 F2500
M3 S320
G1 F1000
G1 X1.992 Y-36.567
G1 X2.182 Y-36.378
G1 X1.802 Y-36.378
G1 X1.992 Y-36.567
M5
G0 X1.897 Y-36.425 F2500
M3 S320
G1 F1000
G1 X1.992 Y-36.520
G1 X2.087 Y-36.425
G1 X1.897 Y-36.425
G1 X1.992 Y-36.520
M5
G0 X2.039 Y-36.805 F2500
M3 S320
G1 F1000
G1 X2.087 Y-38.797
G1 X2.087 Y-37.563
G1 X2.039 Y-37.516
G1 X2.039 Y-36.805
G1 X2.087 Y-38.797
M5
G0 X3.462 Y-38.465 F2500
M3 S320
G1 F1000
G1 X3.557 Y-38.654
G1 X3.699 Y-38.749
G1 X3.462 Y-38.465
G1 X3.557 Y-38.654
M5
G0 X3.462 Y-37.279 F2500
M3 S320
G1 F1000
G1 X3.367 Y-37.326
G1 X3.273 Y-37.469
G1 X3.462 Y-37.279
G1 X3.367 Y-37.326
M5
G0 X3.462 Y-37.231 F2500
M3 S320
G1 F1000
G1 X3.273 Y-37.326
G1 X3.225 Y-37.421
G1 X3.225 Y-37.990
G1 X3.320 Y-38.275
G1 X3.652 Y-38.844
G1 X3.747 Y-38.749
G1 X3.557 Y-38.559
G1 X3.367 Y-38.275
G1 X3.225 Y-37.943
G1 X3.225 Y-37.563
G1 X3.557 Y-37.231
G1 X3.462 Y-37.231
G1 X3.273 Y-37.326
M5
G0 X4.648 Y-36.994 F2500
M3 S320
G1 F1000
G1 X4.553 Y-37.089
G1 X4.695 Y-37.231
G1 X4.648 Y-36.994
G1 X4.553 Y-37.089
M5
G0 X4.695 Y-36.899 F2500
M3 S320
G1 F1000
G1 X4.506 Y-37.089
G1 X4.743 Y-37.326
G1 X4.695 Y-36.899
G1 X4.506 Y-37.089
M5
G0 X4.743 Y-36.141 F2500
M3 S320
G1 F1000
G1 X4.506 Y-36.188
G1 X4.648 Y-36.330
G1 X4.648 Y-36.235
G1 X4.743 Y-36.141
G1 X4.506 Y-36.188
M5
G0 X4.743 Y-36.093 F2500
M3 S320
G1 F1000
G1 X4.695 Y-36.141
G1 X4.411 Y-36.141
G1 X4.648 Y-36.378
G1 X4.695 Y-36.852
G1 X4.458 Y-37.089
G1 X4.790 Y-37.421
G1 X4.838 Y-38.180
G1 X4.933 Y-38.654
G1 X4.933 Y-38.417
G1 X4.885 Y-38.370
G1 X4.838 Y-37.943
G1 X4.838 Y-37.516
G1 X4.695 Y-36.710
G1 X4.695 Y-36.235
G1 X4.838 Y-36.093
G1 X4.743 Y-36.093
G1 X4.695 Y-36.141
M5
G0 X4.933 Y-36.046 F2500
M3 S320
G1 F1000
G1 X4.363 Y-36.093
G1 X4.601 Y-36.378
G1 X4.648 Y-36.852
G1 X4.363 Y-37.137
G1 X3.699 Y-37.137
G1 X3.462 Y-37.184
G1 X3.273 Y-37.279
G1 X3.178 Y-37.421
G1 X3.178 Y-37.990
G1 X3.462 Y-38.654
G1 X3.652 Y-38.891
G1 X3.794 Y-38.797
G1 X3.320 Y-38.085
G1 X3.273 Y-37.943
G1 X3.273 Y-37.563
G1 X3.605 Y-37.231
G1 X4.031 Y-37.137
G1 X4.458 Y-37.137
G1 X4.743 Y-37.421
G1 X4.838 Y-38.512
G1 X4.885 Y-38.559
G1 X4.885 Y-38.702
G1 X4.980 Y-38.702
G1 X4.885 Y-37.516
G1 X4.743 Y-36.710
G1 X4.743 Y-36.235
G1 X4.933 Y-36.046
G1 X4.363 Y-36.093
M5
G0 X5.122 Y-35.951 F2500
M3 S320
G1 F1000
G1 X3.178 Y-36.235
G1 X1.565 Y-36.330
G1 X0.047 Y-36.330
G1 X0.047 Y-36.425
G1 X0.474 Y-36.425
G1 X0.711 Y-36.710
G1 X0.806 Y-37.469
G1 X0.522 Y-37.706
G1 X0.237 Y-37.658
G1 X0.285 Y-37.990
G1 X0.569 Y-38.180
G1 X0.759 Y-38.180
G1 X0.949 Y-38.085
G1 X0.996 Y-37.990
G1 X1.043 Y-37.516
G1 X0.996 Y-37.089
G1 X0.901 Y-36.805
G1 X0.901 Y-36.615
G1 X1.091 Y-36.425
G1 X1.707 Y-36.378
G1 X1.945 Y-36.662
G1 X1.992 Y-38.797
G1 X2.039 Y-38.844
G1 X2.039 Y-38.986
G1 X2.182 Y-38.986
G1 X2.182 Y-37.563
G1 X2.087 Y-36.567
G1 X2.277 Y-36.378
G1 X3.130 Y-36.330
G1 X3.937 Y-36.235
G1 X4.316 Y-36.141
G1 X4.553 Y-36.378
G1 X4.601 Y-36.852
G1 X4.363 Y-37.089
G1 X3.699 Y-37.089
G1 X3.462 Y-37.137
G1 X3.273 Y-37.231
G1 X3.130 Y-37.421
G1 X3.130 Y-37.990
G1 X3.225 Y-38.275
G1 X3.510 Y-38.797
G1 X3.652 Y-38.939
G1 X3.747 Y-38.844
G1 X3.889 Y-38.797
G1 X3.652 Y-38.559
G1 X3.367 Y-38.085
G1 X3.320 Y-37.943
G1 X3.320 Y-37.563
G1 X3.605 Y-37.279
G1 X4.031 Y-37.184
G1 X4.458 Y-37.184
G1 X4.695 Y-37.421
G1 X4.790 Y-38.512
G1 X4.838 Y-38.559
G1 X4.838 Y-38.797
G1 X5.027 Y-38.749
G1 X5.027 Y-38.417
G1 X4.980 Y-38.370
G1 X4.933 Y-37.943
G1 X4.933 Y-37.516
G1 X4.790 Y-36.710
G1 X4.790 Y-36.235
G1 X4.980 Y-36.046
G1 X5.122 Y-36.046
G1 X5.122 Y-35.951
G1 X3.178 Y-36.235
M5
G0 X5.170 Y-35.856 F2500
M3 S320
G1 F1000
G1 X3.178 Y-36.141
G1 X1.565 Y-36.235
G1 X-0.047 Y-36.235
G1 X-0.047 Y-36.520
G1 X0.474 Y-36.520
G1 X0.569 Y-36.615
G1 X0.664 Y-37.042
G1 X0.711 Y-37.469
G1 X0.522 Y-37.611
G1 X0.237 Y-37.563
G1 X0.142 Y-37.611
G1 X0.142 Y-37.848
G1 X0.190 Y-37.990
G1 X0.379 Y-38.180
G1 X0.569 Y-38.275
G1 X0.759 Y-38.275
G1 X0.996 Y-38.180
G1 X1.091 Y-37.990
G1 X1.091 Y-37.753
G1 X1.138 Y-37.706
G1 X1.091 Y-37.089
G1 X0.996 Y-36.805
G1 X0.996 Y-36.615
G1 X1.091 Y-36.520
G1 X1.707 Y-36.473
G1 X1.850 Y-36.662
G1 X1.897 Y-38.797
G1 X1.945 Y-38.844
G1 X1.945 Y-39.081
G1 X2.277 Y-39.081
G1 X2.277 Y-37.563
G1 X2.182 Y-36.567
G1 X2.277 Y-36.473
G1 X3.130 Y-36.425
G1 X3.937 Y-36.330
G1 X4.316 Y-36.235
G1 X4.458 Y-36.378
G1 X4.506 Y-36.852
G1 X4.363 Y-36.994
G1 X3.699 Y-36.994
G1 X3.462 Y-37.042
G1 X3.178 Y-37.184
G1 X3.035 Y-37.421
G1 X3.035 Y-37.990
G1 X3.320 Y-38.654
G1 X3.557 Y-38.986
G1 X3.652 Y-39.034
G1 X3.747 Y-38.939
G1 X3.984 Y-38.844
G1 X3.747 Y-38.559
G1 X3.462 Y-38.085
G1 X3.415 Y-37.943
G1 X3.415 Y-37.563
G1 X3.605 Y-37.374
G1 X3.747 Y-37.326
G1 X4.458 Y-37.279
G1 X4.601 Y-37.421
G1 X4.648 Y-38.180
G1 X4.743 Y-38.559
G1 X4.743 Y-38.891
G1 X5.170 Y-38.844
G1 X5.027 Y-37.516
G1 X4.885 Y-36.710
G1 X4.885 Y-36.235
G1 X4.980 Y-36.141
G1 X5.265 Y-36.141
G1 X5.170 Y-35.856
G1 X3.178 Y-36.141
M5
G0 X5.217 Y-36.093 F2500
M3 S320
G1 F1000
G1 X5.122 Y-35.903
G1 X3.178 Y-36.188
G1 X1.565 Y-36.283
G1 X0.000 Y-36.283
G1 X0.000 Y-36.473
G1 X0.474 Y-36.473
G1 X0.617 Y-36.615
G1 X0.711 Y-37.042
G1 X0.759 Y-37.469
G1 X0.522 Y-37.658
G1 X0.190 Y-37.658
G1 X0.237 Y-37.990
G1 X0.379 Y-38.133
G1 X0.569 Y-38.227
G1 X0.759 Y-38.227
G1 X0.996 Y-38.133
G1 X0.996 Y-38.038
G1 X1.043 Y-37.990
G1 X1.043 Y-37.753
G1 X1.091 Y-37.706
G1 X1.043 Y-37.089
G1 X0.949 Y-36.805
G1 X0.949 Y-36.615
G1 X1.091 Y-36.473
G1 X1.707 Y-36.425
G1 X1.897 Y-36.662
G1 X1.945 Y-38.797
G1 X1.992 Y-38.844
G1 X1.992 Y-39.034
G1 X2.229 Y-39.034
G1 X2.229 Y-37.563
G1 X2.134 Y-36.567
G1 X2.277 Y-36.425
G1 X3.130 Y-36.378
G1 X3.937 Y-36.283
G1 X4.316 Y-36.188
G1 X4.506 Y-36.378
G1 X4.553 Y-36.852
G1 X4.363 Y-37.042
G1 X3.699 Y-37.042
G1 X3.462 Y-37.089
G1 X3.178 Y-37.231
G1 X3.083 Y-37.421
G1 X3.083 Y-37.990
G1 X3.367 Y-38.654
G1 X3.605 Y-38.986
G1 X3.937 Y-38.797
G1 X3.699 Y-38.559
G1 X3.415 Y-38.085
G1 X3.367 Y-37.943
G1 X3.367 Y-37.563
G1 X3.605 Y-37.326
G1 X3.747 Y-37.279
G1 X4.458 Y-37.231
G1 X4.648 Y-37.421
G1 X4.790 Y-38.844
G1 X5.122 Y-38.797
G1 X4.980 Y-37.516
G1 X4.838 Y-36.710
G1 X4.838 Y-36.235
G1 X4.980 Y-36.093
G1 X5.217 Y-36.093
G1 X5.122 Y-35.903
M5
G0 X0.996 Y-36.425 F2500
M3 S320
G1 F1000
G1 X0.569 Y-36.425
G1 X0.806 Y-36.710
G1 X0.901 Y-37.469
G1 X0.522 Y-37.801
G1 X0.332 Y-37.753
G1 X0.379 Y-37.990
G1 X0.569 Y-38.085
G1 X0.759 Y-38.085
G1 X0.854 Y-38.038
G1 X0.901 Y-37.753
G1 X0.949 Y-37.706
G1 X0.901 Y-37.089
G1 X0.806 Y-36.805
G1 X0.806 Y-36.615
G1 X0.996 Y-36.425
G1 X0.569 Y-36.425
M5
G0 X0.664 Y-36.473 F2500
M3 S320
G1 F1000
G1 X0.806 Y-36.567
G1 X0.901 Y-36.473
G1 X0.664 Y-36.473
G1 X0.806 Y-36.567
M5
G0 X0.095 Y-36.378 F2500
M3 S320
G1 F1000
G1 X0.474 Y-36.378
G1 X0.759 Y-36.710
G1 X0.854 Y-37.469
G1 X0.522 Y-37.753
G1 X0.285 Y-37.706
G1 X0.285 Y-37.848
G1 X0.379 Y-38.038
G1 X0.569 Y-38.133
G1 X0.901 Y-38.085
G1 X0.949 Y-37.990
G1 X0.996 Y-37.516
G1 X0.949 Y-37.089
G1 X0.854 Y-36.805
G1 X0.854 Y-36.615
G1 X1.091 Y-36.378
G1 X1.423 Y-36.378
G1 X0.095 Y-36.378
G1 X0.474 Y-36.378
M5
G0 X0.901 Y-37.516 F2500
M3 S320
G1 F1000
G1 X0.522 Y-37.848
G1 X0.379 Y-37.801
G1 X0.427 Y-37.943
G1 X0.569 Y-38.038
G1 X0.759 Y-38.038
G1 X0.854 Y-37.990
G1 X0.901 Y-37.516
G1 X0.522 Y-37.848
M5
G0 X0.806 Y-37.706 F2500
M3 S320
G1 F1000
G1 X0.569 Y-37.943
G1 X0.759 Y-37.943
G1 X0.806 Y-37.706
G1 X0.569 Y-37.943
M5
G0 X0.854 Y-37.611 F2500
M3 S320
G1 F1000
G1 X0.427 Y-37.848
G1 X0.474 Y-37.943
G1 X0.569 Y-37.990
G1 X0.806 Y-37.943
G1 X0.854 Y-37.611
G1 X0.427 Y-37.848
M5
G0 X-1.945 Y-37.231 F2500
M3 S320
G1 F1000
G1 X-2.182 Y-37.469
G1 X-1.992 Y-37.658
G1 X-1.945 Y-37.231
G1 X-2.182 Y-37.469
M5
G0 X-1.992 Y-37.326 F2500
M3 S320
G1 F1000
G1 X-2.134 Y-37.469
G1 X-2.039 Y-37.563
G1 X-1.992 Y-37.326
G1 X-2.134 Y-37.469
M5
G0 X-1.897 Y-36.805 F2500
M3 S320
G1 F1000
G1 X-1.897 Y-37.089
G1 X-2.229 Y-37.469
G1 X-1.945 Y-37.753
G1 X-1.992 Y-38.891
G1 X-1.992 Y-38.654
G1 X-1.945 Y-38.607
G1 X-1.945 Y-37.516
G1 X-1.897 Y-37.469
G1 X-1.897 Y-36.805
G1 X-1.897 Y-37.089
M5
G0 X-1.992 Y-36.378 F2500
M3 S320
G1 F1000
G1 X-1.850 Y-36.473
G1 X-1.755 Y-36.378
G1 X-1.992 Y-36.378
G1 X-1.850 Y-36.473
M5
G0 X-2.087 Y-36.330 F2500
M3 S320
G1 F1000
G1 X-1.897 Y-36.520
G1 X-1.897 Y-36.662
G1 X-1.897 Y-36.567
G1 X-1.660 Y-36.330
G1 X-2.087 Y-36.330
G1 X-1.897 Y-36.520
M5
G0 X-2.893 Y-36.283 F2500
M3 S320
G1 F1000
G1 X-2.182 Y-36.283
G1 X-1.945 Y-36.520
G1 X-1.897 Y-36.757
G1 X-1.945 Y-37.089
G1 X-2.277 Y-37.469
G1 X-2.561 Y-37.469
G1 X-2.609 Y-37.421
G1 X-2.988 Y-37.374
G1 X-3.557 Y-37.374
G1 X-3.557 Y-37.848
G1 X-3.462 Y-37.943
G1 X-3.225 Y-37.943
G1 X-3.225 Y-37.848
G1 X-3.320 Y-37.706
G1 X-3.035 Y-37.421
G1 X-2.277 Y-37.469
G1 X-1.992 Y-37.753
G1 X-2.039 Y-38.939
G1 X-1.945 Y-38.939
G1 X-1.945 Y-38.654
G1 X-1.897 Y-38.607
G1 X-1.850 Y-36.567
G1 X-1.565 Y-36.283
G1 X-1.470 Y-36.283
G1 X-2.134 Y-36.330
G1 X-2.893 Y-36.283
G1 X-2.182 Y-36.283
M5
G0 X-3.178 Y-37.469 F2500
M3 S320
G1 F1000
G1 X-3.462 Y-37.469
G1 X-3.462 Y-37.848
G1 X-3.320 Y-37.848
G1 X-3.415 Y-37.706
G1 X-3.178 Y-37.469
G1 X-3.462 Y-37.469
M5
G0 X-3.510 Y-37.421 F2500
M3 S320
G1 F1000
G1 X-3.462 Y-37.895
G1 X-3.273 Y-37.895
G1 X-3.367 Y-37.706
G1 X-3.083 Y-37.421
G1 X-3.510 Y-37.421
G1 X-3.462 Y-37.895
M5
G0 X-3.273 Y-37.516 F2500
M3 S320
G1 F1000
G1 X-3.415 Y-37.516
G1 X-3.415 Y-37.658
G1 X-3.273 Y-37.516
G1 X-3.415 Y-37.516
M5
G0 X-4.648 Y-37.658 F2500
M3 S320
G1 F1000
G1 X-4.933 Y-37.990
G1 X-4.695 Y-38.227
G1 X-4.695 Y-37.848
G1 X-4.648 Y-37.801
G1 X-4.648 Y-37.658
G1 X-4.933 Y-37.990
M5
G0 X-4.695 Y-37.753 F2500
M3 S320
G1 F1000
G1 X-4.885 Y-37.990
G1 X-4.743 Y-38.133
G1 X-4.743 Y-37.848
G1 X-4.695 Y-37.753
G1 X-4.885 Y-37.990
M5
G0 X-6.308 Y-37.137 F2500
M3 S320
G1 F1000
G1 X-6.308 Y-37.374
G1 X-6.166 Y-37.706
G1 X-5.929 Y-37.848
G1 X-6.118 Y-37.658
G1 X-6.213 Y-37.469
G1 X-6.213 Y-37.231
G1 X-6.071 Y-37.089
G1 X-6.308 Y-37.137
G1 X-6.308 Y-37.374
M5
G0 X-5.739 Y-36.046 F2500
M3 S320
G1 F1000
G1 X-5.644 Y-36.188
G1 X-5.549 Y-36.093
G1 X-5.739 Y-36.046
G1 X-5.644 Y-36.188
M5
G0 X-5.454 Y-36.046 F2500
M3 S320
G1 F1000
G1 X-5.597 Y-35.998
G1 X-5.834 Y-35.998
G1 X-5.691 Y-36.141
G1 X-5.691 Y-36.710
G1 X-5.881 Y-36.947
G1 X-5.644 Y-36.852
G1 X-5.644 Y-36.710
G1 X-5.597 Y-36.662
G1 X-5.644 Y-36.235
G1 X-5.454 Y-36.046
G1 X-5.597 Y-35.998
M5
G0 X-5.359 Y-35.998 F2500
M3 S320
G1 F1000
G1 X-4.790 Y-36.046
G1 X-4.553 Y-36.283
G1 X-4.648 Y-36.899
G1 X-4.648 Y-37.374
G1 X-4.695 Y-37.611
G1 X-5.170 Y-38.038
G1 X-5.502 Y-38.038
G1 X-5.786 Y-37.943
G1 X-6.071 Y-37.658
G1 X-6.166 Y-37.469
G1 X-6.166 Y-37.231
G1 X-5.929 Y-36.994
G1 X-5.644 Y-36.899
G1 X-5.549 Y-36.662
G1 X-5.597 Y-36.235
G1 X-5.359 Y-35.998
G1 X-4.790 Y-36.046
M5
G0 X-4.695 Y-36.046 F2500
M3 S320
G1 F1000
G1 X-4.458 Y-36.283
G1 X-4.363 Y-36.141
G1 X-4.553 Y-35.951
G1 X-4.695 Y-36.046
G1 X-4.458 Y-36.283
M5
G0 X-4.648 Y-36.046 F2500
M3 S320
G1 F1000
G1 X-4.458 Y-36.235
G1 X-4.411 Y-36.141
G1 X-4.553 Y-35.998
G1 X-4.648 Y-36.046
G1 X-4.458 Y-36.235
M5
G0 X-4.553 Y-35.903 F2500
M3 S320
G1 F1000
G1 X-4.743 Y-36.046
G1 X-4.506 Y-36.283
G1 X-4.601 Y-36.899
G1 X-4.601 Y-37.374
G1 X-4.648 Y-37.611
G1 X-4.980 Y-37.990
G1 X-4.695 Y-38.275
G1 X-4.695 Y-38.702
G1 X-4.695 Y-38.322
G1 X-4.648 Y-38.275
G1 X-4.601 Y-37.801
G1 X-4.601 Y-37.231
G1 X-4.506 Y-36.378
G1 X-4.316 Y-36.141
G1 X-4.553 Y-35.903
G1 X-4.743 Y-36.046
M5
G0 X-5.359 Y-36.046 F2500
M3 S320
G1 F1000
G1 X-4.790 Y-36.093
G1 X-4.601 Y-36.283
G1 X-4.695 Y-36.899
G1 X-4.695 Y-37.374
G1 X-4.743 Y-37.611
G1 X-5.170 Y-37.990
G1 X-5.502 Y-37.990
G1 X-5.786 Y-37.895
G1 X-6.023 Y-37.658
G1 X-6.118 Y-37.469
G1 X-6.118 Y-37.231
G1 X-5.929 Y-37.042
G1 X-5.739 Y-36.994
G1 X-5.549 Y-36.852
G1 X-5.502 Y-36.662
G1 X-5.549 Y-36.235
G1 X-5.359 Y-36.046
G1 X-4.790 Y-36.093
M5
G0 X-5.359 Y-36.093 F2500
M3 S320
G1 F1000
G1 X-4.790 Y-36.141
G1 X-4.648 Y-36.283
G1 X-4.743 Y-36.899
G1 X-4.743 Y-37.374
G1 X-4.790 Y-37.611
G1 X-5.170 Y-37.943
G1 X-5.502 Y-37.943
G1 X-5.786 Y-37.848
G1 X-5.976 Y-37.658
G1 X-6.071 Y-37.469
G1 X-6.071 Y-37.231
G1 X-5.929 Y-37.089
G1 X-5.549 Y-36.947
G1 X-5.454 Y-36.662
G1 X-5.502 Y-36.235
G1 X-5.359 Y-36.093
G1 X-4.790 Y-36.141
M5
G0 X-5.359 Y-36.141 F2500
M3 S320
G1 F1000
G1 X-4.790 Y-36.188
G1 X-4.695 Y-36.283
G1 X-4.790 Y-36.899
G1 X-4.790 Y-37.374
G1 X-4.838 Y-37.611
G1 X-5.170 Y-37.895
G1 X-5.502 Y-37.895
G1 X-5.691 Y-37.848
G1 X-5.929 Y-37.658
G1 X-6.023 Y-37.469
G1 X-6.023 Y-37.231
G1 X-5.929 Y-37.137
G1 X-5.739 Y-37.089
G1 X-5.502 Y-36.947
G1 X-5.407 Y-36.662
G1 X-5.454 Y-36.235
G1 X-5.359 Y-36.141
G1 X-4.790 Y-36.188
M5
G0 X-5.359 Y-36.188 F2500
M3 S320
G1 F1000
G1 X-4.743 Y-36.283
G1 X-4.838 Y-36.899
G1 X-4.838 Y-37.374
G1 X-4.885 Y-37.611
G1 X-5.170 Y-37.848
G1 X-5.502 Y-37.848
G1 X-5.691 Y-37.801
G1 X-5.881 Y-37.658
G1 X-5.976 Y-37.469
G1 X-5.929 Y-37.184
G1 X-5.549 Y-37.042
G1 X-5.407 Y-36.852
G1 X-5.359 Y-36.662
G1 X-5.407 Y-36.378
G1 X-5.359 Y-36.188
G1 X-4.743 Y-36.283
M5
G0 X-5.170 Y-34.765 F2500
M3 S320
G1 F1000
G1 X-4.980 Y-34.955
G1 X-5.075 Y-34.813
G1 X-5.170 Y-34.765
G1 X-4.980 Y-34.955
M5
G0 X-5.454 Y-34.670 F2500
M3 S320
G1 F1000
G1 X-5.359 Y-34.670
G1 X-5.217 Y-34.765
G1 X-4.838 Y-35.192
G1 X-4.933 Y-34.955
G1 X-5.075 Y-34.765
G1 X-5.312 Y-34.670
G1 X-5.454 Y-34.670
G1 X-5.359 Y-34.670
M5
G0 X-5.644 Y-34.670 F2500
M3 S320
G1 F1000
G1 X-5.359 Y-34.718
G1 X-4.885 Y-35.145
G1 X-4.553 Y-35.809
G1 X-4.790 Y-36.046
G1 X-5.170 Y-36.046
G1 X-6.118 Y-35.903
G1 X-5.976 Y-35.903
G1 X-5.739 Y-36.141
G1 X-5.739 Y-36.710
G1 X-6.023 Y-37.042
G1 X-6.118 Y-37.089
G1 X-6.355 Y-37.089
G1 X-6.355 Y-37.374
G1 X-6.213 Y-37.706
G1 X-5.739 Y-37.990
G1 X-5.502 Y-38.038
G1 X-5.027 Y-37.990
G1 X-4.743 Y-38.275
G1 X-4.743 Y-38.749
G1 X-4.648 Y-38.702
G1 X-4.458 Y-36.378
G1 X-4.221 Y-36.141
G1 X-4.553 Y-35.856
G1 X-4.648 Y-35.477
G1 X-4.980 Y-34.813
G1 X-5.075 Y-34.718
G1 X-5.312 Y-34.623
G1 X-5.644 Y-34.670
G1 X-5.359 Y-34.718
M5
G0 X-5.691 Y-34.528 F2500
M3 S320
G1 F1000
G1 X-5.691 Y-34.718
G1 X-5.359 Y-34.765
G1 X-4.933 Y-35.145
G1 X-4.601 Y-35.809
G1 X-4.790 Y-35.998
G1 X-5.170 Y-35.998
G1 X-5.881 Y-35.903
G1 X-6.450 Y-35.761
G1 X-6.403 Y-35.903
G1 X-5.976 Y-35.951
G1 X-5.786 Y-36.141
G1 X-5.786 Y-36.710
G1 X-5.834 Y-36.805
G1 X-6.023 Y-36.994
G1 X-6.403 Y-37.089
G1 X-6.403 Y-37.374
G1 X-6.261 Y-37.706
G1 X-6.023 Y-37.895
G1 X-5.739 Y-38.038
G1 X-5.502 Y-38.085
G1 X-5.027 Y-38.038
G1 X-4.790 Y-38.275
G1 X-4.790 Y-38.797
G1 X-4.648 Y-38.797
G1 X-4.601 Y-38.702
G1 X-4.506 Y-37.801
G1 X-4.506 Y-37.231
G1 X-4.411 Y-36.378
G1 X-4.221 Y-36.188
G1 X-3.462 Y-36.235
G1 X-2.893 Y-36.330
G1 X-2.182 Y-36.330
G1 X-1.992 Y-36.520
G1 X-1.945 Y-36.757
G1 X-2.039 Y-37.184
G1 X-2.277 Y-37.421
G1 X-2.561 Y-37.421
G1 X-2.609 Y-37.374
G1 X-2.988 Y-37.326
G1 X-3.605 Y-37.374
G1 X-3.605 Y-37.848
G1 X-3.557 Y-37.943
G1 X-3.462 Y-37.990
G1 X-3.130 Y-37.990
G1 X-3.273 Y-37.706
G1 X-3.035 Y-37.469
G1 X-2.277 Y-37.516
G1 X-2.039 Y-37.753
G1 X-2.087 Y-38.986
G1 X-1.897 Y-38.986
G1 X-1.897 Y-38.654
G1 X-1.850 Y-38.607
G1 X-1.802 Y-36.567
G1 X-1.565 Y-36.330
G1 X-1.423 Y-36.330
G1 X-1.423 Y-36.235
G1 X-2.134 Y-36.283
G1 X-4.174 Y-36.141
G1 X-4.506 Y-35.856
G1 X-4.601 Y-35.477
G1 X-4.933 Y-34.813
G1 X-5.170 Y-34.623
G1 X-5.691 Y-34.528
G1 X-5.691 Y-34.718
M5
G0 X-5.786 Y-34.481 F2500
M3 S320
G1 F1000
G1 X-5.739 Y-34.765
G1 X-5.502 Y-34.765
G1 X-5.359 Y-34.813
G1 X-4.980 Y-35.145
G1 X-4.648 Y-35.809
G1 X-4.790 Y-35.951
G1 X-5.170 Y-35.951
G1 X-5.881 Y-35.856
G1 X-6.450 Y-35.714
G1 X-6.498 Y-35.903
G1 X-6.403 Y-35.951
G1 X-5.976 Y-35.998
G1 X-5.834 Y-36.141
G1 X-5.834 Y-36.710
G1 X-5.881 Y-36.805
G1 X-6.118 Y-36.994
G1 X-6.355 Y-36.994
G1 X-6.450 Y-37.042
G1 X-6.450 Y-37.374
G1 X-6.308 Y-37.706
G1 X-6.166 Y-37.848
G1 X-5.739 Y-38.085
G1 X-5.502 Y-38.133
G1 X-5.027 Y-38.085
G1 X-4.838 Y-38.275
G1 X-4.838 Y-38.844
G1 X-4.601 Y-38.891
G1 X-4.458 Y-37.801
G1 X-4.458 Y-37.231
G1 X-4.363 Y-36.378
G1 X-4.221 Y-36.235
G1 X-3.462 Y-36.283
G1 X-2.893 Y-36.378
G1 X-2.182 Y-36.378
G1 X-2.039 Y-36.520
G1 X-1.992 Y-36.757
G1 X-2.087 Y-37.184
G1 X-2.277 Y-37.374
G1 X-2.561 Y-37.374
G1 X-2.609 Y-37.326
G1 X-2.988 Y-37.279
G1 X-3.557 Y-37.279
G1 X-3.652 Y-37.374
G1 X-3.652 Y-37.848
G1 X-3.605 Y-37.943
G1 X-3.462 Y-38.038
G1 X-3.083 Y-38.038
G1 X-3.225 Y-37.706
G1 X-3.035 Y-37.516
G1 X-2.277 Y-37.563
G1 X-2.087 Y-37.753
G1 X-2.134 Y-39.034
G1 X-1.850 Y-39.034
G1 X-1.850 Y-38.654
G1 X-1.802 Y-38.607
G1 X-1.755 Y-36.567
G1 X-1.565 Y-36.378
G1 X-1.328 Y-36.378
G1 X-1.375 Y-36.188
G1 X-2.134 Y-36.235
G1 X-4.174 Y-36.093
G1 X-4.458 Y-35.856
G1 X-4.553 Y-35.477
G1 X-4.885 Y-34.813
G1 X-5.170 Y-34.575
G1 X-5.786 Y-34.481
G1 X-5.739 Y-34.765
M5
G0 X-5.834 Y-34.433 F2500
M3 S320
G1 F1000
G1 X-5.739 Y-34.813
G1 X-5.502 Y-34.813
G1 X-5.217 Y-34.955
G1 X-4.933 Y-35.287
G1 X-4.695 Y-35.809
G1 X-4.790 Y-35.903
G1 X-5.170 Y-35.903
G1 X-5.881 Y-35.809
G1 X-6.498 Y-35.666
G1 X-6.545 Y-35.761
G1 X-6.545 Y-35.951
G1 X-5.976 Y-36.046
G1 X-5.881 Y-36.141
G1 X-5.881 Y-36.710
G1 X-5.929 Y-36.805
G1 X-6.118 Y-36.947
G1 X-6.355 Y-36.947
G1 X-6.403 Y-36.994
G1 X-6.498 Y-36.994
G1 X-6.498 Y-37.374
G1 X-6.355 Y-37.706
G1 X-6.166 Y-37.895
G1 X-5.739 Y-38.133
G1 X-5.502 Y-38.180
G1 X-5.027 Y-38.133
G1 X-4.885 Y-38.275
G1 X-4.933 Y-38.891
G1 X-4.553 Y-38.939
G1 X-4.411 Y-37.801
G1 X-4.411 Y-37.231
G1 X-4.316 Y-36.378
G1 X-4.221 Y-36.283
G1 X-3.984 Y-36.283
G1 X-2.893 Y-36.425
G1 X-2.182 Y-36.425
G1 X-2.087 Y-36.520
G1 X-2.039 Y-36.757
G1 X-2.087 Y-37.089
G1 X-2.277 Y-37.326
G1 X-2.561 Y-37.326
G1 X-2.609 Y-37.279
G1 X-2.988 Y-37.231
G1 X-3.557 Y-37.231
G1 X-3.652 Y-37.279
G1 X-3.699 Y-37.374
G1 X-3.699 Y-37.848
G1 X-3.652 Y-37.943
G1 X-3.462 Y-38.085
G1 X-3.083 Y-37.943
G1 X-3.178 Y-37.706
G1 X-3.035 Y-37.563
G1 X-2.277 Y-37.611
G1 X-2.134 Y-37.753
G1 X-2.182 Y-39.081
G1 X-1.802 Y-39.081
G1 X-1.802 Y-38.654
G1 X-1.755 Y-38.607
G1 X-1.707 Y-36.567
G1 X-1.565 Y-36.425
G1 X-1.281 Y-36.425
G1 X-1.328 Y-36.141
G1 X-2.134 Y-36.188
G1 X-4.174 Y-36.046
G1 X-4.411 Y-35.856
G1 X-4.506 Y-35.477
G1 X-4.743 Y-34.955
G1 X-5.075 Y-34.575
G1 X-5.312 Y-34.481
G1 X-5.834 Y-34.433
G1 X-5.739 Y-34.813
M5
G0 X-5.881 Y-34.386 F2500
M3 S320
G1 F1000
G1 X-5.786 Y-34.860
G1 X-5.502 Y-34.860
G1 X-5.217 Y-35.002
G1 X-4.980 Y-35.287
G1 X-4.743 Y-35.809
G1 X-5.170 Y-35.856
G1 X-6.545 Y-35.619
G1 X-6.545 Y-35.714
G1 X-6.593 Y-35.761
G1 X-6.593 Y-35.998
G1 X-6.166 Y-36.046
G1 X-5.929 Y-36.141
G1 X-5.929 Y-36.710
G1 X-5.976 Y-36.805
G1 X-6.118 Y-36.899
G1 X-6.545 Y-36.947
G1 X-6.545 Y-37.374
G1 X-6.403 Y-37.706
G1 X-6.166 Y-37.943
G1 X-5.739 Y-38.180
G1 X-5.502 Y-38.227
G1 X-5.027 Y-38.180
G1 X-4.933 Y-38.275
G1 X-4.980 Y-38.891
G1 X-4.506 Y-38.986
G1 X-4.363 Y-37.801
G1 X-4.316 Y-36.710
G1 X-4.221 Y-36.330
G1 X-2.134 Y-36.520
G1 X-2.087 Y-36.757
G1 X-2.134 Y-37.089
G1 X-2.277 Y-37.279
G1 X-2.561 Y-37.279
G1 X-2.609 Y-37.231
G1 X-2.988 Y-37.184
G1 X-3.557 Y-37.184
G1 X-3.652 Y-37.231
G1 X-3.747 Y-37.374
G1 X-3.747 Y-37.848
G1 X-3.699 Y-37.943
G1 X-3.462 Y-38.133
G1 X-3.035 Y-38.133
G1 X-3.035 Y-37.943
G1 X-3.130 Y-37.706
G1 X-3.035 Y-37.611
G1 X-2.277 Y-37.658
G1 X-2.182 Y-37.753
G1 X-2.229 Y-39.129
G1 X-1.755 Y-39.129
G1 X-1.660 Y-36.567
G1 X-1.565 Y-36.473
G1 X-1.233 Y-36.473
G1 X-1.281 Y-36.093
G1 X-2.134 Y-36.141
G1 X-4.174 Y-35.998
G1 X-4.363 Y-35.856
G1 X-4.458 Y-35.477
G1 X-4.695 Y-34.955
G1 X-5.075 Y-34.528
G1 X-5.312 Y-34.433
G1 X-5.881 Y-34.386
G1 X-5.786 Y-34.860
M5
G0 X-8.300 Y-35.239 F2500
M3 S320
G1 F1000
G1 X-8.490 Y-35.477
G1 X-8.300 Y-35.666
G1 X-8.300 Y-35.809
G1 X-8.347 Y-35.856
G1 X-8.395 Y-36.283
G1 X-8.585 Y-36.994
G1 X-8.774 Y-38.038
G1 X-8.632 Y-37.326
G1 X-8.585 Y-37.279
G1 X-8.442 Y-36.662
G1 X-8.300 Y-35.809
G1 X-8.063 Y-35.524
G1 X-8.300 Y-35.239
G1 X-8.490 Y-35.477
M5
G0 X-8.442 Y-35.477 F2500
M3 S320
G1 F1000
G1 X-8.253 Y-35.714
G1 X-8.110 Y-35.524
G1 X-8.300 Y-35.334
G1 X-8.442 Y-35.477
G1 X-8.253 Y-35.714
M5
G0 X-8.395 Y-35.477 F2500
M3 S320
G1 F1000
G1 X-8.158 Y-35.524
G1 X-8.300 Y-35.382
G1 X-8.395 Y-35.477
G1 X-8.158 Y-35.524
M5
G0 X-9.581 Y-35.239 F2500
M3 S320
G1 F1000
G1 X-9.486 Y-35.477
G1 X-9.343 Y-35.334
G1 X-9.581 Y-35.239
G1 X-9.486 Y-35.477
M5
G0 X-9.581 Y-35.192 F2500
M3 S320
G1 F1000
G1 X-9.675 Y-35.192
G1 X-9.486 Y-35.429
G1 X-9.628 Y-36.046
G1 X-9.960 Y-36.378
G1 X-9.818 Y-36.520
G1 X-9.818 Y-36.662
G1 X-9.913 Y-37.042
G1 X-10.007 Y-37.231
G1 X-10.055 Y-37.563
G1 X-10.102 Y-37.611
G1 X-10.055 Y-37.706
G1 X-9.533 Y-35.571
G1 X-9.249 Y-35.287
G1 X-9.533 Y-35.239
G1 X-9.581 Y-35.192
G1 X-9.675 Y-35.192
M5
G0 X-9.723 Y-36.188 F2500
M3 S320
G1 F1000
G1 X-9.913 Y-36.378
G1 X-9.770 Y-36.473
G1 X-9.723 Y-36.188
G1 X-9.913 Y-36.378
M5
G0 X-10.909 Y-36.093 F2500
M3 S320
G1 F1000
G1 X-11.241 Y-36.046
G1 X-11.288 Y-36.378
G1 X-11.193 Y-36.520
G1 X-11.193 Y-36.378
G1 X-10.909 Y-36.093
G1 X-11.241 Y-36.046
M5
G0 X-11.288 Y-35.998 F2500
M3 S320
G1 F1000
G1 X-11.335 Y-36.378
G1 X-11.288 Y-36.425
G1 X-11.288 Y-36.520
G1 X-11.146 Y-36.567
G1 X-11.146 Y-36.378
G1 X-10.861 Y-36.093
G1 X-11.051 Y-35.998
G1 X-11.288 Y-35.998
G1 X-11.335 Y-36.378
M5
G0 X-11.051 Y-36.141 F2500
M3 S320
G1 F1000
G1 X-11.146 Y-36.141
G1 X-11.193 Y-36.283
G1 X-11.051 Y-36.141
G1 X-11.146 Y-36.141
M5
G0 X-11.003 Y-36.141 F2500
M3 S320
G1 F1000
G1 X-11.193 Y-36.093
G1 X-11.241 Y-36.378
G1 X-11.003 Y-36.141
G1 X-11.193 Y-36.093
M5
G0 X-12.189 Y-35.050 F2500
M3 S320
G1 F1000
G1 X-12.474 Y-35.334
G1 X-12.331 Y-35.477
G1 X-12.284 Y-35.239
G1 X-12.189 Y-35.050
G1 X-12.474 Y-35.334
M5
G0 X-13.327 Y-35.619 F2500
M3 S320
G1 F1000
G1 X-13.375 Y-35.809
G1 X-13.707 Y-36.141
G1 X-13.897 Y-36.188
G1 X-13.754 Y-36.188
G1 X-13.422 Y-36.046
G1 X-13.327 Y-35.619
G1 X-13.375 Y-35.809
M5
G0 X-13.422 Y-35.903 F2500
M3 S320
G1 F1000
G1 X-13.612 Y-36.093
G1 X-13.470 Y-36.046
G1 X-13.422 Y-35.903
G1 X-13.612 Y-36.093
M5
G0 X-14.466 Y-35.809 F2500
M3 S320
G1 F1000
G1 X-14.418 Y-35.903
G1 X-14.229 Y-36.046
G1 X-14.466 Y-35.809
G1 X-14.418 Y-35.903
M5
G0 X-14.561 Y-35.619 F2500
M3 S320
G1 F1000
G1 X-14.418 Y-35.998
G1 X-14.229 Y-36.093
G1 X-13.991 Y-36.141
G1 X-14.086 Y-36.141
G1 X-14.561 Y-35.619
G1 X-14.418 Y-35.998
M5
G0 X-13.659 Y-35.002 F2500
M3 S320
G1 F1000
G1 X-13.375 Y-35.334
G1 X-13.185 Y-35.145
G1 X-13.659 Y-35.002
G1 X-13.375 Y-35.334
M5
G0 X-11.857 Y-34.623 F2500
M3 S320
G1 F1000
G1 X-11.999 Y-34.575
G1 X-12.094 Y-34.907
G1 X-12.521 Y-35.334
G1 X-12.331 Y-35.524
G1 X-12.379 Y-35.809
G1 X-12.331 Y-35.524
G1 X-12.094 Y-34.860
G1 X-11.857 Y-34.623
G1 X-11.999 Y-34.575
M5
G0 X-11.810 Y-34.575 F2500
M3 S320
G1 F1000
G1 X-12.142 Y-34.481
G1 X-11.999 Y-34.623
G1 X-12.142 Y-34.907
G1 X-12.616 Y-35.287
G1 X-12.379 Y-35.524
G1 X-12.379 Y-35.666
G1 X-12.569 Y-36.283
G1 X-12.663 Y-36.425
G1 X-12.806 Y-36.852
G1 X-12.758 Y-36.994
G1 X-12.663 Y-36.805
G1 X-12.047 Y-34.860
G1 X-11.810 Y-34.575
G1 X-12.142 Y-34.481
M5
G0 X-14.987 Y-33.437 F2500
M3 S320
G1 F1000
G1 X-15.225 Y-33.342
G1 X-15.177 Y-33.532
G1 X-15.225 Y-33.674
G1 X-14.987 Y-33.437
G1 X-15.225 Y-33.342
M5
G0 X-15.414 Y-33.200 F2500
M3 S320
G1 F1000
G1 X-15.225 Y-33.532
G1 X-15.225 Y-33.627
G1 X-16.126 Y-35.714
G1 X-16.031 Y-35.761
G1 X-15.225 Y-33.722
G1 X-14.940 Y-33.437
G1 X-15.414 Y-33.200
G1 X-15.225 Y-33.532
M5
G0 X-16.363 Y-32.821 F2500
M3 S320
G1 F1000
G1 X-16.268 Y-32.915
G1 X-16.268 Y-33.010
G1 X-16.173 Y-32.915
G1 X-16.363 Y-32.821
G1 X-16.268 Y-32.915
M5
G0 X-16.553 Y-32.678 F2500
M3 S320
G1 F1000
G1 X-16.315 Y-32.915
G1 X-16.363 Y-33.153
G1 X-16.647 Y-33.437
G1 X-16.505 Y-33.485
G1 X-16.410 Y-33.200
G1 X-16.126 Y-32.915
G1 X-16.553 Y-32.678
G1 X-16.315 Y-32.915
M5
G0 X-17.359 Y-33.153 F2500
M3 S320
G1 F1000
G1 X-17.738 Y-33.153
G1 X-17.786 Y-33.200
G1 X-17.881 Y-33.200
G1 X-17.881 Y-33.295
G1 X-17.928 Y-33.342
G1 X-17.881 Y-33.579
G1 X-17.501 Y-33.153
G1 X-17.359 Y-33.153
G1 X-17.738 Y-33.153
M5
G0 X-17.596 Y-33.200 F2500
M3 S320
G1 F1000
G1 X-17.833 Y-33.247
G1 X-17.881 Y-33.485
G1 X-17.596 Y-33.200
G1 X-17.833 Y-33.247
M5
G0 X-17.833 Y-33.769 F2500
M3 S320
G1 F1000
G1 X-18.260 Y-34.196
G1 X-18.355 Y-34.481
G1 X-18.355 Y-34.907
G1 X-18.165 Y-35.334
G1 X-17.786 Y-35.619
G1 X-17.691 Y-35.619
G1 X-18.307 Y-34.955
G1 X-18.307 Y-34.670
G1 X-18.165 Y-34.386
G1 X-17.738 Y-33.959
G1 X-17.643 Y-33.959
G1 X-17.833 Y-33.769
G1 X-18.260 Y-34.196
M5
G0 X-18.213 Y-34.338 F2500
M3 S320
G1 F1000
G1 X-17.786 Y-33.911
G1 X-18.165 Y-34.196
G1 X-18.213 Y-34.338
G1 X-17.786 Y-33.911
M5
G0 X-17.833 Y-33.817 F2500
M3 S320
G1 F1000
G1 X-18.213 Y-34.196
G1 X-18.260 Y-34.433
G1 X-18.307 Y-34.481
G1 X-18.307 Y-34.623
G1 X-18.213 Y-34.386
G1 X-17.738 Y-33.911
G1 X-17.833 Y-33.817
G1 X-18.213 Y-34.196
M5
G0 X-17.406 Y-34.054 F2500
M3 S320
G1 F1000
G1 X-16.885 Y-34.528
G1 X-16.885 Y-34.813
G1 X-17.074 Y-35.002
G1 X-16.932 Y-34.955
G1 X-16.837 Y-34.765
G1 X-16.837 Y-34.575
G1 X-16.979 Y-34.243
G1 X-17.122 Y-34.149
G1 X-17.406 Y-34.054
G1 X-16.885 Y-34.528
M5
G0 X-17.217 Y-34.149 F2500
M3 S320
G1 F1000
G1 X-16.932 Y-34.433
G1 X-17.027 Y-34.243
G1 X-17.217 Y-34.149
G1 X-16.932 Y-34.433
M5
G0 X-18.213 Y-35.145 F2500
M3 S320
G1 F1000
G1 X-18.118 Y-35.334
G1 X-17.786 Y-35.571
G1 X-18.213 Y-35.145
G1 X-18.118 Y-35.334
M5
G0 X-18.782 Y-32.631 F2500
M3 S320
G1 F1000
G1 X-19.209 Y-32.963
G1 X-19.066 Y-33.153
G1 X-19.493 Y-34.006
G1 X-18.782 Y-32.631
G1 X-19.209 Y-32.963
M5
G0 X-20.252 Y-32.346 F2500
M3 S320
G1 F1000
G1 X-20.442 Y-32.489
G1 X-20.442 Y-32.631
G1 X-20.347 Y-32.583
G1 X-20.252 Y-32.346
G1 X-20.442 Y-32.489
M5
G0 X-20.252 Y-32.299 F2500
M3 S320
G1 F1000
G1 X-20.394 Y-32.441
G1 X-20.489 Y-32.441
G1 X-20.489 Y-32.678
G1 X-20.347 Y-32.631
G1 X-20.157 Y-32.394
G1 X-20.252 Y-32.299
G1 X-20.394 Y-32.441
M5
G0 X-20.205 Y-32.204 F2500
M3 S320
G1 F1000
G1 X-20.394 Y-32.394
G1 X-20.537 Y-32.394
G1 X-20.537 Y-32.726
G1 X-20.347 Y-32.678
G1 X-20.110 Y-32.394
G1 X-20.205 Y-32.204
G1 X-20.394 Y-32.394
M5
G0 X-20.015 Y-31.967 F2500
M3 S320
G1 F1000
G1 X-20.394 Y-32.346
G1 X-20.537 Y-32.299
G1 X-20.584 Y-32.394
G1 X-20.537 Y-32.773
G1 X-20.442 Y-32.773
G1 X-19.967 Y-32.489
G1 X-20.205 Y-32.251
G1 X-20.015 Y-31.967
G1 X-20.394 Y-32.346
M5
G0 X-19.398 Y-31.398 F2500
M3 S320
G1 F1000
G1 X-19.303 Y-31.493
G1 X-18.782 Y-31.730
G1 X-18.734 Y-32.014
G1 X-19.019 Y-32.583
G1 X-19.161 Y-32.726
G1 X-19.778 Y-32.394
G1 X-19.920 Y-32.251
G1 X-19.493 Y-31.445
G1 X-19.398 Y-31.398
G1 X-19.303 Y-31.493
M5
G0 X-19.398 Y-31.350 F2500
M3 S320
G1 F1000
G1 X-19.303 Y-31.445
G1 X-18.782 Y-31.682
G1 X-18.687 Y-31.919
G1 X-18.687 Y-32.014
G1 X-18.971 Y-32.583
G1 X-19.161 Y-32.773
G1 X-19.778 Y-32.441
G1 X-19.967 Y-32.251
G1 X-19.730 Y-31.872
G1 X-19.541 Y-31.445
G1 X-19.398 Y-31.350
G1 X-19.303 Y-31.445
M5
G0 X-19.398 Y-31.303 F2500
M3 S320
G1 F1000
G1 X-19.303 Y-31.398
G1 X-18.782 Y-31.635
G1 X-18.639 Y-31.919
G1 X-18.639 Y-32.014
G1 X-18.924 Y-32.583
G1 X-19.161 Y-32.821
G1 X-19.778 Y-32.489
G1 X-20.015 Y-32.251
G1 X-19.588 Y-31.445
G1 X-19.398 Y-31.303
G1 X-19.303 Y-31.398
M5
G0 X-19.398 Y-31.255 F2500
M3 S320
G1 F1000
G1 X-19.303 Y-31.350
G1 X-18.782 Y-31.587
G1 X-18.592 Y-31.919
G1 X-18.592 Y-32.014
G1 X-18.877 Y-32.583
G1 X-19.161 Y-32.868
G1 X-19.778 Y-32.536
G1 X-20.062 Y-32.251
G1 X-19.825 Y-31.872
G1 X-19.635 Y-31.445
G1 X-19.398 Y-31.255
G1 X-19.303 Y-31.350
M5
G0 X-19.398 Y-31.208 F2500
M3 S320
G1 F1000
G1 X-19.303 Y-31.303
G1 X-18.782 Y-31.540
G1 X-18.545 Y-31.919
G1 X-18.545 Y-32.014
G1 X-18.829 Y-32.583
G1 X-19.161 Y-32.915
G1 X-19.778 Y-32.583
G1 X-20.110 Y-32.251
G1 X-19.873 Y-31.872
G1 X-19.683 Y-31.445
G1 X-19.398 Y-31.208
G1 X-19.303 Y-31.303
M5
G0 X-19.730 Y-31.018 F2500
M3 S320
G1 F1000
G1 X-19.588 Y-31.161
G1 X-19.730 Y-31.398
G1 X-19.493 Y-31.161
G1 X-19.635 Y-31.113
G1 X-19.730 Y-31.018
G1 X-19.588 Y-31.161
M5
G0 X-20.062 Y-30.781 F2500
M3 S320
G1 F1000
G1 X-19.635 Y-31.161
G1 X-20.015 Y-31.919
G1 X-20.394 Y-32.299
G1 X-20.584 Y-32.251
G1 X-20.584 Y-32.346
G1 X-20.631 Y-32.394
G1 X-20.631 Y-32.726
G1 X-20.537 Y-32.821
G1 X-20.347 Y-32.773
G1 X-20.015 Y-32.489
G1 X-19.493 Y-32.773
G1 X-19.778 Y-32.631
G1 X-20.157 Y-32.251
G1 X-19.920 Y-31.872
G1 X-19.730 Y-31.445
G1 X-19.446 Y-31.161
G1 X-20.062 Y-30.781
G1 X-19.635 Y-31.161
M5
G0 X-20.110 Y-30.734 F2500
M3 S320
G1 F1000
G1 X-20.062 Y-30.829
G1 X-19.683 Y-31.161
G1 X-20.062 Y-31.919
G1 X-20.394 Y-32.251
G1 X-20.631 Y-32.251
G1 X-20.679 Y-32.394
G1 X-20.679 Y-32.726
G1 X-20.631 Y-32.821
G1 X-20.442 Y-32.868
G1 X-20.015 Y-32.536
G1 X-19.446 Y-32.821
G1 X-19.161 Y-33.153
G1 X-19.635 Y-34.054
G1 X-19.493 Y-34.149
G1 X-19.161 Y-33.579
G1 X-18.450 Y-32.109
G1 X-18.213 Y-31.872
G1 X-17.406 Y-32.251
G1 X-16.932 Y-32.536
G1 X-16.647 Y-32.631
G1 X-16.363 Y-32.915
G1 X-16.410 Y-33.153
G1 X-16.695 Y-33.437
G1 X-17.359 Y-33.105
G1 X-17.738 Y-33.105
G1 X-17.928 Y-33.200
G1 X-17.975 Y-33.532
G1 X-17.881 Y-33.769
G1 X-18.307 Y-34.196
G1 X-18.402 Y-34.481
G1 X-18.402 Y-34.907
G1 X-18.213 Y-35.334
G1 X-17.786 Y-35.666
G1 X-17.643 Y-35.619
G1 X-18.260 Y-34.955
G1 X-18.260 Y-34.670
G1 X-18.118 Y-34.386
G1 X-17.738 Y-34.006
G1 X-17.549 Y-34.006
G1 X-17.359 Y-34.101
G1 X-16.932 Y-34.528
G1 X-16.932 Y-34.813
G1 X-17.122 Y-35.050
G1 X-16.885 Y-35.002
G1 X-16.790 Y-34.765
G1 X-16.790 Y-34.575
G1 X-16.932 Y-34.243
G1 X-17.217 Y-34.054
G1 X-17.596 Y-33.959
G1 X-17.881 Y-33.627
G1 X-17.833 Y-33.532
G1 X-17.501 Y-33.200
G1 X-17.264 Y-33.200
G1 X-16.458 Y-33.485
G1 X-16.363 Y-33.200
G1 X-16.078 Y-32.915
G1 X-15.746 Y-33.105
G1 X-15.509 Y-33.153
G1 X-15.272 Y-33.532
G1 X-15.272 Y-33.627
G1 X-16.173 Y-35.761
G1 X-15.983 Y-35.761
G1 X-15.983 Y-35.666
G1 X-15.841 Y-35.429
G1 X-15.177 Y-33.722
G1 X-14.845 Y-33.437
G1 X-14.703 Y-33.532
G1 X-12.806 Y-34.243
G1 X-12.379 Y-34.338
G1 X-12.047 Y-34.623
G1 X-12.189 Y-34.907
G1 X-12.569 Y-35.287
G1 X-13.707 Y-34.955
G1 X-13.375 Y-35.382
G1 X-13.375 Y-35.714
G1 X-13.422 Y-35.809
G1 X-13.802 Y-36.141
G1 X-14.086 Y-36.093
G1 X-14.513 Y-35.666
G1 X-14.561 Y-35.571
G1 X-14.608 Y-34.813
G1 X-14.655 Y-35.334
G1 X-14.561 Y-35.809
G1 X-14.418 Y-36.046
G1 X-14.086 Y-36.188
G1 X-13.754 Y-36.235
G1 X-13.470 Y-36.141
G1 X-13.375 Y-36.046
G1 X-13.327 Y-35.761
G1 X-13.280 Y-35.714
G1 X-13.375 Y-35.382
G1 X-13.138 Y-35.145
G1 X-12.995 Y-35.145
G1 X-12.663 Y-35.287
G1 X-12.426 Y-35.524
G1 X-12.474 Y-35.856
G1 X-12.901 Y-36.994
G1 X-12.711 Y-37.042
G1 X-11.999 Y-34.860
G1 X-11.715 Y-34.575
G1 X-11.620 Y-34.575
G1 X-11.430 Y-34.670
G1 X-11.288 Y-34.670
G1 X-10.482 Y-34.955
G1 X-9.818 Y-35.097
G1 X-9.533 Y-35.429
G1 X-9.675 Y-36.046
G1 X-9.960 Y-36.330
G1 X-10.055 Y-36.330
G1 X-10.197 Y-36.235
G1 X-11.051 Y-35.951
G1 X-11.335 Y-35.998
G1 X-11.335 Y-36.188
G1 X-11.383 Y-36.235
G1 X-11.383 Y-36.378
G1 X-11.288 Y-36.567
G1 X-11.193 Y-36.615
G1 X-11.098 Y-36.615
G1 X-11.098 Y-36.378
G1 X-10.814 Y-36.093
G1 X-10.102 Y-36.283
G1 X-9.865 Y-36.520
G1 X-9.960 Y-37.042
G1 X-10.197 Y-37.753
G1 X-10.055 Y-37.801
G1 X-9.818 Y-37.042
G1 X-9.486 Y-35.571
G1 X-9.201 Y-35.287
G1 X-8.679 Y-35.382
G1 X-8.347 Y-35.666
G1 X-8.347 Y-35.809
G1 X-8.395 Y-35.856
G1 X-8.442 Y-36.283
G1 X-8.632 Y-36.994
G1 X-8.774 Y-37.895
G1 X-8.822 Y-37.943
G1 X-8.822 Y-38.085
G1 X-8.727 Y-38.133
G1 X-8.395 Y-36.662
G1 X-8.253 Y-35.809
G1 X-8.015 Y-35.571
G1 X-7.778 Y-35.619
G1 X-8.015 Y-35.524
G1 X-8.253 Y-35.287
G1 X-8.490 Y-34.433
G1 X-8.679 Y-34.054
G1 X-8.869 Y-33.959
G1 X-9.106 Y-33.911
G1 X-9.201 Y-33.959
G1 X-8.964 Y-34.054
G1 X-8.490 Y-34.528
G1 X-8.347 Y-34.860
G1 X-8.300 Y-35.192
G1 X-8.632 Y-35.382
G1 X-10.102 Y-35.050
G1 X-11.241 Y-34.670
G1 X-11.762 Y-34.575
G1 X-13.612 Y-33.911
G1 X-13.991 Y-33.722
G1 X-14.371 Y-33.627
G1 X-15.177 Y-33.247
G1 X-15.746 Y-33.058
G1 X-18.497 Y-31.682
G1 X-19.256 Y-31.255
G1 X-20.015 Y-30.734
G1 X-20.110 Y-30.734
G1 X-20.062 Y-30.829
M5
G0 X-20.205 Y-30.781 F2500
M3 S320
G1 F1000
G1 X-20.015 Y-30.876
G1 X-19.730 Y-31.161
G1 X-20.110 Y-31.919
G1 X-20.394 Y-32.204
G1 X-20.631 Y-32.157
G1 X-20.726 Y-32.394
G1 X-20.726 Y-32.726
G1 X-20.631 Y-32.868
G1 X-20.442 Y-32.915
G1 X-20.015 Y-32.583
G1 X-19.446 Y-32.868
G1 X-19.209 Y-33.153
G1 X-19.683 Y-34.054
G1 X-19.588 Y-34.149
G1 X-19.446 Y-34.196
G1 X-18.402 Y-32.109
G1 X-18.213 Y-31.919
G1 X-17.406 Y-32.299
G1 X-16.932 Y-32.583
G1 X-16.647 Y-32.678
G1 X-16.410 Y-32.915
G1 X-16.458 Y-33.153
G1 X-16.695 Y-33.390
G1 X-17.359 Y-33.058
G1 X-17.738 Y-33.058
G1 X-17.881 Y-33.105
G1 X-17.975 Y-33.200
G1 X-18.023 Y-33.532
G1 X-17.928 Y-33.769
G1 X-18.260 Y-34.054
G1 X-18.402 Y-34.291
G1 X-18.450 Y-34.481
G1 X-18.450 Y-34.907
G1 X-18.260 Y-35.334
G1 X-18.070 Y-35.524
G1 X-17.786 Y-35.714
G1 X-17.691 Y-35.714
G1 X-17.596 Y-35.619
G1 X-18.213 Y-34.955
G1 X-18.213 Y-34.670
G1 X-18.070 Y-34.386
G1 X-17.738 Y-34.054
G1 X-17.549 Y-34.054
G1 X-17.359 Y-34.149
G1 X-16.979 Y-34.528
G1 X-16.979 Y-34.813
G1 X-17.217 Y-35.050
G1 X-17.027 Y-35.097
G1 X-16.837 Y-35.002
G1 X-16.742 Y-34.765
G1 X-16.742 Y-34.575
G1 X-16.885 Y-34.243
G1 X-17.027 Y-34.101
G1 X-17.217 Y-34.006
G1 X-17.596 Y-33.911
G1 X-17.833 Y-33.627
G1 X-17.786 Y-33.532
G1 X-17.501 Y-33.247
G1 X-17.264 Y-33.247
G1 X-16.790 Y-33.437
G1 X-16.553 Y-33.579
G1 X-16.458 Y-33.579
G1 X-16.315 Y-33.200
G1 X-16.078 Y-32.963
G1 X-15.746 Y-33.153
G1 X-15.509 Y-33.200
G1 X-15.319 Y-33.532
G1 X-15.319 Y-33.627
G1 X-15.699 Y-34.575
G1 X-15.983 Y-35.145
G1 X-16.173 Y-35.809
G1 X-15.983 Y-35.856
G1 X-15.130 Y-33.722
G1 X-14.845 Y-33.485
G1 X-14.703 Y-33.579
G1 X-12.806 Y-34.291
G1 X-12.379 Y-34.386
G1 X-12.094 Y-34.623
G1 X-12.237 Y-34.907
G1 X-12.569 Y-35.239
G1 X-13.138 Y-35.097
G1 X-13.612 Y-34.907
G1 X-13.754 Y-34.907
G1 X-13.754 Y-35.050
G1 X-13.470 Y-35.287
G1 X-13.422 Y-35.382
G1 X-13.422 Y-35.714
G1 X-13.470 Y-35.809
G1 X-13.802 Y-36.093
G1 X-14.086 Y-36.046
G1 X-14.466 Y-35.666
G1 X-14.513 Y-35.571
G1 X-14.513 Y-34.765
G1 X-14.655 Y-34.765
G1 X-14.655 Y-35.002
G1 X-14.703 Y-35.050
G1 X-14.655 Y-35.666
G1 X-14.513 Y-35.998
G1 X-14.229 Y-36.188
G1 X-13.897 Y-36.283
G1 X-13.754 Y-36.283
G1 X-13.470 Y-36.188
G1 X-13.327 Y-36.046
G1 X-13.280 Y-35.761
G1 X-13.233 Y-35.714
G1 X-13.327 Y-35.382
G1 X-13.138 Y-35.192
G1 X-12.853 Y-35.239
G1 X-12.663 Y-35.334
G1 X-12.474 Y-35.524
G1 X-12.521 Y-35.856
G1 X-12.948 Y-36.994
G1 X-12.758 Y-37.089
G1 X-12.663 Y-37.089
G1 X-12.663 Y-36.994
G1 X-12.569 Y-36.805
G1 X-11.952 Y-34.860
G1 X-11.715 Y-34.623
G1 X-11.620 Y-34.623
G1 X-11.430 Y-34.718
G1 X-11.288 Y-34.718
G1 X-10.482 Y-35.002
G1 X-9.818 Y-35.145
G1 X-9.581 Y-35.429
G1 X-9.723 Y-36.046
G1 X-9.960 Y-36.283
G1 X-10.055 Y-36.283
G1 X-10.197 Y-36.188
G1 X-11.051 Y-35.903
G1 X-11.288 Y-35.903
G1 X-11.383 Y-35.998
G1 X-11.383 Y-36.188
G1 X-11.430 Y-36.235
G1 X-11.383 Y-36.520
G1 X-11.193 Y-36.662
G1 X-11.051 Y-36.662
G1 X-11.051 Y-36.378
G1 X-10.814 Y-36.141
G1 X-10.102 Y-36.330
G1 X-9.913 Y-36.520
G1 X-10.007 Y-37.042
G1 X-10.245 Y-37.753
G1 X-10.007 Y-37.848
G1 X-9.770 Y-37.042
G1 X-9.438 Y-35.571
G1 X-9.201 Y-35.334
G1 X-8.679 Y-35.429
G1 X-8.395 Y-35.666
G1 X-8.395 Y-35.809
G1 X-8.442 Y-35.856
G1 X-8.490 Y-36.283
G1 X-8.869 Y-37.943
G1 X-8.869 Y-38.133
G1 X-8.727 Y-38.180
G1 X-8.347 Y-36.662
G1 X-8.205 Y-35.809
G1 X-8.015 Y-35.619
G1 X-7.731 Y-35.571
G1 X-8.015 Y-35.477
G1 X-8.205 Y-35.287
G1 X-8.442 Y-34.433
G1 X-8.679 Y-34.006
G1 X-8.869 Y-33.911
G1 X-9.249 Y-33.864
G1 X-9.249 Y-34.006
G1 X-8.964 Y-34.101
G1 X-8.537 Y-34.528
G1 X-8.395 Y-34.860
G1 X-8.347 Y-35.192
G1 X-8.632 Y-35.334
G1 X-10.102 Y-35.002
G1 X-11.241 Y-34.623
G1 X-11.762 Y-34.528
G1 X-13.612 Y-33.864
G1 X-13.991 Y-33.674
G1 X-14.371 Y-33.579
G1 X-15.177 Y-33.200
G1 X-15.746 Y-33.010
G1 X-18.497 Y-31.635
G1 X-19.256 Y-31.208
G1 X-20.110 Y-30.639
G1 X-20.205 Y-30.781
G1 X-20.015 Y-30.876
M5
G0 X-20.252 Y-30.781 F2500
M3 S320
G1 F1000
G1 X-20.015 Y-30.923
G1 X-19.778 Y-31.161
G1 X-20.157 Y-31.919
G1 X-20.394 Y-32.157
G1 X-20.489 Y-32.157
G1 X-20.537 Y-32.109
G1 X-20.679 Y-32.157
G1 X-20.774 Y-32.394
G1 X-20.774 Y-32.726
G1 X-20.726 Y-32.821
G1 X-20.537 Y-32.963
G1 X-20.347 Y-32.915
G1 X-20.015 Y-32.631
G1 X-19.446 Y-32.915
G1 X-19.256 Y-33.153
G1 X-19.730 Y-34.054
G1 X-19.588 Y-34.196
G1 X-19.398 Y-34.196
G1 X-18.355 Y-32.109
G1 X-18.213 Y-31.967
G1 X-17.406 Y-32.346
G1 X-16.932 Y-32.631
G1 X-16.647 Y-32.726
G1 X-16.458 Y-32.915
G1 X-16.505 Y-33.153
G1 X-16.695 Y-33.342
G1 X-17.359 Y-33.010
G1 X-17.738 Y-33.010
G1 X-17.975 Y-33.105
G1 X-18.023 Y-33.200
G1 X-18.070 Y-33.532
G1 X-17.975 Y-33.769
G1 X-18.307 Y-34.054
G1 X-18.450 Y-34.291
G1 X-18.497 Y-34.481
G1 X-18.497 Y-34.907
G1 X-18.307 Y-35.334
G1 X-18.070 Y-35.571
G1 X-17.786 Y-35.761
G1 X-17.691 Y-35.761
G1 X-17.549 Y-35.619
G1 X-18.165 Y-34.955
G1 X-18.165 Y-34.670
G1 X-18.023 Y-34.386
G1 X-17.738 Y-34.101
G1 X-17.549 Y-34.101
G1 X-17.359 Y-34.196
G1 X-17.027 Y-34.528
G1 X-17.027 Y-34.813
G1 X-17.217 Y-35.002
G1 X-17.311 Y-35.002
G1 X-17.122 Y-35.145
G1 X-16.885 Y-35.097
G1 X-16.790 Y-35.002
G1 X-16.695 Y-34.765
G1 X-16.695 Y-34.575
G1 X-16.837 Y-34.243
G1 X-17.027 Y-34.054
G1 X-17.217 Y-33.959
G1 X-17.596 Y-33.864
G1 X-17.786 Y-33.627
G1 X-17.738 Y-33.532
G1 X-17.501 Y-33.295
G1 X-17.264 Y-33.295
G1 X-16.790 Y-33.485
G1 X-16.553 Y-33.627
G1 X-16.410 Y-33.579
G1 X-16.268 Y-33.200
G1 X-16.078 Y-33.010
G1 X-15.746 Y-33.200
G1 X-15.509 Y-33.247
G1 X-15.367 Y-33.532
G1 X-15.367 Y-33.627
G1 X-15.746 Y-34.575
G1 X-16.031 Y-35.145
G1 X-16.126 Y-35.477
G1 X-16.268 Y-35.714
G1 X-16.268 Y-35.809
G1 X-16.078 Y-35.903
G1 X-15.936 Y-35.856
G1 X-15.082 Y-33.722
G1 X-14.845 Y-33.532
G1 X-14.703 Y-33.627
G1 X-12.806 Y-34.338
G1 X-12.379 Y-34.433
G1 X-12.142 Y-34.623
G1 X-12.284 Y-34.907
G1 X-12.569 Y-35.192
G1 X-13.138 Y-35.050
G1 X-13.754 Y-34.813
G1 X-13.802 Y-34.907
G1 X-13.754 Y-35.097
G1 X-13.517 Y-35.287
G1 X-13.470 Y-35.382
G1 X-13.470 Y-35.714
G1 X-13.517 Y-35.809
G1 X-13.802 Y-36.046
G1 X-14.086 Y-35.998
G1 X-14.418 Y-35.666
G1 X-14.466 Y-35.571
G1 X-14.418 Y-34.718
G1 X-14.703 Y-34.718
G1 X-14.703 Y-35.002
G1 X-14.750 Y-35.050
G1 X-14.703 Y-35.666
G1 X-14.561 Y-35.998
G1 X-14.418 Y-36.141
G1 X-14.229 Y-36.235
G1 X-13.897 Y-36.330
G1 X-13.754 Y-36.330
G1 X-13.470 Y-36.235
G1 X-13.280 Y-36.046
G1 X-13.233 Y-35.761
G1 X-13.185 Y-35.714
G1 X-13.280 Y-35.382
G1 X-13.138 Y-35.239
G1 X-12.853 Y-35.287
G1 X-12.663 Y-35.382
G1 X-12.521 Y-35.524
G1 X-12.569 Y-35.856
G1 X-12.711 Y-36.283
G1 X-12.806 Y-36.425
G1 X-12.995 Y-37.042
G1 X-12.663 Y-37.184
G1 X-11.905 Y-34.860
G1 X-11.715 Y-34.670
G1 X-11.620 Y-34.670
G1 X-11.430 Y-34.765
G1 X-11.288 Y-34.765
G1 X-10.482 Y-35.050
G1 X-9.818 Y-35.192
G1 X-9.628 Y-35.429
G1 X-9.770 Y-36.046
G1 X-9.960 Y-36.235
G1 X-10.055 Y-36.235
G1 X-10.197 Y-36.141
G1 X-11.051 Y-35.856
G1 X-11.288 Y-35.856
G1 X-11.383 Y-35.903
G1 X-11.430 Y-35.998
G1 X-11.430 Y-36.188
G1 X-11.478 Y-36.235
G1 X-11.430 Y-36.520
G1 X-11.193 Y-36.710
G1 X-11.003 Y-36.662
G1 X-11.003 Y-36.378
G1 X-10.814 Y-36.188
G1 X-10.102 Y-36.378
G1 X-9.960 Y-36.520
G1 X-10.055 Y-37.042
G1 X-10.292 Y-37.801
G1 X-9.960 Y-37.895
G1 X-9.391 Y-35.571
G1 X-9.201 Y-35.382
G1 X-8.679 Y-35.477
G1 X-8.442 Y-35.666
G1 X-8.442 Y-35.809
G1 X-8.490 Y-35.856
G1 X-8.537 Y-36.283
G1 X-8.964 Y-38.180
G1 X-8.679 Y-38.227
G1 X-8.537 Y-37.516
G1 X-8.300 Y-36.662
G1 X-8.158 Y-35.809
G1 X-8.015 Y-35.666
G1 X-7.731 Y-35.714
G1 X-7.683 Y-35.619
G1 X-7.683 Y-35.524
G1 X-7.921 Y-35.477
G1 X-8.158 Y-35.287
G1 X-8.395 Y-34.433
G1 X-8.585 Y-34.054
G1 X-8.679 Y-33.959
G1 X-8.869 Y-33.864
G1 X-9.296 Y-33.817
G1 X-9.296 Y-34.054
G1 X-9.154 Y-34.054
G1 X-8.964 Y-34.149
G1 X-8.585 Y-34.528
G1 X-8.442 Y-34.860
G1 X-8.395 Y-35.192
G1 X-8.632 Y-35.287
G1 X-10.102 Y-34.955
G1 X-11.241 Y-34.575
G1 X-11.762 Y-34.481
G1 X-13.612 Y-33.817
G1 X-13.991 Y-33.627
G1 X-14.608 Y-33.437
G1 X-15.177 Y-33.153
G1 X-15.746 Y-32.963
G1 X-18.497 Y-31.587
G1 X-19.256 Y-31.161
G1 X-20.110 Y-30.591
G1 X-20.252 Y-30.781
G1 X-20.015 Y-30.923
M5
G0 X-20.299 Y-30.781 F2500
M3 S320
G1 F1000
G1 X-20.015 Y-30.971
G1 X-19.825 Y-31.161
G1 X-20.205 Y-31.919
G1 X-20.394 Y-32.109
G1 X-20.679 Y-32.062
G1 X-20.821 Y-32.394
G1 X-20.821 Y-32.726
G1 X-20.774 Y-32.821
G1 X-20.537 Y-33.010
G1 X-20.347 Y-32.963
G1 X-20.015 Y-32.678
G1 X-19.446 Y-32.963
G1 X-19.303 Y-33.153
G1 X-19.778 Y-34.101
G1 X-19.446 Y-34.338
G1 X-19.019 Y-33.579
G1 X-18.307 Y-32.109
G1 X-18.213 Y-32.014
G1 X-17.406 Y-32.394
G1 X-16.932 Y-32.678
G1 X-16.647 Y-32.773
G1 X-16.505 Y-32.915
G1 X-16.505 Y-33.058
G1 X-16.695 Y-33.295
G1 X-17.359 Y-32.963
G1 X-17.738 Y-32.963
G1 X-17.975 Y-33.058
G1 X-18.070 Y-33.200
G1 X-18.118 Y-33.532
G1 X-18.023 Y-33.769
G1 X-18.355 Y-34.054
G1 X-18.497 Y-34.291
G1 X-18.545 Y-34.481
G1 X-18.545 Y-34.907
G1 X-18.355 Y-35.334
G1 X-18.070 Y-35.619
G1 X-17.691 Y-35.856
G1 X-17.501 Y-35.571
G1 X-18.023 Y-35.097
G1 X-18.118 Y-34.955
G1 X-18.118 Y-34.670
G1 X-17.975 Y-34.386
G1 X-17.738 Y-34.149
G1 X-17.549 Y-34.149
G1 X-17.359 Y-34.243
G1 X-17.074 Y-34.528
G1 X-17.074 Y-34.813
G1 X-17.217 Y-34.955
G1 X-17.359 Y-34.955
G1 X-17.217 Y-35.145
G1 X-17.122 Y-35.192
G1 X-16.885 Y-35.145
G1 X-16.742 Y-35.002
G1 X-16.647 Y-34.765
G1 X-16.647 Y-34.575
G1 X-16.790 Y-34.243
G1 X-17.027 Y-34.006
G1 X-17.217 Y-33.911
G1 X-17.596 Y-33.817
G1 X-17.738 Y-33.627
G1 X-17.691 Y-33.532
G1 X-17.501 Y-33.342
G1 X-17.264 Y-33.342
G1 X-16.410 Y-33.722
G1 X-16.410 Y-33.627
G1 X-16.268 Y-33.295
G1 X-16.078 Y-33.058
G1 X-15.746 Y-33.247
G1 X-15.509 Y-33.295
G1 X-15.414 Y-33.627
G1 X-15.794 Y-34.575
G1 X-16.078 Y-35.145
G1 X-16.173 Y-35.477
G1 X-16.315 Y-35.714
G1 X-16.268 Y-35.856
G1 X-15.936 Y-35.998
G1 X-15.936 Y-35.903
G1 X-15.699 Y-35.429
G1 X-15.035 Y-33.722
G1 X-14.845 Y-33.579
G1 X-14.703 Y-33.674
G1 X-12.806 Y-34.386
G1 X-12.379 Y-34.481
G1 X-12.189 Y-34.623
G1 X-12.331 Y-34.907
G1 X-12.569 Y-35.145
G1 X-13.138 Y-35.002
G1 X-13.802 Y-34.765
G1 X-13.849 Y-35.050
G1 X-13.707 Y-35.145
G1 X-13.517 Y-35.382
G1 X-13.517 Y-35.714
G1 X-13.565 Y-35.809
G1 X-13.802 Y-35.998
G1 X-14.086 Y-35.951
G1 X-14.418 Y-35.571
G1 X-14.371 Y-34.670
G1 X-14.750 Y-34.670
G1 X-14.798 Y-35.050
G1 X-14.750 Y-35.666
G1 X-14.608 Y-35.998
G1 X-14.418 Y-36.188
G1 X-14.229 Y-36.283
G1 X-13.754 Y-36.378
G1 X-13.470 Y-36.283
G1 X-13.327 Y-36.188
G1 X-13.233 Y-36.046
G1 X-13.185 Y-35.761
G1 X-13.138 Y-35.714
G1 X-13.233 Y-35.382
G1 X-13.138 Y-35.287
G1 X-12.853 Y-35.334
G1 X-12.569 Y-35.524
G1 X-12.616 Y-35.856
G1 X-13.043 Y-36.994
G1 X-13.043 Y-37.089
G1 X-12.948 Y-37.089
G1 X-12.616 Y-37.231
G1 X-11.857 Y-34.860
G1 X-11.715 Y-34.718
G1 X-11.620 Y-34.718
G1 X-11.430 Y-34.813
G1 X-11.288 Y-34.813
G1 X-10.482 Y-35.097
G1 X-9.818 Y-35.239
G1 X-9.675 Y-35.429
G1 X-9.818 Y-36.046
G1 X-9.960 Y-36.188
G1 X-10.055 Y-36.188
G1 X-10.197 Y-36.093
G1 X-11.051 Y-35.809
G1 X-11.288 Y-35.809
G1 X-11.430 Y-35.903
G1 X-11.478 Y-35.998
G1 X-11.478 Y-36.188
G1 X-11.525 Y-36.235
G1 X-11.478 Y-36.520
G1 X-11.193 Y-36.757
G1 X-11.051 Y-36.757
G1 X-10.956 Y-36.662
G1 X-10.956 Y-36.378
G1 X-10.814 Y-36.235
G1 X-10.102 Y-36.425
G1 X-10.007 Y-36.520
G1 X-10.007 Y-36.662
G1 X-10.292 Y-37.706
G1 X-10.292 Y-37.848
G1 X-10.055 Y-37.943
G1 X-9.913 Y-37.895
G1 X-9.913 Y-37.753
G1 X-9.818 Y-37.563
G1 X-9.343 Y-35.571
G1 X-9.201 Y-35.429
G1 X-8.679 Y-35.524
G1 X-8.490 Y-35.666
G1 X-8.490 Y-35.809
G1 X-8.537 Y-35.856
G1 X-8.585 Y-36.283
G1 X-8.774 Y-36.994
G1 X-9.011 Y-38.227
G1 X-8.632 Y-38.275
G1 X-8.490 Y-37.516
G1 X-8.253 Y-36.662
G1 X-8.110 Y-35.809
G1 X-8.015 Y-35.714
G1 X-7.683 Y-35.761
G1 X-7.636 Y-35.477
G1 X-7.921 Y-35.429
G1 X-8.110 Y-35.287
G1 X-8.347 Y-34.433
G1 X-8.537 Y-34.054
G1 X-8.679 Y-33.911
G1 X-8.869 Y-33.817
G1 X-9.391 Y-33.769
G1 X-9.343 Y-34.101
G1 X-9.154 Y-34.101
G1 X-8.964 Y-34.196
G1 X-8.632 Y-34.528
G1 X-8.490 Y-34.860
G1 X-8.442 Y-35.192
G1 X-8.632 Y-35.239
G1 X-10.102 Y-34.907
G1 X-11.241 Y-34.528
G1 X-11.762 Y-34.433
G1 X-13.612 Y-33.769
G1 X-13.991 Y-33.579
G1 X-14.371 Y-33.485
G1 X-15.177 Y-33.105
G1 X-15.746 Y-32.915
G1 X-18.497 Y-31.540
G1 X-19.256 Y-31.113
G1 X-20.110 Y-30.544
G1 X-20.299 Y-30.781
G1 X-20.015 Y-30.971
M5
G0 X-20.157 Y-30.497 F2500
M3 S320
G1 F1000
G1 X-20.347 Y-30.829
G1 X-20.015 Y-31.018
G1 X-19.873 Y-31.161
G1 X-20.252 Y-31.919
G1 X-20.394 Y-32.062
G1 X-20.489 Y-32.062
G1 X-20.537 Y-32.014
G1 X-20.726 Y-32.062
G1 X-20.869 Y-32.394
G1 X-20.869 Y-32.726
G1 X-20.821 Y-32.821
G1 X-20.537 Y-33.058
G1 X-20.442 Y-33.058
G1 X-20.252 Y-32.963
G1 X-20.015 Y-32.726
G1 X-19.446 Y-33.010
G1 X-19.351 Y-33.153
G1 X-19.778 Y-34.149
G1 X-19.446 Y-34.386
G1 X-19.303 Y-34.196
G1 X-18.213 Y-32.062
G1 X-17.406 Y-32.441
G1 X-16.932 Y-32.726
G1 X-16.647 Y-32.821
G1 X-16.553 Y-32.915
G1 X-16.553 Y-33.058
G1 X-16.695 Y-33.247
G1 X-17.359 Y-32.915
G1 X-17.738 Y-32.915
G1 X-17.975 Y-33.010
G1 X-18.070 Y-33.105
G1 X-18.165 Y-33.342
G1 X-18.165 Y-33.532
G1 X-18.070 Y-33.769
G1 X-18.402 Y-34.054
G1 X-18.545 Y-34.291
G1 X-18.592 Y-34.481
G1 X-18.592 Y-34.907
G1 X-18.402 Y-35.334
G1 X-18.070 Y-35.666
G1 X-17.691 Y-35.903
G1 X-17.501 Y-35.524
G1 X-17.975 Y-35.097
G1 X-18.070 Y-34.955
G1 X-18.070 Y-34.670
G1 X-17.928 Y-34.386
G1 X-17.738 Y-34.196
G1 X-17.549 Y-34.196
G1 X-17.359 Y-34.291
G1 X-17.122 Y-34.528
G1 X-17.122 Y-34.813
G1 X-17.217 Y-34.907
G1 X-17.406 Y-34.907
G1 X-17.406 Y-35.002
G1 X-17.217 Y-35.192
G1 X-17.027 Y-35.239
G1 X-16.742 Y-35.097
G1 X-16.600 Y-34.765
G1 X-16.600 Y-34.575
G1 X-16.742 Y-34.243
G1 X-17.027 Y-33.959
G1 X-17.217 Y-33.864
G1 X-17.596 Y-33.769
G1 X-17.691 Y-33.627
G1 X-17.643 Y-33.532
G1 X-17.501 Y-33.390
G1 X-17.264 Y-33.390
G1 X-16.410 Y-33.769
G1 X-16.221 Y-33.295
G1 X-16.078 Y-33.105
G1 X-15.746 Y-33.295
G1 X-15.509 Y-33.342
G1 X-15.462 Y-33.627
G1 X-16.363 Y-35.714
G1 X-16.363 Y-35.856
G1 X-15.936 Y-36.046
G1 X-15.794 Y-35.666
G1 X-15.651 Y-35.429
G1 X-14.987 Y-33.722
G1 X-14.845 Y-33.627
G1 X-14.703 Y-33.722
G1 X-12.806 Y-34.433
G1 X-12.379 Y-34.528
G1 X-12.237 Y-34.623
G1 X-12.379 Y-34.907
G1 X-12.569 Y-35.097
G1 X-13.707 Y-34.765
G1 X-13.849 Y-34.765
G1 X-13.897 Y-35.097
G1 X-13.707 Y-35.192
G1 X-13.565 Y-35.382
G1 X-13.565 Y-35.714
G1 X-13.612 Y-35.809
G1 X-13.802 Y-35.951
G1 X-14.086 Y-35.903
G1 X-14.371 Y-35.571
G1 X-14.371 Y-34.623
G1 X-14.798 Y-34.670
G1 X-14.845 Y-35.334
G1 X-14.750 Y-35.809
G1 X-14.655 Y-35.998
G1 X-14.418 Y-36.235
G1 X-14.229 Y-36.330
G1 X-13.897 Y-36.425
G1 X-13.754 Y-36.425
G1 X-13.470 Y-36.330
G1 X-13.280 Y-36.188
G1 X-13.138 Y-35.903
G1 X-13.090 Y-35.619
G1 X-13.185 Y-35.382
G1 X-12.995 Y-35.334
G1 X-12.663 Y-35.477
G1 X-12.616 Y-35.666
G1 X-12.806 Y-36.283
G1 X-12.901 Y-36.425
G1 X-13.090 Y-36.994
G1 X-13.043 Y-37.137
G1 X-12.569 Y-37.231
G1 X-11.810 Y-34.860
G1 X-11.715 Y-34.765
G1 X-11.620 Y-34.765
G1 X-11.430 Y-34.860
G1 X-11.288 Y-34.860
G1 X-10.482 Y-35.145
G1 X-9.818 Y-35.287
G1 X-9.723 Y-35.429
G1 X-9.865 Y-36.046
G1 X-9.960 Y-36.141
G1 X-10.055 Y-36.141
G1 X-10.197 Y-36.046
G1 X-11.051 Y-35.761
G1 X-11.288 Y-35.761
G1 X-11.478 Y-35.903
G1 X-11.525 Y-35.998
G1 X-11.525 Y-36.188
G1 X-11.573 Y-36.235
G1 X-11.525 Y-36.520
G1 X-11.193 Y-36.805
G1 X-11.051 Y-36.805
G1 X-10.909 Y-36.662
G1 X-10.909 Y-36.378
G1 X-10.814 Y-36.283
G1 X-10.055 Y-36.520
G1 X-10.055 Y-36.662
G1 X-10.387 Y-37.848
G1 X-10.055 Y-37.990
G1 X-9.913 Y-37.990
G1 X-9.628 Y-37.042
G1 X-9.296 Y-35.571
G1 X-9.201 Y-35.477
G1 X-8.679 Y-35.571
G1 X-8.585 Y-35.619
G1 X-8.537 Y-35.809
G1 X-8.585 Y-35.856
G1 X-8.632 Y-36.283
G1 X-9.011 Y-37.943
G1 X-9.011 Y-38.275
G1 X-8.585 Y-38.322
G1 X-8.537 Y-37.943
G1 X-8.205 Y-36.662
G1 X-8.110 Y-35.998
G1 X-8.015 Y-35.761
G1 X-7.636 Y-35.809
G1 X-7.636 Y-35.666
G1 X-7.589 Y-35.619
G1 X-7.636 Y-35.429
G1 X-7.778 Y-35.429
G1 X-8.015 Y-35.334
G1 X-8.110 Y-35.145
G1 X-8.110 Y-35.002
G1 X-8.300 Y-34.433
G1 X-8.490 Y-34.054
G1 X-8.679 Y-33.864
G1 X-8.869 Y-33.769
G1 X-9.106 Y-33.722
G1 X-9.438 Y-33.722
G1 X-9.391 Y-34.149
G1 X-9.154 Y-34.149
G1 X-8.964 Y-34.243
G1 X-8.679 Y-34.528
G1 X-8.490 Y-35.050
G1 X-8.632 Y-35.192
G1 X-10.102 Y-34.860
G1 X-11.241 Y-34.481
G1 X-11.762 Y-34.386
G1 X-13.612 Y-33.722
G1 X-13.991 Y-33.532
G1 X-14.371 Y-33.437
G1 X-15.177 Y-33.058
G1 X-15.746 Y-32.868
G1 X-18.497 Y-31.493
G1 X-19.256 Y-31.066
G1 X-20.015 Y-30.544
G1 X-20.157 Y-30.497
G1 X-20.347 Y-30.829
M5
G0 X-18.687 Y-31.587 F2500
M3 S320
G1 F1000
G1 X-18.497 Y-31.919
G1 X-18.497 Y-32.014
G1 X-18.782 Y-32.583
G1 X-19.161 Y-32.963
G1 X-19.398 Y-32.821
G1 X-19.114 Y-33.153
G1 X-19.588 Y-34.054
G1 X-19.493 Y-34.101
G1 X-18.497 Y-32.109
G1 X-18.260 Y-31.825
G1 X-18.497 Y-31.730
G1 X-18.687 Y-31.587
G1 X-18.497 Y-31.919
M5
G0 X-18.450 Y-31.777 F2500
M3 S320
G1 F1000
G1 X-18.497 Y-32.062
G1 X-18.307 Y-31.872
G1 X-18.450 Y-31.777
G1 X-18.497 Y-32.062
M5
G0 X-25.137 Y-28.694 F2500
M3 S320
G1 F1000
G1 X-24.521 Y-29.216
M5
G0 X-24.947 Y-28.173 F2500
M3 S320
G1 F1000
G1 X-23.857 Y-29.074
M5
G0 X-25.849 Y-28.694 F2500
M3 S320
G1 F1000
G1 X-25.279 Y-29.263
G1 X-24.805 Y-29.643
G1 X-25.279 Y-29.263
M5
G0 X-26.038 Y-29.169 F2500
M3 S320
G1 F1000
G1 X-25.517 Y-29.690
G1 X-24.853 Y-30.212
G1 X-25.611 Y-29.595
M5
G0 X-26.370 Y-29.453 F2500
M3 S320
G1 F1000
G1 X-25.801 Y-30.070
G1 X-25.042 Y-30.686
G1 X-26.038 Y-29.833
M5
G0 X-26.513 Y-29.975 F2500
M3 S320
G1 F1000
G1 X-25.564 Y-30.876
M5
G0 X-26.750 Y-30.354 F2500
M3 S320
G1 F1000
G1 X-26.086 Y-31.018
G1 X-25.374 Y-31.587
G1 X-26.133 Y-30.971
M5
G0 X-26.892 Y-30.829 F2500
M3 S320
G1 F1000
G1 X-26.086 Y-31.540
G1 X-25.137 Y-32.251
M5
G0 X-27.556 Y-29.833 F2500
M3 S320
G1 F1000
G1 X-27.414 Y-29.501
G1 X-26.797 Y-28.552
G1 X-26.702 Y-28.220
G1 X-26.607 Y-28.173
G1 X-26.465 Y-27.888
G1 X-26.133 Y-27.461
G1 X-26.133 Y-27.366
G1 X-25.943 Y-27.177
G1 X-25.849 Y-26.939
G1 X-25.232 Y-25.991
G1 X-24.853 Y-25.232
G1 X-24.663 Y-24.995
G1 X-24.615 Y-24.805
G1 X-24.331 Y-24.426
G1 X-24.046 Y-24.331
G1 X-23.999 Y-24.473
G1 X-24.046 Y-24.710
G1 X-23.951 Y-25.090
G1 X-23.714 Y-25.469
G1 X-23.572 Y-25.564
G1 X-23.525 Y-25.706
G1 X-23.382 Y-25.754
G1 X-23.098 Y-26.038
G1 X-23.003 Y-26.038
G1 X-22.955 Y-26.133
G1 X-22.813 Y-26.181
G1 X-22.623 Y-26.370
G1 X-22.529 Y-26.370
G1 X-22.481 Y-26.465
G1 X-22.054 Y-26.702
G1 X-20.869 Y-27.556
G1 X-20.442 Y-27.793
G1 X-20.205 Y-27.841
G1 X-20.157 Y-27.983
G1 X-16.932 Y-29.785
G1 X-14.323 Y-30.971
G1 X-11.905 Y-31.872
G1 X-8.727 Y-32.773
G1 X-6.450 Y-33.247
G1 X-4.648 Y-33.532
G1 X-2.846 Y-33.722
G1 X-1.138 Y-33.817
G1 X1.138 Y-33.817
G1 X3.415 Y-33.674
G1 X5.929 Y-33.342
G1 X7.921 Y-32.963
G1 X9.675 Y-32.536
G1 X12.569 Y-31.635
G1 X15.746 Y-30.354
G1 X17.928 Y-29.263
G1 X20.062 Y-28.030
G1 X20.205 Y-27.793
G1 X20.394 Y-27.793
G1 X20.916 Y-27.461
G1 X21.011 Y-27.461
G1 X21.722 Y-26.892
G1 X21.817 Y-26.892
G1 X22.007 Y-26.702
G1 X22.102 Y-26.702
G1 X22.244 Y-26.560
G1 X22.576 Y-26.418
G1 X22.671 Y-26.275
G1 X22.908 Y-26.181
G1 X22.955 Y-26.086
G1 X23.050 Y-26.086
G1 X23.098 Y-25.991
G1 X23.240 Y-25.943
G1 X23.525 Y-25.659
G1 X23.572 Y-25.517
G1 X23.714 Y-25.469
G1 X23.714 Y-25.374
G1 X23.904 Y-25.185
G1 X23.904 Y-24.995
G1 X24.046 Y-24.758
G1 X23.999 Y-24.521
G1 X24.094 Y-24.378
G1 X24.378 Y-24.473
G1 X24.378 Y-24.568
G1 X24.521 Y-24.710
G1 X24.853 Y-25.422
G1 X25.327 Y-26.086
G1 X25.374 Y-26.275
G1 X25.611 Y-26.560
G1 X25.611 Y-26.655
G1 X25.801 Y-26.892
G1 X25.849 Y-27.082
G1 X26.038 Y-27.271
G1 X26.086 Y-27.461
G1 X26.513 Y-27.983
G1 X26.560 Y-28.173
G1 X26.702 Y-28.267
G1 X26.892 Y-28.742
G1 X27.509 Y-29.785
G1 X27.556 Y-30.449
G1 X27.461 Y-30.781
G1 X27.319 Y-31.018
G1 X26.275 Y-32.014
G1 X24.758 Y-33.153
G1 X22.197 Y-34.813
G1 X19.588 Y-36.283
G1 X17.975 Y-37.089
G1 X15.699 Y-38.085
G1 X13.707 Y-38.844
G1 X12.142 Y-39.366
G1 X10.624 Y-39.793
G1 X9.011 Y-40.172
G1 X6.687 Y-40.599
G1 X4.933 Y-40.836
G1 X2.703 Y-41.026
G1 X-1.755 Y-41.073
G1 X-4.980 Y-40.836
G1 X-6.687 Y-40.599
G1 X-9.011 Y-40.172
G1 X-12.284 Y-39.318
G1 X-15.130 Y-38.322
G1 X-16.979 Y-37.563
G1 X-19.825 Y-36.188
G1 X-21.201 Y-35.429
G1 X-23.430 Y-34.054
G1 X-25.090 Y-32.915
G1 X-26.465 Y-31.872
G1 X-27.177 Y-31.208
G1 X-27.556 Y-30.591
M5
G0 X-24.615 Y-26.607 F2500
M3 S320
G1 F1000
G1 X-23.999 Y-27.271
G1 X-23.525 Y-27.651
G1 X-24.046 Y-27.224
M5
G0 X-24.426 Y-26.086 F2500
M3 S320
G1 F1000
G1 X-23.714 Y-26.845
G1 X-23.193 Y-27.224
G1 X-23.762 Y-26.797
M5
G0 X-24.236 Y-25.659 F2500
M3 S320
G1 F1000
G1 X-23.287 Y-26.607
G1 X-21.390 Y-27.888
G1 X-23.335 Y-26.560
M5
G0 X-23.003 Y-25.706 F2500
M3 S320
G1 F1000
G1 X-22.908 Y-25.991
G1 X-23.098 Y-26.038
G1 X-23.193 Y-25.943
M5
G0 X-23.098 Y-25.517 F2500
M3 S320
G1 F1000
G1 X-23.003 Y-25.659
G1 X-23.050 Y-25.754
G1 X-23.335 Y-25.849
G1 X-23.382 Y-25.754
G1 X-23.287 Y-25.659
G1 X-23.240 Y-25.469
M5
G0 X-23.240 Y-25.185 F2500
M3 S320
G1 F1000
G1 X-23.145 Y-25.327
G1 X-23.193 Y-25.469
G1 X-23.287 Y-25.469
G1 X-23.287 Y-25.611
G1 X-23.382 Y-25.706
G1 X-23.477 Y-25.706
G1 X-23.572 Y-25.564
G1 X-23.430 Y-25.232
M5
G0 X-23.572 Y-25.185 F2500
M3 S320
G1 F1000
G1 X-23.477 Y-25.279
G1 X-23.477 Y-25.422
G1 X-23.572 Y-25.517
G1 X-23.714 Y-25.469
G1 X-23.762 Y-25.327
M5
G0 X-23.809 Y-24.900 F2500
M3 S320
G1 F1000
G1 X-23.572 Y-25.137
G1 X-23.809 Y-25.279
G1 X-23.951 Y-25.090
G1 X-23.951 Y-24.995
M5
G0 X-23.619 Y-24.710 F2500
M3 S320
G1 F1000
G1 X-23.525 Y-24.805
G1 X-23.714 Y-24.995
G1 X-23.762 Y-24.805
M5
G0 X-23.430 Y-24.853 F2500
M3 S320
G1 F1000
G1 X-23.287 Y-24.995
G1 X-23.335 Y-25.137
G1 X-23.572 Y-25.185
G1 X-23.572 Y-25.042
M5
G0 X-23.145 Y-24.853 F2500
M3 S320
G1 F1000
G1 X-23.003 Y-24.995
G1 X-23.050 Y-25.185
G1 X-23.240 Y-25.232
G1 X-23.287 Y-24.995
M5
G0 X-23.003 Y-25.090 F2500
M3 S320
G1 F1000
G1 X-22.813 Y-25.279
G1 X-22.908 Y-25.517
G1 X-23.098 Y-25.517
G1 X-23.145 Y-25.422
M5
G0 X-22.813 Y-25.327 F2500
M3 S320
G1 F1000
G1 X-22.623 Y-25.517
G1 X-22.766 Y-25.801
G1 X-22.861 Y-25.849
G1 X-23.003 Y-25.706
G1 X-23.003 Y-25.611
M5
G0 X-22.718 Y-24.900 F2500
M3 S320
G1 F1000
G1 X-22.671 Y-25.042
G1 X-22.861 Y-25.232
G1 X-23.003 Y-25.090
G1 X-22.955 Y-24.947
M5
G0 X-23.050 Y-24.615 F2500
M3 S320
G1 F1000
G1 X-22.908 Y-24.710
G1 X-22.908 Y-24.900
G1 X-23.003 Y-24.947
G1 X-23.145 Y-24.805
G1 X-23.145 Y-24.710
M5
G0 X-23.193 Y-24.663 F2500
M3 S320
G1 F1000
G1 X-23.145 Y-24.805
G1 X-23.382 Y-24.900
G1 X-23.430 Y-24.710
M5
G0 X-23.382 Y-24.473 F2500
M3 S320
G1 F1000
G1 X-23.335 Y-24.568
G1 X-23.477 Y-24.853
G1 X-23.667 Y-24.615
G1 X-23.619 Y-24.521
M5
G0 X-23.951 Y-24.473 F2500
M3 S320
G1 F1000
G1 X-23.667 Y-24.663
G1 X-23.809 Y-24.900
G1 X-23.999 Y-24.900
G1 X-24.046 Y-24.710
M5
G0 X-23.951 Y-24.189 F2500
M3 S320
G1 F1000
G1 X-23.572 Y-24.189
G1 X-23.525 Y-24.378
G1 X-23.619 Y-24.568
G1 X-23.762 Y-24.615
G1 X-23.999 Y-24.426
M5
G0 X-23.525 Y-24.141 F2500
M3 S320
G1 F1000
G1 X-23.287 Y-24.141
G1 X-23.193 Y-24.236
G1 X-23.287 Y-24.426
G1 X-23.430 Y-24.473
G1 X-23.572 Y-24.283
M5
G0 X-23.003 Y-24.283 F2500
M3 S320
G1 F1000
G1 X-22.955 Y-24.378
G1 X-23.050 Y-24.473
G1 X-23.050 Y-24.568
G1 X-23.287 Y-24.615
G1 X-23.287 Y-24.378
M5
G0 X-22.813 Y-24.378 F2500
M3 S320
G1 F1000
G1 X-22.718 Y-24.521
G1 X-22.766 Y-24.615
G1 X-23.003 Y-24.663
G1 X-23.050 Y-24.521
G1 X-22.908 Y-24.378
M5
G0 X-22.576 Y-24.521 F2500
M3 S320
G1 F1000
G1 X-22.434 Y-24.663
G1 X-22.671 Y-24.947
G1 X-22.861 Y-24.758
G1 X-22.671 Y-24.521
M5
G0 X-22.339 Y-24.710 F2500
M3 S320
G1 F1000
G1 X-22.244 Y-24.853
G1 X-22.529 Y-25.374
G1 X-22.671 Y-25.469
G1 X-22.813 Y-25.279
G1 X-22.576 Y-24.853
G1 X-22.434 Y-24.710
M5
G0 X-22.197 Y-24.853 F2500
M3 S320
G1 F1000
G1 X-22.102 Y-24.995
G1 X-22.149 Y-25.232
G1 X-22.102 Y-25.042
G1 X-22.007 Y-24.947
G1 X-21.248 Y-25.469
G1 X-20.584 Y-25.754
G1 X-20.110 Y-25.801
G1 X-19.825 Y-25.754
G1 X-19.683 Y-25.659
G1 X-19.398 Y-25.659
G1 X-19.398 Y-25.991
G1 X-19.873 Y-26.987
G1 X-20.157 Y-27.746
G1 X-20.442 Y-27.793
G1 X-20.631 Y-27.651
G1 X-20.442 Y-27.319
G1 X-20.394 Y-27.082
G1 X-20.537 Y-27.509
G1 X-20.679 Y-27.651
G1 X-20.916 Y-27.461
G1 X-20.774 Y-27.271
G1 X-20.679 Y-26.987
G1 X-20.821 Y-27.319
G1 X-20.963 Y-27.461
G1 X-21.248 Y-27.271
G1 X-21.106 Y-27.129
G1 X-21.058 Y-26.892
G1 X-21.106 Y-27.129
G1 X-21.248 Y-27.224
G1 X-21.343 Y-27.224
G1 X-21.533 Y-27.082
G1 X-21.390 Y-26.939
G1 X-21.295 Y-26.655
G1 X-21.438 Y-26.987
G1 X-21.533 Y-27.034
G1 X-21.722 Y-26.987
G1 X-21.817 Y-26.892
G1 X-21.675 Y-26.750
G1 X-21.533 Y-26.418
G1 X-21.675 Y-26.750
G1 X-21.912 Y-26.845
G1 X-22.007 Y-26.750
G1 X-21.722 Y-26.228
G1 X-21.959 Y-26.655
G1 X-22.102 Y-26.702
G1 X-22.291 Y-26.560
G1 X-22.149 Y-26.418
G1 X-22.102 Y-26.228
G1 X-21.959 Y-26.038
G1 X-22.149 Y-26.370
G1 X-22.291 Y-26.513
G1 X-22.386 Y-26.513
G1 X-22.481 Y-26.418
G1 X-22.149 Y-25.801
G1 X-22.339 Y-26.038
G1 X-22.434 Y-26.323
G1 X-22.576 Y-26.370
G1 X-22.671 Y-26.323
G1 X-22.718 Y-26.228
G1 X-22.623 Y-26.133
G1 X-22.623 Y-26.038
G1 X-22.766 Y-26.228
G1 X-22.955 Y-26.086
G1 X-22.861 Y-25.849
G1 X-22.718 Y-25.754
G1 X-22.671 Y-25.564
G1 X-22.529 Y-25.422
G1 X-22.339 Y-24.995
M5
G0 X-24.473 Y-23.335 F2500
M3 S320
G1 F1000
G1 X-22.861 Y-23.951
M5
G0 X-24.473 Y-22.481 F2500
M3 S320
G1 F1000
G1 X-22.244 Y-23.335
G1 X-21.295 Y-23.809
G1 X-20.679 Y-24.236
G1 X-20.110 Y-24.805
G1 X-19.778 Y-25.422
G1 X-19.967 Y-24.995
G1 X-20.252 Y-24.615
G1 X-20.726 Y-24.189
G1 X-21.343 Y-23.762
G1 X-22.339 Y-23.287
M5
G0 X-21.675 Y-20.347 F2500
M3 S320
G1 F1000
G1 X-19.873 Y-22.149
G1 X-19.114 Y-22.718
G1 X-18.213 Y-23.287
G1 X-16.742 Y-23.999
G1 X-15.272 Y-24.473
G1 X-13.565 Y-24.710
G1 X-11.667 Y-24.758
G1 X-11.667 Y-24.853
G1 X-11.288 Y-25.564
G1 X-10.671 Y-26.275
G1 X-11.003 Y-25.943
G1 X-11.335 Y-25.469
G1 X-11.810 Y-24.473
G1 X-11.762 Y-24.710
G1 X-14.086 Y-24.663
G1 X-15.604 Y-24.378
G1 X-16.695 Y-23.999
G1 X-18.165 Y-23.287
G1 X-19.209 Y-22.623
G1 X-20.062 Y-21.959
M5
G0 X-21.959 Y-19.446 F2500
M3 S320
G1 F1000
G1 X-21.058 Y-20.537
G1 X-20.394 Y-21.201
G1 X-19.588 Y-21.912
G1 X-18.023 Y-23.003
G1 X-16.885 Y-23.572
G1 X-15.841 Y-23.951
G1 X-14.893 Y-24.189
G1 X-13.470 Y-24.378
G1 X-12.189 Y-24.378
G1 X-11.620 Y-24.283
G1 X-11.146 Y-25.279
G1 X-10.814 Y-25.754
G1 X-10.292 Y-26.275
G1 X-10.909 Y-25.611
G1 X-11.241 Y-25.090
G1 X-11.620 Y-24.283
G1 X-12.189 Y-24.378
G1 X-13.470 Y-24.378
G1 X-14.893 Y-24.189
G1 X-16.363 Y-23.762
G1 X-17.264 Y-23.382
G1 X-17.975 Y-23.003
G1 X-18.782 Y-22.481
G1 X-20.205 Y-21.343
G1 X-21.201 Y-20.347
M5
G0 X-14.703 Y-19.920 F2500
M3 S320
G1 F1000
G1 X-14.371 Y-19.967
G1 X-14.323 Y-19.920
G1 X-14.039 Y-19.920
G1 X-13.944 Y-20.015
G1 X-13.991 Y-21.485
G1 X-14.181 Y-21.533
G1 X-14.750 Y-21.485
M5
G0 X-13.802 Y-21.865 F2500
M3 S320
G1 F1000
G1 X-13.897 Y-22.007
G1 X-14.086 Y-22.102
G1 X-14.513 Y-22.102
G1 X-14.655 Y-22.054
G1 X-14.845 Y-21.817
G1 X-14.750 Y-21.580
G1 X-14.561 Y-21.580
G1 X-14.561 Y-21.722
G1 X-14.513 Y-21.533
G1 X-14.134 Y-21.485
G1 X-13.944 Y-21.580
G1 X-14.039 Y-21.627
G1 X-14.086 Y-21.770
G1 X-13.897 Y-21.627
M5
G0 X-13.897 Y-19.635 F2500
M3 S320
G1 F1000
G1 X-13.991 Y-19.967
G1 X-14.323 Y-19.920
G1 X-14.371 Y-19.967
G1 X-14.655 Y-19.967
G1 X-14.798 Y-19.825
G1 X-14.798 Y-19.683
G1 X-14.655 Y-19.541
G1 X-14.039 Y-19.493
M5
G0 X-15.272 Y-12.426 F2500
M3 S320
G1 F1000
G1 X-14.987 Y-12.474
G1 X-14.940 Y-12.569
G1 X-14.940 Y-13.327
G1 X-15.130 Y-13.470
G1 X-15.319 Y-13.422
G1 X-15.367 Y-12.901
M5
G0 X-16.410 Y-12.426 F2500
M3 S320
G1 F1000
G1 X-16.173 Y-12.474
G1 X-16.078 Y-12.711
G1 X-16.078 Y-13.280
G1 X-16.126 Y-13.375
G1 X-16.505 Y-13.375
G1 X-16.553 Y-13.280
G1 X-16.553 Y-12.948
M5
G0 X-16.363 Y-11.999 F2500
M3 S320
G1 F1000
G1 X-16.126 Y-12.047
G1 X-16.221 Y-12.426
G1 X-16.410 Y-12.379
M5
G0 X-17.122 Y-11.762 F2500
M3 S320
G1 F1000
G1 X-17.169 Y-12.284
G1 X-17.359 Y-12.237
G1 X-17.359 Y-11.905
G1 X-17.311 Y-11.810
M5
G0 X-17.359 Y-12.284 F2500
M3 S320
G1 F1000
G1 X-17.122 Y-12.331
G1 X-17.074 Y-12.521
G1 X-17.122 Y-13.233
G1 X-17.217 Y-13.280
G1 X-17.501 Y-13.233
G1 X-17.549 Y-13.090
G1 X-17.454 Y-12.379
M5
G0 X-18.070 Y-12.094 F2500
M3 S320
G1 F1000
G1 X-18.023 Y-12.995
G1 X-18.070 Y-13.090
G1 X-18.260 Y-13.138
G1 X-18.450 Y-12.995
G1 X-18.497 Y-12.663
G1 X-18.355 Y-12.094
M5
G0 X-18.307 Y-11.525 F2500
M3 S320
G1 F1000
G1 X-18.070 Y-11.525
G1 X-18.118 Y-12.047
G1 X-18.355 Y-11.999
M5
G0 X-19.351 Y-11.999 F2500
M3 S320
G1 F1000
G1 X-19.161 Y-11.999
G1 X-19.066 Y-12.094
G1 X-19.066 Y-12.901
G1 X-19.161 Y-12.995
G1 X-19.398 Y-12.948
G1 X-19.493 Y-12.806
G1 X-19.446 Y-12.189
M5
G0 X-19.351 Y-11.573 F2500
M3 S320
G1 F1000
G1 X-19.066 Y-11.620
G1 X-19.161 Y-11.999
G1 X-19.398 Y-11.952
M5
G0 X-20.252 Y-11.857 F2500
M3 S320
G1 F1000
G1 X-20.252 Y-12.521
G1 X-20.299 Y-12.616
G1 X-20.584 Y-12.711
G1 X-20.679 Y-12.569
G1 X-20.631 Y-11.952
G1 X-20.584 Y-11.857
M5
G0 X-20.489 Y-11.335 F2500
M3 S320
G1 F1000
G1 X-20.299 Y-11.383
G1 X-20.252 Y-11.525
G1 X-20.299 Y-11.810
G1 X-20.537 Y-11.762
G1 X-20.584 Y-11.430
M5
G0 X-20.442 Y-10.861 F2500
M3 S320
G1 F1000
G1 X-20.347 Y-10.956
G1 X-20.394 Y-11.335
G1 X-20.631 Y-11.335
G1 X-20.631 Y-11.003
M5
G0 X-20.489 Y-10.434 F2500
M3 S320
G1 F1000
G1 X-20.442 Y-10.624
G1 X-20.489 Y-10.814
G1 X-20.631 Y-11.003
G1 X-20.679 Y-11.478
G1 X-21.011 Y-11.620
G1 X-21.201 Y-11.525
G1 X-21.248 Y-11.003
G1 X-21.106 Y-10.624
G1 X-20.916 Y-10.671
G1 X-20.821 Y-10.766
G1 X-21.153 Y-10.577
G1 X-20.584 Y-10.529
M5
G0 X-20.394 Y-10.434 F2500
M3 S320
G1 F1000
G1 X-20.299 Y-10.529
G1 X-19.730 Y-10.529
G1 X-19.635 Y-10.434
G1 X-19.541 Y-10.624
G1 X-19.541 Y-11.241
G1 X-19.730 Y-11.573
G1 X-20.157 Y-11.573
G1 X-20.299 Y-11.430
G1 X-20.347 Y-10.956
G1 X-20.489 Y-10.814
M5
G0 X-20.442 Y-10.197 F2500
M3 S320
G1 F1000
G1 X-20.252 Y-10.007
G1 X-19.778 Y-10.055
G1 X-19.588 Y-10.197
G1 X-19.635 Y-10.434
G1 X-19.778 Y-10.529
G1 X-20.299 Y-10.529
G1 X-20.442 Y-10.387
M5
G0 X-21.295 Y-10.339 F2500
M3 S320
G1 F1000
G1 X-21.153 Y-10.529
G1 X-21.248 Y-11.003
G1 X-21.248 Y-11.478
G1 X-21.485 Y-11.905
G1 X-21.533 Y-11.478
G1 X-21.675 Y-11.193
G1 X-21.627 Y-10.529
G1 X-21.485 Y-10.387
M5
G0 X-21.295 Y-10.339 F2500
M3 S320
G1 F1000
G1 X-21.011 Y-10.055
G1 X-20.584 Y-10.055
G1 X-20.442 Y-10.197
G1 X-20.489 Y-10.434
G1 X-20.631 Y-10.529
G1 X-21.201 Y-10.482
M5
G0 X-21.675 Y-10.529 F2500
M3 S320
G1 F1000
G1 X-21.627 Y-10.956
G1 X-21.675 Y-11.051
G1 X-21.959 Y-11.051
G1 X-22.007 Y-10.719
G1 X-21.959 Y-10.577
M5
G0 X-21.912 Y-11.098 F2500
M3 S320
G1 F1000
G1 X-21.675 Y-11.146
G1 X-21.533 Y-11.525
G1 X-21.533 Y-11.999
G1 X-21.580 Y-12.142
G1 X-21.722 Y-12.237
G1 X-21.959 Y-12.237
G1 X-22.102 Y-12.094
G1 X-22.149 Y-11.952
G1 X-22.102 Y-11.430
M5
G0 X-21.295 Y-11.525 F2500
M3 S320
G1 F1000
G1 X-21.058 Y-11.573
G1 X-20.963 Y-11.667
G1 X-20.916 Y-12.189
G1 X-21.106 Y-12.521
G1 X-21.343 Y-12.521
G1 X-21.438 Y-12.426
G1 X-21.533 Y-11.999
G1 X-21.390 Y-11.857
M5
G0 X-19.541 Y-10.387 F2500
M3 S320
G1 F1000
G1 X-18.592 Y-10.434
G1 X-18.545 Y-10.909
G1 X-18.782 Y-11.146
G1 X-18.829 Y-11.430
G1 X-18.971 Y-11.573
G1 X-19.303 Y-11.573
G1 X-19.493 Y-11.430
G1 X-19.588 Y-10.577
M5
G0 X-18.592 Y-9.913 F2500
M3 S320
G1 F1000
G1 X-18.639 Y-10.387
G1 X-19.588 Y-10.339
G1 X-19.588 Y-10.245
G1 X-19.256 Y-9.913
G1 X-18.687 Y-9.818
M5
G0 X-18.497 Y-9.913 F2500
M3 S320
G1 F1000
G1 X-18.355 Y-10.055
G1 X-17.738 Y-10.055
G1 X-17.501 Y-9.913
G1 X-17.454 Y-10.055
G1 X-17.501 Y-11.003
G1 X-17.738 Y-11.241
G1 X-18.260 Y-11.193
G1 X-18.545 Y-10.956
G1 X-18.592 Y-10.529
M5
G0 X-18.497 Y-9.913 F2500
M3 S320
G1 F1000
G1 X-18.307 Y-9.581
G1 X-18.070 Y-9.486
G1 X-17.738 Y-9.486
G1 X-17.501 Y-9.723
G1 X-17.501 Y-9.913
G1 X-17.738 Y-10.055
G1 X-18.355 Y-10.055
M5
G0 X-17.454 Y-9.818 F2500
M3 S320
G1 F1000
G1 X-17.217 Y-9.581
G1 X-16.979 Y-9.581
G1 X-16.695 Y-9.675
G1 X-16.505 Y-9.865
G1 X-16.553 Y-10.102
G1 X-17.217 Y-10.102
M5
G0 X-17.406 Y-9.913 F2500
M3 S320
G1 F1000
G1 X-17.217 Y-10.102
G1 X-16.505 Y-10.150
G1 X-16.553 Y-10.292
G1 X-16.553 Y-11.335
G1 X-17.264 Y-11.288
G1 X-17.454 Y-11.146
G1 X-17.501 Y-11.051
G1 X-17.501 Y-10.102
M5
G0 X-16.505 Y-9.011 F2500
M3 S320
G1 F1000
G1 X-16.458 Y-8.917
G1 X-15.746 Y-8.537
G1 X-14.987 Y-8.347
G1 X-13.612 Y-8.347
G1 X-12.806 Y-8.537
G1 X-12.237 Y-8.822
G1 X-12.094 Y-8.964
G1 X-12.047 Y-9.675
G1 X-12.237 Y-9.818
G1 X-12.379 Y-9.628
G1 X-12.995 Y-9.486
G1 X-13.185 Y-9.533
G1 X-13.470 Y-9.818
G1 X-13.802 Y-9.486
G1 X-13.991 Y-9.201
G1 X-14.703 Y-9.249
G1 X-15.082 Y-9.723
G1 X-15.272 Y-9.770
G1 X-15.509 Y-9.723
G1 X-15.699 Y-9.533
G1 X-16.458 Y-9.628
M5
G0 X-16.458 Y-8.964 F2500
M3 S320
G1 F1000
G1 X-16.505 Y-9.343
G1 X-16.458 Y-9.391
G1 X-16.553 Y-9.818
G1 X-16.695 Y-9.675
G1 X-16.979 Y-9.581
G1 X-17.217 Y-9.581
G1 X-17.454 Y-9.770
G1 X-17.738 Y-9.486
G1 X-18.070 Y-9.486
G1 X-18.260 Y-9.533
G1 X-18.450 Y-9.818
G1 X-18.592 Y-9.913
G1 X-18.687 Y-9.818
G1 X-19.256 Y-9.913
G1 X-19.588 Y-10.197
G1 X-19.683 Y-10.102
G1 X-19.683 Y-9.675
G1 X-19.588 Y-9.249
G1 X-19.398 Y-9.201
G1 X-19.019 Y-8.917
G1 X-18.592 Y-8.727
G1 X-18.213 Y-8.632
G1 X-17.359 Y-8.632
G1 X-16.837 Y-8.774
M5
G0 X-15.509 Y-9.723 F2500
M3 S320
G1 F1000
G1 X-15.794 Y-10.007
G1 X-15.983 Y-10.055
G1 X-16.505 Y-10.007
G1 X-16.505 Y-9.865
G1 X-16.410 Y-9.675
G1 X-16.315 Y-9.628
G1 X-15.699 Y-9.533
M5
G0 X-15.272 Y-9.770 F2500
M3 S320
G1 F1000
G1 X-15.177 Y-9.865
G1 X-15.177 Y-10.766
G1 X-15.462 Y-11.051
G1 X-15.604 Y-11.288
G1 X-15.794 Y-11.383
G1 X-16.078 Y-11.430
G1 X-16.458 Y-11.383
G1 X-16.553 Y-10.434
G1 X-16.458 Y-10.055
G1 X-15.746 Y-10.007
G1 X-15.367 Y-9.770
M5
G0 X-15.035 Y-9.628 F2500
M3 S320
G1 F1000
G1 X-14.893 Y-9.533
G1 X-14.750 Y-9.675
G1 X-13.565 Y-9.723
G1 X-13.517 Y-9.770
G1 X-13.517 Y-10.909
G1 X-15.177 Y-10.814
G1 X-15.177 Y-9.865
M5
G0 X-14.893 Y-9.533 F2500
M3 S320
G1 F1000
G1 X-14.608 Y-9.201
G1 X-14.039 Y-9.201
G1 X-13.659 Y-9.628
G1 X-14.750 Y-9.675
M5
G0 X-15.082 Y-10.909 F2500
M3 S320
G1 F1000
G1 X-14.229 Y-10.909
G1 X-14.276 Y-16.742
G1 X-14.276 Y-11.098
G1 X-14.181 Y-10.956
G1 X-13.565 Y-10.956
G1 X-13.991 Y-11.430
G1 X-14.039 Y-19.493
G1 X-14.134 Y-19.541
G1 X-14.655 Y-19.493
G1 X-14.608 Y-12.663
G1 X-14.655 Y-11.667
G1 X-14.608 Y-11.430
M5
G0 X-14.608 Y-11.620 F2500
M3 S320
G1 F1000
G1 X-14.703 Y-11.715
G1 X-15.557 Y-11.762
G1 X-16.126 Y-11.999
G1 X-16.363 Y-11.999
G1 X-16.932 Y-11.715
G1 X-17.169 Y-11.715
G1 X-17.311 Y-11.573
G1 X-18.307 Y-11.430
G1 X-18.687 Y-11.478
G1 X-18.829 Y-11.430
G1 X-18.829 Y-11.241
G1 X-18.545 Y-10.956
G1 X-18.355 Y-11.146
G1 X-18.023 Y-11.241
G1 X-17.738 Y-11.241
G1 X-17.501 Y-11.051
G1 X-17.264 Y-11.288
G1 X-16.505 Y-11.335
G1 X-16.363 Y-11.430
G1 X-16.078 Y-11.430
G1 X-15.604 Y-11.335
G1 X-15.462 Y-11.098
G1 X-15.177 Y-10.814
G1 X-14.655 Y-11.335
M5
G0 X-15.177 Y-11.762 F2500
M3 S320
G1 F1000
G1 X-14.987 Y-11.810
G1 X-15.035 Y-12.426
G1 X-15.272 Y-12.379
G1 X-15.272 Y-11.952
M5
G0 X-13.991 Y-11.620 F2500
M3 S320
G1 F1000
G1 X-13.991 Y-11.430
G1 X-13.565 Y-10.956
G1 X-13.422 Y-10.909
G1 X-13.043 Y-11.288
G1 X-12.711 Y-11.383
G1 X-11.525 Y-11.335
G1 X-11.335 Y-11.288
G1 X-11.098 Y-11.051
G1 X-10.909 Y-11.193
G1 X-10.339 Y-11.193
G1 X-10.102 Y-11.003
G1 X-9.913 Y-11.193
G1 X-9.960 Y-11.430
G1 X-11.098 Y-11.525
G1 X-11.288 Y-11.573
G1 X-11.383 Y-11.667
G1 X-11.857 Y-11.762
G1 X-12.284 Y-11.999
G1 X-12.569 Y-11.999
G1 X-13.090 Y-11.762
G1 X-13.470 Y-11.762
M5
G0 X-13.470 Y-11.762 F2500
M3 S320
G1 F1000
G1 X-13.327 Y-11.810
G1 X-13.375 Y-12.331
G1 X-13.612 Y-12.284
G1 X-13.612 Y-11.999
M5
G0 X-13.517 Y-12.331 F2500
M3 S320
G1 F1000
G1 X-13.280 Y-12.379
G1 X-13.233 Y-13.233
G1 X-13.327 Y-13.422
G1 X-13.707 Y-13.375
G1 X-13.659 Y-12.474
M5
G0 X-12.426 Y-12.379 F2500
M3 S320
G1 F1000
G1 X-12.189 Y-12.426
G1 X-12.094 Y-12.711
G1 X-12.094 Y-13.327
G1 X-12.284 Y-13.470
G1 X-12.474 Y-13.375
G1 X-12.521 Y-13.280
G1 X-12.521 Y-12.758
M5
G0 X-12.237 Y-11.952 F2500
M3 S320
G1 F1000
G1 X-12.237 Y-12.379
G1 X-12.474 Y-12.331
G1 X-12.426 Y-11.999
M5
G0 X-11.478 Y-12.284 F2500
M3 S320
G1 F1000
G1 X-11.193 Y-12.331
G1 X-11.146 Y-12.521
G1 X-11.146 Y-13.233
G1 X-11.241 Y-13.327
G1 X-11.478 Y-13.327
G1 X-11.573 Y-13.233
G1 X-11.573 Y-12.569
M5
G0 X-11.383 Y-11.667 F2500
M3 S320
G1 F1000
G1 X-11.241 Y-11.857
G1 X-11.288 Y-12.284
G1 X-11.478 Y-12.237
G1 X-11.525 Y-12.142
G1 X-11.478 Y-11.810
M5
G0 X-10.482 Y-11.478 F2500
M3 S320
G1 F1000
G1 X-10.339 Y-11.478
G1 X-10.245 Y-11.573
G1 X-10.292 Y-11.999
G1 X-10.434 Y-11.999
G1 X-10.529 Y-11.905
M5
G0 X-10.434 Y-11.999 F2500
M3 S320
G1 F1000
G1 X-10.292 Y-11.999
G1 X-10.197 Y-12.094
G1 X-10.102 Y-12.711
G1 X-10.102 Y-13.043
G1 X-10.197 Y-13.138
G1 X-10.434 Y-13.090
G1 X-10.529 Y-12.948
G1 X-10.529 Y-12.094
M5
G0 X-9.486 Y-11.525 F2500
M3 S320
G1 F1000
G1 X-9.249 Y-11.573
G1 X-9.296 Y-11.952
G1 X-9.533 Y-11.905
M5
G0 X-9.249 Y-11.905 F2500
M3 S320
G1 F1000
G1 X-9.059 Y-12.616
G1 X-9.059 Y-12.758
G1 X-9.154 Y-12.948
G1 X-9.249 Y-12.995
G1 X-9.391 Y-12.948
G1 X-9.533 Y-12.806
G1 X-9.486 Y-11.952
M5
G0 X-8.300 Y-11.762 F2500
M3 S320
G1 F1000
G1 X-7.968 Y-11.810
G1 X-7.921 Y-12.094
G1 X-7.968 Y-12.521
G1 X-8.110 Y-12.711
G1 X-8.253 Y-12.711
G1 X-8.395 Y-12.569
G1 X-8.395 Y-11.999
M5
G0 X-8.158 Y-11.003 F2500
M3 S320
G1 F1000
G1 X-8.063 Y-11.098
G1 X-8.015 Y-11.335
G1 X-8.063 Y-11.762
G1 X-8.253 Y-11.762
G1 X-8.395 Y-11.525
G1 X-8.347 Y-11.146
M5
G0 X-8.110 Y-10.529 F2500
M3 S320
G1 F1000
G1 X-7.446 Y-10.577
G1 X-7.399 Y-10.861
G1 X-7.446 Y-11.430
G1 X-7.636 Y-11.525
G1 X-8.015 Y-11.430
G1 X-8.063 Y-11.098
G1 X-8.205 Y-10.909
M5
G0 X-8.205 Y-10.292 F2500
M3 S320
G1 F1000
G1 X-8.158 Y-10.861
G1 X-8.347 Y-11.146
G1 X-8.347 Y-11.478
G1 X-8.442 Y-11.573
G1 X-8.869 Y-11.573
G1 X-9.059 Y-11.478
G1 X-9.059 Y-10.482
G1 X-8.395 Y-10.482
M5
G0 X-8.205 Y-10.245 F2500
M3 S320
G1 F1000
G1 X-8.015 Y-10.007
G1 X-7.589 Y-10.055
G1 X-7.446 Y-10.197
G1 X-7.399 Y-10.434
G1 X-7.494 Y-10.529
G1 X-8.158 Y-10.482
M5
G0 X-7.304 Y-10.434 F2500
M3 S320
G1 F1000
G1 X-7.067 Y-10.529
G1 X-7.019 Y-11.146
G1 X-7.114 Y-11.335
G1 X-7.114 Y-11.525
G1 X-7.209 Y-11.620
G1 X-7.399 Y-11.383
G1 X-7.446 Y-10.529
M5
G0 X-7.019 Y-10.529 F2500
M3 S320
G1 F1000
G1 X-6.640 Y-10.671
G1 X-6.687 Y-11.003
G1 X-6.782 Y-11.098
G1 X-7.019 Y-11.051
G1 X-7.019 Y-10.814
G1 X-7.067 Y-10.766
M5
G0 X-6.972 Y-11.098 F2500
M3 S320
G1 F1000
G1 X-6.687 Y-11.146
G1 X-6.545 Y-11.620
G1 X-6.545 Y-12.047
G1 X-6.593 Y-12.142
G1 X-6.925 Y-12.189
G1 X-7.114 Y-12.094
G1 X-7.162 Y-11.573
G1 X-7.067 Y-11.193
M5
G0 X-7.399 Y-11.383 F2500
M3 S320
G1 F1000
G1 X-7.257 Y-11.525
G1 X-7.257 Y-11.620
G1 X-7.162 Y-11.667
G1 X-7.162 Y-12.094
G1 X-7.209 Y-12.379
G1 X-7.351 Y-12.521
G1 X-7.541 Y-12.521
G1 X-7.731 Y-12.331
G1 X-7.731 Y-11.810
G1 X-7.683 Y-11.620
M5
G0 X-9.059 Y-10.434 F2500
M3 S320
G1 F1000
G1 X-9.059 Y-10.245
G1 X-8.822 Y-10.055
G1 X-8.395 Y-10.055
G1 X-8.205 Y-10.245
G1 X-8.442 Y-10.482
M5
G0 X-9.106 Y-10.245 F2500
M3 S320
G1 F1000
G1 X-9.059 Y-10.434
G1 X-9.106 Y-11.383
G1 X-9.249 Y-11.525
G1 X-9.628 Y-11.525
G1 X-9.865 Y-11.430
G1 X-9.913 Y-11.193
G1 X-10.102 Y-11.003
G1 X-10.055 Y-10.339
G1 X-9.438 Y-10.339
M5
G0 X-10.102 Y-9.865 F2500
M3 S320
G1 F1000
G1 X-10.007 Y-9.770
G1 X-9.486 Y-9.865
G1 X-9.296 Y-9.960
G1 X-9.154 Y-10.150
G1 X-9.201 Y-10.292
G1 X-9.438 Y-10.339
G1 X-10.055 Y-10.292
M5
G0 X-10.150 Y-9.913 F2500
M3 S320
G1 F1000
G1 X-10.055 Y-10.150
G1 X-10.102 Y-10.956
G1 X-10.339 Y-11.193
G1 X-10.909 Y-11.193
G1 X-11.146 Y-11.003
G1 X-11.098 Y-10.007
G1 X-10.529 Y-10.055
G1 X-10.245 Y-10.007
M5
G0 X-11.193 Y-9.913 F2500
M3 S320
G1 F1000
G1 X-11.146 Y-11.051
G1 X-11.383 Y-11.288
G1 X-11.952 Y-11.383
G1 X-12.142 Y-11.335
G1 X-12.094 Y-10.150
G1 X-11.383 Y-10.102
M5
G0 X-11.193 Y-9.818 F2500
M3 S320
G1 F1000
G1 X-10.956 Y-9.486
G1 X-10.719 Y-9.438
G1 X-10.292 Y-9.581
G1 X-10.150 Y-9.865
G1 X-10.292 Y-10.007
G1 X-11.051 Y-10.055
M5
G0 X-11.193 Y-9.770 F2500
M3 S320
G1 F1000
G1 X-11.193 Y-9.865
G1 X-11.430 Y-10.102
G1 X-11.620 Y-10.150
G1 X-12.142 Y-10.102
G1 X-12.189 Y-9.865
G1 X-11.952 Y-9.628
G1 X-11.383 Y-9.581
M5
G0 X-12.189 Y-9.960 F2500
M3 S320
G1 F1000
G1 X-12.142 Y-11.288
G1 X-12.237 Y-11.383
G1 X-12.711 Y-11.383
G1 X-13.043 Y-11.288
G1 X-13.470 Y-10.861
G1 X-13.422 Y-10.102
G1 X-12.521 Y-10.102
G1 X-12.284 Y-10.055
M5
G0 X-12.047 Y-8.917 F2500
M3 S320
G1 F1000
G1 X-11.241 Y-8.632
G1 X-10.529 Y-8.632
G1 X-10.007 Y-8.774
G1 X-9.201 Y-9.154
G1 X-9.059 Y-9.296
G1 X-9.011 Y-9.960
G1 X-9.201 Y-10.102
G1 X-9.296 Y-9.960
G1 X-9.486 Y-9.865
G1 X-10.055 Y-9.770
G1 X-10.150 Y-9.865
G1 X-10.339 Y-9.533
G1 X-10.719 Y-9.438
G1 X-10.956 Y-9.486
G1 X-11.193 Y-9.770
G1 X-11.383 Y-9.581
G1 X-11.999 Y-9.675
G1 X-12.094 Y-9.343
M5
G0 X-13.470 Y-10.055 F2500
M3 S320
G1 F1000
G1 X-13.470 Y-9.865
G1 X-13.138 Y-9.533
G1 X-12.948 Y-9.486
G1 X-12.426 Y-9.628
G1 X-12.189 Y-9.913
G1 X-12.331 Y-10.055
G1 X-12.521 Y-10.102
M5
G0 X-9.011 Y-9.249 F2500
M3 S320
G1 F1000
G1 X-8.774 Y-9.154
G1 X-8.015 Y-9.106
G1 X-7.446 Y-9.296
G1 X-7.114 Y-9.581
G1 X-7.019 Y-9.581
G1 X-6.830 Y-9.818
G1 X-6.640 Y-10.292
G1 X-6.687 Y-10.577
G1 X-7.351 Y-10.434
G1 X-7.494 Y-10.102
G1 X-7.826 Y-10.007
G1 X-8.015 Y-10.007
G1 X-8.253 Y-10.197
G1 X-8.395 Y-10.055
G1 X-8.822 Y-10.055
G1 X-8.964 Y-10.102
G1 X-9.106 Y-10.245
G1 X-9.154 Y-10.150
G1 X-9.011 Y-10.007
G1 X-9.059 Y-9.391
M5
G0 X-11.715 Y-5.265 F2500
M3 S320
G1 F1000
G1 X-10.909 Y-5.739
G1 X-10.150 Y-6.355
G1 X-9.391 Y-7.162
G1 X-8.964 Y-7.826
G1 X-8.774 Y-8.015
G1 X-8.585 Y-8.395
G1 X-7.873 Y-8.679
G1 X-7.399 Y-9.106
G1 X-7.778 Y-8.727
G1 X-8.490 Y-8.442
G1 X-9.533 Y-6.972
G1 X-10.245 Y-6.261
G1 X-10.956 Y-5.691
M5
G0 X-12.379 Y-4.933 F2500
M3 S320
G1 F1000
G1 X-12.189 Y-4.885
G1 X-11.193 Y-5.217
G1 X-10.197 Y-5.739
G1 X-9.059 Y-6.545
G1 X-8.585 Y-7.067
G1 X-8.585 Y-7.209
G1 X-8.442 Y-7.351
G1 X-8.253 Y-7.399
G1 X-7.826 Y-7.921
G1 X-7.162 Y-9.011
G1 X-6.972 Y-9.438
G1 X-7.019 Y-9.581
G1 X-7.114 Y-9.581
G1 X-7.589 Y-9.201
G1 X-8.015 Y-9.106
G1 X-8.774 Y-9.154
G1 X-9.059 Y-9.249
G1 X-9.154 Y-9.154
G1 X-9.249 Y-8.774
G1 X-9.675 Y-7.921
G1 X-10.434 Y-6.735
G1 X-11.335 Y-5.786
G1 X-12.142 Y-5.217
G1 X-12.379 Y-5.122
M5
G0 X-12.616 Y-4.885 F2500
M3 S320
G1 F1000
G1 X-12.379 Y-4.885
G1 X-12.379 Y-4.980
G1 X-12.474 Y-5.075
M5
G0 X-13.043 Y-4.838 F2500
M3 S320
G1 F1000
G1 X-12.995 Y-4.933
G1 X-13.090 Y-5.027
G1 X-13.138 Y-4.933
M5
G0 X-13.375 Y-4.790 F2500
M3 S320
G1 F1000
G1 X-13.043 Y-4.790
G1 X-13.138 Y-4.980
G1 X-13.233 Y-5.027
M5
G0 X-13.707 Y-4.601 F2500
M3 S320
G1 F1000
G1 X-13.470 Y-4.695
G1 X-13.327 Y-4.838
G1 X-13.327 Y-4.980
G1 X-13.090 Y-5.075
G1 X-12.047 Y-6.166
G1 X-11.335 Y-7.399
G1 X-11.241 Y-7.636
G1 X-11.667 Y-8.110
G1 X-11.857 Y-8.490
G1 X-11.762 Y-8.395
G1 X-11.715 Y-8.205
G1 X-11.241 Y-7.683
G1 X-11.146 Y-7.683
G1 X-10.197 Y-8.158
G1 X-9.675 Y-8.632
G1 X-9.865 Y-8.395
G1 X-10.197 Y-8.158
G1 X-11.193 Y-7.683
G1 X-11.288 Y-7.589
G1 X-11.383 Y-7.304
G1 X-11.905 Y-6.355
G1 X-12.569 Y-5.549
G1 X-12.948 Y-5.265
G1 X-13.090 Y-5.075
G1 X-12.948 Y-4.790
G1 X-12.663 Y-4.838
G1 X-12.474 Y-5.075
G1 X-11.857 Y-5.407
G1 X-11.098 Y-6.023
G1 X-10.671 Y-6.450
G1 X-10.292 Y-6.925
G1 X-9.628 Y-8.015
G1 X-9.249 Y-8.774
G1 X-9.201 Y-9.011
G1 X-9.249 Y-9.154
G1 X-9.343 Y-9.059
G1 X-9.438 Y-9.059
G1 X-9.960 Y-8.774
G1 X-10.529 Y-8.632
G1 X-11.478 Y-8.679
G1 X-12.094 Y-8.964
G1 X-12.189 Y-8.822
G1 X-12.331 Y-7.873
G1 X-12.711 Y-6.640
G1 X-13.280 Y-5.502
G1 X-13.802 Y-4.885
M5
G0 X-13.565 Y-4.363 F2500
M3 S320
G1 F1000
G1 X-13.612 Y-4.601
G1 X-13.802 Y-4.648
G1 X-14.086 Y-4.601
G1 X-14.229 Y-4.695
G1 X-14.371 Y-4.553
G1 X-14.987 Y-4.601
G1 X-15.177 Y-4.553
G1 X-15.177 Y-4.411
G1 X-14.798 Y-4.126
G1 X-14.703 Y-4.174
G1 X-13.849 Y-4.079
M5
G0 X-14.134 Y-3.842 F2500
M3 S320
G1 F1000
G1 X-14.086 Y-3.747
G1 X-13.991 Y-3.842
M5
G0 X-14.323 Y-3.984 F2500
M3 S320
G1 F1000
G1 X-14.181 Y-3.794
G1 X-14.039 Y-3.889
G1 X-13.991 Y-4.079
G1 X-14.134 Y-4.126
G1 X-14.323 Y-4.079
M5
G0 X-14.655 Y-4.553 F2500
M3 S320
G1 F1000
G1 X-14.371 Y-4.553
G1 X-14.229 Y-4.695
G1 X-14.323 Y-5.312
G1 X-14.323 Y-6.972
G1 X-15.225 Y-7.494
G1 X-15.936 Y-8.205
G1 X-15.130 Y-7.446
G1 X-14.466 Y-7.067
G1 X-14.276 Y-7.019
G1 X-13.327 Y-7.541
G1 X-12.758 Y-8.110
G1 X-12.663 Y-8.300
G1 X-12.948 Y-7.873
G1 X-13.327 Y-7.541
G1 X-14.323 Y-6.972
G1 X-14.323 Y-5.312
G1 X-14.229 Y-4.743
G1 X-14.134 Y-4.743
G1 X-14.086 Y-4.648
G1 X-13.802 Y-4.648
G1 X-13.849 Y-4.790
G1 X-13.280 Y-5.502
G1 X-12.663 Y-6.782
G1 X-12.331 Y-7.873
G1 X-12.189 Y-8.585
G1 X-12.284 Y-8.822
G1 X-12.663 Y-8.585
G1 X-13.612 Y-8.347
G1 X-14.987 Y-8.347
G1 X-15.651 Y-8.490
G1 X-15.983 Y-8.632
G1 X-16.315 Y-8.869
G1 X-16.458 Y-8.822
G1 X-16.268 Y-7.731
G1 X-15.794 Y-6.308
G1 X-15.367 Y-5.502
G1 X-15.130 Y-5.170
G1 X-14.750 Y-4.790
M5
G0 X-14.703 Y-4.601 F2500
M3 S320
G1 F1000
G1 X-14.703 Y-4.695
G1 X-15.035 Y-5.027
G1 X-15.367 Y-5.502
G1 X-15.794 Y-6.308
G1 X-16.268 Y-7.731
G1 X-16.505 Y-8.917
G1 X-17.311 Y-8.632
G1 X-18.213 Y-8.632
G1 X-18.734 Y-8.774
G1 X-19.493 Y-9.249
G1 X-19.541 Y-9.059
G1 X-19.114 Y-8.110
G1 X-18.592 Y-7.209
G1 X-18.070 Y-6.545
G1 X-17.169 Y-5.691
G1 X-16.600 Y-5.265
G1 X-16.363 Y-5.170
G1 X-16.221 Y-4.933
G1 X-15.557 Y-4.695
G1 X-15.319 Y-4.743
G1 X-15.272 Y-4.838
G1 X-15.319 Y-4.980
G1 X-15.746 Y-5.265
G1 X-16.410 Y-5.929
G1 X-16.695 Y-6.308
G1 X-17.122 Y-7.019
G1 X-17.406 Y-7.683
G1 X-18.355 Y-8.063
G1 X-18.687 Y-8.300
G1 X-18.971 Y-8.585
G1 X-18.971 Y-8.679
G1 X-18.307 Y-8.063
G1 X-17.454 Y-7.683
G1 X-17.359 Y-7.683
G1 X-17.027 Y-8.015
G1 X-16.742 Y-8.490
G1 X-17.027 Y-8.015
G1 X-17.359 Y-7.683
G1 X-17.359 Y-7.541
G1 X-17.217 Y-7.209
G1 X-16.695 Y-6.308
G1 X-16.363 Y-5.881
G1 X-15.841 Y-5.359
G1 X-15.177 Y-4.885
G1 X-15.035 Y-4.601
G1 X-14.940 Y-4.553
M5
G0 X-15.130 Y-4.601 F2500
M3 S320
G1 F1000
G1 X-15.082 Y-4.695
G1 X-15.225 Y-4.885
G1 X-15.319 Y-4.790
G1 X-15.272 Y-4.648
M5
G0 X-16.221 Y-4.980 F2500
M3 S320
G1 F1000
G1 X-16.363 Y-5.170
G1 X-16.600 Y-5.265
G1 X-17.264 Y-5.739
G1 X-18.213 Y-6.687
G1 X-19.019 Y-7.921
G1 X-19.351 Y-8.585
G1 X-19.588 Y-9.249
G1 X-20.062 Y-9.106
G1 X-20.584 Y-9.106
G1 X-21.106 Y-9.249
G1 X-21.485 Y-9.486
G1 X-21.627 Y-9.438
G1 X-21.627 Y-9.343
G1 X-21.295 Y-8.679
G1 X-20.821 Y-7.968
G1 X-20.347 Y-7.351
G1 X-19.493 Y-6.498
G1 X-18.450 Y-5.739
G1 X-17.643 Y-5.312
G1 X-16.458 Y-4.885
M5
G0 X-17.169 Y-5.407 F2500
M3 S320
G1 F1000
G1 X-17.359 Y-5.454
G1 X-17.786 Y-5.739
G1 X-18.687 Y-6.498
G1 X-19.635 Y-7.636
G1 X-20.015 Y-8.300
G1 X-20.869 Y-8.774
G1 X-21.201 Y-9.106
G1 X-20.726 Y-8.679
G1 X-20.015 Y-8.347
G1 X-20.015 Y-8.253
G1 X-19.588 Y-7.589
G1 X-18.971 Y-6.830
G1 X-17.833 Y-5.786
G1 X-17.501 Y-5.549
M5
G0 X-14.798 Y-3.083 F2500
M3 S320
G1 F1000
G1 X-14.513 Y-2.846
G1 X-14.276 Y-2.893
G1 X-14.039 Y-2.846
G1 X-13.659 Y-3.367
G1 X-13.707 Y-3.557
G1 X-13.802 Y-3.557
G1 X-13.659 Y-3.605
G1 X-13.707 Y-3.937
G1 X-13.897 Y-3.842
G1 X-13.849 Y-3.699
G1 X-13.944 Y-3.605
G1 X-14.371 Y-3.889
G1 X-14.371 Y-4.126
G1 X-14.750 Y-4.174
G1 X-14.845 Y-4.079
G1 X-14.987 Y-3.652
G1 X-14.940 Y-3.320
M5
G0 X-14.513 Y-2.703 F2500
M3 S320
G1 F1000
G1 X-14.418 Y-2.609
G1 X-14.086 Y-2.656
G1 X-14.134 Y-2.846
G1 X-14.276 Y-2.893
G1 X-14.513 Y-2.846
M5
G0 X-14.276 Y-2.134 F2500
M3 S320
G1 F1000
G1 X-14.134 Y-2.277
G1 X-14.181 Y-2.609
G1 X-14.466 Y-2.561
G1 X-14.466 Y-2.277
M5
G0 X-14.276 Y-2.134 F2500
M3 S320
G1 F1000
G1 X-14.418 Y-2.182
G1 X-14.466 Y-2.277
G1 X-14.513 Y-2.798
G1 X-14.845 Y-3.130
G1 X-14.940 Y-3.320
G1 X-14.987 Y-3.652
G1 X-14.845 Y-3.984
G1 X-14.893 Y-4.221
G1 X-15.130 Y-4.316
G1 X-15.225 Y-4.648
G1 X-15.746 Y-4.743
G1 X-16.078 Y-4.885
G1 X-16.458 Y-4.885
G1 X-17.454 Y-5.217
G1 X-18.260 Y-5.597
G1 X-18.971 Y-6.071
G1 X-19.778 Y-6.735
G1 X-20.584 Y-7.636
G1 X-21.438 Y-8.917
G1 X-21.580 Y-9.201
G1 X-21.627 Y-9.486
G1 X-21.770 Y-9.675
G1 X-22.007 Y-10.434
G1 X-21.959 Y-11.146
G1 X-22.054 Y-11.241
G1 X-22.149 Y-11.715
G1 X-22.149 Y-11.999
G1 X-22.054 Y-12.189
G1 X-21.959 Y-12.237
G1 X-21.485 Y-12.189
G1 X-21.438 Y-12.426
G1 X-21.343 Y-12.521
G1 X-21.106 Y-12.521
G1 X-20.916 Y-12.189
G1 X-20.916 Y-11.905
G1 X-20.963 Y-11.857
G1 X-20.916 Y-11.573
G1 X-20.821 Y-11.573
G1 X-20.726 Y-11.478
G1 X-20.537 Y-11.478
G1 X-20.537 Y-11.810
G1 X-20.679 Y-12.142
G1 X-20.679 Y-12.616
G1 X-20.442 Y-12.758
G1 X-20.347 Y-12.711
G1 X-20.252 Y-12.521
G1 X-20.299 Y-11.810
G1 X-20.205 Y-11.525
G1 X-19.730 Y-11.573
G1 X-19.493 Y-11.430
G1 X-19.351 Y-11.573
G1 X-19.351 Y-11.999
G1 X-19.446 Y-12.142
G1 X-19.493 Y-12.806
G1 X-19.398 Y-12.948
G1 X-19.161 Y-12.995
G1 X-19.066 Y-12.901
G1 X-19.114 Y-11.810
G1 X-19.019 Y-11.573
G1 X-18.877 Y-11.478
G1 X-18.639 Y-11.430
G1 X-18.307 Y-11.478
G1 X-18.497 Y-12.948
G1 X-18.307 Y-13.138
G1 X-18.070 Y-13.138
G1 X-18.023 Y-12.995
G1 X-18.023 Y-11.478
G1 X-17.311 Y-11.573
G1 X-17.217 Y-11.667
G1 X-17.359 Y-11.905
G1 X-17.359 Y-12.237
G1 X-17.454 Y-12.331
G1 X-17.549 Y-13.090
G1 X-17.454 Y-13.280
G1 X-17.074 Y-13.233
G1 X-17.074 Y-12.521
G1 X-17.122 Y-12.474
G1 X-17.074 Y-11.715
G1 X-16.932 Y-11.715
G1 X-16.458 Y-11.952
G1 X-16.410 Y-12.426
G1 X-16.553 Y-12.948
G1 X-16.505 Y-13.375
G1 X-16.126 Y-13.375
G1 X-16.078 Y-13.280
G1 X-16.078 Y-12.711
G1 X-16.173 Y-12.521
G1 X-16.173 Y-12.094
G1 X-16.126 Y-11.999
G1 X-15.557 Y-11.762
G1 X-15.225 Y-11.810
G1 X-15.367 Y-12.901
G1 X-15.367 Y-13.375
G1 X-15.272 Y-13.470
G1 X-14.987 Y-13.422
G1 X-14.940 Y-13.327
G1 X-14.940 Y-12.569
G1 X-14.987 Y-12.521
G1 X-14.940 Y-11.715
G1 X-14.703 Y-11.715
G1 X-14.608 Y-11.810
G1 X-14.655 Y-19.493
G1 X-14.798 Y-19.683
G1 X-14.750 Y-21.627
G1 X-14.845 Y-21.817
G1 X-14.750 Y-22.007
G1 X-14.561 Y-22.102
G1 X-14.086 Y-22.102
G1 X-13.944 Y-22.054
G1 X-13.802 Y-21.865
G1 X-13.849 Y-21.675
G1 X-13.944 Y-21.580
G1 X-13.897 Y-19.635
G1 X-13.991 Y-19.493
G1 X-13.944 Y-11.667
G1 X-13.707 Y-11.667
G1 X-13.517 Y-11.762
G1 X-13.612 Y-11.999
G1 X-13.565 Y-12.331
G1 X-13.659 Y-12.474
G1 X-13.707 Y-12.853
G1 X-13.659 Y-13.422
G1 X-13.280 Y-13.375
G1 X-13.233 Y-13.233
G1 X-13.233 Y-12.663
G1 X-13.327 Y-12.331
G1 X-13.280 Y-11.762
G1 X-13.138 Y-11.762
G1 X-12.521 Y-11.999
G1 X-12.426 Y-12.379
G1 X-12.521 Y-12.758
G1 X-12.521 Y-13.280
G1 X-12.474 Y-13.375
G1 X-12.284 Y-13.470
G1 X-12.142 Y-13.422
G1 X-12.094 Y-13.327
G1 X-12.094 Y-12.711
G1 X-12.142 Y-12.474
G1 X-12.237 Y-12.379
G1 X-12.189 Y-11.999
G1 X-12.094 Y-11.905
G1 X-11.573 Y-11.667
G1 X-11.430 Y-11.762
G1 X-11.525 Y-12.047
G1 X-11.478 Y-12.284
G1 X-11.573 Y-12.569
G1 X-11.573 Y-13.233
G1 X-11.478 Y-13.327
G1 X-11.241 Y-13.327
G1 X-11.146 Y-13.233
G1 X-11.146 Y-12.521
G1 X-11.241 Y-12.237
G1 X-11.241 Y-11.857
G1 X-11.335 Y-11.667
G1 X-11.241 Y-11.573
G1 X-10.814 Y-11.478
G1 X-10.529 Y-11.525
G1 X-10.482 Y-11.952
G1 X-10.529 Y-12.995
G1 X-10.339 Y-13.138
G1 X-10.197 Y-13.138
G1 X-10.102 Y-13.043
G1 X-10.150 Y-12.331
G1 X-10.245 Y-12.047
G1 X-10.245 Y-11.430
G1 X-9.818 Y-11.430
G1 X-9.581 Y-11.525
G1 X-9.486 Y-11.952
G1 X-9.533 Y-12.806
G1 X-9.391 Y-12.948
G1 X-9.249 Y-12.995
G1 X-9.106 Y-12.948
G1 X-9.059 Y-12.758
G1 X-9.154 Y-12.094
G1 X-9.249 Y-11.905
G1 X-9.201 Y-11.478
G1 X-9.106 Y-11.430
G1 X-8.869 Y-11.573
G1 X-8.395 Y-11.525
G1 X-8.300 Y-11.762
G1 X-8.395 Y-11.999
G1 X-8.395 Y-12.569
G1 X-8.347 Y-12.663
G1 X-8.063 Y-12.711
G1 X-7.968 Y-12.521
G1 X-7.921 Y-12.189
G1 X-8.015 Y-11.762
G1 X-7.968 Y-11.478
G1 X-7.636 Y-11.573
G1 X-7.731 Y-11.810
G1 X-7.731 Y-12.379
G1 X-7.589 Y-12.521
G1 X-7.257 Y-12.474
G1 X-7.162 Y-12.094
G1 X-7.067 Y-12.094
G1 X-6.972 Y-12.189
G1 X-6.593 Y-12.142
G1 X-6.545 Y-12.047
G1 X-6.545 Y-11.620
G1 X-6.735 Y-11.051
G1 X-6.640 Y-10.671
G1 X-6.687 Y-10.150
G1 X-6.972 Y-9.581
G1 X-6.972 Y-9.391
G1 X-7.399 Y-8.537
G1 X-8.158 Y-7.494
G1 X-9.106 Y-6.498
G1 X-10.339 Y-5.644
G1 X-11.193 Y-5.217
G1 X-12.142 Y-4.885
G1 X-12.758 Y-4.838
G1 X-13.043 Y-4.743
G1 X-13.375 Y-4.743
G1 X-13.565 Y-4.648
G1 X-13.565 Y-4.363
G1 X-13.754 Y-4.174
G1 X-13.754 Y-3.937
G1 X-13.659 Y-3.889
G1 X-13.659 Y-3.367
G1 X-14.086 Y-2.798
G1 X-14.134 Y-2.277
M5
G0 X-15.651 Y1.707 F2500
M3 S320
G1 F1000
G1 X-15.557 Y1.802
G1 X-11.525 Y1.755
G1 X-11.620 Y0.237
G1 X-15.651 Y0.332
G1 X-15.604 Y0.664
G1 X-11.762 Y0.664
G1 X-15.651 Y0.617
G1 X-15.699 Y1.518
M5
G0 X-15.936 Y1.992 F2500
M3 S320
G1 F1000
G1 X-15.699 Y1.992
G1 X-15.604 Y1.897
G1 X-15.699 Y1.518
G1 X-15.699 Y0.617
G1 X-15.604 Y0.285
G1 X-15.699 Y0.047
G1 X-16.078 Y0.095
G1 X-16.126 Y0.474
G1 X-16.078 Y1.850
M5
G0 X-16.315 Y1.992 F2500
M3 S320
G1 F1000
G1 X-16.126 Y1.992
G1 X-16.031 Y1.897
G1 X-16.126 Y1.423
G1 X-16.078 Y0.427
G1 X-16.126 Y0.047
G1 X-16.458 Y0.095
G1 X-16.505 Y0.190
G1 X-16.505 Y1.755
M5
G0 X-17.549 Y1.755 F2500
M3 S320
G1 F1000
G1 X-16.505 Y1.755
G1 X-16.553 Y0.190
G1 X-17.549 Y0.285
G1 X-17.643 Y0.569
G1 X-17.643 Y1.470
M5
G0 X-17.833 Y1.992 F2500
M3 S320
G1 F1000
G1 X-17.596 Y1.945
G1 X-17.549 Y1.850
G1 X-17.643 Y1.470
G1 X-17.643 Y0.569
G1 X-17.549 Y0.095
G1 X-17.881 Y0.047
G1 X-18.023 Y0.190
G1 X-18.070 Y0.332
G1 X-18.023 Y0.664
G1 X-18.070 Y1.518
G1 X-18.023 Y1.802
M5
G0 X-18.213 Y1.850 F2500
M3 S320
G1 F1000
G1 X-18.023 Y1.802
G1 X-18.023 Y0.379
G1 X-18.118 Y0.285
G1 X-18.545 Y0.427
G1 X-18.782 Y0.664
G1 X-18.877 Y0.854
G1 X-18.877 Y1.233
G1 X-18.592 Y1.660
M5
G0 X-18.877 Y0.806 F2500
M3 S320
G1 F1000
G1 X-18.592 Y0.427
G1 X-18.118 Y0.285
G1 X-17.881 Y0.047
G1 X-17.549 Y0.095
G1 X-17.454 Y0.237
G1 X-16.837 Y0.237
G1 X-16.505 Y0.190
G1 X-16.458 Y0.095
G1 X-15.651 Y0.095
G1 X-15.651 Y0.190
G1 X-15.557 Y0.285
G1 X-12.142 Y0.285
G1 X-11.620 Y0.237
G1 X-11.478 Y0.047
G1 X-11.193 Y-0.047
G1 X-10.719 Y-0.047
G1 X-10.671 Y-0.237
G1 X-10.339 Y-0.427
G1 X-10.102 Y-0.664
G1 X-10.102 Y-1.043
G1 X-10.007 Y-1.138
G1 X-9.865 Y-1.138
G1 X-9.675 Y-1.233
G1 X-9.628 Y-1.660
G1 X-9.438 Y-1.945
G1 X-9.249 Y-1.992
G1 X-9.154 Y-2.229
G1 X-9.201 Y-3.178
G1 X-9.154 Y-3.842
G1 X-8.917 Y-3.984
G1 X-8.679 Y-3.984
G1 X-8.537 Y-3.842
G1 X-7.683 Y-3.794
G1 X-7.209 Y-3.889
G1 X-7.257 Y-4.695
G1 X-7.446 Y-5.027
G1 X-7.683 Y-5.265
G1 X-7.636 Y-5.549
G1 X-6.640 Y-5.549
G1 X-6.261 Y-5.407
G1 X-5.929 Y-5.027
G1 X-5.502 Y-4.126
G1 X-5.502 Y-3.984
G1 X-5.407 Y-3.794
G1 X5.549 Y-3.842
G1 X5.549 Y-4.031
G1 X5.691 Y-4.458
G1 X5.929 Y-4.933
G1 X6.308 Y-5.407
G1 X6.735 Y-5.597
G1 X7.731 Y-5.597
G1 X7.826 Y-5.549
G1 X7.826 Y-5.359
G1 X7.399 Y-4.885
G1 X7.257 Y-4.363
G1 X7.257 Y-3.984
G1 X7.351 Y-3.889
G1 X7.683 Y-3.889
G1 X7.778 Y-3.794
G1 X8.442 Y-3.794
G1 X8.632 Y-3.937
G1 X9.154 Y-3.889
G1 X9.154 Y-2.087
G1 X9.486 Y-1.850
G1 X9.675 Y-1.138
G1 X9.960 Y-1.138
G1 X10.055 Y-1.043
G1 X10.055 Y-0.617
G1 X10.197 Y-0.474
G1 X10.482 Y-0.332
G1 X10.719 Y-0.047
G1 X11.146 Y-0.095
G1 X11.478 Y0.047
G1 X11.478 Y0.142
G1 X11.573 Y0.237
G1 X12.853 Y0.190
G1 X12.901 Y0.237
G1 X13.849 Y0.237
G1 X14.134 Y0.000
G1 X14.893 Y0.095
G1 X14.940 Y0.285
G1 X15.557 Y0.379
G1 X15.841 Y0.617
G1 X16.031 Y0.617
G1 X16.173 Y0.711
G1 X16.268 Y0.901
G1 X16.837 Y1.233
G1 X17.596 Y1.945
G1 X18.165 Y2.324
G1 X18.639 Y2.466
G1 X18.924 Y2.466
G1 X19.635 Y2.324
G1 X19.920 Y2.324
G1 X20.252 Y2.419
G1 X20.537 Y2.751
G1 X20.584 Y3.225
G1 X20.489 Y3.462
G1 X20.205 Y3.747
G1 X19.920 Y3.889
G1 X19.683 Y3.937
G1 X19.541 Y3.889
G1 X19.066 Y4.031
G1 X18.829 Y4.031
G1 X18.734 Y3.937
G1 X18.165 Y3.889
G1 X17.643 Y3.747
G1 X17.359 Y3.605
G1 X16.600 Y3.083
G1 X15.794 Y2.324
G1 X15.130 Y1.897
G1 X14.940 Y1.897
G1 X14.845 Y2.039
G1 X14.608 Y2.087
G1 X14.086 Y2.039
G1 X13.991 Y1.897
G1 X13.565 Y1.802
G1 X11.478 Y1.850
G1 X11.478 Y1.945
G1 X11.383 Y2.039
G1 X10.671 Y2.087
G1 X10.482 Y2.277
G1 X10.102 Y2.324
G1 X10.055 Y2.893
G1 X9.628 Y2.988
G1 X9.533 Y3.605
G1 X9.154 Y3.557
G1 X9.106 Y4.838
G1 X9.201 Y4.980
G1 X9.438 Y4.933
G1 X9.818 Y4.743
G1 X9.960 Y4.743
G1 X10.150 Y4.838
G1 X10.245 Y4.980
G1 X10.292 Y5.170
G1 X10.245 Y5.359
G1 X9.723 Y5.691
G1 X8.300 Y6.261
G1 X6.830 Y6.735
G1 X5.170 Y7.162
G1 X4.174 Y7.351
G1 X2.514 Y7.589
G1 X0.142 Y7.731
G1 X-1.328 Y7.683
G1 X-3.510 Y7.446
G1 X-5.312 Y7.114
G1 X-6.450 Y6.830
G1 X-8.015 Y6.355
G1 X-10.150 Y5.454
G1 X-10.292 Y5.312
G1 X-10.292 Y5.027
G1 X-10.055 Y4.695
G1 X-9.818 Y4.695
G1 X-9.438 Y4.933
G1 X-9.201 Y4.885
G1 X-9.249 Y3.605
G1 X-9.533 Y3.557
G1 X-9.628 Y3.415
G1 X-9.628 Y3.035
G1 X-9.770 Y2.893
G1 X-10.102 Y2.846
G1 X-10.102 Y2.419
G1 X-10.245 Y2.277
G1 X-10.624 Y2.229
G1 X-10.719 Y2.087
G1 X-11.335 Y2.039
G1 X-11.478 Y1.850
G1 X-15.604 Y1.850
G1 X-15.699 Y1.992
G1 X-15.983 Y1.945
G1 X-16.315 Y1.992
G1 X-16.505 Y1.802
G1 X-17.501 Y1.802
G1 X-17.596 Y1.945
G1 X-17.833 Y1.992
G1 X-17.975 Y1.850
G1 X-18.213 Y1.850
G1 X-18.497 Y1.755
G1 X-18.782 Y1.470
G1 X-18.877 Y1.233
M5
G0 X-24.236 Y-2.609 F2500
M3 S320
G1 F1000
G1 X-24.615 Y-3.320
M5
G0 X-24.853 Y-3.699 F2500
M3 S320
G1 F1000
G1 X-24.947 Y-3.937
G1 X-25.469 Y-4.743
G1 X-26.181 Y-5.644
G1 X-26.133 Y-7.446
G1 X-26.038 Y-8.585
G1 X-25.659 Y-11.193
G1 X-26.038 Y-8.585
G1 X-26.133 Y-7.446
G1 X-26.181 Y-5.644
G1 X-25.564 Y-4.885
G1 X-24.900 Y-3.889
M5
G0 X-25.137 Y-3.605 F2500
M3 S320
G1 F1000
G1 X-25.896 Y-4.790
G1 X-26.465 Y-5.454
G1 X-26.418 Y-7.778
G1 X-26.133 Y-10.387
G1 X-25.564 Y-12.948
G1 X-24.853 Y-15.035
G1 X-24.094 Y-16.695
G1 X-23.335 Y-18.070
G1 X-22.955 Y-18.639
G1 X-23.762 Y-17.311
G1 X-24.521 Y-15.794
G1 X-24.900 Y-14.893
G1 X-25.517 Y-13.090
G1 X-26.133 Y-10.387
G1 X-26.418 Y-7.778
G1 X-26.465 Y-5.454
G1 X-26.086 Y-5.075
G1 X-25.659 Y-4.506
M5
G0 X-19.635 Y-9.296 F2500
M3 S320
G1 F1000
G1 X-19.635 Y-9.628
G1 X-19.730 Y-10.102
G1 X-20.015 Y-10.007
G1 X-20.252 Y-10.007
G1 X-20.489 Y-10.150
G1 X-20.584 Y-10.055
G1 X-21.011 Y-10.055
G1 X-21.201 Y-10.150
G1 X-21.390 Y-10.387
G1 X-21.580 Y-10.434
G1 X-21.722 Y-10.577
G1 X-22.007 Y-10.529
G1 X-21.959 Y-10.245
G1 X-21.675 Y-9.533
G1 X-21.485 Y-9.486
G1 X-21.106 Y-9.249
G1 X-20.584 Y-9.106
G1 X-20.062 Y-9.106
G1 X-19.730 Y-9.201
M5
G0 X-21.438 Y8.727 F2500
M3 S320
G1 F1000
G1 X21.438 Y8.679
G1 X21.343 Y7.351
G1 X21.390 Y4.411
G1 X21.580 Y2.656
G1 X21.865 Y1.043
G1 X22.386 Y-0.854
G1 X23.050 Y-2.656
G1 X23.904 Y-4.316
G1 X25.090 Y-6.023
G1 X24.947 Y-8.822
G1 X24.758 Y-10.245
G1 X24.521 Y-11.478
G1 X24.141 Y-12.901
G1 X23.714 Y-14.181
G1 X23.193 Y-15.462
G1 X22.434 Y-16.932
G1 X21.485 Y-18.402
G1 X20.537 Y-19.588
G1 X19.493 Y-20.631
G1 X18.877 Y-21.153
G1 X17.501 Y-22.102
G1 X15.841 Y-22.861
G1 X14.134 Y-23.287
G1 X13.185 Y-23.382
G1 X12.284 Y-23.382
G1 X10.909 Y-23.193
G1 X10.766 Y-23.382
G1 X10.766 Y-23.572
G1 X10.624 Y-23.999
G1 X10.197 Y-24.805
G1 X9.818 Y-25.279
G1 X9.106 Y-25.896
G1 X8.585 Y-26.228
G1 X7.873 Y-26.560
G1 X4.411 Y-27.746
G1 X2.419 Y-28.647
G1 X1.375 Y-29.311
G1 X0.711 Y-29.833
G1 X0.095 Y-30.449
G1 X-0.047 Y-30.497
G1 X-1.091 Y-29.548
G1 X-2.609 Y-28.552
G1 X-4.174 Y-27.841
G1 X-7.873 Y-26.560
G1 X-8.585 Y-26.228
G1 X-9.249 Y-25.801
G1 X-9.960 Y-25.137
G1 X-10.292 Y-24.710
G1 X-10.624 Y-24.094
G1 X-10.909 Y-23.193
G1 X-12.379 Y-23.382
G1 X-13.138 Y-23.382
G1 X-14.371 Y-23.240
G1 X-15.367 Y-23.003
G1 X-16.078 Y-22.766
G1 X-17.596 Y-22.054
G1 X-18.971 Y-21.106
G1 X-20.442 Y-19.730
G1 X-21.722 Y-18.118
G1 X-22.671 Y-16.600
G1 X-23.525 Y-14.798
G1 X-24.283 Y-12.616
G1 X-24.758 Y-10.577
G1 X-24.995 Y-8.917
G1 X-25.090 Y-7.826
G1 X-25.090 Y-6.925
G1 X-25.137 Y-6.877
G1 X-25.137 Y-6.023
G1 X-23.951 Y-4.316
G1 X-23.050 Y-2.514
G1 X-22.529 Y-1.138
G1 X-21.865 Y1.375
G1 X-21.627 Y2.703
G1 X-21.390 Y5.170
G1 X-21.390 Y7.494
G1 X-21.438 Y8.110
G1 X-21.485 Y8.158
M5
G0 X-19.730 Y15.841 F2500
M3 S320
G1 F1000
G1 X-19.778 Y15.225
M5
G0 X-19.588 Y16.885 F2500
M3 S320
G1 F1000
G1 X-19.683 Y15.936
M5
G0 X-18.165 Y16.221 F2500
M3 S320
G1 F1000
G1 X-17.738 Y16.173
M5
G0 X-17.311 Y16.790 F2500
M3 S320
G1 F1000
G1 X-18.165 Y16.742
M5
G0 X-17.359 Y17.359 F2500
M3 S320
G1 F1000
G1 X-18.118 Y17.311
M5
G0 X-16.600 Y17.549 F2500
M3 S320
G1 F1000
G1 X-16.979 Y17.454
M5
G0 X-16.458 Y16.979 F2500
M3 S320
G1 F1000
G1 X-17.169 Y16.790
M5
G0 X-16.790 Y16.315 F2500
M3 S320
G1 F1000
G1 X-17.169 Y16.221
M5
G0 X-16.553 Y14.845 F2500
M3 S320
G1 F1000
G1 X-16.363 Y14.845
G1 X-15.983 Y14.987
G1 X-15.225 Y15.130
G1 X-14.418 Y15.130
G1 X-13.375 Y14.893
G1 X-12.663 Y14.466
G1 X-12.806 Y14.608
G1 X-12.901 Y14.608
G1 X-13.375 Y14.893
G1 X-14.418 Y15.130
G1 X-15.604 Y15.082
G1 X-16.173 Y14.893
M5
G0 X-16.505 Y14.513 F2500
M3 S320
G1 F1000
G1 X-15.509 Y14.750
G1 X-14.229 Y14.750
G1 X-13.422 Y14.513
G1 X-12.758 Y14.181
G1 X-13.185 Y14.418
G1 X-14.181 Y14.750
G1 X-15.509 Y14.750
M5
G0 X-15.462 Y13.897 F2500
M3 S320
G1 F1000
G1 X-15.272 Y13.944
G1 X-14.845 Y13.897
G1 X-14.893 Y13.565
G1 X-15.509 Y13.612
M5
G0 X-15.509 Y13.849 F2500
M3 S320
G1 F1000
G1 X-15.557 Y13.565
G1 X-16.221 Y13.517
G1 X-16.315 Y13.612
G1 X-16.315 Y13.707
G1 X-16.221 Y13.802
G1 X-15.746 Y13.897
M5
G0 X-16.315 Y14.229 F2500
M3 S320
G1 F1000
G1 X-15.509 Y14.371
G1 X-14.371 Y14.371
G1 X-13.897 Y14.276
G1 X-13.138 Y13.991
G1 X-13.897 Y14.276
G1 X-14.371 Y14.371
G1 X-15.509 Y14.371
M5
G0 X-14.845 Y13.612 F2500
M3 S320
G1 F1000
G1 X-14.798 Y13.944
G1 X-14.513 Y13.944
G1 X-14.323 Y13.849
G1 X-14.276 Y13.707
G1 X-14.371 Y13.612
G1 X-14.703 Y13.565
M5
G0 X-14.276 Y13.707 F2500
M3 S320
G1 F1000
G1 X-14.134 Y13.849
G1 X-13.849 Y13.802
G1 X-13.802 Y13.659
G1 X-13.897 Y13.565
G1 X-14.134 Y13.565
M5
G0 X-12.806 Y13.565 F2500
M3 S320
G1 F1000
G1 X-12.711 Y13.659
G1 X-12.569 Y13.612
G1 X-12.569 Y13.517
G1 X-12.331 Y13.327
G1 X-12.663 Y13.280
G1 X-12.806 Y13.470
M5
G0 X-12.616 Y13.280 F2500
M3 S320
G1 F1000
G1 X-12.379 Y13.233
G1 X-12.521 Y12.663
G1 X-12.758 Y12.711
G1 X-12.901 Y12.806
M5
G0 X-12.142 Y13.280 F2500
M3 S320
G1 F1000
G1 X-12.189 Y12.901
G1 X-12.142 Y12.711
G1 X-12.474 Y12.711
G1 X-12.474 Y12.995
G1 X-12.379 Y13.233
G1 X-12.284 Y13.327
M5
G0 X-11.952 Y13.327 F2500
M3 S320
G1 F1000
G1 X-11.667 Y13.280
G1 X-11.715 Y12.806
G1 X-11.857 Y12.711
G1 X-11.905 Y12.853
G1 X-11.952 Y12.711
G1 X-12.142 Y12.901
G1 X-11.999 Y13.280
G1 X-11.999 Y12.901
M5
G0 X-11.525 Y12.663 F2500
M3 S320
G1 F1000
G1 X-11.620 Y12.569
G1 X-11.810 Y12.569
G1 X-11.905 Y12.663
G1 X-11.667 Y12.806
M5
G0 X-11.620 Y13.327 F2500
M3 S320
G1 F1000
G1 X-11.146 Y13.280
G1 X-10.956 Y13.090
G1 X-10.861 Y12.711
G1 X-11.003 Y12.616
G1 X-11.241 Y12.663
G1 X-11.146 Y12.901
G1 X-11.193 Y12.711
G1 X-11.288 Y12.616
G1 X-11.525 Y12.711
G1 X-11.430 Y12.758
G1 X-11.430 Y12.853
G1 X-11.525 Y12.853
G1 X-11.573 Y12.711
G1 X-11.667 Y12.806
M5
G0 X-11.098 Y13.233 F2500
M3 S320
G1 F1000
G1 X-10.577 Y13.280
G1 X-10.482 Y13.185
G1 X-10.482 Y13.043
G1 X-10.387 Y12.901
G1 X-10.671 Y12.711
G1 X-10.909 Y12.758
G1 X-10.956 Y13.090
M5
G0 X-10.814 Y13.565 F2500
M3 S320
G1 F1000
G1 X-10.861 Y13.280
G1 X-11.051 Y13.327
M5
G0 X-10.814 Y13.707 F2500
M3 S320
G1 F1000
G1 X-10.814 Y13.612
G1 X-11.051 Y13.327
G1 X-11.430 Y13.280
G1 X-11.525 Y13.375
G1 X-11.288 Y13.565
G1 X-11.193 Y13.802
G1 X-11.003 Y13.802
M5
G0 X-11.241 Y13.849 F2500
M3 S320
G1 F1000
G1 X-11.241 Y13.659
G1 X-11.478 Y13.422
G1 X-11.478 Y13.849
G1 X-11.383 Y13.897
M5
G0 X-11.620 Y13.991 F2500
M3 S320
G1 F1000
G1 X-11.383 Y13.991
G1 X-11.430 Y13.849
G1 X-11.573 Y13.897
M5
G0 X-11.573 Y14.086 F2500
M3 S320
G1 F1000
G1 X-10.861 Y14.845
G1 X-10.529 Y15.082
G1 X-9.960 Y15.367
G1 X-9.296 Y15.557
G1 X-8.300 Y15.604
G1 X-7.399 Y15.462
G1 X-6.545 Y15.177
G1 X-4.885 Y14.893
G1 X-3.842 Y14.940
G1 X-3.510 Y14.608
G1 X-3.510 Y14.418
G1 X-4.221 Y14.418
G1 X-4.838 Y14.513
G1 X-4.221 Y14.418
G1 X-3.415 Y14.418
G1 X-3.178 Y14.276
G1 X-3.178 Y14.086
G1 X-3.889 Y14.086
G1 X-5.170 Y14.229
G1 X-3.889 Y14.086
G1 X-3.083 Y14.134
G1 X-2.751 Y13.897
G1 X-2.846 Y13.802
G1 X-3.747 Y13.802
G1 X-4.363 Y13.849
G1 X-4.411 Y13.897
G1 X-4.933 Y13.897
G1 X-4.411 Y13.897
G1 X-4.363 Y13.849
G1 X-3.747 Y13.802
G1 X-2.751 Y13.849
G1 X-2.514 Y13.707
G1 X-2.277 Y13.659
G1 X-2.324 Y13.422
G1 X-2.751 Y13.375
G1 X-4.743 Y13.422
G1 X-5.217 Y13.517
G1 X-6.877 Y13.612
G1 X-7.399 Y13.849
G1 X-8.442 Y13.944
G1 X-9.438 Y13.849
G1 X-9.675 Y13.659
G1 X-10.245 Y13.565
G1 X-10.482 Y13.422
G1 X-10.624 Y13.470
G1 X-10.814 Y13.707
G1 X-11.003 Y13.802
G1 X-11.193 Y13.802
G1 X-11.430 Y14.039
M5
G0 X-11.762 Y14.039 F2500
M3 S320
G1 F1000
G1 X-11.667 Y14.039
G1 X-11.525 Y13.849
G1 X-11.573 Y13.327
G1 X-11.762 Y13.375
G1 X-11.810 Y13.849
M5
G0 X-11.810 Y13.802 F2500
M3 S320
G1 F1000
G1 X-11.905 Y13.375
G1 X-11.905 Y13.707
M5
G0 X-12.047 Y13.944 F2500
M3 S320
G1 F1000
G1 X-11.905 Y13.754
G1 X-11.952 Y13.327
G1 X-12.094 Y13.375
G1 X-12.189 Y13.802
M5
G0 X-12.237 Y13.849 F2500
M3 S320
G1 F1000
G1 X-12.094 Y13.707
G1 X-12.142 Y13.327
G1 X-12.284 Y13.375
G1 X-12.331 Y13.754
M5
G0 X-12.379 Y13.802 F2500
M3 S320
G1 F1000
G1 X-12.284 Y13.707
G1 X-12.331 Y13.327
G1 X-12.426 Y13.422
M5
G0 X-12.426 Y13.754 F2500
M3 S320
G1 F1000
G1 X-12.474 Y13.422
G1 X-12.569 Y13.517
G1 X-12.616 Y13.707
M5
G0 X-11.952 Y13.991 F2500
M3 S320
G1 F1000
G1 X-11.810 Y13.944
G1 X-11.857 Y13.754
G1 X-11.952 Y13.802
M5
G0 X-11.857 Y14.039 F2500
M3 S320
G1 F1000
G1 X-12.047 Y13.944
G1 X-12.189 Y13.944
G1 X-12.237 Y13.849
G1 X-12.616 Y13.754
G1 X-12.901 Y13.422
G1 X-12.995 Y13.422
G1 X-13.138 Y13.565
G1 X-13.754 Y13.659
G1 X-13.849 Y13.802
G1 X-14.181 Y13.849
G1 X-14.276 Y13.754
G1 X-14.371 Y13.897
G1 X-14.513 Y13.944
G1 X-15.272 Y13.944
G1 X-16.078 Y13.849
G1 X-16.600 Y13.612
G1 X-17.074 Y13.612
G1 X-17.454 Y13.517
G1 X-18.213 Y13.517
G1 X-18.782 Y13.422
G1 X-20.963 Y13.375
G1 X-21.058 Y13.470
G1 X-21.011 Y13.659
G1 X-20.821 Y13.707
G1 X-20.631 Y13.849
G1 X-19.635 Y13.802
G1 X-18.450 Y13.897
G1 X-19.635 Y13.802
G1 X-20.584 Y13.944
G1 X-20.584 Y13.991
G1 X-20.252 Y14.134
G1 X-18.971 Y14.134
G1 X-18.165 Y14.276
G1 X-18.971 Y14.134
G1 X-20.252 Y14.229
G1 X-20.015 Y14.418
G1 X-19.303 Y14.418
G1 X-18.355 Y14.513
G1 X-19.256 Y14.466
G1 X-19.303 Y14.418
G1 X-19.873 Y14.466
G1 X-19.873 Y14.608
G1 X-19.778 Y14.703
G1 X-19.635 Y14.750
G1 X-19.541 Y14.655
G1 X-19.635 Y14.750
G1 X-19.493 Y14.940
G1 X-17.738 Y14.987
G1 X-16.885 Y15.177
G1 X-16.173 Y15.414
G1 X-14.987 Y15.604
G1 X-14.086 Y15.557
G1 X-13.422 Y15.367
G1 X-13.043 Y15.177
G1 X-12.426 Y14.750
G1 X-12.142 Y14.466
M5
G0 X-10.909 Y14.134 F2500
M3 S320
G1 F1000
G1 X-10.339 Y14.655
G1 X-9.865 Y14.893
G1 X-8.964 Y15.130
G1 X-7.873 Y15.082
G1 X-6.782 Y14.798
G1 X-7.873 Y15.082
G1 X-8.964 Y15.130
G1 X-9.770 Y14.940
G1 X-10.339 Y14.655
M5
G0 X-10.434 Y14.229 F2500
M3 S320
G1 F1000
G1 X-9.818 Y14.561
G1 X-9.154 Y14.750
G1 X-7.968 Y14.750
G1 X-6.782 Y14.466
G1 X-7.968 Y14.750
G1 X-9.154 Y14.750
G1 X-9.818 Y14.561
M5
G0 X-10.055 Y14.086 F2500
M3 S320
G1 F1000
G1 X-9.249 Y14.371
G1 X-8.727 Y14.418
G1 X-7.921 Y14.371
G1 X-7.019 Y14.181
G1 X-7.921 Y14.371
G1 X-8.774 Y14.418
G1 X-9.249 Y14.371
M5
G0 X-9.106 Y13.849 F2500
M3 S320
G1 F1000
G1 X-9.106 Y13.707
G1 X-9.201 Y13.612
G1 X-9.438 Y13.612
G1 X-9.533 Y13.707
G1 X-9.486 Y13.802
G1 X-9.249 Y13.897
M5
G0 X-9.106 Y13.802 F2500
M3 S320
G1 F1000
G1 X-9.011 Y13.897
G1 X-8.063 Y13.944
G1 X-7.731 Y13.849
G1 X-7.826 Y13.565
G1 X-9.011 Y13.612
G1 X-9.106 Y13.707
M5
G0 X-7.778 Y13.612 F2500
M3 S320
G1 F1000
G1 X-7.731 Y13.849
G1 X-7.399 Y13.849
G1 X-7.162 Y13.754
G1 X-7.114 Y13.659
G1 X-7.209 Y13.565
M5
G0 X-7.019 Y16.458 F2500
M3 S320
G1 F1000
G1 X-6.403 Y16.268
G1 X-5.834 Y16.221
G1 X-6.355 Y16.268
M5
G0 X-6.118 Y16.837 F2500
M3 S320
G1 F1000
G1 X-5.549 Y16.742
M5
G0 X-6.782 Y16.932 F2500
M3 S320
G1 F1000
G1 X-6.261 Y16.837
M5
G0 X-6.877 Y17.596 F2500
M3 S320
G1 F1000
G1 X-6.687 Y17.501
G1 X-6.213 Y17.406
G1 X-5.644 Y17.406
G1 X-6.213 Y17.406
M5
G0 X-6.830 Y18.118 F2500
M3 S320
G1 F1000
G1 X-6.261 Y17.975
G1 X-5.786 Y17.975
G1 X-6.261 Y17.975
M5
G0 X-6.308 Y18.592 F2500
M3 S320
G1 F1000
G1 X-5.881 Y18.592
M5
G0 X-6.972 Y19.825 F2500
M3 S320
G1 F1000
G1 X-6.403 Y19.683
G1 X-5.691 Y19.683
G1 X-6.403 Y19.683
M5
G0 X-6.403 Y20.252 F2500
M3 S320
G1 F1000
G1 X-6.118 Y20.205
G1 X-5.786 Y20.252
G1 X-6.166 Y20.205
M5
G0 X-7.209 Y20.963 F2500
M3 S320
G1 F1000
G1 X-6.782 Y20.869
M5
G0 X-6.877 Y21.390 F2500
M3 S320
G1 F1000
G1 X-5.881 Y21.295
M5
G0 X-7.162 Y22.007 F2500
M3 S320
G1 F1000
G1 X-6.403 Y21.865
G1 X-5.929 Y21.865
G1 X-6.403 Y21.865
M5
G0 X-4.933 Y22.813 F2500
M3 S320
G1 F1000
G1 X-4.648 Y22.529
G1 X-4.695 Y22.102
G1 X-4.458 Y20.679
G1 X-4.506 Y21.201
G1 X-4.695 Y22.102
G1 X-4.601 Y22.481
G1 X-4.411 Y22.291
G1 X-4.458 Y22.102
G1 X-4.411 Y21.912
G1 X-4.363 Y22.244
G1 X-4.126 Y22.054
G1 X-4.126 Y21.817
G1 X-4.031 Y21.580
G1 X-3.984 Y21.201
G1 X-4.031 Y21.580
G1 X-4.126 Y21.817
G1 X-4.079 Y22.007
G1 X-3.937 Y22.007
G1 X-3.842 Y21.912
G1 X-3.747 Y21.627
G1 X-3.557 Y20.394
G1 X-3.320 Y19.398
G1 X-3.273 Y18.877
G1 X-3.035 Y17.881
G1 X-2.893 Y16.837
G1 X-2.656 Y15.841
G1 X-2.466 Y14.513
G1 X-2.277 Y13.754
G1 X-2.514 Y13.707
G1 X-2.751 Y13.897
G1 X-2.703 Y14.086
G1 X-2.798 Y14.561
G1 X-2.798 Y14.323
G1 X-2.703 Y14.086
G1 X-2.798 Y13.944
G1 X-3.130 Y14.181
G1 X-3.178 Y14.750
G1 X-3.130 Y14.561
G1 X-3.225 Y14.276
G1 X-3.462 Y14.466
G1 X-3.605 Y14.750
G1 X-3.557 Y15.130
G1 X-3.652 Y14.798
G1 X-3.889 Y14.987
G1 X-3.984 Y15.841
G1 X-4.363 Y17.881
G1 X-4.980 Y22.197
M5
G0 X-3.367 Y21.959 F2500
M3 S320
G1 F1000
G1 X-3.273 Y21.817
G1 X-3.178 Y21.390
G1 X-3.178 Y21.106
G1 X-2.941 Y20.062
G1 X-2.798 Y19.019
G1 X-2.703 Y18.829
G1 X-2.656 Y18.260
G1 X-2.277 Y16.505
G1 X-2.277 Y16.221
G1 X-2.134 Y15.746
G1 X-2.134 Y15.509
G1 X-1.992 Y15.035
G1 X-1.992 Y14.750
G1 X-1.660 Y13.233
G1 X-1.660 Y13.043
G1 X-1.755 Y12.853
G1 X-1.850 Y12.806
G1 X-2.703 Y12.853
G1 X-2.703 Y13.043
G1 X-2.751 Y12.806
G1 X-4.079 Y12.901
G1 X-4.079 Y13.090
G1 X-4.126 Y12.853
G1 X-5.739 Y12.901
G1 X-6.213 Y12.995
G1 X-6.545 Y12.948
G1 X-8.490 Y12.995
G1 X-9.533 Y13.090
G1 X-10.387 Y12.948
G1 X-10.577 Y13.280
G1 X-10.529 Y13.422
G1 X-10.055 Y13.612
G1 X-9.865 Y13.612
G1 X-9.533 Y13.707
G1 X-9.438 Y13.612
G1 X-9.059 Y13.659
G1 X-8.490 Y13.565
G1 X-7.162 Y13.565
G1 X-7.067 Y13.659
G1 X-5.881 Y13.517
G1 X-5.217 Y13.517
G1 X-4.743 Y13.422
G1 X-3.510 Y13.375
G1 X-2.277 Y13.422
G1 X-2.087 Y13.280
G1 X-2.277 Y13.470
G1 X-2.324 Y14.039
G1 X-2.466 Y14.513
G1 X-2.656 Y15.841
G1 X-2.893 Y16.837
G1 X-3.035 Y17.881
G1 X-3.225 Y18.639
G1 X-3.462 Y20.157
G1 X-3.557 Y20.394
G1 X-3.747 Y21.675
G1 X-3.889 Y21.959
M5
G0 X-3.273 Y21.817 F2500
M3 S320
G1 F1000
G1 X-3.367 Y21.959
G1 X-4.079 Y22.007
G1 X-5.122 Y23.050
G1 X-5.502 Y22.955
G1 X-6.735 Y23.003
G1 X-8.490 Y23.430
G1 X-9.201 Y23.477
G1 X-9.770 Y23.430
G1 X-10.292 Y23.287
G1 X-11.051 Y22.861
G1 X-11.715 Y22.291
G1 X-12.237 Y22.813
G1 X-12.995 Y23.240
G1 X-13.707 Y23.430
G1 X-15.035 Y23.382
G1 X-16.647 Y23.003
G1 X-17.217 Y22.955
G1 X-18.355 Y23.003
G1 X-18.450 Y22.766
G1 X-19.019 Y22.244
G1 X-19.066 Y22.102
G1 X-19.351 Y22.007
G1 X-19.920 Y22.007
G1 X-20.110 Y21.817
G1 X-20.252 Y20.821
G1 X-20.963 Y17.264
G1 X-21.106 Y16.221
G1 X-21.627 Y13.707
G1 X-21.675 Y12.995
G1 X-21.627 Y12.901
G1 X-21.438 Y12.806
G1 X-20.774 Y12.853
G1 X-20.442 Y12.806
G1 X-19.588 Y12.901
G1 X-17.643 Y12.901
G1 X-16.647 Y12.995
G1 X-13.327 Y13.043
G1 X-12.758 Y12.711
G1 X-12.521 Y12.663
G1 X-11.952 Y12.711
G1 X-11.857 Y12.569
G1 X-11.003 Y12.616
G1 X-10.671 Y12.711
G1 X-10.387 Y12.853
G1 X-10.245 Y12.995
G1 X-9.628 Y13.090
G1 X-8.490 Y12.995
G1 X-6.545 Y12.948
G1 X-6.213 Y12.995
G1 X-5.786 Y12.901
G1 X-1.850 Y12.806
G1 X-1.755 Y12.853
G1 X-1.660 Y13.043
G1 X-1.660 Y13.233
G1 X-1.707 Y13.280
G1 X-1.850 Y14.276
G1 X-1.945 Y14.513
G1 X-1.992 Y15.035
G1 X-2.134 Y15.509
G1 X-2.371 Y17.027
G1 X-2.514 Y17.501
G1 X-2.703 Y18.829
G1 X-2.798 Y19.019
M5
G0 X-3.083 Y16.078 F2500
M3 S320
G1 F1000
G1 X-2.988 Y15.414
M5
G0 X-7.778 Y17.217 F2500
M3 S320
G1 F1000
G1 X-7.351 Y17.122
M5
G0 X-7.873 Y17.833 F2500
M3 S320
G1 F1000
G1 X-7.114 Y17.643
M5
G0 X-7.873 Y18.402 F2500
M3 S320
G1 F1000
G1 X-7.304 Y18.260
M5
G0 X-7.921 Y18.971 F2500
M3 S320
G1 F1000
G1 X-7.446 Y18.877
M5
G0 X-7.968 Y19.541 F2500
M3 S320
G1 F1000
G1 X-7.351 Y19.398
M5
G0 X-8.537 Y18.545 F2500
M3 S320
G1 F1000
G1 X-9.106 Y18.592
G1 X-9.960 Y18.402
G1 X-9.106 Y18.592
M5
G0 X-9.628 Y19.066 F2500
M3 S320
G1 F1000
G1 X-9.438 Y19.114
G1 X-8.632 Y19.114
G1 X-8.490 Y19.066
G1 X-8.632 Y19.114
G1 X-9.438 Y19.114
M5
G0 X-9.675 Y19.635 F2500
M3 S320
G1 F1000
G1 X-9.438 Y19.635
G1 X-9.391 Y19.683
G1 X-8.585 Y19.635
G1 X-8.774 Y19.683
M5
G0 X-8.632 Y20.205 F2500
M3 S320
G1 F1000
G1 X-9.249 Y20.252
G1 X-9.865 Y20.110
G1 X-9.249 Y20.252
M5
G0 X-9.296 Y20.774 F2500
M3 S320
G1 F1000
G1 X-9.154 Y20.821
G1 X-8.679 Y20.774
G1 X-9.059 Y20.821
M5
G0 X-9.628 Y21.295 F2500
M3 S320
G1 F1000
G1 X-9.296 Y21.295
G1 X-9.249 Y21.343
G1 X-8.679 Y21.295
G1 X-8.917 Y21.295
G1 X-8.964 Y21.343
M5
G0 X-8.158 Y22.291 F2500
M3 S320
G1 F1000
G1 X-7.778 Y22.244
M5
G0 X-10.150 Y22.244 F2500
M3 S320
G1 F1000
G1 X-9.581 Y22.434
G1 X-8.822 Y22.434
G1 X-9.581 Y22.434
M5
G0 X-10.339 Y22.149 F2500
M3 S320
G1 F1000
G1 X-10.434 Y22.149
G1 X-10.909 Y21.817
M5
G0 X-10.292 Y21.627 F2500
M3 S320
G1 F1000
G1 X-10.482 Y21.580
G1 X-10.909 Y21.295
M5
G0 X-10.339 Y21.011 F2500
M3 S320
G1 F1000
G1 X-10.434 Y21.011
G1 X-10.909 Y20.726
M5
G0 X-10.197 Y20.537 F2500
M3 S320
G1 F1000
G1 X-10.292 Y20.537
G1 X-10.909 Y20.157
M5
G0 X-10.102 Y20.015 F2500
M3 S320
G1 F1000
G1 X-10.482 Y19.873
G1 X-10.909 Y19.588
M5
G0 X-10.434 Y19.303 F2500
M3 S320
G1 F1000
G1 X-10.529 Y19.303
G1 X-10.909 Y19.066
M5
G0 X-10.150 Y18.877 F2500
M3 S320
G1 F1000
G1 X-10.245 Y18.877
G1 X-10.909 Y18.497
G1 X-10.814 Y18.497
G1 X-10.577 Y18.687
M5
G0 X-10.102 Y18.307 F2500
M3 S320
G1 F1000
G1 X-10.197 Y18.307
G1 X-10.861 Y17.928
G1 X-10.766 Y17.928
G1 X-10.529 Y18.118
M5
G0 X-10.245 Y17.643 F2500
M3 S320
G1 F1000
G1 X-10.339 Y17.643
G1 X-10.909 Y17.311
G1 X-10.814 Y17.311
G1 X-10.577 Y17.501
M5
G0 X-10.387 Y16.979 F2500
M3 S320
G1 F1000
G1 X-10.482 Y16.979
G1 X-10.956 Y16.647
M5
G0 X-10.150 Y16.458 F2500
M3 S320
G1 F1000
G1 X-10.339 Y16.410
G1 X-10.909 Y16.078
G1 X-10.814 Y16.078
G1 X-10.482 Y16.315
M5
G0 X-9.913 Y16.553 F2500
M3 S320
G1 F1000
G1 X-9.249 Y16.742
G1 X-8.395 Y16.695
G1 X-9.249 Y16.742
M5
G0 X-9.770 Y17.217 F2500
M3 S320
G1 F1000
G1 X-9.296 Y17.359
G1 X-8.395 Y17.311
G1 X-9.296 Y17.359
M5
G0 X-9.581 Y17.928 F2500
M3 S320
G1 F1000
G1 X-9.343 Y17.928
G1 X-9.296 Y17.975
G1 X-8.442 Y17.928
G1 X-8.774 Y17.928
G1 X-8.822 Y17.975
M5
G0 X-10.150 Y21.722 F2500
M3 S320
G1 F1000
G1 X-9.675 Y21.865
G1 X-8.774 Y21.865
G1 X-9.675 Y21.865
M5
G0 X-11.241 Y22.718 F2500
M3 S320
G1 F1000
G1 X-10.766 Y23.050
G1 X-10.292 Y23.287
G1 X-9.770 Y23.430
G1 X-9.201 Y23.477
G1 X-8.205 Y23.382
G1 X-6.735 Y23.003
G1 X-5.454 Y22.955
G1 X-5.075 Y23.050
G1 X-4.980 Y22.955
G1 X-4.933 Y21.817
G1 X-4.363 Y17.881
G1 X-3.984 Y15.841
G1 X-3.889 Y15.130
G1 X-3.937 Y14.893
G1 X-5.312 Y14.940
G1 X-6.166 Y15.082
G1 X-7.019 Y15.367
G1 X-7.873 Y15.557
G1 X-8.964 Y15.604
G1 X-9.581 Y15.509
G1 X-10.387 Y15.177
G1 X-11.051 Y14.703
G1 X-11.620 Y14.086
G1 X-11.715 Y22.244
M5
G0 X-13.754 Y21.201 F2500
M3 S320
G1 F1000
G1 X-13.327 Y21.106
G1 X-13.565 Y21.201
M5
G0 X-13.470 Y20.015 F2500
M3 S320
G1 F1000
G1 X-13.043 Y19.873
G1 X-13.327 Y20.015
M5
G0 X-13.280 Y19.398 F2500
M3 S320
G1 F1000
G1 X-12.663 Y19.066
M5
G0 X-13.043 Y18.687 F2500
M3 S320
G1 F1000
G1 X-12.569 Y18.402
G1 X-12.948 Y18.687
M5
G0 X-13.090 Y18.118 F2500
M3 S320
G1 F1000
G1 X-12.569 Y17.786
G1 X-12.995 Y18.118
M5
G0 X-13.233 Y17.596 F2500
M3 S320
G1 F1000
G1 X-12.616 Y17.264
G1 X-12.948 Y17.501
M5
G0 X-13.327 Y17.074 F2500
M3 S320
G1 F1000
G1 X-12.616 Y16.695
G1 X-13.043 Y16.979
M5
G0 X-14.039 Y17.881 F2500
M3 S320
G1 F1000
G1 X-14.513 Y17.928
G1 X-15.035 Y17.833
G1 X-14.513 Y17.928
M5
G0 X-14.940 Y18.450 F2500
M3 S320
G1 F1000
G1 X-14.323 Y18.497
G1 X-13.754 Y18.402
G1 X-14.323 Y18.497
M5
G0 X-14.323 Y19.066 F2500
M3 S320
G1 F1000
G1 X-14.940 Y19.019
M5
G0 X-14.845 Y19.588 F2500
M3 S320
G1 F1000
G1 X-13.897 Y19.588
M5
G0 X-14.798 Y20.157 F2500
M3 S320
G1 F1000
G1 X-13.849 Y20.157
G1 X-13.659 Y20.110
G1 X-13.849 Y20.157
M5
G0 X-14.798 Y20.679 F2500
M3 S320
G1 F1000
G1 X-13.944 Y20.726
M5
G0 X-14.798 Y21.248 F2500
M3 S320
G1 F1000
G1 X-14.513 Y21.248
G1 X-14.466 Y21.295
G1 X-13.944 Y21.248
G1 X-14.466 Y21.295
G1 X-14.513 Y21.248
M5
G0 X-14.703 Y21.817 F2500
M3 S320
G1 F1000
G1 X-14.181 Y21.817
M5
G0 X-14.750 Y22.339 F2500
M3 S320
G1 F1000
G1 X-13.897 Y22.386
M5
G0 X-15.794 Y22.102 F2500
M3 S320
G1 F1000
G1 X-16.268 Y21.959
M5
G0 X-16.315 Y21.438 F2500
M3 S320
G1 F1000
G1 X-16.790 Y21.343
M5
G0 X-17.549 Y21.343 F2500
M3 S320
G1 F1000
G1 X-17.454 Y21.295
G1 X-17.027 Y21.343
G1 X-17.122 Y21.295
M5
G0 X-16.505 Y20.299 F2500
M3 S320
G1 F1000
G1 X-17.027 Y20.205
M5
G0 X-16.363 Y19.778 F2500
M3 S320
G1 F1000
G1 X-17.122 Y19.635
G1 X-17.738 Y19.635
G1 X-17.122 Y19.635
M5
G0 X-16.742 Y19.161 F2500
M3 S320
G1 F1000
G1 X-17.217 Y19.066
G1 X-17.833 Y19.066
G1 X-17.217 Y19.066
M5
G0 X-16.173 Y19.303 F2500
M3 S320
G1 F1000
G1 X-16.647 Y19.209
M5
G0 X-15.936 Y18.829 F2500
M3 S320
G1 F1000
G1 X-16.173 Y18.734
G1 X-16.790 Y18.639
G1 X-16.173 Y18.734
M5
G0 X-16.173 Y18.213 F2500
M3 S320
G1 F1000
G1 X-16.837 Y18.023
M5
G0 X-15.651 Y17.738 F2500
M3 S320
G1 F1000
G1 X-16.410 Y17.596
M5
G0 X-15.699 Y17.169 F2500
M3 S320
G1 F1000
G1 X-16.031 Y17.122
M5
G0 X-15.082 Y17.217 F2500
M3 S320
G1 F1000
G1 X-14.750 Y17.311
G1 X-14.181 Y17.311
G1 X-14.750 Y17.311
M5
G0 X-15.082 Y16.695 F2500
M3 S320
G1 F1000
G1 X-14.086 Y16.695
G1 X-13.849 Y16.647
G1 X-14.086 Y16.695
M5
G0 X-10.671 Y13.565 F2500
M3 S320
G1 F1000
G1 X-10.577 Y13.422
G1 X-10.624 Y13.280
G1 X-10.814 Y13.327
G1 X-10.814 Y13.422
M5
G0 X-19.303 Y21.627 F2500
M3 S320
G1 F1000
G1 X-19.635 Y19.873
M5
G0 X-19.967 Y21.959 F2500
M3 S320
G1 F1000
G1 X-19.541 Y22.007
G1 X-19.446 Y21.865
G1 X-19.635 Y21.675
G1 X-19.730 Y21.438
G1 X-20.157 Y18.639
G1 X-20.299 Y18.165
G1 X-20.394 Y17.311
G1 X-20.537 Y16.885
G1 X-20.537 Y16.600
G1 X-21.058 Y14.039
G1 X-21.106 Y13.422
G1 X-21.343 Y13.375
G1 X-21.343 Y13.280
G1 X-21.248 Y13.422
G1 X-19.873 Y13.375
G1 X-18.734 Y13.422
G1 X-18.213 Y13.517
G1 X-17.454 Y13.517
G1 X-16.553 Y13.659
G1 X-16.221 Y13.517
G1 X-14.703 Y13.565
G1 X-14.229 Y13.659
G1 X-14.134 Y13.565
G1 X-13.897 Y13.565
G1 X-13.659 Y13.659
G1 X-13.185 Y13.565
G1 X-12.663 Y13.280
G1 X-12.901 Y12.853
G1 X-12.995 Y12.853
G1 X-13.327 Y13.043
G1 X-16.647 Y12.995
G1 X-17.643 Y12.901
G1 X-18.355 Y12.948
G1 X-18.355 Y13.185
G1 X-18.402 Y12.901
G1 X-19.019 Y12.948
G1 X-19.019 Y13.090
G1 X-19.066 Y12.901
G1 X-19.635 Y12.948
G1 X-19.635 Y13.090
G1 X-19.683 Y12.853
G1 X-20.442 Y12.806
G1 X-21.106 Y12.853
G1 X-21.058 Y12.995
G1 X-21.153 Y12.806
G1 X-21.438 Y12.806
G1 X-21.675 Y12.995
G1 X-21.627 Y13.707
G1 X-21.485 Y14.181
G1 X-21.485 Y14.466
G1 X-21.106 Y16.221
G1 X-20.963 Y17.264
G1 X-20.252 Y20.821
G1 X-20.110 Y21.817
M5
G0 X-18.402 Y22.671 F2500
M3 S320
G1 F1000
G1 X-18.545 Y21.865
G1 X-18.687 Y20.442
G1 X-18.829 Y19.730
G1 X-18.877 Y19.019
G1 X-19.493 Y15.367
G1 X-19.493 Y14.987
G1 X-19.588 Y14.798
G1 X-19.730 Y14.703
G1 X-19.825 Y14.798
G1 X-19.825 Y15.082
G1 X-19.873 Y14.798
G1 X-19.825 Y14.655
G1 X-19.920 Y14.418
G1 X-20.205 Y14.276
G1 X-20.252 Y14.561
G1 X-20.205 Y14.608
G1 X-20.205 Y14.845
G1 X-20.252 Y14.181
G1 X-20.584 Y13.991
G1 X-20.631 Y14.229
G1 X-20.537 Y14.513
G1 X-20.347 Y15.699
G1 X-20.631 Y14.229
G1 X-20.631 Y13.849
G1 X-20.821 Y13.707
G1 X-21.058 Y13.707
G1 X-21.058 Y13.991
G1 X-20.537 Y16.600
G1 X-20.537 Y16.885
G1 X-20.394 Y17.311
G1 X-20.299 Y18.165
G1 X-20.157 Y18.639
G1 X-20.015 Y19.778
G1 X-19.683 Y21.580
G1 X-19.351 Y22.007
G1 X-19.256 Y21.912
G1 X-19.256 Y21.722
G1 X-19.256 Y22.054
G1 X-19.161 Y22.102
G1 X-19.019 Y22.054
G1 X-19.114 Y21.295
G1 X-19.019 Y21.770
G1 X-19.019 Y22.197
G1 X-18.734 Y22.339
G1 X-18.734 Y22.007
G1 X-18.877 Y21.201
G1 X-18.734 Y22.007
G1 X-18.734 Y22.529
G1 X-18.592 Y22.671
M5
G0 X-18.355 Y22.955 F2500
M3 S320
G1 F1000
G1 X-16.647 Y23.003
G1 X-15.035 Y23.382
G1 X-13.707 Y23.430
G1 X-12.995 Y23.240
G1 X-12.616 Y23.050
G1 X-12.142 Y22.718
G1 X-11.762 Y22.339
G1 X-11.667 Y21.959
G1 X-11.715 Y14.039
G1 X-11.905 Y14.086
G1 X-11.999 Y14.323
G1 X-12.569 Y14.893
G1 X-12.995 Y15.177
G1 X-13.802 Y15.509
G1 X-14.466 Y15.604
G1 X-14.987 Y15.604
G1 X-15.746 Y15.509
G1 X-17.738 Y14.987
G1 X-18.213 Y14.940
G1 X-19.493 Y14.987
G1 X-19.446 Y15.699
G1 X-18.877 Y19.019
G1 X-18.829 Y19.730
G1 X-18.402 Y22.529
G1 X-18.450 Y22.813
M5
G0 X-22.102 Y23.809 F2500
M3 S320
G1 F1000
G1 X-23.857 Y21.865
G1 X-26.607 Y19.493
G1 X-26.607 Y19.351
G1 X-25.943 Y18.545
G1 X-25.327 Y17.549
G1 X-24.236 Y15.319
G1 X-23.809 Y14.229
G1 X-23.240 Y12.474
G1 X-22.908 Y11.098
G1 X-22.766 Y10.150
G1 X-22.908 Y11.098
G1 X-23.287 Y12.663
G1 X-24.094 Y14.987
G1 X-25.279 Y17.501
G1 X-25.991 Y18.639
G1 X-26.513 Y19.256
G1 X-26.607 Y19.446
G1 X-26.228 Y19.825
G1 X-24.331 Y21.390
G1 X-23.193 Y22.529
M5
G0 X-23.999 Y22.197 F2500
M3 S320
G1 F1000
G1 X-25.469 Y20.821
G1 X-27.082 Y19.493
G1 X-27.082 Y19.398
G1 X-26.275 Y18.402
G1 X-25.422 Y17.027
G1 X-24.615 Y15.367
G1 X-23.999 Y13.849
G1 X-23.951 Y13.612
G1 X-24.378 Y14.845
G1 X-25.374 Y16.979
G1 X-26.275 Y18.450
G1 X-27.082 Y19.446
G1 X-24.853 Y21.343
M5
G0 X-27.129 Y24.189 F2500
M3 S320
G1 F1000
G1 X-28.125 Y25.042
G1 X-28.552 Y24.521
G1 X-31.872 Y24.521
G1 X-32.251 Y24.473
G1 X-32.536 Y24.141
G1 X-32.346 Y24.141
G1 X-31.919 Y23.857
G1 X-31.730 Y23.667
G1 X-31.303 Y24.189
G1 X-29.121 Y24.141
G1 X-27.129 Y24.189
G1 X-28.125 Y25.042
M5
G0 X-27.461 Y24.331 F2500
M3 S320
G1 F1000
G1 X-28.078 Y24.853
G1 X-28.552 Y24.378
G1 X-31.872 Y24.378
G1 X-32.251 Y24.189
G1 X-32.109 Y24.141
G1 X-31.777 Y23.857
G1 X-31.303 Y24.331
G1 X-29.121 Y24.283
G1 X-29.074 Y24.331
G1 X-27.461 Y24.331
G1 X-28.078 Y24.853
M5
G0 X-27.319 Y24.283 F2500
M3 S320
G1 F1000
G1 X-28.078 Y24.900
G1 X-28.552 Y24.426
G1 X-31.872 Y24.426
G1 X-32.251 Y24.378
G1 X-32.394 Y24.236
G1 X-32.109 Y24.094
G1 X-31.777 Y23.809
G1 X-31.303 Y24.283
G1 X-29.121 Y24.236
G1 X-29.074 Y24.283
G1 X-27.319 Y24.283
G1 X-28.078 Y24.900
M5
G0 X-27.224 Y24.236 F2500
M3 S320
G1 F1000
G1 X-28.078 Y24.947
G1 X-28.552 Y24.473
G1 X-31.872 Y24.473
G1 X-32.251 Y24.426
G1 X-32.489 Y24.189
G1 X-32.346 Y24.189
G1 X-31.777 Y23.762
G1 X-31.303 Y24.236
G1 X-29.121 Y24.189
G1 X-29.074 Y24.236
G1 X-27.224 Y24.236
G1 X-28.078 Y24.947
M5
G0 X-26.465 Y26.465 F2500
M3 S320
G1 F1000
G1 X-26.133 Y26.038
G1 X-25.943 Y25.706
G1 X-25.896 Y25.517
G1 X-25.659 Y25.706
G1 X-26.465 Y26.465
G1 X-26.133 Y26.038
M5
G0 X-26.181 Y26.133 F2500
M3 S320
G1 F1000
G1 X-26.086 Y26.038
G1 X-25.849 Y25.564
G1 X-25.754 Y25.706
G1 X-26.181 Y26.133
G1 X-26.086 Y26.038
M5
G0 X-26.845 Y26.939 F2500
M3 S320
G1 F1000
G1 X-26.181 Y26.038
G1 X-25.943 Y25.611
G1 X-25.896 Y25.422
G1 X-25.611 Y25.706
G1 X-26.655 Y26.702
G1 X-26.655 Y26.750
G1 X-26.845 Y26.939
G1 X-26.181 Y26.038
M5
G0 X-28.267 Y28.884 F2500
M3 S320
G1 F1000
G1 X-27.746 Y28.362
G1 X-27.366 Y28.742
G1 X-25.611 Y27.841
G1 X-25.517 Y27.841
G1 X-24.758 Y27.461
G1 X-24.995 Y28.125
G1 X-25.279 Y27.888
G1 X-25.611 Y28.078
G1 X-26.750 Y28.552
G1 X-27.841 Y29.121
G1 X-28.030 Y29.121
G1 X-28.267 Y28.884
G1 X-27.746 Y28.362
M5
G0 X-28.315 Y28.884 F2500
M3 S320
G1 F1000
G1 X-27.746 Y28.315
G1 X-27.366 Y28.694
G1 X-24.710 Y27.366
G1 X-24.758 Y27.651
G1 X-24.947 Y28.220
G1 X-25.279 Y27.935
G1 X-25.611 Y28.125
G1 X-26.750 Y28.599
G1 X-27.841 Y29.169
G1 X-28.030 Y29.169
G1 X-28.315 Y28.884
G1 X-27.746 Y28.315
M5
G0 X-28.362 Y28.884 F2500
M3 S320
G1 F1000
G1 X-27.746 Y28.267
G1 X-27.366 Y28.647
G1 X-24.615 Y27.271
G1 X-24.710 Y27.509
G1 X-24.710 Y27.651
G1 X-24.947 Y28.267
G1 X-25.279 Y27.983
G1 X-25.611 Y28.173
G1 X-26.750 Y28.647
G1 X-27.841 Y29.216
G1 X-28.030 Y29.216
G1 X-28.362 Y28.884
G1 X-27.746 Y28.267
M5
G0 X-28.410 Y28.884 F2500
M3 S320
G1 F1000
G1 X-27.746 Y28.220
G1 X-27.366 Y28.599
G1 X-24.521 Y27.177
G1 X-24.663 Y27.509
G1 X-24.663 Y27.651
G1 X-24.900 Y28.362
G1 X-25.279 Y28.030
G1 X-25.611 Y28.220
G1 X-26.750 Y28.694
G1 X-27.841 Y29.263
G1 X-28.030 Y29.263
G1 X-28.410 Y28.884
G1 X-27.746 Y28.220
M5
G0 X-28.505 Y28.837 F2500
M3 S320
G1 F1000
G1 X-28.410 Y28.837
G1 X-27.746 Y28.173
G1 X-27.366 Y28.552
G1 X-25.611 Y27.651
G1 X-25.517 Y27.651
G1 X-24.473 Y27.129
G1 X-24.615 Y27.509
G1 X-24.615 Y27.651
G1 X-24.900 Y28.410
G1 X-25.279 Y28.078
G1 X-25.611 Y28.267
G1 X-26.750 Y28.742
G1 X-27.841 Y29.311
G1 X-28.030 Y29.311
G1 X-28.505 Y28.837
G1 X-28.410 Y28.837
M5
G0 X-28.030 Y29.358 F2500
M3 S320
G1 F1000
G1 X-28.647 Y28.789
G1 X-28.552 Y28.837
G1 X-28.410 Y28.789
G1 X-27.556 Y27.888
G1 X-26.228 Y26.038
G1 X-25.943 Y25.469
G1 X-25.991 Y25.279
G1 X-25.469 Y25.801
G1 X-25.611 Y25.754
G1 X-25.706 Y25.801
G1 X-26.607 Y26.702
G1 X-27.746 Y28.125
G1 X-27.366 Y28.505
G1 X-24.426 Y27.034
G1 X-24.426 Y27.177
G1 X-24.568 Y27.509
G1 X-24.568 Y27.651
G1 X-24.853 Y28.505
G1 X-25.279 Y28.125
G1 X-25.611 Y28.315
G1 X-26.750 Y28.789
G1 X-27.841 Y29.358
G1 X-28.030 Y29.358
G1 X-28.647 Y28.789
M5
G0 X-30.022 Y27.746 F2500
M3 S320
G1 F1000
G1 X-30.307 Y27.461
G1 X-31.066 Y26.465
G1 X-31.066 Y26.370
G1 X-30.829 Y26.181
G1 X-30.591 Y26.370
G1 X-30.449 Y26.418
G1 X-30.307 Y26.418
G1 X-30.022 Y26.275
G1 X-28.505 Y24.995
G1 X-31.872 Y24.947
G1 X-32.299 Y24.900
G1 X-33.200 Y23.904
G1 X-33.247 Y23.714
G1 X-33.010 Y23.525
G1 X-32.726 Y23.714
G1 X-32.346 Y23.714
G1 X-31.919 Y23.430
G1 X-30.923 Y22.576
G1 X-30.165 Y22.007
G1 X-29.690 Y21.485
G1 X-29.643 Y21.390
G1 X-29.643 Y21.058
G1 X-29.738 Y20.916
G1 X-29.690 Y20.774
G1 X-29.501 Y20.679
G1 X-29.026 Y21.201
G1 X-28.599 Y21.770
G1 X-28.410 Y22.102
G1 X-28.410 Y22.197
G1 X-28.647 Y22.291
G1 X-28.742 Y22.291
G1 X-28.884 Y22.197
G1 X-29.311 Y22.197
G1 X-29.501 Y22.291
G1 X-30.544 Y23.050
G1 X-31.350 Y23.714
G1 X-30.971 Y23.762
G1 X-29.121 Y23.714
G1 X-26.987 Y23.762
G1 X-26.845 Y23.857
G1 X-26.702 Y24.094
G1 X-26.702 Y24.189
G1 X-27.082 Y24.615
G1 X-28.742 Y25.943
G1 X-29.738 Y26.892
G1 X-29.833 Y27.129
G1 X-29.785 Y27.461
G1 X-29.880 Y27.651
G1 X-30.022 Y27.746
G1 X-30.307 Y27.461
M5
G0 X-30.070 Y27.366 F2500
M3 S320
G1 F1000
G1 X-30.686 Y26.560
G1 X-30.591 Y26.655
G1 X-30.449 Y26.702
G1 X-30.307 Y26.702
G1 X-30.022 Y26.560
G1 X-28.647 Y25.422
G1 X-28.220 Y24.995
G1 X-28.552 Y24.663
G1 X-31.872 Y24.663
G1 X-32.299 Y24.615
G1 X-32.915 Y23.904
G1 X-32.726 Y23.999
G1 X-32.346 Y23.999
G1 X-31.919 Y23.714
G1 X-30.923 Y22.861
G1 X-30.165 Y22.291
G1 X-29.406 Y21.485
G1 X-29.358 Y21.390
G1 X-29.358 Y21.153
G1 X-28.742 Y22.007
G1 X-28.884 Y21.912
G1 X-29.311 Y21.912
G1 X-29.501 Y22.007
G1 X-30.544 Y22.766
G1 X-30.971 Y23.145
G1 X-31.161 Y23.240
G1 X-31.635 Y23.714
G1 X-31.303 Y24.046
G1 X-29.121 Y23.999
G1 X-26.987 Y24.094
G1 X-26.987 Y24.189
G1 X-27.082 Y24.331
G1 X-29.074 Y25.943
G1 X-30.022 Y26.892
G1 X-30.117 Y27.129
G1 X-30.070 Y27.366
G1 X-30.686 Y26.560
M5
G0 X-30.212 Y26.939 F2500
M3 S320
G1 F1000
G1 X-30.259 Y26.845
G1 X-30.070 Y26.750
G1 X-30.212 Y26.939
G1 X-30.259 Y26.845
M5
G0 X-30.212 Y27.034 F2500
M3 S320
G1 F1000
G1 X-30.354 Y26.845
G1 X-30.022 Y26.702
G1 X-29.690 Y26.418
G1 X-30.165 Y26.892
G1 X-30.212 Y27.034
G1 X-30.354 Y26.845
M5
G0 X-30.165 Y27.177 F2500
M3 S320
G1 F1000
G1 X-30.544 Y26.702
G1 X-30.307 Y26.750
G1 X-29.880 Y26.513
G1 X-28.647 Y25.469
G1 X-28.173 Y24.995
G1 X-28.552 Y24.615
G1 X-31.872 Y24.615
G1 X-32.346 Y24.521
G1 X-32.773 Y23.999
G1 X-32.346 Y24.046
G1 X-31.919 Y23.762
G1 X-30.923 Y22.908
G1 X-30.165 Y22.339
G1 X-29.501 Y21.675
G1 X-29.358 Y21.485
G1 X-29.311 Y21.295
G1 X-28.837 Y21.912
G1 X-29.311 Y21.865
G1 X-29.501 Y21.959
G1 X-30.544 Y22.718
G1 X-30.971 Y23.098
G1 X-31.161 Y23.193
G1 X-31.682 Y23.714
G1 X-31.303 Y24.094
G1 X-29.121 Y24.046
G1 X-27.034 Y24.094
G1 X-27.034 Y24.189
G1 X-27.082 Y24.283
G1 X-29.074 Y25.896
G1 X-30.070 Y26.892
G1 X-30.165 Y27.177
G1 X-30.544 Y26.702
M5
G0 X-30.022 Y27.461 F2500
M3 S320
G1 F1000
G1 X-30.734 Y26.607
G1 X-30.829 Y26.418
G1 X-30.591 Y26.607
G1 X-30.449 Y26.655
G1 X-30.307 Y26.655
G1 X-30.022 Y26.513
G1 X-28.647 Y25.374
G1 X-28.267 Y24.995
G1 X-28.552 Y24.710
G1 X-31.872 Y24.710
G1 X-32.299 Y24.663
G1 X-32.963 Y23.904
G1 X-33.010 Y23.762
G1 X-32.726 Y23.951
G1 X-32.346 Y23.951
G1 X-31.919 Y23.667
G1 X-30.923 Y22.813
G1 X-30.165 Y22.244
G1 X-29.595 Y21.675
G1 X-29.406 Y21.390
G1 X-29.453 Y21.011
G1 X-28.837 Y21.770
G1 X-28.694 Y22.054
G1 X-28.884 Y21.959
G1 X-29.311 Y21.959
G1 X-29.501 Y22.054
G1 X-30.544 Y22.813
G1 X-30.971 Y23.193
G1 X-31.161 Y23.287
G1 X-31.587 Y23.714
G1 X-31.303 Y23.999
G1 X-29.121 Y23.951
G1 X-26.987 Y23.999
G1 X-26.939 Y24.189
G1 X-27.082 Y24.378
G1 X-29.074 Y25.991
G1 X-29.975 Y26.892
G1 X-30.070 Y27.129
G1 X-30.022 Y27.461
G1 X-30.734 Y26.607
M5
G0 X-30.022 Y27.556 F2500
M3 S320
G1 F1000
G1 X-30.781 Y26.607
G1 X-30.829 Y26.370
G1 X-30.591 Y26.560
G1 X-30.449 Y26.607
G1 X-30.307 Y26.607
G1 X-30.022 Y26.465
G1 X-28.647 Y25.327
G1 X-28.315 Y24.995
G1 X-28.552 Y24.758
G1 X-31.872 Y24.758
G1 X-32.299 Y24.710
G1 X-33.010 Y23.904
G1 X-33.010 Y23.714
G1 X-32.726 Y23.904
G1 X-32.346 Y23.904
G1 X-31.919 Y23.619
G1 X-30.923 Y22.766
G1 X-30.165 Y22.197
G1 X-29.501 Y21.485
G1 X-29.453 Y21.390
G1 X-29.453 Y21.058
G1 X-29.548 Y20.869
G1 X-29.453 Y20.916
G1 X-28.789 Y21.770
G1 X-28.599 Y22.149
G1 X-28.884 Y22.007
G1 X-29.311 Y22.007
G1 X-29.501 Y22.102
G1 X-30.544 Y22.861
G1 X-30.971 Y23.240
G1 X-31.161 Y23.335
G1 X-31.540 Y23.714
G1 X-31.303 Y23.951
G1 X-29.121 Y23.904
G1 X-26.939 Y23.999
G1 X-26.892 Y24.189
G1 X-27.082 Y24.426
G1 X-29.074 Y26.038
G1 X-29.927 Y26.892
G1 X-30.022 Y27.129
G1 X-30.022 Y27.271
G1 X-29.975 Y27.319
G1 X-30.022 Y27.556
G1 X-30.781 Y26.607
M5
G0 X-30.022 Y27.603 F2500
M3 S320
G1 F1000
G1 X-30.923 Y26.465
G1 X-30.923 Y26.370
G1 X-30.829 Y26.323
G1 X-30.591 Y26.513
G1 X-30.449 Y26.560
G1 X-30.307 Y26.560
G1 X-30.022 Y26.418
G1 X-29.643 Y26.133
G1 X-28.362 Y24.995
G1 X-28.552 Y24.805
G1 X-31.872 Y24.805
G1 X-32.299 Y24.758
G1 X-33.058 Y23.904
G1 X-33.105 Y23.714
G1 X-33.010 Y23.667
G1 X-32.726 Y23.857
G1 X-32.346 Y23.857
G1 X-31.445 Y23.193
G1 X-30.923 Y22.718
G1 X-30.165 Y22.149
G1 X-29.690 Y21.675
G1 X-29.501 Y21.390
G1 X-29.501 Y20.821
G1 X-28.742 Y21.770
G1 X-28.552 Y22.102
G1 X-28.552 Y22.197
G1 X-28.742 Y22.149
G1 X-28.884 Y22.054
G1 X-29.311 Y22.054
G1 X-29.501 Y22.149
G1 X-30.544 Y22.908
G1 X-30.971 Y23.287
G1 X-31.161 Y23.382
G1 X-31.493 Y23.714
G1 X-31.303 Y23.904
G1 X-29.121 Y23.857
G1 X-26.987 Y23.904
G1 X-26.892 Y23.999
G1 X-26.845 Y24.189
G1 X-27.082 Y24.473
G1 X-27.129 Y24.473
G1 X-27.366 Y24.710
G1 X-27.888 Y25.090
G1 X-29.074 Y26.086
G1 X-29.880 Y26.892
G1 X-29.975 Y27.129
G1 X-29.927 Y27.461
G1 X-30.022 Y27.603
G1 X-30.923 Y26.465
M5
G0 X-30.022 Y27.651 F2500
M3 S320
G1 F1000
G1 X-30.971 Y26.465
G1 X-30.923 Y26.323
G1 X-30.829 Y26.275
G1 X-30.591 Y26.465
G1 X-30.449 Y26.513
G1 X-30.307 Y26.513
G1 X-30.022 Y26.370
G1 X-29.643 Y26.086
G1 X-28.410 Y24.995
G1 X-28.552 Y24.853
G1 X-31.872 Y24.853
G1 X-32.299 Y24.805
G1 X-32.583 Y24.521
G1 X-33.153 Y23.809
G1 X-33.105 Y23.667
G1 X-33.010 Y23.619
G1 X-32.726 Y23.809
G1 X-32.346 Y23.809
G1 X-31.919 Y23.525
G1 X-30.923 Y22.671
G1 X-30.165 Y22.102
G1 X-29.595 Y21.485
G1 X-29.548 Y21.390
G1 X-29.548 Y21.058
G1 X-29.643 Y20.869
G1 X-29.501 Y20.774
G1 X-29.121 Y21.201
G1 X-28.694 Y21.770
G1 X-28.505 Y22.102
G1 X-28.647 Y22.197
G1 X-28.742 Y22.197
G1 X-28.884 Y22.102
G1 X-29.311 Y22.102
G1 X-29.501 Y22.197
G1 X-30.544 Y22.955
G1 X-30.971 Y23.335
G1 X-31.161 Y23.430
G1 X-31.445 Y23.714
G1 X-31.303 Y23.857
G1 X-29.121 Y23.809
G1 X-26.987 Y23.857
G1 X-26.845 Y23.999
G1 X-26.797 Y24.189
G1 X-27.082 Y24.521
G1 X-29.074 Y26.133
G1 X-29.833 Y26.892
G1 X-29.927 Y27.129
G1 X-29.880 Y27.461
G1 X-30.022 Y27.651
G1 X-30.971 Y26.465
M5
G0 X-30.022 Y27.698 F2500
M3 S320
G1 F1000
G1 X-30.259 Y27.461
G1 X-31.018 Y26.465
G1 X-31.018 Y26.370
G1 X-30.829 Y26.228
G1 X-30.591 Y26.418
G1 X-30.449 Y26.465
G1 X-30.307 Y26.465
G1 X-30.022 Y26.323
G1 X-29.643 Y26.038
G1 X-28.457 Y24.995
G1 X-28.552 Y24.900
G1 X-31.872 Y24.900
G1 X-32.299 Y24.853
G1 X-33.153 Y23.904
G1 X-33.200 Y23.714
G1 X-33.010 Y23.572
G1 X-32.726 Y23.762
G1 X-32.346 Y23.762
G1 X-31.445 Y23.098
G1 X-30.923 Y22.623
G1 X-30.165 Y22.054
G1 X-29.785 Y21.675
G1 X-29.595 Y21.390
G1 X-29.595 Y21.058
G1 X-29.690 Y20.916
G1 X-29.690 Y20.821
G1 X-29.501 Y20.726
G1 X-29.074 Y21.201
G1 X-28.647 Y21.770
G1 X-28.457 Y22.102
G1 X-28.457 Y22.197
G1 X-28.742 Y22.244
G1 X-28.884 Y22.149
G1 X-29.311 Y22.149
G1 X-29.501 Y22.244
G1 X-30.544 Y23.003
G1 X-30.971 Y23.382
G1 X-31.161 Y23.477
G1 X-31.398 Y23.714
G1 X-31.303 Y23.809
G1 X-29.121 Y23.762
G1 X-26.987 Y23.809
G1 X-26.892 Y23.857
G1 X-26.797 Y23.999
G1 X-26.750 Y24.189
G1 X-27.082 Y24.568
G1 X-29.074 Y26.181
G1 X-29.785 Y26.892
G1 X-29.880 Y27.129
G1 X-29.833 Y27.461
G1 X-29.927 Y27.651
G1 X-30.022 Y27.698
G1 X-30.259 Y27.461
M5
G0 X-32.631 Y24.094 F2500
M3 S320
G1 F1000
G1 X-32.346 Y24.094
G1 X-32.109 Y23.951
G1 X-31.445 Y23.430
G1 X-31.208 Y23.193
G1 X-31.730 Y23.714
G1 X-31.303 Y24.141
G1 X-29.121 Y24.094
G1 X-27.082 Y24.141
G1 X-27.366 Y24.473
G1 X-27.888 Y24.853
G1 X-29.074 Y25.849
G1 X-30.117 Y26.892
G1 X-30.165 Y27.082
G1 X-30.259 Y27.034
G1 X-30.402 Y26.797
G1 X-29.880 Y26.560
G1 X-28.647 Y25.517
G1 X-28.125 Y24.995
G1 X-28.552 Y24.568
G1 X-31.872 Y24.568
G1 X-31.919 Y24.521
G1 X-32.299 Y24.521
G1 X-32.631 Y24.094
G1 X-32.346 Y24.094
M5
G0 X-31.113 Y23.145 F2500
M3 S320
G1 F1000
G1 X-30.923 Y22.955
G1 X-30.165 Y22.386
G1 X-29.453 Y21.675
G1 X-29.263 Y21.390
G1 X-28.979 Y21.817
G1 X-29.311 Y21.817
G1 X-29.501 Y21.912
G1 X-30.544 Y22.671
G1 X-31.113 Y23.145
G1 X-30.923 Y22.955
M5
G0 X-29.927 Y22.197 F2500
M3 S320
G1 F1000
G1 X-29.263 Y21.485
G1 X-29.026 Y21.770
G1 X-29.311 Y21.770
G1 X-29.785 Y22.054
G1 X-29.927 Y22.197
G1 X-29.263 Y21.485
M5
G0 X-29.358 Y21.722 F2500
M3 S320
G1 F1000
G1 X-29.263 Y21.580
G1 X-29.216 Y21.675
G1 X-29.358 Y21.722
G1 X-29.263 Y21.580
M5
G0 X-29.595 Y21.912 F2500
M3 S320
G1 F1000
G1 X-29.263 Y21.533
G1 X-29.121 Y21.722
G1 X-29.311 Y21.722
G1 X-29.595 Y21.912
G1 X-29.263 Y21.533
M5
G0 X-32.536 Y20.299 F2500
M3 S320
G1 F1000
G1 X-32.441 Y20.157
G1 X-32.441 Y19.873
G1 X-31.872 Y19.873
G1 X-31.825 Y19.825
G1 X-30.639 Y19.873
G1 X-31.540 Y19.873
G1 X-32.204 Y19.967
G1 X-32.536 Y20.299
G1 X-32.441 Y20.157
M5
G0 X-33.817 Y21.438 F2500
M3 S320
G1 F1000
G1 X-33.437 Y21.248
G1 X-32.821 Y20.631
G1 X-32.868 Y20.726
G1 X-32.868 Y21.011
G1 X-32.963 Y21.248
G1 X-33.058 Y21.343
G1 X-33.342 Y21.438
G1 X-33.817 Y21.438
G1 X-33.437 Y21.248
M5
G0 X-33.959 Y21.438 F2500
M3 S320
G1 F1000
G1 X-33.674 Y21.343
G1 X-33.437 Y21.201
G1 X-32.583 Y20.347
G1 X-32.489 Y20.157
G1 X-32.441 Y19.825
G1 X-31.161 Y19.778
G1 X-30.639 Y19.825
G1 X-30.544 Y19.920
G1 X-31.540 Y19.920
G1 X-32.204 Y20.015
G1 X-32.773 Y20.584
G1 X-32.821 Y20.726
G1 X-32.821 Y21.011
G1 X-32.963 Y21.343
G1 X-33.342 Y21.485
G1 X-33.817 Y21.485
G1 X-33.864 Y21.438
G1 X-33.959 Y21.438
G1 X-33.674 Y21.343
M5
G0 X-34.243 Y21.343 F2500
M3 S320
G1 F1000
G1 X-33.911 Y21.390
G1 X-33.437 Y21.153
G1 X-32.631 Y20.347
G1 X-32.536 Y20.157
G1 X-32.536 Y19.825
G1 X-32.441 Y19.778
G1 X-31.825 Y19.730
G1 X-30.639 Y19.778
G1 X-30.544 Y19.825
G1 X-30.449 Y19.967
G1 X-31.540 Y19.967
G1 X-32.204 Y20.062
G1 X-32.726 Y20.584
G1 X-32.773 Y20.726
G1 X-32.773 Y21.011
G1 X-32.963 Y21.390
G1 X-33.342 Y21.533
G1 X-33.817 Y21.533
G1 X-34.243 Y21.343
G1 X-33.911 Y21.390
M5
G0 X-34.243 Y21.438 F2500
M3 S320
G1 F1000
G1 X-34.575 Y21.011
G1 X-34.386 Y21.201
G1 X-34.101 Y21.295
G1 X-33.769 Y21.248
G1 X-33.437 Y21.058
G1 X-32.726 Y20.347
G1 X-32.631 Y20.157
G1 X-32.631 Y19.778
G1 X-32.726 Y19.588
G1 X-33.342 Y19.019
G1 X-34.670 Y19.778
G1 X-35.097 Y20.205
G1 X-35.477 Y19.541
G1 X-35.287 Y19.541
G1 X-33.674 Y18.592
G1 X-32.489 Y17.833
G1 X-31.919 Y17.311
G1 X-31.730 Y17.691
G1 X-31.445 Y18.070
G1 X-31.635 Y18.023
G1 X-32.678 Y18.639
G1 X-33.105 Y19.066
G1 X-33.058 Y19.256
G1 X-32.583 Y19.730
G1 X-31.825 Y19.635
G1 X-30.639 Y19.683
G1 X-30.591 Y19.730
G1 X-30.497 Y19.730
G1 X-30.259 Y20.110
G1 X-30.354 Y20.110
G1 X-30.402 Y20.062
G1 X-31.540 Y20.062
G1 X-32.204 Y20.157
G1 X-32.631 Y20.584
G1 X-32.726 Y21.153
G1 X-32.821 Y21.343
G1 X-32.963 Y21.485
G1 X-33.342 Y21.627
G1 X-33.817 Y21.627
G1 X-34.243 Y21.438
G1 X-34.575 Y21.011
M5
G0 X-34.386 Y21.011 F2500
M3 S320
G1 F1000
G1 X-34.101 Y21.106
G1 X-33.769 Y21.058
G1 X-33.437 Y20.869
G1 X-32.915 Y20.347
G1 X-32.821 Y20.157
G1 X-32.821 Y19.778
G1 X-32.915 Y19.588
G1 X-33.342 Y19.209
G1 X-34.670 Y19.967
G1 X-34.955 Y20.299
G1 X-34.860 Y20.394
G1 X-34.765 Y20.631
G1 X-34.386 Y21.011
G1 X-34.101 Y21.106
M5
G0 X-34.291 Y21.153 F2500
M3 S320
G1 F1000
G1 X-33.911 Y21.201
G1 X-33.579 Y21.058
G1 X-32.821 Y20.347
G1 X-32.726 Y20.157
G1 X-32.726 Y19.778
G1 X-32.821 Y19.588
G1 X-33.342 Y19.114
G1 X-34.670 Y19.873
G1 X-35.050 Y20.299
G1 X-34.955 Y20.394
G1 X-34.860 Y20.631
G1 X-34.386 Y21.106
G1 X-34.291 Y21.153
G1 X-33.911 Y21.201
M5
G0 X-34.338 Y21.248 F2500
M3 S320
G1 F1000
G1 X-34.101 Y21.343
G1 X-33.911 Y21.343
G1 X-33.437 Y21.106
G1 X-32.678 Y20.347
G1 X-32.583 Y20.157
G1 X-32.631 Y19.730
G1 X-32.489 Y19.778
G1 X-31.825 Y19.683
G1 X-30.639 Y19.730
G1 X-30.449 Y19.873
G1 X-30.354 Y20.062
G1 X-31.540 Y20.015
G1 X-32.204 Y20.110
G1 X-32.678 Y20.584
G1 X-32.726 Y20.726
G1 X-32.726 Y21.011
G1 X-32.868 Y21.343
G1 X-32.963 Y21.438
G1 X-33.342 Y21.580
G1 X-33.817 Y21.580
G1 X-34.243 Y21.390
G1 X-34.338 Y21.248
G1 X-34.101 Y21.343
M5
G0 X-34.243 Y21.485 F2500
M3 S320
G1 F1000
G1 X-34.433 Y21.295
G1 X-34.813 Y20.726
G1 X-34.386 Y21.153
G1 X-34.291 Y21.201
G1 X-33.911 Y21.248
G1 X-33.579 Y21.106
G1 X-32.773 Y20.347
G1 X-32.678 Y20.157
G1 X-32.678 Y19.778
G1 X-32.773 Y19.588
G1 X-33.342 Y19.066
G1 X-34.670 Y19.825
G1 X-35.097 Y20.252
G1 X-35.619 Y19.398
G1 X-35.524 Y19.493
G1 X-35.287 Y19.493
G1 X-34.765 Y19.209
G1 X-32.489 Y17.786
G1 X-31.919 Y17.217
G1 X-31.682 Y17.691
G1 X-31.350 Y18.165
G1 X-31.493 Y18.070
G1 X-31.635 Y18.070
G1 X-32.678 Y18.687
G1 X-33.058 Y19.066
G1 X-33.010 Y19.256
G1 X-32.583 Y19.683
G1 X-31.825 Y19.588
G1 X-30.639 Y19.635
G1 X-30.449 Y19.730
G1 X-30.165 Y20.205
G1 X-30.402 Y20.110
G1 X-31.540 Y20.110
G1 X-32.204 Y20.205
G1 X-32.583 Y20.584
G1 X-32.678 Y21.153
G1 X-32.821 Y21.438
G1 X-32.963 Y21.533
G1 X-33.342 Y21.675
G1 X-33.817 Y21.675
G1 X-34.243 Y21.485
G1 X-34.433 Y21.295
M5
G0 X-34.386 Y21.058 F2500
M3 S320
G1 F1000
G1 X-34.101 Y21.153
G1 X-33.769 Y21.106
G1 X-33.437 Y20.916
G1 X-32.868 Y20.347
G1 X-32.773 Y20.157
G1 X-32.773 Y19.778
G1 X-32.868 Y19.588
G1 X-33.342 Y19.161
G1 X-34.670 Y19.920
G1 X-35.002 Y20.299
G1 X-34.907 Y20.394
G1 X-34.813 Y20.631
G1 X-34.386 Y21.058
G1 X-34.101 Y21.153
M5
G0 X-34.386 Y20.963 F2500
M3 S320
G1 F1000
G1 X-34.101 Y21.058
G1 X-33.769 Y21.011
G1 X-33.437 Y20.821
G1 X-32.963 Y20.347
G1 X-32.868 Y20.157
G1 X-32.868 Y19.778
G1 X-32.963 Y19.588
G1 X-33.342 Y19.256
G1 X-34.670 Y20.015
G1 X-34.907 Y20.299
G1 X-34.813 Y20.394
G1 X-34.718 Y20.631
G1 X-34.386 Y20.963
G1 X-34.101 Y21.058
M5
G0 X-34.386 Y20.916 F2500
M3 S320
G1 F1000
G1 X-34.101 Y21.011
G1 X-33.769 Y20.963
G1 X-33.437 Y20.774
G1 X-33.010 Y20.347
G1 X-32.915 Y20.157
G1 X-32.915 Y19.778
G1 X-33.010 Y19.588
G1 X-33.342 Y19.303
G1 X-34.670 Y20.062
G1 X-34.860 Y20.299
G1 X-34.765 Y20.394
G1 X-34.670 Y20.631
G1 X-34.386 Y20.916
G1 X-34.101 Y21.011
M5
G0 X-34.386 Y20.869 F2500
M3 S320
G1 F1000
G1 X-34.101 Y20.963
G1 X-33.911 Y20.963
G1 X-33.437 Y20.726
G1 X-33.058 Y20.347
G1 X-32.963 Y20.157
G1 X-32.963 Y19.778
G1 X-33.058 Y19.588
G1 X-33.342 Y19.351
G1 X-34.670 Y20.110
G1 X-34.813 Y20.299
G1 X-34.718 Y20.394
G1 X-34.623 Y20.631
G1 X-34.386 Y20.869
G1 X-34.101 Y20.963
M5
G0 X-34.386 Y20.821 F2500
M3 S320
G1 F1000
G1 X-34.101 Y20.916
G1 X-33.911 Y20.916
G1 X-33.437 Y20.679
G1 X-33.105 Y20.347
G1 X-33.010 Y20.157
G1 X-33.010 Y19.778
G1 X-33.105 Y19.588
G1 X-33.342 Y19.398
G1 X-34.196 Y19.920
G1 X-34.670 Y20.157
G1 X-34.765 Y20.299
G1 X-34.670 Y20.394
G1 X-34.575 Y20.631
G1 X-34.386 Y20.821
G1 X-34.101 Y20.916
M5
G0 X-34.243 Y21.533 F2500
M3 S320
G1 F1000
G1 X-34.481 Y21.295
G1 X-35.287 Y20.062
G1 X-35.714 Y19.303
G1 X-35.524 Y19.446
G1 X-35.287 Y19.446
G1 X-34.765 Y19.161
G1 X-32.489 Y17.738
G1 X-31.919 Y17.122
G1 X-31.635 Y17.691
G1 X-31.255 Y18.260
G1 X-31.493 Y18.118
G1 X-31.635 Y18.118
G1 X-32.678 Y18.734
G1 X-33.010 Y19.066
G1 X-32.963 Y19.256
G1 X-32.583 Y19.635
G1 X-31.825 Y19.541
G1 X-31.161 Y19.541
G1 X-30.497 Y19.635
G1 X-30.070 Y20.252
G1 X-30.402 Y20.157
G1 X-31.540 Y20.157
G1 X-32.204 Y20.252
G1 X-32.536 Y20.584
G1 X-32.583 Y20.726
G1 X-32.583 Y21.011
G1 X-32.821 Y21.485
G1 X-33.058 Y21.627
G1 X-33.342 Y21.722
G1 X-33.817 Y21.722
G1 X-34.243 Y21.533
G1 X-34.481 Y21.295
M5
G0 X-34.243 Y21.580 F2500
M3 S320
G1 F1000
G1 X-34.528 Y21.295
G1 X-35.334 Y20.062
G1 X-35.809 Y19.209
G1 X-35.524 Y19.398
G1 X-35.287 Y19.398
G1 X-33.674 Y18.450
G1 X-32.489 Y17.691
G1 X-32.014 Y17.217
G1 X-31.967 Y17.122
G1 X-31.967 Y16.932
G1 X-32.014 Y16.837
G1 X-31.777 Y17.359
G1 X-31.303 Y18.070
G1 X-31.161 Y18.355
G1 X-31.493 Y18.165
G1 X-31.635 Y18.165
G1 X-32.678 Y18.782
G1 X-32.963 Y19.066
G1 X-32.915 Y19.256
G1 X-32.583 Y19.588
G1 X-31.825 Y19.493
G1 X-31.161 Y19.493
G1 X-30.497 Y19.588
G1 X-30.165 Y20.015
G1 X-30.117 Y20.157
G1 X-30.022 Y20.252
G1 X-30.022 Y20.347
G1 X-30.402 Y20.205
G1 X-31.540 Y20.205
G1 X-32.204 Y20.299
G1 X-32.489 Y20.584
G1 X-32.583 Y21.153
G1 X-32.726 Y21.438
G1 X-32.821 Y21.533
G1 X-33.058 Y21.675
G1 X-33.342 Y21.770
G1 X-33.817 Y21.770
G1 X-34.243 Y21.580
G1 X-34.528 Y21.295
M5
G0 X-34.243 Y21.627 F2500
M3 S320
G1 F1000
G1 X-34.575 Y21.295
G1 X-35.382 Y20.062
G1 X-35.856 Y19.209
G1 X-35.761 Y19.161
G1 X-35.524 Y19.351
G1 X-35.287 Y19.351
G1 X-32.489 Y17.643
G1 X-32.062 Y17.217
G1 X-32.014 Y17.122
G1 X-32.014 Y16.932
G1 X-32.062 Y16.885
G1 X-32.014 Y16.742
G1 X-31.730 Y17.359
G1 X-31.255 Y18.070
G1 X-31.161 Y18.402
G1 X-31.493 Y18.213
G1 X-31.635 Y18.213
G1 X-32.678 Y18.829
G1 X-32.915 Y19.066
G1 X-32.868 Y19.256
G1 X-32.583 Y19.541
G1 X-31.825 Y19.446
G1 X-31.161 Y19.446
G1 X-30.497 Y19.541
G1 X-30.402 Y19.588
G1 X-29.975 Y20.252
G1 X-29.927 Y20.442
G1 X-30.070 Y20.347
G1 X-30.402 Y20.252
G1 X-31.540 Y20.252
G1 X-32.204 Y20.347
G1 X-32.441 Y20.584
G1 X-32.536 Y21.153
G1 X-32.678 Y21.438
G1 X-32.821 Y21.580
G1 X-33.058 Y21.722
G1 X-33.342 Y21.817
G1 X-33.817 Y21.817
G1 X-34.243 Y21.627
G1 X-34.575 Y21.295
M5
G0 X-34.243 Y21.675 F2500
M3 S320
G1 F1000
G1 X-34.623 Y21.295
G1 X-35.429 Y20.062
G1 X-35.903 Y19.209
G1 X-35.761 Y19.114
G1 X-35.524 Y19.303
G1 X-35.287 Y19.303
G1 X-33.674 Y18.355
G1 X-32.489 Y17.596
G1 X-32.062 Y17.122
G1 X-32.062 Y16.932
G1 X-32.157 Y16.742
G1 X-31.967 Y16.742
G1 X-31.682 Y17.359
G1 X-31.208 Y18.070
G1 X-31.066 Y18.355
G1 X-31.161 Y18.450
G1 X-31.493 Y18.260
G1 X-31.635 Y18.260
G1 X-32.678 Y18.877
G1 X-32.868 Y19.066
G1 X-32.821 Y19.256
G1 X-32.583 Y19.493
G1 X-31.825 Y19.398
G1 X-31.161 Y19.398
G1 X-30.497 Y19.493
G1 X-30.354 Y19.588
G1 X-29.927 Y20.252
G1 X-29.880 Y20.489
G1 X-30.402 Y20.299
G1 X-31.540 Y20.299
G1 X-32.204 Y20.394
G1 X-32.394 Y20.584
G1 X-32.489 Y21.153
G1 X-32.631 Y21.438
G1 X-32.821 Y21.627
G1 X-33.058 Y21.770
G1 X-33.342 Y21.865
G1 X-33.817 Y21.865
G1 X-34.243 Y21.675
G1 X-34.623 Y21.295
M5
G0 X-34.243 Y21.722 F2500
M3 S320
G1 F1000
G1 X-34.670 Y21.295
G1 X-35.477 Y20.062
G1 X-35.951 Y19.209
G1 X-35.761 Y19.066
G1 X-35.524 Y19.256
G1 X-35.287 Y19.256
G1 X-32.489 Y17.549
G1 X-32.157 Y17.217
G1 X-32.109 Y17.122
G1 X-32.109 Y16.932
G1 X-32.204 Y16.742
G1 X-32.014 Y16.647
G1 X-31.919 Y16.742
G1 X-31.635 Y17.359
G1 X-31.161 Y18.070
G1 X-31.018 Y18.355
G1 X-31.161 Y18.497
G1 X-31.493 Y18.307
G1 X-31.635 Y18.307
G1 X-32.678 Y18.924
G1 X-32.821 Y19.066
G1 X-32.773 Y19.256
G1 X-32.583 Y19.446
G1 X-31.825 Y19.351
G1 X-31.161 Y19.351
G1 X-30.497 Y19.446
G1 X-30.307 Y19.588
G1 X-29.880 Y20.252
G1 X-29.833 Y20.394
G1 X-29.927 Y20.537
G1 X-30.402 Y20.347
G1 X-31.540 Y20.347
G1 X-32.204 Y20.442
G1 X-32.346 Y20.584
G1 X-32.441 Y21.153
G1 X-32.583 Y21.438
G1 X-32.821 Y21.675
G1 X-33.058 Y21.817
G1 X-33.342 Y21.912
G1 X-33.817 Y21.912
G1 X-34.243 Y21.722
G1 X-34.670 Y21.295
M5
G0 X-34.243 Y21.770 F2500
M3 S320
G1 F1000
G1 X-34.718 Y21.295
G1 X-35.809 Y19.588
G1 X-35.998 Y19.161
G1 X-35.761 Y19.019
G1 X-35.524 Y19.209
G1 X-35.287 Y19.209
G1 X-32.489 Y17.501
G1 X-32.204 Y17.217
G1 X-32.157 Y17.122
G1 X-32.157 Y16.932
G1 X-32.251 Y16.695
G1 X-32.014 Y16.600
G1 X-31.872 Y16.742
G1 X-31.587 Y17.359
G1 X-31.113 Y18.070
G1 X-30.971 Y18.355
G1 X-31.161 Y18.545
G1 X-31.493 Y18.355
G1 X-31.635 Y18.355
G1 X-31.825 Y18.450
G1 X-32.299 Y18.782
G1 X-32.678 Y18.971
G1 X-32.773 Y19.066
G1 X-32.726 Y19.256
G1 X-32.583 Y19.398
G1 X-31.825 Y19.303
G1 X-31.161 Y19.303
G1 X-30.497 Y19.398
G1 X-30.259 Y19.588
G1 X-29.833 Y20.252
G1 X-29.785 Y20.489
G1 X-29.927 Y20.584
G1 X-30.402 Y20.394
G1 X-31.540 Y20.394
G1 X-31.919 Y20.489
G1 X-32.204 Y20.489
G1 X-32.299 Y20.584
G1 X-32.346 Y20.726
G1 X-32.346 Y21.011
G1 X-32.536 Y21.438
G1 X-32.821 Y21.722
G1 X-33.058 Y21.865
G1 X-33.342 Y21.959
G1 X-33.817 Y21.959
G1 X-34.243 Y21.770
G1 X-34.718 Y21.295
M5
G0 X-34.243 Y21.817 F2500
M3 S320
G1 F1000
G1 X-34.765 Y21.295
G1 X-35.856 Y19.588
G1 X-35.998 Y19.114
G1 X-35.761 Y18.971
G1 X-35.524 Y19.161
G1 X-35.287 Y19.161
G1 X-32.489 Y17.454
G1 X-32.251 Y17.217
G1 X-32.204 Y17.122
G1 X-32.251 Y16.647
G1 X-32.014 Y16.553
G1 X-31.825 Y16.742
G1 X-31.540 Y17.359
G1 X-31.066 Y18.070
G1 X-30.923 Y18.355
G1 X-31.161 Y18.592
G1 X-31.493 Y18.402
G1 X-31.635 Y18.402
G1 X-31.825 Y18.497
G1 X-32.536 Y18.971
G1 X-32.678 Y19.019
G1 X-32.726 Y19.161
G1 X-32.583 Y19.351
G1 X-31.825 Y19.256
G1 X-31.161 Y19.256
G1 X-30.497 Y19.351
G1 X-30.212 Y19.588
G1 X-29.785 Y20.252
G1 X-29.738 Y20.489
G1 X-29.833 Y20.631
G1 X-29.927 Y20.631
G1 X-30.402 Y20.442
G1 X-31.540 Y20.442
G1 X-32.251 Y20.584
G1 X-32.346 Y21.153
G1 X-32.489 Y21.438
G1 X-32.821 Y21.770
G1 X-33.058 Y21.912
G1 X-33.342 Y22.007
G1 X-33.817 Y22.007
G1 X-34.243 Y21.817
G1 X-34.765 Y21.295
M5
G0 X-35.097 Y20.062 F2500
M3 S320
G1 F1000
G1 X-35.334 Y19.635
G1 X-34.765 Y19.351
G1 X-32.489 Y17.928
G1 X-31.967 Y17.406
G1 X-31.825 Y17.691
G1 X-31.635 Y17.928
G1 X-32.678 Y18.545
G1 X-33.200 Y19.019
G1 X-33.342 Y18.924
G1 X-34.670 Y19.683
G1 X-35.097 Y20.062
G1 X-35.334 Y19.635
M5
G0 X-35.050 Y19.967 F2500
M3 S320
G1 F1000
G1 X-35.192 Y19.683
G1 X-35.097 Y19.588
G1 X-34.765 Y19.446
G1 X-32.489 Y18.023
G1 X-31.967 Y17.549
G1 X-31.777 Y17.928
G1 X-32.678 Y18.450
G1 X-33.200 Y18.924
G1 X-33.342 Y18.829
G1 X-34.670 Y19.588
G1 X-35.050 Y19.967
G1 X-35.192 Y19.683
M5
G0 X-35.050 Y20.015 F2500
M3 S320
G1 F1000
G1 X-35.192 Y19.825
G1 X-35.239 Y19.635
G1 X-34.765 Y19.398
G1 X-32.489 Y17.975
G1 X-31.967 Y17.454
G1 X-31.872 Y17.691
G1 X-31.682 Y17.928
G1 X-31.825 Y17.975
G1 X-32.062 Y18.165
G1 X-32.678 Y18.497
G1 X-33.200 Y18.971
G1 X-33.342 Y18.877
G1 X-34.670 Y19.635
G1 X-35.050 Y20.015
G1 X-35.192 Y19.825
M5
G0 X-35.145 Y20.062 F2500
M3 S320
G1 F1000
G1 X-35.192 Y19.920
G1 X-35.429 Y19.588
G1 X-35.287 Y19.588
G1 X-34.765 Y19.303
G1 X-32.489 Y17.881
G1 X-31.967 Y17.359
G1 X-31.872 Y17.454
G1 X-31.777 Y17.691
G1 X-31.587 Y17.975
G1 X-31.825 Y18.070
G1 X-32.678 Y18.592
G1 X-33.153 Y19.114
G1 X-33.342 Y18.971
G1 X-34.670 Y19.730
G1 X-35.050 Y20.110
G1 X-35.145 Y20.062
G1 X-35.192 Y19.920
M5
G0 X-36.567 Y17.928 F2500
M3 S320
G1 F1000
G1 X-36.899 Y17.311
G1 X-37.279 Y16.363
G1 X-37.943 Y14.987
G1 X-37.943 Y14.798
G1 X-37.848 Y14.703
G1 X-37.658 Y14.655
G1 X-37.469 Y14.893
G1 X-37.231 Y14.893
G1 X-34.338 Y13.612
G1 X-34.006 Y13.422
G1 X-33.864 Y13.280
G1 X-33.864 Y12.853
G1 X-33.532 Y12.711
G1 X-33.390 Y13.090
G1 X-33.247 Y13.327
G1 X-32.963 Y14.181
G1 X-32.157 Y15.889
G1 X-32.157 Y16.078
G1 X-32.204 Y16.173
G1 X-33.247 Y16.790
G1 X-33.390 Y16.742
G1 X-33.390 Y16.553
G1 X-33.010 Y16.031
G1 X-32.963 Y15.889
G1 X-32.963 Y15.509
G1 X-33.058 Y15.177
G1 X-33.295 Y14.655
G1 X-33.390 Y14.561
G1 X-33.674 Y14.608
G1 X-34.528 Y15.035
G1 X-34.860 Y15.130
G1 X-34.955 Y15.225
G1 X-34.670 Y15.794
G1 X-34.528 Y15.936
G1 X-34.006 Y16.126
G1 X-34.006 Y16.410
G1 X-34.955 Y16.790
G1 X-35.239 Y16.979
G1 X-35.334 Y16.979
G1 X-35.619 Y16.742
G1 X-35.239 Y16.315
G1 X-35.239 Y15.936
G1 X-35.429 Y15.557
G1 X-35.619 Y15.509
G1 X-36.662 Y16.031
G1 X-36.805 Y16.173
G1 X-36.615 Y16.647
G1 X-36.473 Y16.885
G1 X-36.283 Y17.074
G1 X-36.046 Y17.169
G1 X-35.524 Y17.217
G1 X-35.524 Y17.454
G1 X-35.619 Y17.549
G1 X-36.093 Y17.691
G1 X-36.567 Y17.928
G1 X-36.899 Y17.311
M5
G0 X-36.567 Y17.691 F2500
M3 S320
G1 F1000
G1 X-37.374 Y15.841
G1 X-37.801 Y14.987
G1 X-37.706 Y14.798
G1 X-37.469 Y15.035
G1 X-37.231 Y15.035
G1 X-34.338 Y13.754
G1 X-34.006 Y13.565
G1 X-33.722 Y13.280
G1 X-33.674 Y12.901
G1 X-33.579 Y12.901
G1 X-33.390 Y13.327
G1 X-33.105 Y14.181
G1 X-32.346 Y15.746
G1 X-32.299 Y16.078
G1 X-32.394 Y16.173
G1 X-33.247 Y16.647
G1 X-33.247 Y16.553
G1 X-32.868 Y16.031
G1 X-32.821 Y15.889
G1 X-32.821 Y15.509
G1 X-32.915 Y15.177
G1 X-33.153 Y14.655
G1 X-33.390 Y14.418
G1 X-33.674 Y14.466
G1 X-34.528 Y14.893
G1 X-34.860 Y14.987
G1 X-35.097 Y15.225
G1 X-34.813 Y15.794
G1 X-34.528 Y16.078
G1 X-34.149 Y16.221
G1 X-34.196 Y16.363
G1 X-34.291 Y16.363
G1 X-34.955 Y16.647
G1 X-35.239 Y16.837
G1 X-35.334 Y16.837
G1 X-35.477 Y16.742
G1 X-35.097 Y16.315
G1 X-35.097 Y15.936
G1 X-35.287 Y15.557
G1 X-35.477 Y15.367
G1 X-35.619 Y15.367
G1 X-36.662 Y15.889
G1 X-36.947 Y16.173
G1 X-36.757 Y16.647
G1 X-36.615 Y16.885
G1 X-36.283 Y17.217
G1 X-36.046 Y17.311
G1 X-35.666 Y17.311
G1 X-35.666 Y17.406
G1 X-35.761 Y17.454
G1 X-35.856 Y17.454
G1 X-36.330 Y17.691
G1 X-36.567 Y17.691
G1 X-37.374 Y15.841
M5
G0 X-37.089 Y16.031 F2500
M3 S320
G1 F1000
G1 X-37.421 Y15.272
G1 X-37.231 Y15.272
G1 X-34.338 Y13.991
G1 X-34.006 Y13.802
G1 X-33.627 Y13.422
G1 X-33.390 Y13.944
G1 X-33.342 Y14.181
G1 X-33.247 Y14.323
G1 X-33.390 Y14.181
G1 X-33.532 Y14.181
G1 X-34.006 Y14.371
G1 X-34.528 Y14.655
G1 X-34.860 Y14.750
G1 X-35.334 Y15.225
G1 X-35.239 Y15.367
G1 X-35.477 Y15.130
G1 X-35.619 Y15.130
G1 X-36.662 Y15.651
G1 X-37.089 Y16.031
G1 X-37.421 Y15.272
M5
G0 X-37.231 Y15.414 F2500
M3 S320
G1 F1000
G1 X-37.089 Y15.319
G1 X-36.662 Y15.177
G1 X-34.338 Y14.134
G1 X-34.006 Y13.944
G1 X-33.674 Y13.612
G1 X-33.627 Y13.802
G1 X-33.532 Y13.944
G1 X-33.579 Y14.086
G1 X-33.674 Y14.086
G1 X-34.006 Y14.229
G1 X-34.528 Y14.513
G1 X-34.860 Y14.608
G1 X-35.382 Y15.082
G1 X-35.477 Y14.987
G1 X-35.619 Y14.987
G1 X-36.662 Y15.509
G1 X-36.994 Y15.841
G1 X-37.231 Y15.414
G1 X-37.089 Y15.319
M5
G0 X-36.994 Y15.794 F2500
M3 S320
G1 F1000
G1 X-37.184 Y15.414
G1 X-36.662 Y15.225
G1 X-35.998 Y14.893
G1 X-34.338 Y14.181
G1 X-34.006 Y13.991
G1 X-33.674 Y13.707
G1 X-33.579 Y14.039
G1 X-34.006 Y14.181
G1 X-34.528 Y14.466
G1 X-34.860 Y14.561
G1 X-35.382 Y15.035
G1 X-35.477 Y14.940
G1 X-35.619 Y14.940
G1 X-36.662 Y15.462
G1 X-36.994 Y15.794
G1 X-37.184 Y15.414
M5
G0 X-37.042 Y15.936 F2500
M3 S320
G1 F1000
G1 X-37.042 Y15.841
G1 X-37.279 Y15.367
G1 X-36.662 Y15.130
G1 X-34.338 Y14.086
G1 X-34.006 Y13.897
G1 X-33.674 Y13.565
G1 X-33.437 Y14.086
G1 X-33.674 Y14.134
G1 X-34.528 Y14.561
G1 X-34.860 Y14.655
G1 X-35.382 Y15.130
G1 X-35.477 Y15.035
G1 X-35.619 Y15.035
G1 X-36.662 Y15.557
G1 X-37.042 Y15.936
G1 X-37.042 Y15.841
M5
G0 X-37.042 Y15.983 F2500
M3 S320
G1 F1000
G1 X-37.374 Y15.319
G1 X-37.231 Y15.319
G1 X-34.338 Y14.039
G1 X-34.006 Y13.849
G1 X-33.627 Y13.470
G1 X-33.627 Y13.565
G1 X-33.437 Y13.944
G1 X-33.390 Y14.134
G1 X-33.674 Y14.181
G1 X-34.528 Y14.608
G1 X-34.860 Y14.703
G1 X-35.382 Y15.177
G1 X-35.477 Y15.082
G1 X-35.619 Y15.082
G1 X-36.662 Y15.604
G1 X-37.042 Y15.983
G1 X-37.374 Y15.319
M5
G0 X-37.089 Y16.126 F2500
M3 S320
G1 F1000
G1 X-37.184 Y15.936
G1 X-37.184 Y15.841
G1 X-37.516 Y15.177
G1 X-37.231 Y15.225
G1 X-34.338 Y13.944
G1 X-34.006 Y13.754
G1 X-33.579 Y13.327
G1 X-33.295 Y14.181
G1 X-33.105 Y14.513
G1 X-33.390 Y14.229
G1 X-33.532 Y14.229
G1 X-34.006 Y14.418
G1 X-34.528 Y14.703
G1 X-34.860 Y14.798
G1 X-35.287 Y15.225
G1 X-35.002 Y15.794
G1 X-34.481 Y16.268
G1 X-34.860 Y16.458
G1 X-34.955 Y16.458
G1 X-35.145 Y16.600
G1 X-34.907 Y16.315
G1 X-34.907 Y15.936
G1 X-35.097 Y15.557
G1 X-35.477 Y15.177
G1 X-35.619 Y15.177
G1 X-36.662 Y15.699
G1 X-37.089 Y16.126
G1 X-37.184 Y15.936
M5
G0 X-36.330 Y17.454 F2500
M3 S320
G1 F1000
G1 X-36.473 Y17.406
G1 X-36.567 Y17.169
G1 X-36.330 Y17.454
G1 X-36.473 Y17.406
M5
G0 X-36.473 Y17.596 F2500
M3 S320
G1 F1000
G1 X-36.994 Y16.363
G1 X-37.658 Y14.987
G1 X-37.469 Y15.177
G1 X-37.231 Y15.177
G1 X-34.149 Y13.802
G1 X-34.006 Y13.707
G1 X-33.579 Y13.233
G1 X-33.247 Y14.181
G1 X-32.441 Y15.889
G1 X-32.489 Y16.078
G1 X-32.915 Y16.315
G1 X-32.773 Y16.126
G1 X-32.678 Y15.889
G1 X-32.678 Y15.509
G1 X-32.773 Y15.177
G1 X-33.010 Y14.655
G1 X-33.390 Y14.276
G1 X-33.674 Y14.323
G1 X-34.528 Y14.750
G1 X-34.860 Y14.845
G1 X-35.239 Y15.225
G1 X-34.955 Y15.794
G1 X-34.528 Y16.221
G1 X-34.386 Y16.268
G1 X-34.955 Y16.505
G1 X-35.145 Y16.647
G1 X-35.287 Y16.695
G1 X-34.955 Y16.315
G1 X-34.955 Y15.936
G1 X-35.145 Y15.557
G1 X-35.477 Y15.225
G1 X-35.619 Y15.225
G1 X-36.662 Y15.746
G1 X-37.089 Y16.173
G1 X-36.899 Y16.647
G1 X-36.757 Y16.885
G1 X-36.283 Y17.359
G1 X-36.093 Y17.406
G1 X-36.473 Y17.596
G1 X-36.994 Y16.363
M5
G0 X-36.235 Y17.454 F2500
M3 S320
G1 F1000
G1 X-36.473 Y17.501
G1 X-36.567 Y17.311
G1 X-36.567 Y17.217
G1 X-36.710 Y16.979
G1 X-36.235 Y17.454
G1 X-36.473 Y17.501
M5
G0 X-36.473 Y17.643 F2500
M3 S320
G1 F1000
G1 X-36.662 Y17.311
G1 X-37.279 Y15.841
G1 X-37.611 Y15.225
G1 X-37.706 Y14.893
G1 X-37.469 Y15.130
G1 X-37.231 Y15.130
G1 X-34.338 Y13.849
G1 X-34.006 Y13.659
G1 X-33.627 Y13.280
G1 X-33.627 Y12.995
G1 X-33.627 Y13.090
G1 X-33.485 Y13.327
G1 X-33.200 Y14.181
G1 X-32.441 Y15.746
G1 X-32.394 Y16.078
G1 X-33.058 Y16.410
G1 X-32.821 Y16.126
G1 X-32.726 Y15.889
G1 X-32.726 Y15.509
G1 X-32.773 Y15.319
G1 X-33.058 Y14.655
G1 X-33.390 Y14.323
G1 X-33.674 Y14.371
G1 X-34.528 Y14.798
G1 X-34.860 Y14.893
G1 X-35.192 Y15.225
G1 X-34.907 Y15.794
G1 X-34.528 Y16.173
G1 X-34.243 Y16.268
G1 X-34.955 Y16.553
G1 X-35.239 Y16.742
G1 X-35.334 Y16.742
G1 X-35.002 Y16.315
G1 X-35.002 Y15.936
G1 X-35.192 Y15.557
G1 X-35.477 Y15.272
G1 X-35.619 Y15.272
G1 X-36.662 Y15.794
G1 X-37.042 Y16.173
G1 X-36.852 Y16.647
G1 X-36.710 Y16.885
G1 X-36.283 Y17.311
G1 X-36.046 Y17.406
G1 X-35.903 Y17.406
G1 X-36.093 Y17.454
G1 X-36.473 Y17.643
G1 X-36.662 Y17.311
M5
G0 X-36.520 Y17.691 F2500
M3 S320
G1 F1000
G1 X-37.326 Y15.841
G1 X-37.658 Y15.225
G1 X-37.753 Y14.987
G1 X-37.753 Y14.845
G1 X-37.469 Y15.082
G1 X-37.231 Y15.082
G1 X-34.149 Y13.707
G1 X-33.674 Y13.280
G1 X-33.674 Y12.948
G1 X-33.579 Y12.995
G1 X-33.579 Y13.090
G1 X-33.437 Y13.327
G1 X-33.153 Y14.181
G1 X-32.346 Y15.889
G1 X-32.394 Y16.126
G1 X-33.200 Y16.553
G1 X-32.821 Y16.031
G1 X-32.773 Y15.889
G1 X-32.773 Y15.509
G1 X-32.868 Y15.177
G1 X-33.105 Y14.655
G1 X-33.390 Y14.371
G1 X-33.674 Y14.418
G1 X-34.528 Y14.845
G1 X-34.860 Y14.940
G1 X-35.145 Y15.225
G1 X-34.860 Y15.794
G1 X-34.528 Y16.126
G1 X-34.196 Y16.315
G1 X-34.955 Y16.600
G1 X-35.239 Y16.790
G1 X-35.382 Y16.695
G1 X-35.050 Y16.315
G1 X-35.050 Y15.936
G1 X-35.239 Y15.557
G1 X-35.477 Y15.319
G1 X-35.619 Y15.319
G1 X-36.662 Y15.841
G1 X-36.994 Y16.173
G1 X-36.805 Y16.647
G1 X-36.662 Y16.885
G1 X-36.283 Y17.264
G1 X-36.046 Y17.359
G1 X-35.714 Y17.359
G1 X-36.520 Y17.691
G1 X-37.326 Y15.841
M5
G0 X-38.275 Y13.991 F2500
M3 S320
G1 F1000
G1 X-38.749 Y12.616
G1 X-38.702 Y12.426
G1 X-38.512 Y12.331
G1 X-38.417 Y12.331
G1 X-38.370 Y12.474
G1 X-38.227 Y12.616
G1 X-37.943 Y12.663
G1 X-36.899 Y11.905
G1 X-35.951 Y11.146
G1 X-36.330 Y11.051
G1 X-36.757 Y11.051
G1 X-37.184 Y10.956
G1 X-38.654 Y10.861
G1 X-38.749 Y10.956
G1 X-38.749 Y11.335
G1 X-39.081 Y11.335
G1 X-39.555 Y9.628
G1 X-39.508 Y9.343
G1 X-39.413 Y9.296
G1 X-39.176 Y9.296
G1 X-39.129 Y9.438
G1 X-38.939 Y9.628
G1 X-38.797 Y9.675
G1 X-37.658 Y9.723
G1 X-34.291 Y10.055
G1 X-34.196 Y10.150
G1 X-34.149 Y10.387
G1 X-34.481 Y10.719
G1 X-37.753 Y13.280
G1 X-37.895 Y13.470
G1 X-37.943 Y13.612
G1 X-37.943 Y13.991
G1 X-38.275 Y13.991
G1 X-38.749 Y12.616
M5
G0 X-38.180 Y13.043 F2500
M3 S320
G1 F1000
G1 X-37.990 Y13.090
G1 X-38.133 Y13.185
G1 X-38.180 Y13.043
G1 X-37.990 Y13.090
M5
G0 X-38.133 Y13.327 F2500
M3 S320
G1 F1000
G1 X-38.227 Y12.995
G1 X-37.943 Y13.043
G1 X-37.137 Y12.426
G1 X-37.706 Y12.853
G1 X-38.133 Y13.327
G1 X-38.227 Y12.995
M5
G0 X-38.180 Y13.659 F2500
M3 S320
G1 F1000
G1 X-38.180 Y13.517
G1 X-38.512 Y12.569
G1 X-38.227 Y12.853
G1 X-37.943 Y12.901
G1 X-36.283 Y11.667
G1 X-35.714 Y11.146
G1 X-35.998 Y10.861
G1 X-36.757 Y10.814
G1 X-37.184 Y10.719
G1 X-38.227 Y10.624
G1 X-38.654 Y10.624
G1 X-38.986 Y10.909
G1 X-38.986 Y10.766
G1 X-39.081 Y10.529
G1 X-39.129 Y10.197
G1 X-39.223 Y10.007
G1 X-39.318 Y9.533
G1 X-38.939 Y9.865
G1 X-38.797 Y9.913
G1 X-37.089 Y10.007
G1 X-35.145 Y10.245
G1 X-34.670 Y10.245
G1 X-34.623 Y10.292
G1 X-34.386 Y10.292
G1 X-34.386 Y10.387
G1 X-34.765 Y10.719
G1 X-37.706 Y12.995
G1 X-38.133 Y13.470
G1 X-38.180 Y13.659
G1 X-38.180 Y13.517
M5
G0 X-38.180 Y13.754 F2500
M3 S320
G1 F1000
G1 X-38.512 Y12.663
G1 X-38.512 Y12.521
G1 X-38.227 Y12.806
G1 X-37.943 Y12.853
G1 X-36.283 Y11.620
G1 X-35.761 Y11.146
G1 X-35.998 Y10.909
G1 X-36.757 Y10.861
G1 X-37.184 Y10.766
G1 X-38.227 Y10.671
G1 X-38.654 Y10.671
G1 X-38.939 Y10.956
G1 X-38.939 Y11.146
G1 X-39.034 Y10.909
G1 X-39.176 Y10.197
G1 X-39.271 Y10.007
G1 X-39.366 Y9.486
G1 X-39.271 Y9.486
G1 X-38.939 Y9.818
G1 X-38.797 Y9.865
G1 X-37.089 Y9.960
G1 X-34.670 Y10.197
G1 X-34.338 Y10.292
G1 X-34.338 Y10.387
G1 X-34.765 Y10.766
G1 X-37.706 Y13.043
G1 X-38.085 Y13.470
G1 X-38.133 Y13.612
G1 X-38.085 Y13.802
G1 X-38.180 Y13.754
G1 X-38.512 Y12.663
M5
G0 X-38.180 Y13.849 F2500
M3 S320
G1 F1000
G1 X-38.275 Y13.659
G1 X-38.322 Y13.375
G1 X-38.370 Y13.327
G1 X-38.607 Y12.521
G1 X-38.512 Y12.474
G1 X-38.227 Y12.758
G1 X-37.943 Y12.806
G1 X-36.283 Y11.573
G1 X-35.809 Y11.146
G1 X-35.998 Y10.956
G1 X-36.757 Y10.909
G1 X-37.658 Y10.766
G1 X-38.654 Y10.719
G1 X-38.891 Y10.956
G1 X-38.891 Y11.193
G1 X-38.986 Y11.193
G1 X-39.413 Y9.628
G1 X-39.413 Y9.438
G1 X-39.271 Y9.391
G1 X-38.939 Y9.770
G1 X-38.797 Y9.818
G1 X-37.089 Y9.913
G1 X-35.145 Y10.150
G1 X-34.338 Y10.197
G1 X-34.291 Y10.387
G1 X-34.481 Y10.577
G1 X-34.528 Y10.577
G1 X-35.477 Y11.383
G1 X-36.520 Y12.142
G1 X-37.231 Y12.758
G1 X-37.706 Y13.090
G1 X-38.038 Y13.470
G1 X-38.085 Y13.612
G1 X-38.038 Y13.849
G1 X-38.180 Y13.849
G1 X-38.275 Y13.659
M5
G0 X-38.275 Y13.897 F2500
M3 S320
G1 F1000
G1 X-38.275 Y13.802
G1 X-38.370 Y13.659
G1 X-38.702 Y12.616
G1 X-38.702 Y12.474
G1 X-38.607 Y12.426
G1 X-38.417 Y12.426
G1 X-38.227 Y12.663
G1 X-37.943 Y12.711
G1 X-36.899 Y11.952
G1 X-35.903 Y11.146
G1 X-35.998 Y11.051
G1 X-36.330 Y11.003
G1 X-36.757 Y11.003
G1 X-37.184 Y10.909
G1 X-38.654 Y10.814
G1 X-38.797 Y10.956
G1 X-38.797 Y11.288
G1 X-39.081 Y11.241
G1 X-39.081 Y11.098
G1 X-39.176 Y10.909
G1 X-39.508 Y9.628
G1 X-39.508 Y9.391
G1 X-39.223 Y9.296
G1 X-39.176 Y9.438
G1 X-38.939 Y9.675
G1 X-38.797 Y9.723
G1 X-37.089 Y9.818
G1 X-34.670 Y10.055
G1 X-34.243 Y10.150
G1 X-34.196 Y10.387
G1 X-34.481 Y10.671
G1 X-35.477 Y11.478
G1 X-36.520 Y12.237
G1 X-37.231 Y12.853
G1 X-37.801 Y13.280
G1 X-37.943 Y13.470
G1 X-37.990 Y13.612
G1 X-37.943 Y13.944
G1 X-38.275 Y13.897
G1 X-38.275 Y13.802
M5
G0 X-38.227 Y13.897 F2500
M3 S320
G1 F1000
G1 X-38.654 Y12.616
G1 X-38.607 Y12.474
G1 X-38.465 Y12.426
G1 X-38.227 Y12.711
G1 X-37.943 Y12.758
G1 X-36.283 Y11.525
G1 X-35.856 Y11.146
G1 X-35.998 Y11.003
G1 X-36.330 Y10.956
G1 X-36.757 Y10.956
G1 X-37.184 Y10.861
G1 X-38.654 Y10.766
G1 X-38.844 Y10.956
G1 X-38.844 Y11.241
G1 X-39.034 Y11.241
G1 X-39.461 Y9.628
G1 X-39.413 Y9.391
G1 X-39.271 Y9.343
G1 X-38.939 Y9.723
G1 X-38.797 Y9.770
G1 X-37.089 Y9.865
G1 X-35.145 Y10.102
G1 X-34.291 Y10.150
G1 X-34.243 Y10.387
G1 X-34.481 Y10.624
G1 X-35.477 Y11.430
G1 X-36.520 Y12.189
G1 X-37.231 Y12.806
G1 X-37.706 Y13.138
G1 X-37.990 Y13.470
G1 X-38.038 Y13.612
G1 X-37.990 Y13.897
G1 X-38.227 Y13.897
G1 X-38.654 Y12.616
M5
G0 X-39.176 Y9.723 F2500
M3 S320
G1 F1000
G1 X-38.939 Y9.960
G1 X-38.797 Y10.007
G1 X-37.089 Y10.102
G1 X-34.481 Y10.387
G1 X-35.477 Y11.193
G1 X-36.520 Y11.952
G1 X-37.231 Y12.569
G1 X-37.706 Y12.901
G1 X-38.133 Y13.375
G1 X-38.322 Y12.853
G1 X-38.227 Y12.948
G1 X-37.943 Y12.995
G1 X-36.283 Y11.762
G1 X-35.619 Y11.146
G1 X-35.998 Y10.766
G1 X-36.330 Y10.719
G1 X-36.757 Y10.719
G1 X-37.184 Y10.624
G1 X-38.654 Y10.529
G1 X-38.891 Y10.766
G1 X-39.034 Y10.197
G1 X-39.129 Y10.007
G1 X-39.176 Y9.723
G1 X-38.939 Y9.960
M5
G0 X-39.271 Y9.581 F2500
M3 S320
G1 F1000
G1 X-38.939 Y9.913
G1 X-38.797 Y9.960
G1 X-37.089 Y10.055
G1 X-35.145 Y10.292
G1 X-34.670 Y10.292
G1 X-34.623 Y10.339
G1 X-34.433 Y10.339
G1 X-34.481 Y10.434
G1 X-35.477 Y11.241
G1 X-36.093 Y11.667
G1 X-37.231 Y12.616
G1 X-37.706 Y12.948
G1 X-38.180 Y13.470
G1 X-38.417 Y12.711
G1 X-38.227 Y12.901
G1 X-37.943 Y12.948
G1 X-36.283 Y11.715
G1 X-35.666 Y11.146
G1 X-35.998 Y10.814
G1 X-36.757 Y10.766
G1 X-37.658 Y10.624
G1 X-38.654 Y10.577
G1 X-38.939 Y10.861
G1 X-39.081 Y10.197
G1 X-39.176 Y10.007
G1 X-39.271 Y9.581
G1 X-38.939 Y9.913
M5
G0 X-38.085 Y8.537 F2500
M3 S320
G1 F1000
G1 X-38.559 Y8.442
G1 X-39.034 Y8.253
G1 X-39.413 Y8.015
G1 X-39.793 Y7.589
G1 X-40.030 Y7.162
G1 X-40.219 Y6.545
G1 X-40.267 Y6.166
G1 X-40.267 Y5.454
G1 X-40.172 Y5.075
G1 X-39.887 Y4.506
G1 X-39.745 Y4.316
G1 X-39.223 Y3.842
G1 X-38.702 Y3.557
G1 X-38.038 Y3.367
G1 X-37.421 Y3.367
G1 X-36.710 Y3.557
G1 X-36.330 Y3.747
G1 X-35.761 Y4.269
G1 X-35.429 Y4.838
G1 X-35.239 Y5.454
G1 X-35.192 Y5.929
G1 X-35.239 Y6.498
G1 X-35.477 Y7.209
G1 X-35.714 Y7.589
G1 X-36.141 Y8.015
G1 X-36.662 Y8.300
G1 X-37.042 Y8.442
G1 X-37.563 Y8.537
G1 X-38.085 Y8.537
G1 X-38.559 Y8.442
M5
G0 X-38.370 Y8.300 F2500
M3 S320
G1 F1000
G1 X-38.844 Y8.158
G1 X-39.413 Y7.826
G1 X-39.745 Y7.351
G1 X-39.935 Y6.925
G1 X-40.077 Y6.166
G1 X-40.077 Y5.454
G1 X-39.982 Y5.075
G1 X-39.840 Y4.743
G1 X-39.555 Y4.316
G1 X-39.223 Y4.031
G1 X-38.702 Y3.747
G1 X-38.038 Y3.557
G1 X-37.421 Y3.557
G1 X-36.710 Y3.747
G1 X-36.188 Y4.031
G1 X-35.951 Y4.269
G1 X-35.761 Y4.553
G1 X-35.619 Y4.838
G1 X-35.429 Y5.454
G1 X-35.382 Y6.118
G1 X-35.477 Y6.687
G1 X-35.666 Y7.209
G1 X-35.903 Y7.589
G1 X-36.283 Y7.921
G1 X-36.899 Y8.205
G1 X-37.563 Y8.347
G1 X-38.085 Y8.347
G1 X-38.370 Y8.300
G1 X-38.844 Y8.158
M5
G0 X-38.370 Y8.205 F2500
M3 S320
G1 F1000
G1 X-39.034 Y7.968
G1 X-39.271 Y7.826
G1 X-39.508 Y7.589
G1 X-39.840 Y6.925
G1 X-39.935 Y6.545
G1 X-39.935 Y6.355
G1 X-39.840 Y6.593
G1 X-39.698 Y6.782
G1 X-39.318 Y7.162
G1 X-38.749 Y7.494
G1 X-38.322 Y7.589
G1 X-37.658 Y7.589
G1 X-37.374 Y7.541
G1 X-36.567 Y7.304
G1 X-36.283 Y7.114
G1 X-35.761 Y6.593
G1 X-35.524 Y6.118
G1 X-35.571 Y5.597
G1 X-35.714 Y5.312
G1 X-36.378 Y4.648
G1 X-37.042 Y4.411
G1 X-37.326 Y4.363
G1 X-37.801 Y4.363
G1 X-38.370 Y4.458
G1 X-38.891 Y4.648
G1 X-39.129 Y4.790
G1 X-39.840 Y5.502
G1 X-39.982 Y5.834
G1 X-39.982 Y6.166
G1 X-39.982 Y5.454
G1 X-39.887 Y5.075
G1 X-39.745 Y4.743
G1 X-39.461 Y4.316
G1 X-39.081 Y4.031
G1 X-38.702 Y3.842
G1 X-38.038 Y3.652
G1 X-37.421 Y3.652
G1 X-36.710 Y3.842
G1 X-36.188 Y4.126
G1 X-36.046 Y4.269
G1 X-35.714 Y4.838
G1 X-35.524 Y5.454
G1 X-35.477 Y5.929
G1 X-35.524 Y6.498
G1 X-35.761 Y7.209
G1 X-35.998 Y7.589
G1 X-36.283 Y7.826
G1 X-36.662 Y8.015
G1 X-37.042 Y8.158
G1 X-37.563 Y8.253
G1 X-38.085 Y8.253
G1 X-38.370 Y8.205
G1 X-39.034 Y7.968
M5
G0 X-39.271 Y7.446 F2500
M3 S320
G1 F1000
G1 X-39.129 Y7.589
G1 X-38.749 Y7.778
G1 X-38.322 Y7.873
G1 X-37.658 Y7.873
G1 X-37.137 Y7.778
G1 X-36.567 Y7.589
G1 X-36.283 Y7.399
G1 X-36.046 Y7.162
G1 X-36.188 Y7.446
G1 X-36.283 Y7.541
G1 X-36.899 Y7.826
G1 X-37.563 Y7.968
G1 X-38.085 Y7.968
G1 X-38.559 Y7.873
G1 X-39.034 Y7.683
G1 X-39.176 Y7.589
G1 X-39.271 Y7.446
G1 X-39.129 Y7.589
M5
G0 X-39.461 Y7.257 F2500
M3 S320
G1 F1000
G1 X-39.129 Y7.541
G1 X-38.749 Y7.731
G1 X-38.322 Y7.826
G1 X-37.658 Y7.826
G1 X-37.137 Y7.731
G1 X-36.567 Y7.541
G1 X-36.283 Y7.351
G1 X-35.903 Y6.972
G1 X-36.141 Y7.446
G1 X-36.283 Y7.589
G1 X-36.899 Y7.873
G1 X-37.563 Y8.015
G1 X-38.085 Y8.015
G1 X-38.844 Y7.826
G1 X-39.271 Y7.589
G1 X-39.318 Y7.446
G1 X-39.461 Y7.257
G1 X-39.129 Y7.541
M5
G0 X-39.555 Y7.114 F2500
M3 S320
G1 F1000
G1 X-39.129 Y7.494
G1 X-38.749 Y7.683
G1 X-38.322 Y7.778
G1 X-37.658 Y7.778
G1 X-37.137 Y7.683
G1 X-36.567 Y7.494
G1 X-36.283 Y7.304
G1 X-35.809 Y6.830
G1 X-35.951 Y7.209
G1 X-36.093 Y7.446
G1 X-36.283 Y7.636
G1 X-36.899 Y7.921
G1 X-37.563 Y8.063
G1 X-38.085 Y8.063
G1 X-38.844 Y7.873
G1 X-39.318 Y7.589
G1 X-39.555 Y7.114
G1 X-39.129 Y7.494
M5
G0 X-39.698 Y6.925 F2500
M3 S320
G1 F1000
G1 X-39.318 Y7.304
G1 X-38.749 Y7.636
G1 X-38.322 Y7.731
G1 X-37.658 Y7.731
G1 X-37.137 Y7.636
G1 X-36.567 Y7.446
G1 X-36.283 Y7.257
G1 X-35.714 Y6.687
G1 X-35.903 Y7.209
G1 X-36.141 Y7.589
G1 X-36.899 Y7.968
G1 X-37.563 Y8.110
G1 X-38.085 Y8.110
G1 X-38.370 Y8.063
G1 X-39.034 Y7.826
G1 X-39.366 Y7.589
G1 X-39.698 Y6.925
G1 X-39.318 Y7.304
M5
G0 X-39.745 Y6.925 F2500
M3 S320
G1 F1000
G1 X-39.745 Y6.830
G1 X-39.318 Y7.257
G1 X-38.749 Y7.589
G1 X-38.322 Y7.683
G1 X-37.658 Y7.683
G1 X-37.137 Y7.589
G1 X-36.567 Y7.399
G1 X-36.283 Y7.209
G1 X-35.666 Y6.593
G1 X-35.619 Y6.498
G1 X-35.856 Y7.209
G1 X-36.141 Y7.636
G1 X-36.899 Y8.015
G1 X-37.563 Y8.158
G1 X-38.085 Y8.158
G1 X-38.370 Y8.110
G1 X-39.034 Y7.873
G1 X-39.413 Y7.589
G1 X-39.745 Y6.925
G1 X-39.745 Y6.830
M5
G0 X-39.840 Y6.735 F2500
M3 S320
G1 F1000
G1 X-39.840 Y6.640
G1 X-39.318 Y7.209
G1 X-38.749 Y7.541
G1 X-38.322 Y7.636
G1 X-37.658 Y7.636
G1 X-37.137 Y7.541
G1 X-36.567 Y7.351
G1 X-36.283 Y7.162
G1 X-35.714 Y6.593
G1 X-35.571 Y6.308
G1 X-35.619 Y6.687
G1 X-35.809 Y7.209
G1 X-36.141 Y7.683
G1 X-36.899 Y8.063
G1 X-37.563 Y8.205
G1 X-38.085 Y8.205
G1 X-38.370 Y8.158
G1 X-38.844 Y8.015
G1 X-39.271 Y7.778
G1 X-39.461 Y7.589
G1 X-39.603 Y7.351
G1 X-39.840 Y6.735
G1 X-39.840 Y6.640
M5
G0 X-39.793 Y6.593 F2500
M3 S320
G1 F1000
G1 X-39.318 Y7.114
G1 X-38.749 Y7.446
G1 X-38.322 Y7.541
G1 X-37.658 Y7.541
G1 X-37.137 Y7.446
G1 X-36.567 Y7.257
G1 X-36.283 Y7.067
G1 X-35.809 Y6.593
G1 X-35.571 Y6.118
G1 X-35.619 Y5.597
G1 X-35.761 Y5.312
G1 X-36.378 Y4.695
G1 X-36.567 Y4.601
G1 X-37.326 Y4.411
G1 X-37.801 Y4.411
G1 X-38.370 Y4.506
G1 X-38.891 Y4.695
G1 X-39.129 Y4.838
G1 X-39.793 Y5.502
G1 X-39.935 Y5.834
G1 X-39.935 Y6.308
G1 X-39.793 Y6.593
G1 X-39.318 Y7.114
M5
G0 X-39.698 Y6.308 F2500
M3 S320
G1 F1000
G1 X-39.555 Y6.593
G1 X-39.318 Y6.877
G1 X-38.749 Y7.209
G1 X-38.322 Y7.304
G1 X-37.658 Y7.304
G1 X-36.805 Y7.114
G1 X-36.567 Y7.019
G1 X-36.283 Y6.830
G1 X-36.046 Y6.593
G1 X-35.856 Y6.261
G1 X-35.809 Y6.118
G1 X-35.809 Y5.834
G1 X-35.856 Y5.597
G1 X-35.998 Y5.312
G1 X-36.378 Y4.933
G1 X-37.042 Y4.695
G1 X-37.326 Y4.648
G1 X-37.801 Y4.648
G1 X-38.370 Y4.743
G1 X-38.891 Y4.933
G1 X-39.129 Y5.075
G1 X-39.555 Y5.502
G1 X-39.698 Y5.834
G1 X-39.698 Y6.308
G1 X-39.555 Y6.593
M5
G0 X-39.745 Y6.308 F2500
M3 S320
G1 F1000
G1 X-39.461 Y6.782
G1 X-39.129 Y7.067
G1 X-38.749 Y7.257
G1 X-38.322 Y7.351
G1 X-37.658 Y7.351
G1 X-36.805 Y7.162
G1 X-36.567 Y7.067
G1 X-36.283 Y6.877
G1 X-35.903 Y6.450
G1 X-35.761 Y6.118
G1 X-35.761 Y5.834
G1 X-35.809 Y5.597
G1 X-35.951 Y5.312
G1 X-36.378 Y4.885
G1 X-37.042 Y4.648
G1 X-37.326 Y4.601
G1 X-37.801 Y4.601
G1 X-38.370 Y4.695
G1 X-38.891 Y4.885
G1 X-39.129 Y5.027
G1 X-39.603 Y5.502
G1 X-39.745 Y5.834
G1 X-39.745 Y6.308
G1 X-39.461 Y6.782
M5
G0 X-39.793 Y6.308 F2500
M3 S320
G1 F1000
G1 X-39.508 Y6.782
G1 X-39.129 Y7.114
G1 X-38.749 Y7.304
G1 X-38.322 Y7.399
G1 X-37.658 Y7.399
G1 X-36.805 Y7.209
G1 X-36.567 Y7.114
G1 X-36.283 Y6.925
G1 X-35.856 Y6.450
G1 X-35.714 Y6.118
G1 X-35.714 Y5.834
G1 X-35.761 Y5.597
G1 X-35.903 Y5.312
G1 X-36.378 Y4.838
G1 X-37.042 Y4.601
G1 X-37.326 Y4.553
G1 X-37.801 Y4.553
G1 X-38.370 Y4.648
G1 X-38.891 Y4.838
G1 X-39.129 Y4.980
G1 X-39.650 Y5.502
G1 X-39.793 Y5.834
G1 X-39.793 Y6.308
G1 X-39.508 Y6.782
M5
G0 X-39.840 Y6.308 F2500
M3 S320
G1 F1000
G1 X-39.555 Y6.782
G1 X-39.129 Y7.162
G1 X-38.749 Y7.351
G1 X-38.322 Y7.446
G1 X-37.658 Y7.446
G1 X-36.805 Y7.257
G1 X-36.567 Y7.162
G1 X-36.283 Y6.972
G1 X-35.809 Y6.450
G1 X-35.666 Y6.118
G1 X-35.666 Y5.834
G1 X-35.714 Y5.597
G1 X-35.856 Y5.312
G1 X-36.378 Y4.790
G1 X-37.042 Y4.553
G1 X-37.326 Y4.506
G1 X-37.801 Y4.506
G1 X-38.370 Y4.601
G1 X-38.891 Y4.790
G1 X-39.129 Y4.933
G1 X-39.698 Y5.502
G1 X-39.840 Y5.834
G1 X-39.840 Y6.308
G1 X-39.555 Y6.782
M5
G0 X-39.887 Y6.308 F2500
M3 S320
G1 F1000
G1 X-39.603 Y6.782
G1 X-39.129 Y7.209
G1 X-38.749 Y7.399
G1 X-38.322 Y7.494
G1 X-37.658 Y7.494
G1 X-36.805 Y7.304
G1 X-36.567 Y7.209
G1 X-36.283 Y7.019
G1 X-35.761 Y6.450
G1 X-35.619 Y6.118
G1 X-35.619 Y5.834
G1 X-35.666 Y5.597
G1 X-35.809 Y5.312
G1 X-36.378 Y4.743
G1 X-37.042 Y4.506
G1 X-37.326 Y4.458
G1 X-37.801 Y4.458
G1 X-38.370 Y4.553
G1 X-38.891 Y4.743
G1 X-39.129 Y4.885
G1 X-39.745 Y5.502
G1 X-39.887 Y5.834
G1 X-39.887 Y6.308
G1 X-39.603 Y6.782
M5
G0 X-39.935 Y5.644 F2500
M3 S320
G1 F1000
G1 X-39.935 Y5.454
G1 X-39.840 Y5.075
G1 X-39.698 Y4.743
G1 X-39.413 Y4.316
G1 X-39.081 Y4.079
G1 X-38.702 Y3.889
G1 X-38.038 Y3.699
G1 X-37.421 Y3.699
G1 X-36.710 Y3.889
G1 X-36.188 Y4.174
G1 X-35.903 Y4.553
G1 X-35.761 Y4.838
G1 X-35.619 Y5.265
G1 X-35.619 Y5.407
G1 X-35.571 Y5.454
G1 X-35.571 Y5.549
G1 X-35.666 Y5.312
G1 X-36.378 Y4.601
G1 X-37.042 Y4.363
G1 X-37.326 Y4.316
G1 X-37.801 Y4.316
G1 X-38.370 Y4.411
G1 X-38.986 Y4.648
G1 X-39.129 Y4.743
G1 X-39.887 Y5.502
G1 X-39.935 Y5.644
G1 X-39.935 Y5.454
M5
G0 X-39.887 Y5.454 F2500
M3 S320
G1 F1000
G1 X-39.793 Y5.075
G1 X-39.650 Y4.743
G1 X-39.508 Y4.506
G1 X-39.223 Y4.221
G1 X-38.702 Y3.937
G1 X-38.038 Y3.747
G1 X-37.421 Y3.747
G1 X-36.710 Y3.937
G1 X-36.330 Y4.126
G1 X-36.141 Y4.269
G1 X-35.951 Y4.553
G1 X-35.666 Y5.265
G1 X-36.378 Y4.553
G1 X-36.567 Y4.458
G1 X-37.326 Y4.269
G1 X-37.801 Y4.269
G1 X-38.370 Y4.363
G1 X-38.986 Y4.601
G1 X-39.129 Y4.695
G1 X-39.887 Y5.454
G1 X-39.793 Y5.075
M5
G0 X-39.698 Y5.170 F2500
M3 S320
G1 F1000
G1 X-39.698 Y5.075
G1 X-39.603 Y4.933
G1 X-39.555 Y4.743
G1 X-39.413 Y4.506
G1 X-39.223 Y4.316
G1 X-38.702 Y4.031
G1 X-38.038 Y3.842
G1 X-37.421 Y3.842
G1 X-36.710 Y4.031
G1 X-36.330 Y4.221
G1 X-36.046 Y4.553
G1 X-35.856 Y4.980
G1 X-36.378 Y4.458
G1 X-36.567 Y4.363
G1 X-37.326 Y4.174
G1 X-37.801 Y4.174
G1 X-38.370 Y4.269
G1 X-38.986 Y4.506
G1 X-39.698 Y5.170
G1 X-39.698 Y5.075
M5
G0 X-39.650 Y5.075 F2500
M3 S320
G1 F1000
G1 X-39.508 Y4.743
G1 X-39.223 Y4.363
G1 X-38.702 Y4.079
G1 X-38.038 Y3.889
G1 X-37.421 Y3.889
G1 X-36.710 Y4.079
G1 X-36.330 Y4.269
G1 X-36.188 Y4.411
G1 X-35.951 Y4.838
G1 X-36.378 Y4.411
G1 X-36.567 Y4.316
G1 X-37.326 Y4.126
G1 X-37.801 Y4.126
G1 X-38.370 Y4.221
G1 X-38.986 Y4.458
G1 X-39.650 Y5.075
G1 X-39.508 Y4.743
M5
G0 X-39.508 Y4.885 F2500
M3 S320
G1 F1000
G1 X-39.318 Y4.506
G1 X-39.081 Y4.316
G1 X-38.702 Y4.126
G1 X-38.038 Y3.937
G1 X-37.421 Y3.937
G1 X-36.710 Y4.126
G1 X-36.330 Y4.316
G1 X-36.093 Y4.648
G1 X-36.378 Y4.363
G1 X-36.567 Y4.269
G1 X-37.326 Y4.079
G1 X-37.801 Y4.079
G1 X-38.370 Y4.174
G1 X-38.891 Y4.363
G1 X-39.129 Y4.506
G1 X-39.508 Y4.885
G1 X-39.318 Y4.506
M5
G0 X-39.793 Y5.312 F2500
M3 S320
G1 F1000
G1 X-39.745 Y5.075
G1 X-39.603 Y4.743
G1 X-39.461 Y4.506
G1 X-39.223 Y4.269
G1 X-38.702 Y3.984
G1 X-38.038 Y3.794
G1 X-37.421 Y3.794
G1 X-36.710 Y3.984
G1 X-36.188 Y4.269
G1 X-35.998 Y4.553
G1 X-35.761 Y5.122
G1 X-36.378 Y4.506
G1 X-36.567 Y4.411
G1 X-37.326 Y4.221
G1 X-37.801 Y4.221
G1 X-38.370 Y4.316
G1 X-38.986 Y4.553
G1 X-39.793 Y5.312
G1 X-39.745 Y5.075
M5
G0 X-39.698 Y2.134 F2500
M3 S320
G1 F1000
G1 X-40.219 Y2.087
G1 X-40.219 Y1.850
G1 X-40.314 Y1.423
G1 X-40.267 Y1.565
G1 X-39.698 Y2.134
G1 X-40.219 Y2.087
M5
G0 X-39.887 Y2.039 F2500
M3 S320
G1 F1000
G1 X-40.125 Y1.992
G1 X-40.172 Y1.755
G1 X-39.887 Y2.039
G1 X-40.125 Y1.992
M5
G0 X-39.793 Y2.087 F2500
M3 S320
G1 F1000
G1 X-39.887 Y2.087
G1 X-39.935 Y2.039
G1 X-40.172 Y2.039
G1 X-40.219 Y1.660
G1 X-39.793 Y2.087
G1 X-39.887 Y2.087
M5
G0 X-40.219 Y0.000 F2500
M3 S320
G1 F1000
G1 X-40.125 Y-0.379
G1 X-39.887 Y-0.854
G1 X-39.650 Y-1.138
G1 X-39.176 Y-1.423
G1 X-38.559 Y-1.613
G1 X-37.563 Y-1.613
G1 X-37.042 Y-1.470
G1 X-36.662 Y-1.281
G1 X-36.473 Y-1.138
G1 X-36.283 Y-0.854
G1 X-35.998 Y-0.142
G1 X-35.998 Y0.000
G1 X-36.757 Y-0.759
G1 X-36.994 Y-0.901
G1 X-37.611 Y-1.091
G1 X-38.607 Y-1.091
G1 X-39.176 Y-0.901
G1 X-39.508 Y-0.711
G1 X-40.219 Y0.000
G1 X-40.125 Y-0.379
M5
G0 X-39.982 Y-0.379 F2500
M3 S320
G1 F1000
G1 X-39.650 Y-0.996
G1 X-39.176 Y-1.281
G1 X-38.559 Y-1.470
G1 X-37.563 Y-1.470
G1 X-37.042 Y-1.328
G1 X-36.662 Y-1.138
G1 X-36.520 Y-0.996
G1 X-36.330 Y-0.664
G1 X-36.330 Y-0.569
G1 X-36.235 Y-0.379
G1 X-36.757 Y-0.901
G1 X-36.994 Y-1.043
G1 X-37.611 Y-1.233
G1 X-38.607 Y-1.233
G1 X-38.939 Y-1.138
G1 X-39.508 Y-0.854
G1 X-39.982 Y-0.379
G1 X-39.650 Y-0.996
M5
G0 X-40.077 Y-0.237 F2500
M3 S320
G1 F1000
G1 X-39.793 Y-0.854
G1 X-39.650 Y-1.043
G1 X-39.176 Y-1.328
G1 X-38.559 Y-1.518
G1 X-37.563 Y-1.518
G1 X-37.042 Y-1.375
G1 X-36.662 Y-1.186
G1 X-36.378 Y-0.854
G1 X-36.141 Y-0.237
G1 X-36.757 Y-0.854
G1 X-36.994 Y-0.996
G1 X-37.611 Y-1.186
G1 X-38.607 Y-1.186
G1 X-38.939 Y-1.091
G1 X-39.508 Y-0.806
G1 X-40.077 Y-0.237
G1 X-39.793 Y-0.854
M5
G0 X-37.516 Y1.755 F2500
M3 S320
G1 F1000
G1 X-37.374 Y1.850
G1 X-36.520 Y1.850
G1 X-36.378 Y1.802
G1 X-36.235 Y1.660
G1 X-36.330 Y1.897
G1 X-37.326 Y1.897
G1 X-37.469 Y1.992
G1 X-37.516 Y1.755
G1 X-37.374 Y1.850
M5
G0 X-37.516 Y2.039 F2500
M3 S320
G1 F1000
G1 X-37.563 Y1.660
G1 X-37.374 Y1.802
G1 X-36.520 Y1.802
G1 X-36.378 Y1.755
G1 X-36.188 Y1.565
G1 X-36.188 Y1.707
G1 X-36.283 Y1.945
G1 X-37.326 Y1.945
G1 X-37.516 Y2.039
G1 X-37.563 Y1.660
M5
G0 X-37.563 Y2.134 F2500
M3 S320
G1 F1000
G1 X-37.611 Y1.565
G1 X-37.374 Y1.755
G1 X-36.520 Y1.755
G1 X-36.378 Y1.707
G1 X-36.093 Y1.423
G1 X-36.235 Y1.992
G1 X-37.326 Y1.992
G1 X-37.563 Y2.134
G1 X-37.611 Y1.565
M5
G0 X-37.611 Y2.229 F2500
M3 S320
G1 F1000
G1 X-37.658 Y1.470
G1 X-37.374 Y1.707
G1 X-36.520 Y1.707
G1 X-36.378 Y1.660
G1 X-36.046 Y1.328
G1 X-36.188 Y2.039
G1 X-37.326 Y2.039
G1 X-37.611 Y2.229
G1 X-37.658 Y1.470
M5
G0 X-37.658 Y2.324 F2500
M3 S320
G1 F1000
G1 X-37.706 Y1.375
G1 X-37.374 Y1.660
G1 X-36.520 Y1.660
G1 X-36.378 Y1.613
G1 X-35.951 Y1.186
G1 X-36.046 Y1.707
G1 X-36.188 Y2.087
G1 X-37.326 Y2.087
G1 X-37.516 Y2.182
G1 X-37.658 Y2.324
G1 X-37.706 Y1.375
M5
G0 X-37.706 Y2.419 F2500
M3 S320
G1 F1000
G1 X-37.753 Y1.281
G1 X-37.374 Y1.613
G1 X-36.520 Y1.613
G1 X-36.378 Y1.565
G1 X-35.903 Y1.091
G1 X-35.998 Y1.707
G1 X-36.093 Y1.897
G1 X-36.141 Y2.134
G1 X-37.326 Y2.134
G1 X-37.516 Y2.229
G1 X-37.706 Y2.419
G1 X-37.753 Y1.281
M5
G0 X-36.093 Y2.182 F2500
M3 S320
G1 F1000
G1 X-37.326 Y2.182
G1 X-37.516 Y2.277
G1 X-37.753 Y2.514
G1 X-37.801 Y1.186
G1 X-37.374 Y1.565
G1 X-36.520 Y1.565
G1 X-36.378 Y1.518
G1 X-35.903 Y1.043
G1 X-35.856 Y0.901
G1 X-35.903 Y0.379
G1 X-36.046 Y0.047
G1 X-36.757 Y-0.664
G1 X-36.994 Y-0.806
G1 X-37.611 Y-0.996
G1 X-38.607 Y-0.996
G1 X-39.176 Y-0.806
G1 X-39.508 Y-0.617
G1 X-40.172 Y0.047
G1 X-40.314 Y0.332
G1 X-40.409 Y0.711
G1 X-40.362 Y1.281
G1 X-40.219 Y1.565
G1 X-39.650 Y2.134
G1 X-39.413 Y2.229
G1 X-39.887 Y2.182
G1 X-40.267 Y2.087
G1 X-40.409 Y1.043
G1 X-40.362 Y0.190
G1 X-40.219 Y-0.379
G1 X-39.887 Y-0.996
G1 X-39.650 Y-1.233
G1 X-39.366 Y-1.423
G1 X-38.939 Y-1.613
G1 X-38.559 Y-1.707
G1 X-37.563 Y-1.707
G1 X-37.042 Y-1.565
G1 X-36.473 Y-1.233
G1 X-36.093 Y-0.664
G1 X-35.856 Y0.095
G1 X-35.856 Y1.186
G1 X-35.951 Y1.707
G1 X-36.046 Y1.897
G1 X-36.093 Y2.182
G1 X-37.326 Y2.182
M5
G0 X-36.093 Y2.229 F2500
M3 S320
G1 F1000
G1 X-37.326 Y2.229
G1 X-37.516 Y2.324
G1 X-37.801 Y2.609
G1 X-37.848 Y1.043
G1 X-37.848 Y1.091
G1 X-37.374 Y1.518
G1 X-36.520 Y1.518
G1 X-36.378 Y1.470
G1 X-35.951 Y1.043
G1 X-35.903 Y0.901
G1 X-35.951 Y0.379
G1 X-36.093 Y0.047
G1 X-36.757 Y-0.617
G1 X-36.994 Y-0.759
G1 X-37.611 Y-0.949
G1 X-38.607 Y-0.949
G1 X-38.939 Y-0.854
G1 X-39.508 Y-0.569
G1 X-40.125 Y0.047
G1 X-40.267 Y0.332
G1 X-40.362 Y0.711
G1 X-40.314 Y1.281
G1 X-40.172 Y1.565
G1 X-39.650 Y2.087
G1 X-39.366 Y2.182
G1 X-39.413 Y2.277
G1 X-39.935 Y2.182
G1 X-40.219 Y2.182
G1 X-40.314 Y2.087
G1 X-40.314 Y1.850
G1 X-40.409 Y1.518
G1 X-40.457 Y0.617
G1 X-40.314 Y-0.237
G1 X-39.935 Y-0.996
G1 X-39.650 Y-1.281
G1 X-39.366 Y-1.470
G1 X-38.939 Y-1.660
G1 X-38.559 Y-1.755
G1 X-37.563 Y-1.755
G1 X-37.042 Y-1.613
G1 X-36.473 Y-1.281
G1 X-36.330 Y-1.138
G1 X-36.046 Y-0.664
G1 X-35.809 Y0.095
G1 X-35.809 Y1.186
G1 X-35.903 Y1.707
G1 X-36.093 Y2.229
G1 X-37.326 Y2.229
M5
G0 X-36.046 Y2.277 F2500
M3 S320
G1 F1000
G1 X-37.326 Y2.277
G1 X-37.516 Y2.371
G1 X-37.753 Y2.656
G1 X-37.848 Y2.656
G1 X-37.848 Y1.850
G1 X-37.895 Y1.802
G1 X-37.848 Y0.854
G1 X-37.801 Y1.091
G1 X-37.374 Y1.470
G1 X-36.520 Y1.470
G1 X-36.378 Y1.423
G1 X-35.998 Y1.043
G1 X-35.951 Y0.901
G1 X-35.998 Y0.379
G1 X-36.141 Y0.047
G1 X-36.757 Y-0.569
G1 X-36.994 Y-0.711
G1 X-37.611 Y-0.901
G1 X-38.607 Y-0.901
G1 X-38.939 Y-0.806
G1 X-39.508 Y-0.522
G1 X-40.077 Y0.047
G1 X-40.219 Y0.332
G1 X-40.314 Y0.711
G1 X-40.267 Y1.281
G1 X-40.125 Y1.565
G1 X-39.650 Y2.039
G1 X-39.318 Y2.134
G1 X-39.318 Y2.277
G1 X-39.555 Y2.324
G1 X-39.887 Y2.277
G1 X-39.935 Y2.229
G1 X-40.219 Y2.229
G1 X-40.314 Y2.182
G1 X-40.457 Y1.518
G1 X-40.504 Y0.617
G1 X-40.362 Y-0.237
G1 X-39.982 Y-0.996
G1 X-39.650 Y-1.328
G1 X-39.366 Y-1.518
G1 X-38.939 Y-1.707
G1 X-38.559 Y-1.802
G1 X-37.563 Y-1.802
G1 X-37.042 Y-1.660
G1 X-36.473 Y-1.328
G1 X-36.283 Y-1.138
G1 X-36.093 Y-0.854
G1 X-35.903 Y-0.427
G1 X-35.761 Y0.095
G1 X-35.761 Y1.186
G1 X-35.856 Y1.707
G1 X-36.046 Y2.277
G1 X-37.326 Y2.277
M5
G0 X-35.998 Y2.277 F2500
M3 S320
G1 F1000
G1 X-37.326 Y2.324
G1 X-37.516 Y2.419
G1 X-37.706 Y2.656
G1 X-37.895 Y2.703
G1 X-37.895 Y1.850
G1 X-37.943 Y1.802
G1 X-37.801 Y0.854
G1 X-37.753 Y1.091
G1 X-37.374 Y1.423
G1 X-36.520 Y1.423
G1 X-36.378 Y1.375
G1 X-36.046 Y1.043
G1 X-35.998 Y0.901
G1 X-36.046 Y0.379
G1 X-36.188 Y0.047
G1 X-36.757 Y-0.522
G1 X-36.994 Y-0.664
G1 X-37.611 Y-0.854
G1 X-38.607 Y-0.854
G1 X-38.939 Y-0.759
G1 X-39.508 Y-0.474
G1 X-40.030 Y0.047
G1 X-40.172 Y0.332
G1 X-40.267 Y0.711
G1 X-40.219 Y1.281
G1 X-40.077 Y1.565
G1 X-39.650 Y1.992
G1 X-39.413 Y2.087
G1 X-39.271 Y2.087
G1 X-39.271 Y2.324
G1 X-39.555 Y2.371
G1 X-40.362 Y2.229
G1 X-40.504 Y1.518
G1 X-40.551 Y0.617
G1 X-40.409 Y-0.237
G1 X-40.030 Y-0.996
G1 X-39.650 Y-1.375
G1 X-39.366 Y-1.565
G1 X-38.939 Y-1.755
G1 X-38.559 Y-1.850
G1 X-37.563 Y-1.850
G1 X-37.042 Y-1.707
G1 X-36.473 Y-1.375
G1 X-36.235 Y-1.138
G1 X-36.046 Y-0.854
G1 X-35.856 Y-0.427
G1 X-35.714 Y0.095
G1 X-35.714 Y1.186
G1 X-35.809 Y1.707
G1 X-35.998 Y2.277
G1 X-37.326 Y2.324
M5
G0 X-35.998 Y2.371 F2500
M3 S320
G1 F1000
G1 X-37.326 Y2.371
G1 X-37.516 Y2.466
G1 X-37.658 Y2.609
G1 X-37.706 Y2.751
G1 X-37.943 Y2.751
G1 X-37.990 Y0.806
G1 X-37.801 Y0.759
G1 X-37.706 Y1.091
G1 X-37.374 Y1.375
G1 X-36.520 Y1.375
G1 X-36.378 Y1.328
G1 X-36.093 Y1.043
G1 X-36.046 Y0.901
G1 X-36.093 Y0.379
G1 X-36.235 Y0.047
G1 X-36.757 Y-0.474
G1 X-36.994 Y-0.617
G1 X-37.611 Y-0.806
G1 X-38.607 Y-0.806
G1 X-38.939 Y-0.711
G1 X-39.508 Y-0.427
G1 X-39.982 Y0.047
G1 X-40.125 Y0.332
G1 X-40.219 Y0.711
G1 X-40.172 Y1.281
G1 X-40.030 Y1.565
G1 X-39.650 Y1.945
G1 X-39.223 Y2.087
G1 X-39.223 Y2.371
G1 X-39.555 Y2.419
G1 X-39.887 Y2.371
G1 X-39.935 Y2.324
G1 X-40.409 Y2.277
G1 X-40.599 Y1.043
G1 X-40.551 Y0.190
G1 X-40.409 Y-0.379
G1 X-40.172 Y-0.854
G1 X-39.887 Y-1.233
G1 X-39.366 Y-1.613
G1 X-38.939 Y-1.802
G1 X-38.559 Y-1.897
G1 X-37.563 Y-1.897
G1 X-37.042 Y-1.755
G1 X-36.473 Y-1.423
G1 X-36.188 Y-1.138
G1 X-35.998 Y-0.854
G1 X-35.809 Y-0.427
G1 X-35.666 Y0.095
G1 X-35.666 Y1.186
G1 X-35.761 Y1.707
G1 X-35.998 Y2.371
G1 X-37.326 Y2.371
M5
G0 X-35.951 Y2.371 F2500
M3 S320
G1 F1000
G1 X-37.326 Y2.419
G1 X-37.516 Y2.514
G1 X-37.611 Y2.609
G1 X-37.658 Y2.751
G1 X-37.990 Y2.798
G1 X-38.038 Y0.759
G1 X-37.753 Y0.711
G1 X-37.658 Y1.091
G1 X-37.374 Y1.328
G1 X-36.520 Y1.328
G1 X-36.378 Y1.281
G1 X-36.141 Y1.043
G1 X-36.093 Y0.901
G1 X-36.141 Y0.379
G1 X-36.283 Y0.047
G1 X-36.757 Y-0.427
G1 X-36.994 Y-0.569
G1 X-37.611 Y-0.759
G1 X-38.607 Y-0.759
G1 X-38.939 Y-0.664
G1 X-39.508 Y-0.379
G1 X-39.935 Y0.047
G1 X-40.077 Y0.332
G1 X-40.172 Y0.711
G1 X-40.125 Y1.281
G1 X-39.982 Y1.565
G1 X-39.650 Y1.897
G1 X-39.413 Y1.992
G1 X-39.223 Y1.992
G1 X-39.176 Y2.087
G1 X-39.176 Y2.419
G1 X-39.555 Y2.466
G1 X-40.219 Y2.371
G1 X-40.457 Y2.277
G1 X-40.646 Y1.043
G1 X-40.599 Y0.190
G1 X-40.457 Y-0.379
G1 X-40.219 Y-0.854
G1 X-39.935 Y-1.233
G1 X-39.366 Y-1.660
G1 X-38.939 Y-1.850
G1 X-38.559 Y-1.945
G1 X-37.563 Y-1.945
G1 X-37.042 Y-1.802
G1 X-36.473 Y-1.470
G1 X-36.141 Y-1.138
G1 X-35.951 Y-0.854
G1 X-35.761 Y-0.427
G1 X-35.619 Y0.095
G1 X-35.619 Y1.186
G1 X-35.714 Y1.707
G1 X-35.951 Y2.371
G1 X-37.326 Y2.419
M5
G0 X-35.951 Y2.466 F2500
M3 S320
G1 F1000
G1 X-37.326 Y2.466
G1 X-37.516 Y2.561
G1 X-37.706 Y2.846
G1 X-38.038 Y2.846
G1 X-38.038 Y1.850
G1 X-38.085 Y1.802
G1 X-38.038 Y0.711
G1 X-37.895 Y0.664
G1 X-37.706 Y0.711
G1 X-37.611 Y1.091
G1 X-37.374 Y1.281
G1 X-36.520 Y1.281
G1 X-36.378 Y1.233
G1 X-36.188 Y1.043
G1 X-36.141 Y0.901
G1 X-36.188 Y0.379
G1 X-36.330 Y0.047
G1 X-36.757 Y-0.379
G1 X-36.994 Y-0.522
G1 X-37.611 Y-0.711
G1 X-38.607 Y-0.711
G1 X-38.797 Y-0.664
G1 X-39.366 Y-0.427
G1 X-39.887 Y0.047
G1 X-40.030 Y0.332
G1 X-40.125 Y0.711
G1 X-40.077 Y1.281
G1 X-39.935 Y1.565
G1 X-39.650 Y1.850
G1 X-39.176 Y1.992
G1 X-39.129 Y2.087
G1 X-39.176 Y2.466
G1 X-39.555 Y2.514
G1 X-40.409 Y2.371
G1 X-40.504 Y2.277
G1 X-40.646 Y1.518
G1 X-40.694 Y1.043
G1 X-40.646 Y0.190
G1 X-40.504 Y-0.379
G1 X-40.267 Y-0.854
G1 X-39.982 Y-1.233
G1 X-39.366 Y-1.707
G1 X-38.939 Y-1.897
G1 X-38.559 Y-1.992
G1 X-37.563 Y-1.992
G1 X-37.042 Y-1.850
G1 X-36.473 Y-1.518
G1 X-36.093 Y-1.138
G1 X-35.903 Y-0.854
G1 X-35.714 Y-0.427
G1 X-35.571 Y0.095
G1 X-35.571 Y1.186
G1 X-35.761 Y2.039
G1 X-35.951 Y2.466
G1 X-37.326 Y2.466
M5
G0 X-35.903 Y0.332 F2500
M3 S320
G1 F1000
G1 X-35.903 Y0.237
G1 X-35.998 Y0.047
G1 X-36.757 Y-0.711
G1 X-36.994 Y-0.854
G1 X-37.611 Y-1.043
G1 X-38.607 Y-1.043
G1 X-39.176 Y-0.854
G1 X-39.508 Y-0.664
G1 X-40.219 Y0.047
G1 X-40.314 Y0.285
G1 X-40.314 Y0.190
G1 X-40.267 Y0.142
G1 X-40.267 Y-0.047
G1 X-40.172 Y-0.379
G1 X-39.935 Y-0.854
G1 X-39.650 Y-1.186
G1 X-39.176 Y-1.470
G1 X-38.559 Y-1.660
G1 X-37.563 Y-1.660
G1 X-37.042 Y-1.518
G1 X-36.662 Y-1.328
G1 X-36.425 Y-1.138
G1 X-36.235 Y-0.854
G1 X-36.046 Y-0.427
G1 X-35.903 Y0.095
G1 X-35.903 Y0.332
G1 X-35.903 Y0.237
M5
G0 X-36.046 Y-0.095 F2500
M3 S320
G1 F1000
G1 X-36.757 Y-0.806
G1 X-36.994 Y-0.949
G1 X-37.611 Y-1.138
G1 X-38.607 Y-1.138
G1 X-38.939 Y-1.043
G1 X-39.508 Y-0.759
G1 X-40.125 Y-0.142
G1 X-40.125 Y-0.237
G1 X-39.745 Y-0.996
G1 X-39.366 Y-1.281
G1 X-38.939 Y-1.470
G1 X-38.559 Y-1.565
G1 X-37.563 Y-1.565
G1 X-37.042 Y-1.423
G1 X-36.662 Y-1.233
G1 X-36.330 Y-0.854
G1 X-36.046 Y-0.095
G1 X-36.757 Y-0.806
M5
G0 X-36.330 Y-0.522 F2500
M3 S320
G1 F1000
G1 X-36.757 Y-0.949
G1 X-36.994 Y-1.091
G1 X-37.611 Y-1.281
G1 X-38.607 Y-1.281
G1 X-38.797 Y-1.233
G1 X-39.366 Y-0.996
G1 X-39.840 Y-0.569
G1 X-39.698 Y-0.854
G1 X-39.508 Y-1.043
G1 X-38.939 Y-1.328
G1 X-38.559 Y-1.423
G1 X-37.563 Y-1.423
G1 X-37.042 Y-1.281
G1 X-36.662 Y-1.091
G1 X-36.473 Y-0.854
G1 X-36.330 Y-0.522
G1 X-36.757 Y-0.949
M5
G0 X-38.370 Y8.253 F2500
M3 S320
G1 F1000
G1 X-38.844 Y8.110
G1 X-39.413 Y7.778
G1 X-39.793 Y7.162
G1 X-39.982 Y6.545
G1 X-40.030 Y6.166
G1 X-40.030 Y5.454
G1 X-39.935 Y5.075
G1 X-39.793 Y4.743
G1 X-39.508 Y4.316
G1 X-39.081 Y3.984
G1 X-38.702 Y3.794
G1 X-38.038 Y3.605
G1 X-37.421 Y3.605
G1 X-36.710 Y3.794
G1 X-36.188 Y4.079
G1 X-35.998 Y4.269
G1 X-35.666 Y4.838
G1 X-35.477 Y5.454
G1 X-35.429 Y5.929
G1 X-35.477 Y6.498
G1 X-35.714 Y7.209
G1 X-35.951 Y7.589
G1 X-36.141 Y7.778
G1 X-36.662 Y8.063
G1 X-37.042 Y8.205
G1 X-37.563 Y8.300
G1 X-38.085 Y8.300
G1 X-38.370 Y8.253
G1 X-38.844 Y8.110
M5
G0 X-38.085 Y8.395 F2500
M3 S320
G1 F1000
G1 X-38.559 Y8.300
G1 X-39.034 Y8.110
G1 X-39.413 Y7.873
G1 X-39.650 Y7.589
G1 X-39.887 Y7.162
G1 X-40.077 Y6.545
G1 X-40.125 Y6.166
G1 X-40.125 Y5.454
G1 X-40.030 Y5.075
G1 X-39.745 Y4.506
G1 X-39.603 Y4.316
G1 X-39.223 Y3.984
G1 X-38.702 Y3.699
G1 X-38.038 Y3.510
G1 X-37.421 Y3.510
G1 X-36.710 Y3.699
G1 X-36.188 Y3.984
G1 X-35.903 Y4.269
G1 X-35.571 Y4.838
G1 X-35.382 Y5.454
G1 X-35.334 Y5.929
G1 X-35.382 Y6.498
G1 X-35.619 Y7.209
G1 X-35.856 Y7.589
G1 X-36.141 Y7.873
G1 X-36.662 Y8.158
G1 X-37.042 Y8.300
G1 X-37.563 Y8.395
G1 X-38.085 Y8.395
G1 X-38.559 Y8.300
M5
G0 X-38.085 Y8.442 F2500
M3 S320
G1 F1000
G1 X-38.559 Y8.347
G1 X-39.034 Y8.158
G1 X-39.413 Y7.921
G1 X-39.698 Y7.589
G1 X-39.935 Y7.162
G1 X-40.125 Y6.545
G1 X-40.172 Y6.166
G1 X-40.172 Y5.454
G1 X-40.077 Y5.075
G1 X-39.793 Y4.506
G1 X-39.650 Y4.316
G1 X-39.223 Y3.937
G1 X-38.702 Y3.652
G1 X-38.038 Y3.462
G1 X-37.421 Y3.462
G1 X-36.710 Y3.652
G1 X-36.330 Y3.842
G1 X-35.856 Y4.269
G1 X-35.524 Y4.838
G1 X-35.334 Y5.454
G1 X-35.287 Y5.929
G1 X-35.334 Y6.498
G1 X-35.571 Y7.209
G1 X-35.809 Y7.589
G1 X-36.141 Y7.921
G1 X-36.662 Y8.205
G1 X-37.042 Y8.347
G1 X-37.563 Y8.442
G1 X-38.085 Y8.442
G1 X-38.559 Y8.347
M5
G0 X-38.085 Y8.490 F2500
M3 S320
G1 F1000
G1 X-38.559 Y8.395
G1 X-39.034 Y8.205
G1 X-39.413 Y7.968
G1 X-39.745 Y7.589
G1 X-39.982 Y7.162
G1 X-40.172 Y6.545
G1 X-40.219 Y6.166
G1 X-40.219 Y5.454
G1 X-40.125 Y5.075
G1 X-39.840 Y4.506
G1 X-39.698 Y4.316
G1 X-39.223 Y3.889
G1 X-38.702 Y3.605
G1 X-38.038 Y3.415
G1 X-37.421 Y3.415
G1 X-36.710 Y3.605
G1 X-36.330 Y3.794
G1 X-35.809 Y4.269
G1 X-35.477 Y4.838
G1 X-35.287 Y5.454
G1 X-35.239 Y5.929
G1 X-35.287 Y6.498
G1 X-35.524 Y7.209
G1 X-35.761 Y7.589
G1 X-36.141 Y7.968
G1 X-36.662 Y8.253
G1 X-37.042 Y8.395
G1 X-37.563 Y8.490
G1 X-38.085 Y8.490
G1 X-38.559 Y8.395
M5
G0 X-35.002 Y10.577 F2500
M3 S320
G1 F1000
G1 X-35.477 Y10.956
G1 X-35.571 Y10.956
G1 X-35.998 Y10.529
G1 X-36.757 Y10.482
G1 X-37.184 Y10.387
G1 X-38.227 Y10.292
G1 X-38.654 Y10.292
G1 X-38.749 Y10.387
G1 X-38.797 Y10.245
G1 X-38.275 Y10.245
G1 X-38.227 Y10.292
G1 X-37.089 Y10.339
G1 X-35.002 Y10.577
G1 X-35.477 Y10.956
M5
G0 X-34.907 Y10.529 F2500
M3 S320
G1 F1000
G1 X-35.477 Y11.003
G1 X-35.571 Y11.003
G1 X-35.998 Y10.577
G1 X-36.757 Y10.529
G1 X-37.184 Y10.434
G1 X-38.227 Y10.339
G1 X-38.654 Y10.339
G1 X-38.797 Y10.482
G1 X-38.891 Y10.150
G1 X-38.797 Y10.197
G1 X-37.089 Y10.292
G1 X-35.666 Y10.434
G1 X-35.619 Y10.482
G1 X-34.907 Y10.529
G1 X-35.477 Y11.003
M5
G0 X-34.765 Y10.482 F2500
M3 S320
G1 F1000
G1 X-35.287 Y10.861
G1 X-35.477 Y11.051
G1 X-35.571 Y11.051
G1 X-35.998 Y10.624
G1 X-36.757 Y10.577
G1 X-37.184 Y10.482
G1 X-38.227 Y10.387
G1 X-38.654 Y10.387
G1 X-38.844 Y10.529
G1 X-38.844 Y10.387
G1 X-38.939 Y10.102
G1 X-38.227 Y10.197
G1 X-37.089 Y10.245
G1 X-35.192 Y10.434
G1 X-35.145 Y10.482
G1 X-34.765 Y10.482
G1 X-35.287 Y10.861
M5
G0 X-34.670 Y10.434 F2500
M3 S320
G1 F1000
G1 X-35.477 Y11.098
G1 X-35.571 Y11.098
G1 X-35.998 Y10.671
G1 X-36.757 Y10.624
G1 X-37.184 Y10.529
G1 X-38.227 Y10.434
G1 X-38.654 Y10.434
G1 X-38.844 Y10.624
G1 X-39.034 Y9.960
G1 X-38.939 Y10.055
G1 X-38.797 Y10.102
G1 X-37.658 Y10.150
G1 X-34.670 Y10.434
G1 X-35.477 Y11.098
M5
G0 X-34.623 Y10.434 F2500
M3 S320
G1 F1000
G1 X-35.856 Y11.430
G1 X-35.571 Y11.146
G1 X-35.998 Y10.719
G1 X-36.757 Y10.671
G1 X-37.184 Y10.577
G1 X-38.227 Y10.482
G1 X-38.654 Y10.482
G1 X-38.891 Y10.719
G1 X-38.986 Y10.197
G1 X-39.129 Y9.818
G1 X-38.939 Y10.007
G1 X-38.797 Y10.055
G1 X-37.089 Y10.150
G1 X-34.623 Y10.434
G1 X-35.856 Y11.430
M5
G0 X-34.860 Y16.363 F2500
M3 S320
G1 F1000
G1 X-34.813 Y16.078
G1 X-34.670 Y16.268
G1 X-34.860 Y16.363
G1 X-34.813 Y16.078
M5
G0 X-34.955 Y16.410 F2500
M3 S320
G1 F1000
G1 X-34.860 Y16.315
G1 X-34.860 Y15.983
G1 X-34.575 Y16.268
G1 X-34.860 Y16.410
G1 X-34.955 Y16.410
G1 X-34.860 Y16.315
M5
G0 X-32.821 Y16.221 F2500
M3 S320
G1 F1000
G1 X-32.726 Y16.126
G1 X-32.631 Y15.889
G1 X-32.631 Y15.557
G1 X-32.489 Y15.889
G1 X-32.489 Y16.031
G1 X-32.821 Y16.221
G1 X-32.726 Y16.126
M5
G0 X-32.678 Y16.078 F2500
M3 S320
G1 F1000
G1 X-32.583 Y15.889
G1 X-32.583 Y15.746
G1 X-32.536 Y15.983
G1 X-32.678 Y16.078
G1 X-32.583 Y15.889
M5
G0 X-36.567 Y17.786 F2500
M3 S320
G1 F1000
G1 X-37.421 Y15.841
G1 X-37.753 Y15.225
G1 X-37.848 Y14.987
G1 X-37.848 Y14.798
G1 X-37.706 Y14.750
G1 X-37.469 Y14.987
G1 X-37.231 Y14.987
G1 X-34.149 Y13.612
G1 X-33.769 Y13.280
G1 X-33.769 Y12.901
G1 X-33.674 Y12.853
G1 X-33.532 Y12.901
G1 X-33.485 Y13.090
G1 X-33.342 Y13.327
G1 X-33.058 Y14.181
G1 X-32.299 Y15.746
G1 X-32.251 Y16.078
G1 X-32.631 Y16.363
G1 X-33.295 Y16.695
G1 X-33.295 Y16.553
G1 X-32.915 Y16.031
G1 X-32.868 Y15.889
G1 X-32.868 Y15.509
G1 X-32.963 Y15.177
G1 X-33.200 Y14.655
G1 X-33.390 Y14.466
G1 X-33.674 Y14.513
G1 X-34.528 Y14.940
G1 X-34.860 Y15.035
G1 X-35.050 Y15.225
G1 X-34.765 Y15.794
G1 X-34.528 Y16.031
G1 X-34.338 Y16.126
G1 X-34.101 Y16.173
G1 X-34.101 Y16.363
G1 X-34.955 Y16.695
G1 X-35.239 Y16.885
G1 X-35.334 Y16.885
G1 X-35.524 Y16.742
G1 X-35.145 Y16.315
G1 X-35.145 Y15.936
G1 X-35.334 Y15.557
G1 X-35.477 Y15.414
G1 X-35.619 Y15.414
G1 X-36.662 Y15.936
G1 X-36.899 Y16.173
G1 X-36.710 Y16.647
G1 X-36.567 Y16.885
G1 X-36.283 Y17.169
G1 X-36.046 Y17.264
G1 X-35.619 Y17.264
G1 X-35.619 Y17.454
G1 X-36.093 Y17.596
G1 X-36.330 Y17.738
G1 X-36.567 Y17.786
G1 X-37.421 Y15.841
M5
G0 X-36.567 Y17.881 F2500
M3 S320
G1 F1000
G1 X-36.852 Y17.311
G1 X-37.469 Y15.841
G1 X-37.801 Y15.225
G1 X-37.895 Y14.987
G1 X-37.848 Y14.750
G1 X-37.706 Y14.703
G1 X-37.469 Y14.940
G1 X-37.231 Y14.940
G1 X-34.338 Y13.659
G1 X-34.006 Y13.470
G1 X-33.817 Y13.280
G1 X-33.769 Y12.853
G1 X-33.532 Y12.758
G1 X-33.532 Y12.853
G1 X-33.295 Y13.327
G1 X-33.010 Y14.181
G1 X-32.204 Y15.889
G1 X-32.204 Y16.078
G1 X-32.251 Y16.173
G1 X-33.247 Y16.742
G1 X-33.342 Y16.742
G1 X-33.342 Y16.553
G1 X-32.963 Y16.031
G1 X-32.915 Y15.889
G1 X-32.915 Y15.509
G1 X-33.010 Y15.177
G1 X-33.247 Y14.655
G1 X-33.390 Y14.513
G1 X-33.674 Y14.561
G1 X-34.528 Y14.987
G1 X-34.860 Y15.082
G1 X-35.002 Y15.225
G1 X-34.718 Y15.794
G1 X-34.528 Y15.983
G1 X-34.196 Y16.126
G1 X-34.054 Y16.126
G1 X-34.101 Y16.410
G1 X-34.955 Y16.742
G1 X-35.239 Y16.932
G1 X-35.334 Y16.932
G1 X-35.571 Y16.742
G1 X-35.192 Y16.315
G1 X-35.192 Y15.936
G1 X-35.382 Y15.557
G1 X-35.477 Y15.462
G1 X-35.619 Y15.462
G1 X-36.662 Y15.983
G1 X-36.852 Y16.173
G1 X-36.662 Y16.647
G1 X-36.520 Y16.885
G1 X-36.283 Y17.122
G1 X-36.046 Y17.217
G1 X-35.571 Y17.217
G1 X-35.619 Y17.501
G1 X-35.856 Y17.549
G1 X-36.567 Y17.881
G1 X-36.852 Y17.311
M5
G0 X-25.469 Y31.540 F2500
M3 S320
G1 F1000
G1 X-25.469 Y31.350
G1 X-25.232 Y30.497
G1 X-25.232 Y30.354
G1 X-24.947 Y30.591
G1 X-24.189 Y29.833
G1 X-23.951 Y29.501
G1 X-23.335 Y28.884
G1 X-23.003 Y28.457
G1 X-22.908 Y28.267
G1 X-22.718 Y28.410
G1 X-22.434 Y28.742
G1 X-23.525 Y29.785
G1 X-24.805 Y31.208
G1 X-25.185 Y31.730
G1 X-25.469 Y31.540
G1 X-25.469 Y31.350
M5
G0 X-25.469 Y31.587 F2500
M3 S320
G1 F1000
G1 X-25.517 Y31.350
G1 X-25.232 Y30.259
G1 X-24.947 Y30.544
G1 X-24.236 Y29.833
G1 X-23.999 Y29.501
G1 X-23.382 Y28.884
G1 X-22.908 Y28.220
G1 X-22.718 Y28.362
G1 X-22.339 Y28.742
G1 X-22.481 Y28.789
G1 X-23.477 Y29.785
G1 X-24.758 Y31.208
G1 X-25.137 Y31.730
G1 X-25.469 Y31.587
G1 X-25.517 Y31.350
M5
G0 X-25.232 Y31.635 F2500
M3 S320
G1 F1000
G1 X-25.374 Y31.493
G1 X-25.374 Y31.350
G1 X-25.327 Y31.303
G1 X-25.327 Y31.113
G1 X-25.137 Y30.497
G1 X-24.947 Y30.686
G1 X-24.094 Y29.833
G1 X-23.857 Y29.501
G1 X-23.240 Y28.884
G1 X-22.908 Y28.410
G1 X-22.718 Y28.505
G1 X-22.529 Y28.694
G1 X-23.619 Y29.785
G1 X-24.900 Y31.208
G1 X-25.232 Y31.635
G1 X-25.374 Y31.493
M5
G0 X-25.232 Y31.682 F2500
M3 S320
G1 F1000
G1 X-25.422 Y31.493
G1 X-25.422 Y31.350
G1 X-25.374 Y31.303
G1 X-25.374 Y31.113
G1 X-25.185 Y30.402
G1 X-24.947 Y30.639
G1 X-24.141 Y29.833
G1 X-23.904 Y29.501
G1 X-23.287 Y28.884
G1 X-22.955 Y28.410
G1 X-22.861 Y28.362
G1 X-22.718 Y28.457
G1 X-22.481 Y28.694
G1 X-23.572 Y29.785
G1 X-25.232 Y31.682
G1 X-25.422 Y31.493
M5
G0 X-25.232 Y31.825 F2500
M3 S320
G1 F1000
G1 X-25.564 Y31.540
G1 X-25.517 Y31.113
G1 X-25.279 Y30.212
G1 X-24.947 Y30.497
G1 X-23.430 Y28.884
G1 X-23.098 Y28.457
G1 X-22.955 Y28.173
G1 X-22.718 Y28.315
G1 X-22.244 Y28.742
G1 X-22.481 Y28.837
G1 X-23.430 Y29.785
G1 X-25.090 Y31.682
G1 X-25.137 Y31.872
G1 X-25.232 Y31.825
G1 X-25.564 Y31.540
M5
G0 X-25.042 Y32.014 F2500
M3 S320
G1 F1000
G1 X-25.611 Y31.540
G1 X-25.564 Y31.113
G1 X-25.279 Y30.117
G1 X-24.947 Y30.449
G1 X-23.477 Y28.884
G1 X-23.050 Y28.315
G1 X-23.003 Y28.030
G1 X-22.149 Y28.789
G1 X-22.291 Y28.789
G1 X-22.481 Y28.884
G1 X-23.857 Y30.307
G1 X-25.042 Y31.682
G1 X-25.090 Y31.777
G1 X-25.042 Y32.014
G1 X-25.611 Y31.540
M5
G0 X-24.900 Y32.157 F2500
M3 S320
G1 F1000
G1 X-25.659 Y31.540
G1 X-25.611 Y31.113
G1 X-25.422 Y30.354
G1 X-25.232 Y29.833
G1 X-24.900 Y28.505
G1 X-25.279 Y28.173
G1 X-25.611 Y28.362
G1 X-26.750 Y28.837
G1 X-27.841 Y29.406
G1 X-28.030 Y29.406
G1 X-28.789 Y28.694
G1 X-28.647 Y28.742
G1 X-28.410 Y28.742
G1 X-27.603 Y27.888
G1 X-26.465 Y26.323
G1 X-26.086 Y25.706
G1 X-25.991 Y25.469
G1 X-25.991 Y25.374
G1 X-26.086 Y25.185
G1 X-25.327 Y25.896
G1 X-25.517 Y25.801
G1 X-25.706 Y25.849
G1 X-26.560 Y26.702
G1 X-27.271 Y27.556
G1 X-27.698 Y28.125
G1 X-27.366 Y28.457
G1 X-24.331 Y26.939
G1 X-24.521 Y27.651
G1 X-24.900 Y28.694
G1 X-24.995 Y29.216
G1 X-25.279 Y30.070
G1 X-24.947 Y30.402
G1 X-24.378 Y29.833
G1 X-24.141 Y29.501
G1 X-23.335 Y28.647
G1 X-23.098 Y28.315
G1 X-23.050 Y28.030
G1 X-23.098 Y27.935
G1 X-21.912 Y28.931
G1 X-22.007 Y28.837
G1 X-22.291 Y28.837
G1 X-22.481 Y28.931
G1 X-23.335 Y29.785
G1 X-24.995 Y31.682
G1 X-25.042 Y31.777
G1 X-25.042 Y31.967
G1 X-24.900 Y32.157
G1 X-25.659 Y31.540
M5
G0 X-24.805 Y32.251 F2500
M3 S320
G1 F1000
G1 X-25.232 Y31.967
G1 X-25.706 Y31.540
G1 X-25.659 Y31.113
G1 X-25.469 Y30.354
G1 X-25.279 Y29.833
G1 X-24.947 Y28.505
G1 X-25.279 Y28.220
G1 X-25.611 Y28.410
G1 X-26.750 Y28.884
G1 X-27.841 Y29.453
G1 X-28.030 Y29.453
G1 X-28.931 Y28.599
G1 X-28.742 Y28.694
G1 X-28.410 Y28.694
G1 X-27.651 Y27.888
G1 X-26.513 Y26.323
G1 X-26.133 Y25.706
G1 X-26.038 Y25.374
G1 X-26.181 Y25.090
G1 X-26.038 Y25.137
G1 X-25.232 Y25.991
G1 X-25.517 Y25.849
G1 X-25.706 Y25.896
G1 X-26.513 Y26.702
G1 X-27.651 Y28.125
G1 X-27.366 Y28.410
G1 X-25.611 Y27.509
G1 X-25.517 Y27.509
G1 X-24.283 Y26.892
G1 X-24.331 Y27.177
G1 X-24.853 Y28.694
G1 X-24.947 Y29.216
G1 X-25.232 Y30.070
G1 X-24.947 Y30.354
G1 X-24.426 Y29.833
G1 X-24.189 Y29.501
G1 X-23.572 Y28.884
G1 X-23.240 Y28.457
G1 X-23.050 Y28.078
G1 X-23.193 Y27.888
G1 X-23.003 Y27.935
G1 X-21.817 Y28.979
G1 X-21.912 Y28.979
G1 X-22.007 Y28.884
G1 X-22.291 Y28.884
G1 X-22.481 Y28.979
G1 X-23.287 Y29.785
G1 X-24.947 Y31.682
G1 X-24.995 Y31.777
G1 X-24.995 Y31.967
G1 X-24.805 Y32.251
G1 X-25.232 Y31.967
M5
G0 X-24.758 Y32.251 F2500
M3 S320
G1 F1000
G1 X-25.232 Y32.014
G1 X-25.754 Y31.540
G1 X-25.706 Y31.113
G1 X-25.517 Y30.354
G1 X-25.327 Y29.833
G1 X-24.995 Y28.505
G1 X-25.279 Y28.267
G1 X-25.611 Y28.457
G1 X-26.750 Y28.931
G1 X-27.841 Y29.501
G1 X-28.030 Y29.501
G1 X-28.979 Y28.599
G1 X-28.884 Y28.552
G1 X-28.742 Y28.647
G1 X-28.410 Y28.647
G1 X-27.698 Y27.888
G1 X-26.560 Y26.323
G1 X-26.181 Y25.706
G1 X-26.086 Y25.374
G1 X-26.228 Y25.042
G1 X-26.038 Y25.090
G1 X-25.185 Y25.943
G1 X-25.185 Y26.038
G1 X-25.517 Y25.896
G1 X-25.706 Y25.943
G1 X-26.465 Y26.702
G1 X-27.603 Y28.125
G1 X-27.366 Y28.362
G1 X-25.611 Y27.461
G1 X-25.517 Y27.461
G1 X-24.236 Y26.892
G1 X-24.283 Y27.177
G1 X-24.805 Y28.694
G1 X-24.900 Y29.216
G1 X-25.185 Y30.070
G1 X-24.947 Y30.307
G1 X-24.473 Y29.833
G1 X-24.236 Y29.501
G1 X-23.619 Y28.884
G1 X-23.287 Y28.457
G1 X-23.098 Y28.078
G1 X-23.240 Y27.888
G1 X-23.240 Y27.793
G1 X-23.003 Y27.888
G1 X-21.770 Y28.979
G1 X-21.912 Y29.026
G1 X-22.007 Y28.931
G1 X-22.291 Y28.931
G1 X-22.481 Y29.026
G1 X-23.240 Y29.785
G1 X-24.900 Y31.682
G1 X-24.947 Y31.777
G1 X-24.947 Y31.967
G1 X-24.758 Y32.251
G1 X-25.232 Y32.014
M5
G0 X-24.853 Y32.394 F2500
M3 S320
G1 F1000
G1 X-25.469 Y31.919
G1 X-25.849 Y31.540
G1 X-25.801 Y31.113
G1 X-25.611 Y30.354
G1 X-25.422 Y29.833
G1 X-25.090 Y28.505
G1 X-25.279 Y28.362
G1 X-25.611 Y28.552
G1 X-26.750 Y29.026
G1 X-27.841 Y29.595
G1 X-28.030 Y29.595
G1 X-29.074 Y28.599
G1 X-29.026 Y28.505
G1 X-28.884 Y28.457
G1 X-28.742 Y28.552
G1 X-28.410 Y28.552
G1 X-27.793 Y27.888
G1 X-26.655 Y26.323
G1 X-26.275 Y25.706
G1 X-26.181 Y25.469
G1 X-26.181 Y25.374
G1 X-26.323 Y25.042
G1 X-26.275 Y24.947
G1 X-26.038 Y24.995
G1 X-25.090 Y25.943
G1 X-25.137 Y26.133
G1 X-25.232 Y26.133
G1 X-25.517 Y25.991
G1 X-25.706 Y26.038
G1 X-26.370 Y26.702
G1 X-27.509 Y28.125
G1 X-27.366 Y28.267
G1 X-25.611 Y27.366
G1 X-25.517 Y27.366
G1 X-24.189 Y26.797
G1 X-24.141 Y26.987
G1 X-24.710 Y28.694
G1 X-24.805 Y29.216
G1 X-25.090 Y30.070
G1 X-24.947 Y30.212
G1 X-24.568 Y29.833
G1 X-24.331 Y29.501
G1 X-23.714 Y28.884
G1 X-23.382 Y28.457
G1 X-23.193 Y28.078
G1 X-23.335 Y27.888
G1 X-23.335 Y27.793
G1 X-23.240 Y27.698
G1 X-23.003 Y27.793
G1 X-22.054 Y28.647
G1 X-21.722 Y28.884
G1 X-21.675 Y28.979
G1 X-21.770 Y29.121
G1 X-21.912 Y29.121
G1 X-22.007 Y29.026
G1 X-22.291 Y29.026
G1 X-22.481 Y29.121
G1 X-23.145 Y29.785
G1 X-24.805 Y31.682
G1 X-24.853 Y31.777
G1 X-24.853 Y31.967
G1 X-24.663 Y32.251
G1 X-24.710 Y32.346
G1 X-24.853 Y32.394
G1 X-25.469 Y31.919
M5
G0 X-24.758 Y32.346 F2500
M3 S320
G1 F1000
G1 X-24.853 Y32.346
G1 X-25.232 Y32.062
G1 X-25.801 Y31.540
G1 X-25.754 Y31.113
G1 X-25.564 Y30.354
G1 X-25.374 Y29.833
G1 X-25.042 Y28.505
G1 X-25.279 Y28.315
G1 X-25.611 Y28.505
G1 X-26.750 Y28.979
G1 X-27.841 Y29.548
G1 X-28.030 Y29.548
G1 X-29.026 Y28.599
G1 X-28.979 Y28.505
G1 X-28.884 Y28.505
G1 X-28.742 Y28.599
G1 X-28.410 Y28.599
G1 X-27.746 Y27.888
G1 X-26.607 Y26.323
G1 X-26.228 Y25.706
G1 X-26.133 Y25.469
G1 X-26.228 Y24.995
G1 X-26.038 Y25.042
G1 X-25.137 Y25.943
G1 X-25.137 Y26.086
G1 X-25.232 Y26.086
G1 X-25.517 Y25.943
G1 X-25.706 Y25.991
G1 X-26.418 Y26.702
G1 X-27.556 Y28.125
G1 X-27.366 Y28.315
G1 X-25.611 Y27.414
G1 X-25.517 Y27.414
G1 X-24.283 Y26.797
G1 X-24.189 Y26.845
G1 X-24.236 Y27.177
G1 X-24.758 Y28.694
G1 X-24.853 Y29.216
G1 X-25.137 Y30.070
G1 X-24.947 Y30.259
G1 X-24.521 Y29.833
G1 X-24.283 Y29.501
G1 X-23.667 Y28.884
G1 X-23.335 Y28.457
G1 X-23.145 Y28.078
G1 X-23.287 Y27.888
G1 X-23.240 Y27.746
G1 X-23.003 Y27.841
G1 X-21.722 Y28.979
G1 X-21.817 Y29.074
G1 X-21.912 Y29.074
G1 X-22.007 Y28.979
G1 X-22.291 Y28.979
G1 X-22.481 Y29.074
G1 X-23.667 Y30.307
G1 X-24.853 Y31.682
G1 X-24.900 Y31.777
G1 X-24.900 Y31.967
G1 X-24.710 Y32.251
G1 X-24.758 Y32.346
G1 X-24.853 Y32.346
M5
G0 X-24.758 Y32.441 F2500
M3 S320
G1 F1000
G1 X-24.853 Y32.441
G1 X-25.232 Y32.157
G1 X-25.896 Y31.540
G1 X-25.849 Y31.113
G1 X-25.659 Y30.354
G1 X-25.469 Y29.833
G1 X-25.137 Y28.505
G1 X-25.279 Y28.410
G1 X-25.611 Y28.599
G1 X-26.750 Y29.074
G1 X-27.841 Y29.643
G1 X-28.030 Y29.643
G1 X-29.121 Y28.599
G1 X-28.979 Y28.410
G1 X-28.884 Y28.410
G1 X-28.742 Y28.505
G1 X-28.410 Y28.505
G1 X-28.030 Y28.125
G1 X-26.513 Y26.038
G1 X-26.228 Y25.469
G1 X-26.323 Y24.947
G1 X-26.133 Y24.900
G1 X-26.038 Y24.947
G1 X-25.042 Y25.943
G1 X-25.042 Y26.086
G1 X-25.090 Y26.181
G1 X-25.232 Y26.181
G1 X-25.517 Y26.038
G1 X-25.706 Y26.086
G1 X-26.323 Y26.702
G1 X-27.034 Y27.556
G1 X-27.461 Y28.125
G1 X-27.366 Y28.220
G1 X-25.611 Y27.319
G1 X-25.517 Y27.319
G1 X-24.283 Y26.702
G1 X-24.094 Y26.797
G1 X-24.094 Y26.987
G1 X-24.283 Y27.651
G1 X-24.663 Y28.694
G1 X-24.758 Y29.216
G1 X-25.042 Y30.070
G1 X-24.947 Y30.165
G1 X-24.615 Y29.833
G1 X-24.378 Y29.501
G1 X-23.762 Y28.884
G1 X-23.430 Y28.457
G1 X-23.240 Y28.078
G1 X-23.382 Y27.888
G1 X-23.382 Y27.793
G1 X-23.240 Y27.651
G1 X-23.003 Y27.746
G1 X-22.386 Y28.315
G1 X-21.722 Y28.837
G1 X-21.627 Y28.979
G1 X-21.722 Y29.121
G1 X-21.912 Y29.169
G1 X-22.007 Y29.074
G1 X-22.291 Y29.074
G1 X-22.481 Y29.169
G1 X-23.572 Y30.307
G1 X-24.758 Y31.682
G1 X-24.805 Y31.777
G1 X-24.805 Y31.967
G1 X-24.615 Y32.251
G1 X-24.758 Y32.441
G1 X-24.853 Y32.441
M5
G0 X-24.758 Y32.489 F2500
M3 S320
G1 F1000
G1 X-24.853 Y32.489
G1 X-25.232 Y32.204
G1 X-25.943 Y31.540
G1 X-25.943 Y31.350
G1 X-25.706 Y30.354
G1 X-25.517 Y29.833
G1 X-25.185 Y28.599
G1 X-25.279 Y28.457
G1 X-25.611 Y28.647
G1 X-26.750 Y29.121
G1 X-27.841 Y29.690
G1 X-28.030 Y29.690
G1 X-29.169 Y28.599
G1 X-28.979 Y28.362
G1 X-28.884 Y28.362
G1 X-28.742 Y28.457
G1 X-28.410 Y28.457
G1 X-27.888 Y27.888
G1 X-26.750 Y26.323
G1 X-26.370 Y25.706
G1 X-26.275 Y25.374
G1 X-26.418 Y25.042
G1 X-26.275 Y24.853
G1 X-26.038 Y24.900
G1 X-24.995 Y25.943
G1 X-24.995 Y26.086
G1 X-25.042 Y26.181
G1 X-25.232 Y26.228
G1 X-25.517 Y26.086
G1 X-25.706 Y26.133
G1 X-26.560 Y27.034
G1 X-27.366 Y28.078
G1 X-27.271 Y28.125
G1 X-25.611 Y27.271
G1 X-25.517 Y27.271
G1 X-24.283 Y26.655
G1 X-24.094 Y26.750
G1 X-24.046 Y26.987
G1 X-24.236 Y27.651
G1 X-24.615 Y28.694
G1 X-24.710 Y29.216
G1 X-24.947 Y29.975
G1 X-24.947 Y30.117
G1 X-24.663 Y29.833
G1 X-24.426 Y29.501
G1 X-23.809 Y28.884
G1 X-23.477 Y28.457
G1 X-23.287 Y28.078
G1 X-23.430 Y27.888
G1 X-23.430 Y27.793
G1 X-23.240 Y27.603
G1 X-23.003 Y27.698
G1 X-21.722 Y28.789
G1 X-21.580 Y28.979
G1 X-21.770 Y29.216
G1 X-21.912 Y29.216
G1 X-22.007 Y29.121
G1 X-22.291 Y29.121
G1 X-22.481 Y29.216
G1 X-23.525 Y30.307
G1 X-24.710 Y31.682
G1 X-24.758 Y31.777
G1 X-24.758 Y31.967
G1 X-24.568 Y32.251
G1 X-24.758 Y32.489
G1 X-24.853 Y32.489
M5
G0 X-22.671 Y33.485 F2500
M3 S320
G1 F1000
G1 X-22.908 Y33.295
G1 X-22.481 Y32.868
G1 X-21.912 Y31.967
G1 X-21.817 Y31.730
G1 X-21.295 Y31.018
G1 X-20.726 Y30.022
G1 X-20.347 Y30.259
G1 X-20.916 Y30.829
G1 X-21.485 Y31.730
G1 X-21.533 Y31.872
G1 X-21.485 Y32.062
G1 X-22.054 Y32.631
G1 X-22.576 Y33.485
G1 X-22.671 Y33.485
G1 X-22.908 Y33.295
M5
G0 X-22.671 Y33.532 F2500
M3 S320
G1 F1000
G1 X-22.955 Y33.295
G1 X-22.529 Y32.868
G1 X-21.959 Y31.967
G1 X-21.865 Y31.730
G1 X-21.533 Y31.303
G1 X-20.821 Y30.165
G1 X-20.774 Y29.975
G1 X-20.679 Y29.975
G1 X-20.299 Y30.259
G1 X-20.869 Y30.829
G1 X-21.438 Y31.730
G1 X-21.485 Y31.872
G1 X-21.438 Y32.062
G1 X-22.007 Y32.631
G1 X-22.529 Y33.485
G1 X-22.671 Y33.532
G1 X-22.955 Y33.295
M5
G0 X-22.576 Y33.627 F2500
M3 S320
G1 F1000
G1 X-23.003 Y33.342
G1 X-22.576 Y32.868
G1 X-22.007 Y31.967
G1 X-21.912 Y31.730
G1 X-21.580 Y31.303
G1 X-20.869 Y30.165
G1 X-20.774 Y29.880
G1 X-20.252 Y30.212
G1 X-20.821 Y30.829
G1 X-21.390 Y31.730
G1 X-21.438 Y31.872
G1 X-21.390 Y32.062
G1 X-21.959 Y32.631
G1 X-22.576 Y33.627
G1 X-23.003 Y33.342
M5
G0 X-22.576 Y33.674 F2500
M3 S320
G1 F1000
G1 X-23.003 Y33.390
G1 X-23.050 Y33.295
G1 X-22.623 Y32.868
G1 X-22.054 Y31.967
G1 X-21.959 Y31.730
G1 X-21.438 Y31.018
G1 X-20.916 Y30.165
G1 X-20.821 Y29.927
G1 X-20.821 Y29.785
G1 X-20.252 Y30.165
G1 X-20.205 Y30.259
G1 X-20.774 Y30.829
G1 X-21.438 Y31.919
G1 X-21.248 Y32.109
G1 X-21.343 Y32.062
G1 X-21.912 Y32.631
G1 X-22.576 Y33.674
G1 X-23.003 Y33.390
M5
G0 X-22.386 Y33.864 F2500
M3 S320
G1 F1000
G1 X-22.813 Y33.532
G1 X-23.145 Y33.342
G1 X-22.671 Y32.868
G1 X-22.102 Y31.967
G1 X-22.007 Y31.730
G1 X-21.485 Y31.018
G1 X-20.916 Y30.070
G1 X-20.869 Y29.738
G1 X-20.110 Y30.212
G1 X-20.726 Y30.829
G1 X-21.390 Y31.919
G1 X-21.011 Y32.299
G1 X-21.106 Y32.204
G1 X-21.343 Y32.109
G1 X-21.865 Y32.631
G1 X-22.481 Y33.579
G1 X-22.529 Y33.722
G1 X-22.386 Y33.864
G1 X-22.813 Y33.532
M5
G0 X-22.102 Y34.101 F2500
M3 S320
G1 F1000
G1 X-22.671 Y33.722
G1 X-22.813 Y33.579
G1 X-23.145 Y33.390
G1 X-23.193 Y33.295
G1 X-22.718 Y32.868
G1 X-22.149 Y31.967
G1 X-22.054 Y31.730
G1 X-21.722 Y31.303
G1 X-21.153 Y30.402
G1 X-20.916 Y29.927
G1 X-20.963 Y29.595
G1 X-19.920 Y30.307
G1 X-20.110 Y30.259
G1 X-20.679 Y30.829
G1 X-21.343 Y31.919
G1 X-20.869 Y32.394
G1 X-20.394 Y32.678
G1 X-20.252 Y32.678
G1 X-19.967 Y32.489
G1 X-20.299 Y33.058
G1 X-20.394 Y32.868
G1 X-20.821 Y32.441
G1 X-21.106 Y32.251
G1 X-21.343 Y32.157
G1 X-21.817 Y32.631
G1 X-22.434 Y33.579
G1 X-22.481 Y33.722
G1 X-22.102 Y34.101
G1 X-22.671 Y33.722
M5
G0 X-21.580 Y34.433 F2500
M3 S320
G1 F1000
G1 X-21.248 Y34.623
G1 X-21.106 Y34.623
G1 X-20.963 Y34.575
G1 X-20.774 Y34.433
G1 X-20.489 Y34.149
G1 X-20.584 Y34.338
G1 X-20.963 Y34.765
G1 X-21.058 Y34.765
G1 X-21.248 Y34.670
G1 X-21.580 Y34.433
G1 X-21.248 Y34.623
M5
G0 X-21.153 Y34.670 F2500
M3 S320
G1 F1000
G1 X-20.963 Y34.623
G1 X-20.631 Y34.338
G1 X-20.963 Y34.718
G1 X-21.153 Y34.670
G1 X-20.963 Y34.623
M5
G0 X-21.058 Y34.670 F2500
M3 S320
G1 F1000
G1 X-20.963 Y34.670
G1 X-20.869 Y34.575
G1 X-20.963 Y34.670
G1 X-21.058 Y34.670
G1 X-20.963 Y34.670
M5
G0 X-20.916 Y34.813 F2500
M3 S320
G1 F1000
G1 X-21.058 Y34.813
G1 X-21.248 Y34.718
G1 X-23.335 Y33.295
G1 X-23.145 Y33.247
G1 X-22.766 Y32.868
G1 X-22.197 Y31.967
G1 X-22.102 Y31.730
G1 X-21.770 Y31.303
G1 X-21.058 Y30.165
G1 X-20.963 Y29.927
G1 X-20.963 Y29.643
G1 X-21.106 Y29.453
G1 X-19.873 Y30.307
G1 X-19.351 Y30.591
G1 X-18.497 Y31.161
G1 X-18.497 Y31.350
G1 X-18.639 Y31.825
G1 X-18.639 Y31.635
G1 X-18.734 Y31.350
G1 X-18.829 Y31.208
G1 X-19.493 Y30.544
G1 X-19.967 Y30.307
G1 X-20.110 Y30.307
G1 X-20.631 Y30.829
G1 X-20.916 Y31.255
G1 X-21.295 Y31.919
G1 X-20.869 Y32.346
G1 X-20.394 Y32.631
G1 X-20.157 Y32.583
G1 X-19.825 Y32.299
G1 X-20.062 Y32.773
G1 X-20.347 Y33.200
G1 X-20.347 Y33.058
G1 X-20.442 Y32.868
G1 X-20.821 Y32.489
G1 X-21.106 Y32.299
G1 X-21.343 Y32.204
G1 X-21.770 Y32.631
G1 X-22.386 Y33.579
G1 X-22.434 Y33.722
G1 X-21.865 Y34.243
G1 X-21.248 Y34.575
G1 X-20.963 Y34.528
G1 X-20.442 Y34.101
G1 X-20.537 Y34.338
G1 X-20.916 Y34.813
G1 X-21.058 Y34.813
M5
G0 X-21.058 Y34.860 F2500
M3 S320
G1 F1000
G1 X-22.671 Y33.817
G1 X-23.525 Y33.200
G1 X-23.430 Y33.247
G1 X-23.240 Y33.247
G1 X-22.813 Y32.868
G1 X-22.244 Y31.967
G1 X-22.149 Y31.730
G1 X-21.817 Y31.303
G1 X-21.248 Y30.402
G1 X-21.011 Y29.927
G1 X-21.011 Y29.643
G1 X-21.201 Y29.358
G1 X-19.873 Y30.259
G1 X-19.351 Y30.544
G1 X-18.497 Y31.113
G1 X-18.450 Y31.350
G1 X-18.687 Y32.109
G1 X-18.687 Y31.635
G1 X-18.782 Y31.350
G1 X-19.493 Y30.591
G1 X-19.967 Y30.354
G1 X-20.110 Y30.354
G1 X-20.584 Y30.829
G1 X-21.248 Y31.919
G1 X-20.869 Y32.299
G1 X-20.394 Y32.583
G1 X-20.157 Y32.536
G1 X-19.778 Y32.251
G1 X-20.015 Y32.773
G1 X-20.442 Y33.390
G1 X-20.394 Y33.058
G1 X-20.489 Y32.868
G1 X-20.821 Y32.536
G1 X-21.106 Y32.346
G1 X-21.343 Y32.251
G1 X-21.722 Y32.631
G1 X-22.339 Y33.579
G1 X-22.386 Y33.722
G1 X-21.865 Y34.196
G1 X-21.248 Y34.528
G1 X-20.963 Y34.481
G1 X-20.394 Y34.149
G1 X-20.489 Y34.338
G1 X-20.869 Y34.813
G1 X-21.058 Y34.860
G1 X-22.671 Y33.817
M5
G0 X-20.916 Y34.907 F2500
M3 S320
G1 F1000
G1 X-21.058 Y34.907
G1 X-21.248 Y34.813
G1 X-22.671 Y33.864
G1 X-23.619 Y33.153
G1 X-23.240 Y33.200
G1 X-22.861 Y32.868
G1 X-22.291 Y31.967
G1 X-22.197 Y31.730
G1 X-21.675 Y31.018
G1 X-21.153 Y30.165
G1 X-21.058 Y29.927
G1 X-21.058 Y29.643
G1 X-21.248 Y29.406
G1 X-21.248 Y29.311
G1 X-21.106 Y29.358
G1 X-19.873 Y30.212
G1 X-19.351 Y30.497
G1 X-18.402 Y31.161
G1 X-18.450 Y31.540
G1 X-18.592 Y31.967
G1 X-18.734 Y32.157
G1 X-18.734 Y31.635
G1 X-18.829 Y31.350
G1 X-19.493 Y30.639
G1 X-19.967 Y30.402
G1 X-20.110 Y30.402
G1 X-20.537 Y30.829
G1 X-21.201 Y31.919
G1 X-20.869 Y32.251
G1 X-20.394 Y32.536
G1 X-20.252 Y32.536
G1 X-20.015 Y32.394
G1 X-19.730 Y32.299
G1 X-19.967 Y32.773
G1 X-20.347 Y33.342
G1 X-20.489 Y33.437
G1 X-20.442 Y33.058
G1 X-20.537 Y32.868
G1 X-20.821 Y32.583
G1 X-21.106 Y32.394
G1 X-21.343 Y32.299
G1 X-21.675 Y32.631
G1 X-22.291 Y33.579
G1 X-22.339 Y33.722
G1 X-21.865 Y34.149
G1 X-21.248 Y34.481
G1 X-20.963 Y34.433
G1 X-20.442 Y34.006
G1 X-20.347 Y34.149
G1 X-20.442 Y34.338
G1 X-20.916 Y34.907
G1 X-21.058 Y34.907
M5
G0 X-20.916 Y34.955 F2500
M3 S320
G1 F1000
G1 X-21.058 Y34.955
G1 X-21.248 Y34.860
G1 X-23.619 Y33.247
G1 X-23.619 Y33.105
G1 X-23.240 Y33.153
G1 X-22.908 Y32.868
G1 X-22.339 Y31.967
G1 X-22.244 Y31.730
G1 X-21.912 Y31.303
G1 X-21.201 Y30.165
G1 X-21.106 Y29.927
G1 X-21.106 Y29.643
G1 X-21.295 Y29.406
G1 X-21.295 Y29.263
G1 X-21.106 Y29.311
G1 X-19.873 Y30.165
G1 X-19.351 Y30.449
G1 X-18.355 Y31.113
G1 X-18.355 Y31.350
G1 X-18.639 Y32.204
G1 X-18.782 Y32.204
G1 X-18.782 Y31.635
G1 X-18.877 Y31.350
G1 X-19.493 Y30.686
G1 X-19.967 Y30.449
G1 X-20.110 Y30.449
G1 X-20.489 Y30.829
G1 X-21.153 Y31.919
G1 X-20.869 Y32.204
G1 X-20.394 Y32.489
G1 X-20.157 Y32.441
G1 X-19.778 Y32.157
G1 X-19.683 Y32.299
G1 X-19.920 Y32.773
G1 X-20.394 Y33.485
G1 X-20.537 Y33.437
G1 X-20.489 Y33.058
G1 X-20.584 Y32.868
G1 X-20.821 Y32.631
G1 X-21.106 Y32.441
G1 X-21.343 Y32.346
G1 X-21.627 Y32.631
G1 X-22.244 Y33.579
G1 X-22.291 Y33.722
G1 X-21.865 Y34.101
G1 X-21.248 Y34.433
G1 X-20.963 Y34.386
G1 X-20.442 Y33.959
G1 X-20.299 Y34.149
G1 X-20.394 Y34.338
G1 X-20.916 Y34.955
G1 X-21.058 Y34.955
M5
G0 X-20.916 Y35.002 F2500
M3 S320
G1 F1000
G1 X-21.058 Y35.002
G1 X-21.248 Y34.907
G1 X-22.671 Y33.959
G1 X-23.287 Y33.485
G1 X-23.619 Y33.295
G1 X-23.714 Y33.153
G1 X-23.619 Y33.058
G1 X-23.240 Y33.105
G1 X-22.955 Y32.868
G1 X-22.386 Y31.967
G1 X-22.291 Y31.730
G1 X-21.959 Y31.303
G1 X-21.390 Y30.402
G1 X-21.153 Y29.927
G1 X-21.153 Y29.643
G1 X-21.343 Y29.406
G1 X-21.295 Y29.216
G1 X-21.106 Y29.263
G1 X-19.873 Y30.117
G1 X-19.351 Y30.402
G1 X-18.355 Y31.066
G1 X-18.307 Y31.350
G1 X-18.592 Y32.157
G1 X-18.592 Y32.251
G1 X-18.829 Y32.204
G1 X-18.829 Y31.635
G1 X-18.924 Y31.350
G1 X-19.493 Y30.734
G1 X-19.967 Y30.497
G1 X-20.110 Y30.497
G1 X-20.442 Y30.829
G1 X-21.106 Y31.919
G1 X-20.679 Y32.299
G1 X-20.394 Y32.441
G1 X-20.157 Y32.394
G1 X-19.778 Y32.109
G1 X-19.635 Y32.204
G1 X-19.635 Y32.299
G1 X-19.873 Y32.773
G1 X-20.347 Y33.485
G1 X-20.489 Y33.532
G1 X-20.584 Y33.485
G1 X-20.537 Y33.058
G1 X-20.631 Y32.868
G1 X-20.821 Y32.678
G1 X-21.106 Y32.489
G1 X-21.343 Y32.394
G1 X-21.580 Y32.631
G1 X-22.197 Y33.579
G1 X-22.244 Y33.722
G1 X-21.865 Y34.054
G1 X-21.248 Y34.386
G1 X-20.963 Y34.338
G1 X-20.442 Y33.911
G1 X-20.252 Y34.149
G1 X-20.347 Y34.338
G1 X-20.916 Y35.002
G1 X-21.058 Y35.002
M5
G0 X-20.916 Y35.050 F2500
M3 S320
G1 F1000
G1 X-21.058 Y35.050
G1 X-21.248 Y34.955
G1 X-23.762 Y33.247
G1 X-23.762 Y33.153
G1 X-23.667 Y33.010
G1 X-23.240 Y33.058
G1 X-23.003 Y32.868
G1 X-22.434 Y31.967
G1 X-22.339 Y31.730
G1 X-22.007 Y31.303
G1 X-21.295 Y30.165
G1 X-21.201 Y29.927
G1 X-21.201 Y29.643
G1 X-21.390 Y29.406
G1 X-21.343 Y29.169
G1 X-21.106 Y29.216
G1 X-18.260 Y31.113
G1 X-18.307 Y31.540
G1 X-18.592 Y32.346
G1 X-18.877 Y32.251
G1 X-18.877 Y31.635
G1 X-18.971 Y31.350
G1 X-19.493 Y30.781
G1 X-19.967 Y30.544
G1 X-20.110 Y30.544
G1 X-20.394 Y30.829
G1 X-21.058 Y31.919
G1 X-20.679 Y32.251
G1 X-20.394 Y32.394
G1 X-20.157 Y32.346
G1 X-19.778 Y32.062
G1 X-19.635 Y32.157
G1 X-19.588 Y32.299
G1 X-19.825 Y32.773
G1 X-20.299 Y33.485
G1 X-20.394 Y33.579
G1 X-20.489 Y33.579
G1 X-20.584 Y33.532
G1 X-20.631 Y33.295
G1 X-20.584 Y33.247
G1 X-20.584 Y33.058
G1 X-20.679 Y32.868
G1 X-21.106 Y32.536
G1 X-21.343 Y32.441
G1 X-21.533 Y32.631
G1 X-22.149 Y33.579
G1 X-22.197 Y33.722
G1 X-21.722 Y34.101
G1 X-21.248 Y34.338
G1 X-20.963 Y34.291
G1 X-20.442 Y33.864
G1 X-20.205 Y34.149
G1 X-20.299 Y34.338
G1 X-20.916 Y35.050
G1 X-21.058 Y35.050
M5
G0 X-20.916 Y35.097 F2500
M3 S320
G1 F1000
G1 X-21.058 Y35.097
G1 X-21.248 Y35.002
G1 X-23.762 Y33.295
G1 X-23.809 Y33.153
G1 X-23.714 Y33.010
G1 X-23.477 Y32.963
G1 X-23.430 Y33.010
G1 X-23.240 Y33.010
G1 X-23.145 Y32.963
G1 X-22.861 Y32.583
G1 X-22.481 Y31.967
G1 X-22.386 Y31.730
G1 X-21.865 Y31.018
G1 X-21.295 Y30.070
G1 X-21.248 Y29.927
G1 X-21.248 Y29.643
G1 X-21.438 Y29.406
G1 X-21.438 Y29.263
G1 X-21.390 Y29.169
G1 X-21.201 Y29.121
G1 X-19.873 Y30.022
G1 X-19.351 Y30.307
G1 X-18.355 Y30.971
G1 X-18.213 Y31.113
G1 X-18.260 Y31.540
G1 X-18.497 Y32.251
G1 X-18.592 Y32.394
G1 X-18.877 Y32.299
G1 X-18.924 Y31.635
G1 X-19.019 Y31.350
G1 X-19.493 Y30.829
G1 X-19.967 Y30.591
G1 X-20.110 Y30.591
G1 X-20.347 Y30.829
G1 X-21.011 Y31.919
G1 X-20.679 Y32.204
G1 X-20.394 Y32.346
G1 X-20.157 Y32.299
G1 X-19.778 Y32.014
G1 X-19.541 Y32.204
G1 X-19.541 Y32.299
G1 X-19.778 Y32.773
G1 X-20.252 Y33.485
G1 X-20.394 Y33.627
G1 X-20.489 Y33.627
G1 X-20.679 Y33.485
G1 X-20.631 Y33.058
G1 X-20.726 Y32.868
G1 X-21.106 Y32.583
G1 X-21.343 Y32.489
G1 X-21.675 Y32.915
G1 X-22.102 Y33.579
G1 X-22.149 Y33.722
G1 X-21.722 Y34.054
G1 X-21.248 Y34.291
G1 X-20.963 Y34.243
G1 X-20.442 Y33.817
G1 X-20.252 Y33.959
G1 X-20.157 Y34.149
G1 X-20.252 Y34.338
G1 X-20.916 Y35.097
G1 X-21.058 Y35.097
M5
G0 X-19.114 Y35.856 F2500
M3 S320
G1 F1000
G1 X-18.592 Y35.287
G1 X-18.450 Y34.955
G1 X-18.070 Y35.287
G1 X-17.975 Y35.287
G1 X-16.458 Y34.623
G1 X-15.746 Y34.243
G1 X-14.703 Y33.817
G1 X-14.134 Y33.485
G1 X-13.991 Y33.485
G1 X-14.371 Y34.433
G1 X-14.655 Y35.002
G1 X-14.987 Y34.528
G1 X-15.082 Y34.528
G1 X-17.169 Y35.524
G1 X-18.497 Y36.093
G1 X-18.639 Y36.093
G1 X-19.114 Y35.856
G1 X-18.592 Y35.287
M5
G0 X-18.829 Y35.761 F2500
M3 S320
G1 F1000
G1 X-18.355 Y35.239
G1 X-18.070 Y35.524
G1 X-17.975 Y35.524
G1 X-16.458 Y34.860
G1 X-14.798 Y34.054
G1 X-14.703 Y34.054
G1 X-14.371 Y33.864
G1 X-14.703 Y34.575
G1 X-14.987 Y34.291
G1 X-15.082 Y34.291
G1 X-17.169 Y35.287
G1 X-18.497 Y35.856
G1 X-18.639 Y35.856
G1 X-18.829 Y35.761
G1 X-18.355 Y35.239
M5
G0 X-18.877 Y35.761 F2500
M3 S320
G1 F1000
G1 X-18.355 Y35.192
G1 X-18.070 Y35.477
G1 X-17.975 Y35.477
G1 X-14.323 Y33.817
G1 X-14.655 Y34.623
G1 X-14.987 Y34.338
G1 X-15.082 Y34.338
G1 X-17.169 Y35.334
G1 X-18.497 Y35.903
G1 X-18.639 Y35.903
G1 X-18.877 Y35.761
G1 X-18.355 Y35.192
M5
G0 X-18.924 Y35.809 F2500
M3 S320
G1 F1000
G1 X-18.450 Y35.287
G1 X-18.402 Y35.145
G1 X-18.070 Y35.429
G1 X-17.975 Y35.429
G1 X-16.458 Y34.765
G1 X-15.746 Y34.386
G1 X-14.703 Y33.959
G1 X-14.323 Y33.769
G1 X-14.229 Y33.674
G1 X-14.371 Y34.101
G1 X-14.655 Y34.718
G1 X-14.987 Y34.386
G1 X-15.082 Y34.386
G1 X-17.169 Y35.382
G1 X-18.497 Y35.951
G1 X-18.639 Y35.951
G1 X-18.924 Y35.809
G1 X-18.450 Y35.287
M5
G0 X-19.019 Y35.809 F2500
M3 S320
G1 F1000
G1 X-18.497 Y35.287
G1 X-18.402 Y35.050
G1 X-18.070 Y35.382
G1 X-17.975 Y35.382
G1 X-16.458 Y34.718
G1 X-15.746 Y34.338
G1 X-14.703 Y33.911
G1 X-14.134 Y33.579
G1 X-14.466 Y34.433
G1 X-14.655 Y34.765
G1 X-14.987 Y34.433
G1 X-15.082 Y34.433
G1 X-17.169 Y35.429
G1 X-18.497 Y35.998
G1 X-18.639 Y35.998
G1 X-19.019 Y35.809
G1 X-18.497 Y35.287
M5
G0 X-19.066 Y35.809 F2500
M3 S320
G1 F1000
G1 X-18.545 Y35.287
G1 X-18.402 Y35.002
G1 X-18.070 Y35.334
G1 X-17.975 Y35.334
G1 X-16.458 Y34.670
G1 X-15.746 Y34.291
G1 X-14.703 Y33.864
G1 X-14.134 Y33.532
G1 X-14.039 Y33.532
G1 X-14.608 Y34.813
G1 X-14.987 Y34.481
G1 X-15.082 Y34.481
G1 X-17.169 Y35.477
G1 X-18.497 Y36.046
G1 X-18.639 Y36.046
G1 X-19.066 Y35.809
G1 X-18.545 Y35.287
M5
G0 X-17.738 Y33.485 F2500
M3 S320
G1 F1000
G1 X-17.454 Y32.868
G1 X-17.311 Y32.441
G1 X-17.311 Y32.062
G1 X-17.501 Y31.825
G1 X-17.217 Y32.014
G1 X-16.790 Y32.204
G1 X-17.406 Y32.868
G1 X-17.738 Y33.485
G1 X-17.454 Y32.868
M5
G0 X-17.406 Y32.821 F2500
M3 S320
G1 F1000
G1 X-17.264 Y32.441
G1 X-17.264 Y32.062
G1 X-17.311 Y31.967
G1 X-17.217 Y32.062
G1 X-16.837 Y32.251
G1 X-17.406 Y32.821
G1 X-17.264 Y32.441
M5
G0 X-17.217 Y32.536 F2500
M3 S320
G1 F1000
G1 X-17.169 Y32.441
G1 X-17.169 Y32.157
G1 X-16.979 Y32.251
G1 X-17.217 Y32.536
G1 X-17.169 Y32.441
M5
G0 X-17.122 Y32.394 F2500
M3 S320
G1 F1000
G1 X-17.122 Y32.251
G1 X-17.027 Y32.299
G1 X-17.122 Y32.394
G1 X-17.122 Y32.251
M5
G0 X-17.311 Y32.678 F2500
M3 S320
G1 F1000
G1 X-17.217 Y32.441
G1 X-17.217 Y32.109
G1 X-16.885 Y32.251
G1 X-17.311 Y32.678
G1 X-17.217 Y32.441
M5
G0 X-18.639 Y31.587 F2500
M3 S320
G1 F1000
G1 X-18.687 Y31.350
G1 X-18.782 Y31.208
G1 X-19.351 Y30.639
G1 X-18.545 Y31.208
G1 X-18.545 Y31.350
G1 X-18.639 Y31.587
G1 X-18.687 Y31.350
M5
G0 X-18.639 Y31.303 F2500
M3 S320
G1 F1000
G1 X-18.782 Y31.113
G1 X-18.639 Y31.208
G1 X-18.639 Y31.303
G1 X-18.782 Y31.113
M5
G0 X-18.639 Y31.445 F2500
M3 S320
G1 F1000
G1 X-18.639 Y31.350
G1 X-18.734 Y31.208
G1 X-19.066 Y30.876
G1 X-18.639 Y31.161
G1 X-18.592 Y31.350
G1 X-18.639 Y31.445
G1 X-18.639 Y31.350
M5
G0 X-20.062 Y32.583 F2500
M3 S320
G1 F1000
G1 X-20.299 Y32.963
G1 X-20.631 Y32.583
G1 X-20.394 Y32.726
G1 X-20.252 Y32.726
G1 X-20.062 Y32.583
G1 X-20.299 Y32.963
M5
G0 X-20.205 Y32.726 F2500
M3 S320
G1 F1000
G1 X-20.299 Y32.915
G1 X-20.442 Y32.726
G1 X-20.205 Y32.726
G1 X-20.299 Y32.915
M5
G0 X-19.446 Y27.746 F2500
M3 S320
G1 F1000
G1 X-19.351 Y27.983
G1 X-19.209 Y28.125
G1 X-17.454 Y27.841
G1 X-16.505 Y27.793
G1 X-17.786 Y27.888
G1 X-19.019 Y28.078
G1 X-19.066 Y28.125
G1 X-19.303 Y28.078
M5
G0 X-19.967 Y27.414 F2500
M3 S320
G1 F1000
G1 X-19.351 Y28.457
G1 X-19.114 Y28.457
G1 X-18.592 Y28.315
G1 X-17.359 Y28.125
G1 X-15.936 Y28.030
G1 X-14.561 Y28.030
G1 X-16.790 Y28.078
G1 X-17.691 Y28.173
G1 X-19.114 Y28.457
G1 X-19.351 Y28.457
G1 X-19.493 Y28.315
M5
G0 X-15.509 Y27.698 F2500
M3 S320
G1 F1000
G1 X-14.134 Y27.698
M5
G0 X-15.841 Y37.279 F2500
M3 S320
G1 F1000
G1 X-15.699 Y37.137
G1 X-15.746 Y37.326
G1 X-15.841 Y37.279
G1 X-15.699 Y37.137
M5
G0 X-15.889 Y37.326 F2500
M3 S320
G1 F1000
G1 X-15.604 Y36.994
G1 X-15.699 Y37.231
G1 X-15.651 Y37.421
G1 X-15.889 Y37.326
G1 X-15.604 Y36.994
M5
G0 X-15.983 Y37.326 F2500
M3 S320
G1 F1000
G1 X-15.462 Y36.805
G1 X-15.414 Y36.710
G1 X-15.604 Y37.042
G1 X-15.651 Y37.374
G1 X-15.557 Y37.516
G1 X-15.983 Y37.326
G1 X-15.462 Y36.805
M5
G0 X-15.462 Y37.611 F2500
M3 S320
G1 F1000
G1 X-16.078 Y37.326
G1 X-15.509 Y36.805
G1 X-15.414 Y36.662
G1 X-14.703 Y35.097
G1 X-15.177 Y36.093
G1 X-15.367 Y36.710
G1 X-15.557 Y37.042
G1 X-15.604 Y37.374
G1 X-15.462 Y37.611
G1 X-16.078 Y37.326
M5
G0 X-15.319 Y37.706 F2500
M3 S320
G1 F1000
G1 X-15.604 Y37.563
G1 X-15.699 Y37.563
G1 X-16.126 Y37.326
G1 X-16.221 Y37.326
G1 X-16.031 Y37.279
G1 X-15.557 Y36.805
G1 X-15.225 Y36.188
G1 X-14.655 Y34.907
G1 X-14.987 Y34.575
G1 X-15.082 Y34.575
G1 X-15.936 Y34.955
G1 X-16.553 Y35.287
G1 X-18.497 Y36.141
G1 X-18.639 Y36.141
G1 X-19.256 Y35.809
G1 X-19.161 Y35.809
G1 X-18.639 Y35.287
G1 X-18.070 Y34.149
G1 X-17.501 Y32.868
G1 X-17.359 Y32.441
G1 X-17.359 Y32.062
G1 X-17.596 Y31.730
G1 X-16.647 Y32.251
G1 X-16.742 Y32.251
G1 X-17.359 Y32.868
G1 X-18.118 Y34.291
G1 X-18.402 Y34.907
G1 X-18.070 Y35.239
G1 X-17.975 Y35.239
G1 X-16.458 Y34.575
G1 X-15.746 Y34.196
G1 X-14.703 Y33.769
G1 X-14.134 Y33.437
G1 X-13.944 Y33.532
G1 X-14.323 Y34.433
G1 X-14.655 Y35.050
G1 X-15.130 Y36.093
G1 X-15.225 Y36.473
G1 X-15.509 Y37.042
G1 X-15.557 Y37.374
G1 X-15.319 Y37.706
G1 X-15.604 Y37.563
M5
G0 X-15.272 Y37.801 F2500
M3 S320
G1 F1000
G1 X-16.126 Y37.374
G1 X-16.221 Y37.374
G1 X-16.410 Y37.279
G1 X-16.126 Y37.279
G1 X-16.031 Y37.231
G1 X-15.509 Y36.662
G1 X-14.703 Y34.907
G1 X-14.987 Y34.623
G1 X-15.082 Y34.623
G1 X-15.936 Y35.002
G1 X-16.553 Y35.334
G1 X-18.497 Y36.188
G1 X-18.639 Y36.188
G1 X-19.398 Y35.809
G1 X-19.161 Y35.761
G1 X-18.687 Y35.287
G1 X-18.118 Y34.149
G1 X-17.549 Y32.868
G1 X-17.406 Y32.441
G1 X-17.406 Y32.062
G1 X-17.643 Y31.777
G1 X-17.643 Y31.682
G1 X-16.458 Y32.299
G1 X-16.600 Y32.251
G1 X-16.742 Y32.299
G1 X-17.406 Y33.010
G1 X-18.355 Y34.907
G1 X-18.070 Y35.192
G1 X-17.975 Y35.192
G1 X-16.458 Y34.528
G1 X-15.746 Y34.149
G1 X-14.703 Y33.722
G1 X-14.134 Y33.390
G1 X-13.897 Y33.437
G1 X-13.897 Y33.532
G1 X-14.039 Y33.769
G1 X-14.276 Y34.433
G1 X-14.608 Y35.050
G1 X-15.082 Y36.093
G1 X-15.272 Y36.710
G1 X-15.462 Y37.042
G1 X-15.509 Y37.374
G1 X-15.272 Y37.706
G1 X-15.272 Y37.801
G1 X-16.126 Y37.374
M5
G0 X-15.225 Y37.848 F2500
M3 S320
G1 F1000
G1 X-16.505 Y37.279
G1 X-16.505 Y37.184
G1 X-16.126 Y37.231
G1 X-16.031 Y37.184
G1 X-15.557 Y36.662
G1 X-14.750 Y34.907
G1 X-14.987 Y34.670
G1 X-15.082 Y34.670
G1 X-15.936 Y35.050
G1 X-16.553 Y35.382
G1 X-18.497 Y36.235
G1 X-18.639 Y36.235
G1 X-19.588 Y35.714
G1 X-19.493 Y35.714
G1 X-19.446 Y35.761
G1 X-19.161 Y35.714
G1 X-18.734 Y35.287
G1 X-18.165 Y34.149
G1 X-17.596 Y32.868
G1 X-17.454 Y32.441
G1 X-17.454 Y32.062
G1 X-17.691 Y31.777
G1 X-17.691 Y31.635
G1 X-17.596 Y31.635
G1 X-16.410 Y32.251
G1 X-16.410 Y32.346
G1 X-16.600 Y32.299
G1 X-16.742 Y32.346
G1 X-17.359 Y33.010
G1 X-18.307 Y34.907
G1 X-18.070 Y35.145
G1 X-17.975 Y35.145
G1 X-16.458 Y34.481
G1 X-15.746 Y34.101
G1 X-14.703 Y33.674
G1 X-14.134 Y33.342
G1 X-13.897 Y33.390
G1 X-13.849 Y33.532
G1 X-13.991 Y33.769
G1 X-14.229 Y34.433
G1 X-14.561 Y35.050
G1 X-15.035 Y36.093
G1 X-15.130 Y36.473
G1 X-15.414 Y37.042
G1 X-15.462 Y37.374
G1 X-15.225 Y37.706
G1 X-15.225 Y37.848
G1 X-16.505 Y37.279
M5
G0 X-15.177 Y37.895 F2500
M3 S320
G1 F1000
G1 X-15.272 Y37.895
G1 X-16.126 Y37.469
G1 X-16.221 Y37.469
G1 X-16.505 Y37.326
G1 X-16.553 Y37.137
G1 X-16.126 Y37.184
G1 X-16.031 Y37.137
G1 X-15.604 Y36.662
G1 X-14.798 Y34.907
G1 X-14.987 Y34.718
G1 X-15.082 Y34.718
G1 X-15.936 Y35.097
G1 X-16.553 Y35.429
G1 X-18.497 Y36.283
G1 X-18.639 Y36.283
G1 X-19.588 Y35.809
G1 X-19.635 Y35.666
G1 X-19.493 Y35.666
G1 X-19.446 Y35.714
G1 X-19.161 Y35.666
G1 X-18.782 Y35.287
G1 X-17.928 Y33.532
G1 X-17.501 Y32.441
G1 X-17.501 Y32.062
G1 X-17.738 Y31.777
G1 X-17.738 Y31.587
G1 X-17.596 Y31.587
G1 X-16.315 Y32.251
G1 X-16.363 Y32.394
G1 X-16.458 Y32.394
G1 X-16.505 Y32.346
G1 X-16.742 Y32.394
G1 X-17.311 Y33.010
G1 X-18.260 Y34.907
G1 X-18.070 Y35.097
G1 X-17.975 Y35.097
G1 X-16.458 Y34.433
G1 X-15.746 Y34.054
G1 X-14.703 Y33.627
G1 X-14.134 Y33.295
G1 X-13.991 Y33.295
G1 X-13.802 Y33.390
G1 X-13.802 Y33.532
G1 X-14.039 Y34.101
G1 X-14.987 Y36.093
G1 X-15.082 Y36.473
G1 X-15.367 Y37.042
G1 X-15.414 Y37.374
G1 X-15.177 Y37.706
G1 X-15.177 Y37.895
G1 X-15.272 Y37.895
M5
G0 X-15.177 Y37.943 F2500
M3 S320
G1 F1000
G1 X-15.272 Y37.943
G1 X-16.600 Y37.326
G1 X-16.600 Y37.089
G1 X-16.126 Y37.137
G1 X-15.746 Y36.805
G1 X-15.414 Y36.188
G1 X-14.845 Y34.907
G1 X-14.987 Y34.765
G1 X-15.082 Y34.765
G1 X-15.936 Y35.145
G1 X-16.553 Y35.477
G1 X-18.497 Y36.330
G1 X-18.639 Y36.330
G1 X-19.683 Y35.809
G1 X-19.635 Y35.619
G1 X-19.493 Y35.619
G1 X-19.446 Y35.666
G1 X-19.161 Y35.619
G1 X-18.829 Y35.287
G1 X-17.975 Y33.532
G1 X-17.549 Y32.441
G1 X-17.549 Y32.062
G1 X-17.786 Y31.777
G1 X-17.738 Y31.540
G1 X-17.596 Y31.540
G1 X-16.268 Y32.251
G1 X-16.315 Y32.441
G1 X-16.505 Y32.394
G1 X-16.742 Y32.441
G1 X-17.264 Y33.010
G1 X-18.213 Y34.907
G1 X-18.070 Y35.050
G1 X-17.975 Y35.050
G1 X-16.458 Y34.386
G1 X-15.746 Y34.006
G1 X-14.703 Y33.579
G1 X-14.134 Y33.247
G1 X-13.991 Y33.247
G1 X-13.802 Y33.342
G1 X-13.754 Y33.532
G1 X-14.134 Y34.433
G1 X-14.466 Y35.050
G1 X-14.940 Y36.093
G1 X-15.035 Y36.473
G1 X-15.319 Y37.042
G1 X-15.367 Y37.374
G1 X-15.130 Y37.706
G1 X-15.177 Y37.943
G1 X-15.272 Y37.943
M5
G0 X-15.130 Y37.990 F2500
M3 S320
G1 F1000
G1 X-15.272 Y37.990
G1 X-16.600 Y37.374
G1 X-16.600 Y37.042
G1 X-16.126 Y37.089
G1 X-15.794 Y36.805
G1 X-15.462 Y36.188
G1 X-14.893 Y34.907
G1 X-14.987 Y34.813
G1 X-15.082 Y34.813
G1 X-15.936 Y35.192
G1 X-16.553 Y35.524
G1 X-18.497 Y36.378
G1 X-18.639 Y36.378
G1 X-19.683 Y35.856
G1 X-19.730 Y35.666
G1 X-19.683 Y35.571
G1 X-19.446 Y35.619
G1 X-19.161 Y35.571
G1 X-18.877 Y35.287
G1 X-18.023 Y33.532
G1 X-17.596 Y32.441
G1 X-17.596 Y32.062
G1 X-17.833 Y31.777
G1 X-17.833 Y31.587
G1 X-17.786 Y31.493
G1 X-17.596 Y31.493
G1 X-16.315 Y32.157
G1 X-16.221 Y32.251
G1 X-16.315 Y32.489
G1 X-16.458 Y32.489
G1 X-16.505 Y32.441
G1 X-16.742 Y32.489
G1 X-17.122 Y32.868
G1 X-17.501 Y33.532
G1 X-18.165 Y34.907
G1 X-18.070 Y35.002
G1 X-17.975 Y35.002
G1 X-16.458 Y34.338
G1 X-15.746 Y33.959
G1 X-14.703 Y33.532
G1 X-14.134 Y33.200
G1 X-13.991 Y33.200
G1 X-13.707 Y33.390
G1 X-13.707 Y33.532
G1 X-13.944 Y34.101
G1 X-14.893 Y36.093
G1 X-14.987 Y36.473
G1 X-15.272 Y37.042
G1 X-15.319 Y37.374
G1 X-15.082 Y37.706
G1 X-15.082 Y37.895
G1 X-15.130 Y37.990
G1 X-15.272 Y37.990
M5
G0 X-15.082 Y38.038 F2500
M3 S320
G1 F1000
G1 X-15.272 Y38.038
G1 X-16.600 Y37.421
G1 X-16.695 Y37.326
G1 X-16.695 Y37.089
G1 X-16.647 Y36.994
G1 X-16.126 Y37.042
G1 X-15.841 Y36.805
G1 X-15.509 Y36.188
G1 X-14.940 Y34.907
G1 X-15.082 Y34.860
G1 X-17.169 Y35.856
G1 X-18.497 Y36.425
G1 X-18.639 Y36.425
G1 X-19.683 Y35.903
G1 X-19.778 Y35.809
G1 X-19.730 Y35.571
G1 X-19.493 Y35.524
G1 X-19.446 Y35.571
G1 X-19.303 Y35.571
G1 X-19.161 Y35.524
G1 X-18.924 Y35.287
G1 X-18.070 Y33.532
G1 X-17.643 Y32.441
G1 X-17.643 Y32.062
G1 X-17.881 Y31.777
G1 X-17.881 Y31.587
G1 X-17.833 Y31.493
G1 X-17.596 Y31.445
G1 X-16.315 Y32.109
G1 X-16.173 Y32.251
G1 X-16.268 Y32.536
G1 X-16.505 Y32.489
G1 X-16.742 Y32.536
G1 X-17.074 Y32.868
G1 X-17.454 Y33.532
G1 X-18.118 Y34.907
G1 X-17.975 Y34.955
G1 X-16.458 Y34.291
G1 X-15.746 Y33.911
G1 X-14.703 Y33.485
G1 X-14.134 Y33.153
G1 X-13.991 Y33.153
G1 X-13.659 Y33.342
G1 X-13.659 Y33.532
G1 X-13.897 Y34.101
G1 X-14.845 Y36.093
G1 X-14.940 Y36.473
G1 X-15.225 Y37.042
G1 X-15.272 Y37.374
G1 X-15.035 Y37.706
G1 X-15.082 Y38.038
G1 X-15.272 Y38.038
M5
G0 X-13.659 Y38.275 F2500
M3 S320
G1 F1000
G1 X-13.849 Y38.227
G1 X-13.849 Y38.085
G1 X-13.659 Y38.275
G1 X-13.849 Y38.227
M5
G0 X-13.517 Y38.370 F2500
M3 S320
G1 F1000
G1 X-13.707 Y38.275
G1 X-13.944 Y38.275
G1 X-13.849 Y38.038
G1 X-13.517 Y38.370
G1 X-13.707 Y38.275
M5
G0 X-13.422 Y38.417 F2500
M3 S320
G1 F1000
G1 X-13.897 Y38.275
G1 X-13.991 Y38.322
G1 X-13.991 Y38.227
G1 X-13.897 Y38.038
G1 X-13.897 Y37.895
G1 X-13.422 Y38.417
G1 X-13.897 Y38.275
M5
G0 X-13.138 Y38.559 F2500
M3 S320
G1 F1000
G1 X-13.707 Y38.370
G1 X-14.039 Y38.370
G1 X-13.944 Y37.895
G1 X-13.849 Y37.753
G1 X-13.802 Y37.990
G1 X-13.280 Y38.512
G1 X-13.138 Y38.559
G1 X-13.707 Y38.370
M5
G0 X-12.426 Y38.559 F2500
M3 S320
G1 F1000
G1 X-12.094 Y38.180
G1 X-11.810 Y37.089
G1 X-11.573 Y36.473
G1 X-11.525 Y36.141
G1 X-11.241 Y35.334
G1 X-11.146 Y34.860
G1 X-10.671 Y35.002
G1 X-11.003 Y35.334
G1 X-11.098 Y35.524
G1 X-11.999 Y38.275
G1 X-12.047 Y38.559
G1 X-12.094 Y38.654
G1 X-12.426 Y38.559
G1 X-12.094 Y38.180
M5
G0 X-12.331 Y38.559 F2500
M3 S320
G1 F1000
G1 X-12.047 Y38.180
G1 X-11.762 Y37.089
G1 X-11.525 Y36.473
G1 X-11.478 Y36.141
G1 X-11.193 Y35.334
G1 X-11.098 Y34.907
G1 X-10.766 Y35.050
G1 X-11.051 Y35.334
G1 X-11.146 Y35.524
G1 X-12.047 Y38.275
G1 X-12.047 Y38.417
G1 X-12.142 Y38.607
G1 X-12.331 Y38.559
G1 X-12.047 Y38.180
M5
G0 X-12.047 Y38.749 F2500
M3 S320
G1 F1000
G1 X-12.379 Y38.607
G1 X-12.474 Y38.607
G1 X-12.142 Y38.180
G1 X-11.857 Y37.089
G1 X-11.620 Y36.473
G1 X-11.573 Y36.141
G1 X-11.288 Y35.334
G1 X-11.241 Y35.002
G1 X-11.193 Y34.955
G1 X-11.241 Y34.765
G1 X-10.624 Y35.002
G1 X-10.956 Y35.334
G1 X-11.051 Y35.524
G1 X-11.952 Y38.275
G1 X-12.047 Y38.749
G1 X-12.379 Y38.607
M5
G0 X-11.999 Y38.797 F2500
M3 S320
G1 F1000
G1 X-12.569 Y38.607
G1 X-12.189 Y38.180
G1 X-11.905 Y37.089
G1 X-11.667 Y36.473
G1 X-11.620 Y36.141
G1 X-11.335 Y35.334
G1 X-11.288 Y35.002
G1 X-11.241 Y34.955
G1 X-11.241 Y34.860
G1 X-11.383 Y34.670
G1 X-11.051 Y34.813
G1 X-10.529 Y34.955
G1 X-10.909 Y35.334
G1 X-11.003 Y35.524
G1 X-11.999 Y38.607
G1 X-11.999 Y38.797
G1 X-12.569 Y38.607
M5
G0 X-11.857 Y38.891 F2500
M3 S320
G1 F1000
G1 X-12.616 Y38.654
G1 X-12.237 Y38.180
G1 X-11.952 Y37.089
G1 X-11.715 Y36.473
G1 X-11.667 Y36.141
G1 X-11.383 Y35.334
G1 X-11.288 Y34.860
G1 X-11.525 Y34.575
G1 X-10.482 Y34.955
G1 X-10.861 Y35.334
G1 X-11.098 Y35.903
G1 X-11.952 Y38.607
G1 X-11.952 Y38.797
G1 X-11.857 Y38.891
G1 X-12.616 Y38.654
M5
G0 X-11.715 Y38.986 F2500
M3 S320
G1 F1000
G1 X-12.711 Y38.654
G1 X-12.284 Y38.180
G1 X-11.999 Y37.089
G1 X-11.762 Y36.473
G1 X-11.715 Y36.141
G1 X-11.430 Y35.334
G1 X-11.335 Y34.860
G1 X-11.667 Y34.481
G1 X-11.335 Y34.623
G1 X-10.387 Y34.907
G1 X-10.814 Y35.334
G1 X-11.098 Y36.046
G1 X-11.905 Y38.607
G1 X-11.905 Y38.797
G1 X-11.715 Y38.986
G1 X-12.711 Y38.654
M5
G0 X-11.573 Y39.081 F2500
M3 S320
G1 F1000
G1 X-12.663 Y38.702
G1 X-12.758 Y38.702
G1 X-12.331 Y38.180
G1 X-12.047 Y37.089
G1 X-11.810 Y36.473
G1 X-11.762 Y36.141
G1 X-11.478 Y35.334
G1 X-11.430 Y35.002
G1 X-11.383 Y34.955
G1 X-11.430 Y34.765
G1 X-11.810 Y34.386
G1 X-10.292 Y34.907
G1 X-10.766 Y35.334
G1 X-10.861 Y35.524
G1 X-11.857 Y38.607
G1 X-11.857 Y38.797
G1 X-11.573 Y39.081
G1 X-12.663 Y38.702
M5
G0 X-11.193 Y39.223 F2500
M3 S320
G1 F1000
G1 X-10.766 Y39.223
G1 X-10.671 Y39.176
G1 X-10.150 Y38.654
G1 X-10.245 Y38.844
G1 X-10.245 Y38.986
G1 X-10.434 Y39.461
G1 X-10.434 Y39.555
G1 X-10.529 Y39.555
G1 X-10.719 Y39.461
G1 X-10.909 Y39.271
G1 X-11.193 Y39.223
G1 X-10.766 Y39.223
M5
G0 X-10.766 Y39.318 F2500
M3 S320
G1 F1000
G1 X-10.339 Y38.939
G1 X-10.529 Y39.461
G1 X-10.766 Y39.318
G1 X-10.339 Y38.939
M5
G0 X-10.719 Y39.318 F2500
M3 S320
G1 F1000
G1 X-10.434 Y39.081
G1 X-10.529 Y39.413
G1 X-10.719 Y39.318
G1 X-10.434 Y39.081
M5
G0 X-10.719 Y39.413 F2500
M3 S320
G1 F1000
G1 X-10.861 Y39.271
G1 X-10.671 Y39.223
G1 X-10.245 Y38.797
G1 X-10.482 Y39.508
G1 X-10.719 Y39.413
G1 X-10.861 Y39.271
M5
G0 X-10.434 Y39.603 F2500
M3 S320
G1 F1000
G1 X-10.529 Y39.603
G1 X-10.719 Y39.508
G1 X-10.909 Y39.318
G1 X-11.193 Y39.271
G1 X-11.335 Y39.176
G1 X-13.375 Y38.512
G1 X-13.897 Y38.370
G1 X-14.134 Y38.417
G1 X-13.849 Y37.469
G1 X-13.849 Y37.706
G1 X-13.754 Y37.990
G1 X-13.280 Y38.465
G1 X-12.806 Y38.654
G1 X-12.426 Y38.275
G1 X-12.094 Y37.089
G1 X-11.857 Y36.473
G1 X-11.810 Y36.141
G1 X-11.525 Y35.334
G1 X-11.478 Y35.002
G1 X-11.430 Y34.955
G1 X-11.478 Y34.765
G1 X-11.857 Y34.338
G1 X-11.762 Y34.338
G1 X-11.620 Y34.433
G1 X-10.339 Y34.860
G1 X-10.055 Y34.907
G1 X-10.245 Y34.907
G1 X-10.339 Y34.955
G1 X-10.719 Y35.334
G1 X-10.814 Y35.524
G1 X-11.810 Y38.607
G1 X-11.810 Y38.797
G1 X-11.525 Y39.081
G1 X-11.241 Y39.176
G1 X-10.766 Y39.176
G1 X-10.671 Y39.129
G1 X-10.102 Y38.512
G1 X-10.197 Y38.986
G1 X-10.434 Y39.603
G1 X-10.529 Y39.603
M5
G0 X-10.387 Y39.650 F2500
M3 S320
G1 F1000
G1 X-10.529 Y39.650
G1 X-10.719 Y39.555
G1 X-10.909 Y39.366
G1 X-11.193 Y39.318
G1 X-11.335 Y39.223
G1 X-13.375 Y38.559
G1 X-13.897 Y38.417
G1 X-14.181 Y38.465
G1 X-14.039 Y37.895
G1 X-13.802 Y37.326
G1 X-13.802 Y37.706
G1 X-13.707 Y37.990
G1 X-13.280 Y38.417
G1 X-12.806 Y38.607
G1 X-12.474 Y38.275
G1 X-12.142 Y37.089
G1 X-11.905 Y36.473
G1 X-11.857 Y36.141
G1 X-11.573 Y35.334
G1 X-11.525 Y35.002
G1 X-11.478 Y34.955
G1 X-11.525 Y34.765
G1 X-11.905 Y34.386
G1 X-11.905 Y34.291
G1 X-11.762 Y34.291
G1 X-10.339 Y34.813
G1 X-10.197 Y34.813
G1 X-9.913 Y34.955
G1 X-10.245 Y34.955
G1 X-10.671 Y35.334
G1 X-10.909 Y35.903
G1 X-11.762 Y38.607
G1 X-11.762 Y38.797
G1 X-11.525 Y39.034
G1 X-11.241 Y39.129
G1 X-10.766 Y39.129
G1 X-10.671 Y39.081
G1 X-10.102 Y38.465
G1 X-10.055 Y38.654
G1 X-10.387 Y39.650
G1 X-10.529 Y39.650
M5
G0 X-10.339 Y39.650 F2500
M3 S320
G1 F1000
G1 X-10.529 Y39.698
G1 X-10.719 Y39.603
G1 X-10.909 Y39.413
G1 X-11.193 Y39.366
G1 X-11.335 Y39.271
G1 X-13.375 Y38.607
G1 X-13.897 Y38.465
G1 X-14.229 Y38.512
G1 X-14.086 Y37.895
G1 X-13.849 Y37.231
G1 X-13.754 Y37.279
G1 X-13.754 Y37.706
G1 X-13.707 Y37.895
G1 X-13.280 Y38.370
G1 X-12.806 Y38.559
G1 X-12.521 Y38.275
G1 X-12.189 Y37.089
G1 X-11.952 Y36.473
G1 X-11.905 Y36.141
G1 X-11.620 Y35.334
G1 X-11.573 Y35.002
G1 X-11.525 Y34.955
G1 X-11.573 Y34.765
G1 X-11.952 Y34.386
G1 X-11.952 Y34.243
G1 X-11.762 Y34.243
G1 X-10.339 Y34.765
G1 X-10.055 Y34.813
G1 X-9.865 Y34.955
G1 X-9.913 Y35.050
G1 X-10.245 Y35.002
G1 X-10.624 Y35.334
G1 X-10.861 Y35.903
G1 X-11.715 Y38.607
G1 X-11.715 Y38.797
G1 X-11.525 Y38.986
G1 X-11.241 Y39.081
G1 X-10.766 Y39.081
G1 X-10.671 Y39.034
G1 X-10.102 Y38.417
G1 X-10.007 Y38.465
G1 X-10.007 Y38.654
G1 X-10.339 Y39.650
G1 X-10.529 Y39.698
M5
G0 X-10.339 Y39.745 F2500
M3 S320
G1 F1000
G1 X-10.529 Y39.745
G1 X-10.719 Y39.650
G1 X-10.909 Y39.461
G1 X-11.193 Y39.413
G1 X-11.335 Y39.318
G1 X-13.375 Y38.654
G1 X-13.897 Y38.512
G1 X-14.276 Y38.559
G1 X-14.276 Y38.417
G1 X-13.944 Y37.326
G1 X-13.849 Y37.184
G1 X-13.707 Y37.231
G1 X-13.707 Y37.706
G1 X-13.659 Y37.895
G1 X-13.280 Y38.322
G1 X-12.806 Y38.512
G1 X-12.569 Y38.275
G1 X-12.237 Y37.089
G1 X-11.999 Y36.473
G1 X-11.952 Y36.141
G1 X-11.667 Y35.334
G1 X-11.620 Y35.002
G1 X-11.573 Y34.955
G1 X-11.620 Y34.765
G1 X-11.999 Y34.433
G1 X-11.999 Y34.196
G1 X-11.762 Y34.196
G1 X-11.335 Y34.386
G1 X-9.818 Y34.860
G1 X-9.865 Y35.097
G1 X-10.245 Y35.050
G1 X-10.339 Y35.097
G1 X-10.577 Y35.334
G1 X-10.671 Y35.524
G1 X-11.667 Y38.607
G1 X-11.667 Y38.797
G1 X-11.525 Y38.939
G1 X-11.241 Y39.034
G1 X-10.766 Y39.034
G1 X-10.671 Y38.986
G1 X-10.245 Y38.559
G1 X-10.150 Y38.370
G1 X-10.007 Y38.417
G1 X-9.960 Y38.654
G1 X-10.339 Y39.745
G1 X-10.529 Y39.745
M5
G0 X-10.292 Y39.793 F2500
M3 S320
G1 F1000
G1 X-10.529 Y39.793
G1 X-10.719 Y39.698
G1 X-10.909 Y39.508
G1 X-11.193 Y39.461
G1 X-11.335 Y39.366
G1 X-13.375 Y38.702
G1 X-13.897 Y38.559
G1 X-14.323 Y38.559
G1 X-14.323 Y38.417
G1 X-14.181 Y37.895
G1 X-13.897 Y37.137
G1 X-13.659 Y37.231
G1 X-13.659 Y37.706
G1 X-13.612 Y37.895
G1 X-13.280 Y38.275
G1 X-12.806 Y38.465
G1 X-12.616 Y38.275
G1 X-12.284 Y37.089
G1 X-12.047 Y36.473
G1 X-11.999 Y36.141
G1 X-11.715 Y35.334
G1 X-11.667 Y35.002
G1 X-11.620 Y34.955
G1 X-11.667 Y34.765
G1 X-11.999 Y34.481
G1 X-12.047 Y34.149
G1 X-11.762 Y34.149
G1 X-10.766 Y34.528
G1 X-9.818 Y34.813
G1 X-9.770 Y34.955
G1 X-9.913 Y35.145
G1 X-10.245 Y35.097
G1 X-10.529 Y35.334
G1 X-10.766 Y35.903
G1 X-11.620 Y38.607
G1 X-11.620 Y38.797
G1 X-11.525 Y38.891
G1 X-11.241 Y38.986
G1 X-10.766 Y38.986
G1 X-10.292 Y38.559
G1 X-10.197 Y38.370
G1 X-10.102 Y38.322
G1 X-9.913 Y38.417
G1 X-9.913 Y38.654
G1 X-10.292 Y39.793
G1 X-10.529 Y39.793
M5
G0 X-10.292 Y39.840 F2500
M3 S320
G1 F1000
G1 X-10.529 Y39.840
G1 X-10.719 Y39.745
G1 X-10.909 Y39.555
G1 X-11.193 Y39.508
G1 X-11.335 Y39.413
G1 X-13.375 Y38.749
G1 X-13.897 Y38.607
G1 X-14.276 Y38.654
G1 X-14.371 Y38.559
G1 X-14.371 Y38.417
G1 X-14.229 Y37.895
G1 X-13.944 Y37.137
G1 X-13.707 Y37.137
G1 X-13.612 Y37.184
G1 X-13.612 Y37.706
G1 X-13.565 Y37.895
G1 X-13.280 Y38.227
G1 X-12.806 Y38.417
G1 X-12.663 Y38.275
G1 X-12.331 Y37.089
G1 X-12.094 Y36.473
G1 X-12.047 Y36.141
G1 X-11.762 Y35.334
G1 X-11.715 Y35.002
G1 X-11.667 Y34.955
G1 X-11.715 Y34.765
G1 X-12.094 Y34.433
G1 X-12.047 Y34.101
G1 X-11.762 Y34.101
G1 X-10.909 Y34.433
G1 X-9.913 Y34.718
G1 X-9.723 Y34.860
G1 X-9.770 Y35.097
G1 X-9.913 Y35.192
G1 X-10.245 Y35.145
G1 X-10.339 Y35.192
G1 X-10.482 Y35.334
G1 X-10.577 Y35.524
G1 X-11.573 Y38.607
G1 X-11.525 Y38.844
G1 X-11.241 Y38.939
G1 X-10.766 Y38.939
G1 X-10.339 Y38.559
G1 X-10.245 Y38.370
G1 X-10.102 Y38.275
G1 X-9.913 Y38.370
G1 X-9.865 Y38.654
G1 X-10.150 Y39.555
G1 X-10.292 Y39.840
G1 X-10.529 Y39.840
M5
G0 X-6.118 Y39.650 F2500
M3 S320
G1 F1000
G1 X-6.308 Y39.318
G1 X-6.498 Y38.654
G1 X-6.498 Y37.848
G1 X-6.450 Y37.563
G1 X-6.308 Y37.137
G1 X-6.071 Y36.710
G1 X-5.644 Y36.473
G1 X-5.454 Y36.425
G1 X-5.976 Y36.947
G1 X-6.213 Y37.421
G1 X-6.308 Y37.753
G1 X-6.403 Y38.749
G1 X-6.355 Y39.081
G1 X-6.213 Y39.508
G1 X-6.118 Y39.650
G1 X-6.308 Y39.318
M5
G0 X-5.976 Y39.840 F2500
M3 S320
G1 F1000
G1 X-6.118 Y39.745
G1 X-6.213 Y39.603
G1 X-6.498 Y38.891
G1 X-6.545 Y38.654
G1 X-6.545 Y37.848
G1 X-6.498 Y37.563
G1 X-6.355 Y37.137
G1 X-6.118 Y36.710
G1 X-5.644 Y36.425
G1 X-5.312 Y36.330
G1 X-5.929 Y36.947
G1 X-6.166 Y37.421
G1 X-6.308 Y37.990
G1 X-6.355 Y38.465
G1 X-6.308 Y39.081
G1 X-6.166 Y39.508
G1 X-5.976 Y39.840
G1 X-6.118 Y39.745
M5
G0 X-5.739 Y40.030 F2500
M3 S320
G1 F1000
G1 X-6.166 Y39.745
G1 X-6.403 Y39.318
G1 X-6.593 Y38.654
G1 X-6.593 Y37.848
G1 X-6.498 Y37.374
G1 X-6.166 Y36.710
G1 X-5.929 Y36.520
G1 X-5.644 Y36.378
G1 X-5.170 Y36.235
G1 X-5.881 Y36.947
G1 X-6.118 Y37.421
G1 X-6.261 Y37.990
G1 X-6.308 Y38.465
G1 X-6.261 Y39.081
G1 X-6.023 Y39.698
G1 X-5.739 Y40.030
G1 X-6.166 Y39.745
M5
G0 X-5.549 Y40.172 F2500
M3 S320
G1 F1000
G1 X-6.118 Y39.840
G1 X-6.308 Y39.603
G1 X-6.450 Y39.318
G1 X-6.640 Y38.654
G1 X-6.640 Y37.848
G1 X-6.545 Y37.374
G1 X-6.213 Y36.710
G1 X-6.071 Y36.567
G1 X-5.644 Y36.330
G1 X-5.027 Y36.141
G1 X-5.834 Y36.947
G1 X-6.071 Y37.421
G1 X-6.213 Y37.990
G1 X-6.261 Y38.465
G1 X-6.213 Y39.081
G1 X-5.976 Y39.698
G1 X-5.549 Y40.172
G1 X-6.118 Y39.840
M5
G0 X-5.407 Y40.267 F2500
M3 S320
G1 F1000
G1 X-5.834 Y40.077
G1 X-6.118 Y39.887
G1 X-6.355 Y39.603
G1 X-6.498 Y39.318
G1 X-6.687 Y38.654
G1 X-6.687 Y37.848
G1 X-6.593 Y37.374
G1 X-6.498 Y37.137
G1 X-6.261 Y36.710
G1 X-6.071 Y36.520
G1 X-5.644 Y36.283
G1 X-5.217 Y36.141
G1 X-4.885 Y36.093
G1 X-5.786 Y36.947
G1 X-6.023 Y37.421
G1 X-6.166 Y37.990
G1 X-6.213 Y38.465
G1 X-6.166 Y39.081
G1 X-5.929 Y39.698
G1 X-5.407 Y40.267
G1 X-5.834 Y40.077
M5
G0 X-5.265 Y40.362 F2500
M3 S320
G1 F1000
G1 X-5.454 Y40.314
G1 X-5.834 Y40.125
G1 X-6.118 Y39.935
G1 X-6.403 Y39.603
G1 X-6.545 Y39.318
G1 X-6.735 Y38.654
G1 X-6.735 Y37.848
G1 X-6.640 Y37.374
G1 X-6.545 Y37.137
G1 X-6.308 Y36.710
G1 X-6.071 Y36.473
G1 X-5.644 Y36.235
G1 X-5.217 Y36.093
G1 X-4.553 Y35.998
G1 X-4.648 Y35.998
G1 X-4.980 Y36.188
G1 X-5.739 Y36.947
G1 X-5.976 Y37.421
G1 X-6.118 Y37.990
G1 X-6.166 Y38.749
G1 X-6.118 Y39.081
G1 X-5.976 Y39.508
G1 X-5.786 Y39.840
G1 X-5.265 Y40.362
G1 X-5.454 Y40.314
M5
G0 X-5.027 Y40.504 F2500
M3 S320
G1 F1000
G1 X-5.454 Y40.362
G1 X-5.834 Y40.172
G1 X-6.118 Y39.982
G1 X-6.450 Y39.603
G1 X-6.593 Y39.318
G1 X-6.782 Y38.654
G1 X-6.782 Y37.848
G1 X-6.735 Y37.563
G1 X-6.450 Y36.852
G1 X-6.355 Y36.710
G1 X-5.929 Y36.330
G1 X-5.644 Y36.188
G1 X-5.027 Y35.998
G1 X-4.695 Y35.998
G1 X-4.648 Y35.951
G1 X-3.984 Y35.998
G1 X-4.506 Y35.998
G1 X-4.980 Y36.235
G1 X-5.691 Y36.947
G1 X-5.929 Y37.421
G1 X-6.023 Y37.753
G1 X-6.118 Y38.749
G1 X-6.071 Y39.081
G1 X-5.929 Y39.508
G1 X-5.739 Y39.840
G1 X-5.217 Y40.362
G1 X-5.075 Y40.457
G1 X-4.885 Y40.504
G1 X-5.027 Y40.504
G1 X-5.454 Y40.362
M5
G0 X-4.363 Y40.599 F2500
M3 S320
G1 F1000
G1 X-4.079 Y40.599
G1 X-3.747 Y40.457
G1 X-3.605 Y40.362
G1 X-3.035 Y39.793
G1 X-2.988 Y39.698
G1 X-3.083 Y39.887
G1 X-3.130 Y40.267
G1 X-3.225 Y40.551
G1 X-3.605 Y40.599
G1 X-4.363 Y40.599
G1 X-4.079 Y40.599
M5
G0 X-3.889 Y40.551 F2500
M3 S320
G1 F1000
G1 X-3.605 Y40.409
G1 X-3.130 Y39.935
G1 X-3.225 Y40.314
G1 X-3.225 Y40.504
G1 X-3.889 Y40.551
G1 X-3.605 Y40.409
M5
G0 X-3.510 Y40.409 F2500
M3 S320
G1 F1000
G1 X-3.273 Y40.172
G1 X-3.320 Y40.409
G1 X-3.510 Y40.409
G1 X-3.273 Y40.172
M5
G0 X-3.225 Y40.599 F2500
M3 S320
G1 F1000
G1 X-3.605 Y40.646
G1 X-4.553 Y40.646
G1 X-5.027 Y40.551
G1 X-5.454 Y40.409
G1 X-5.834 Y40.219
G1 X-6.118 Y40.030
G1 X-6.498 Y39.603
G1 X-6.640 Y39.318
G1 X-6.830 Y38.654
G1 X-6.830 Y37.848
G1 X-6.782 Y37.563
G1 X-6.498 Y36.852
G1 X-6.403 Y36.710
G1 X-5.929 Y36.283
G1 X-5.644 Y36.141
G1 X-5.027 Y35.951
G1 X-4.363 Y35.903
G1 X-4.316 Y35.951
G1 X-3.984 Y35.951
G1 X-3.510 Y36.046
G1 X-2.798 Y36.283
G1 X-2.703 Y36.378
G1 X-2.609 Y37.326
G1 X-2.656 Y37.137
G1 X-2.893 Y36.757
G1 X-3.320 Y36.330
G1 X-3.605 Y36.141
G1 X-3.889 Y36.046
G1 X-4.506 Y36.046
G1 X-4.648 Y36.093
G1 X-4.980 Y36.283
G1 X-5.644 Y36.947
G1 X-5.881 Y37.421
G1 X-6.023 Y37.990
G1 X-6.071 Y38.749
G1 X-6.023 Y39.081
G1 X-5.881 Y39.508
G1 X-5.691 Y39.840
G1 X-5.217 Y40.314
G1 X-4.980 Y40.457
G1 X-4.695 Y40.551
G1 X-4.411 Y40.599
G1 X-4.079 Y40.551
G1 X-3.605 Y40.314
G1 X-2.941 Y39.603
G1 X-3.083 Y40.077
G1 X-3.130 Y40.504
G1 X-3.225 Y40.599
G1 X-3.605 Y40.646
M5
G0 X-3.699 Y40.504 F2500
M3 S320
G1 F1000
G1 X-3.178 Y40.030
G1 X-3.225 Y40.267
G1 X-3.273 Y40.314
G1 X-3.273 Y40.457
G1 X-3.557 Y40.457
G1 X-3.605 Y40.504
G1 X-3.699 Y40.504
G1 X-3.178 Y40.030
M5
G0 X-3.225 Y40.646 F2500
M3 S320
G1 F1000
G1 X-3.605 Y40.694
G1 X-4.553 Y40.694
G1 X-5.027 Y40.599
G1 X-5.454 Y40.457
G1 X-5.834 Y40.267
G1 X-6.118 Y40.077
G1 X-6.545 Y39.603
G1 X-6.687 Y39.318
G1 X-6.877 Y38.654
G1 X-6.877 Y37.848
G1 X-6.830 Y37.563
G1 X-6.687 Y37.137
G1 X-6.450 Y36.710
G1 X-5.929 Y36.235
G1 X-5.644 Y36.093
G1 X-5.027 Y35.903
G1 X-4.363 Y35.856
G1 X-4.316 Y35.903
G1 X-3.984 Y35.903
G1 X-3.510 Y35.998
G1 X-2.703 Y36.283
G1 X-2.609 Y36.662
G1 X-2.609 Y37.137
G1 X-2.561 Y37.184
G1 X-2.609 Y37.421
G1 X-2.703 Y37.231
G1 X-2.703 Y37.137
G1 X-2.941 Y36.757
G1 X-3.320 Y36.378
G1 X-3.605 Y36.188
G1 X-3.889 Y36.093
G1 X-4.506 Y36.093
G1 X-4.980 Y36.330
G1 X-5.597 Y36.947
G1 X-5.834 Y37.421
G1 X-5.976 Y37.990
G1 X-6.023 Y38.465
G1 X-5.976 Y39.081
G1 X-5.739 Y39.698
G1 X-5.217 Y40.267
G1 X-4.980 Y40.409
G1 X-4.695 Y40.504
G1 X-4.411 Y40.551
G1 X-4.079 Y40.504
G1 X-3.605 Y40.267
G1 X-3.130 Y39.793
G1 X-3.035 Y39.603
G1 X-2.893 Y39.555
G1 X-2.893 Y39.698
G1 X-3.035 Y40.077
G1 X-3.083 Y40.504
G1 X-3.130 Y40.599
G1 X-3.225 Y40.646
G1 X-3.605 Y40.694
M5
G0 X-3.605 Y40.836 F2500
M3 S320
G1 F1000
G1 X-4.553 Y40.836
G1 X-5.027 Y40.741
G1 X-5.454 Y40.599
G1 X-6.118 Y40.219
G1 X-6.687 Y39.603
G1 X-6.830 Y39.318
G1 X-7.019 Y38.654
G1 X-7.019 Y37.848
G1 X-6.972 Y37.563
G1 X-6.830 Y37.137
G1 X-6.593 Y36.710
G1 X-6.308 Y36.378
G1 X-5.929 Y36.093
G1 X-5.644 Y35.951
G1 X-5.027 Y35.761
G1 X-4.363 Y35.714
G1 X-4.316 Y35.761
G1 X-3.984 Y35.761
G1 X-3.510 Y35.856
G1 X-2.609 Y36.188
G1 X-2.514 Y36.378
G1 X-2.466 Y36.662
G1 X-2.419 Y37.563
G1 X-2.703 Y37.563
G1 X-2.846 Y37.137
G1 X-3.083 Y36.757
G1 X-3.320 Y36.520
G1 X-3.605 Y36.330
G1 X-3.889 Y36.235
G1 X-4.506 Y36.235
G1 X-4.980 Y36.473
G1 X-5.454 Y36.947
G1 X-5.691 Y37.421
G1 X-5.834 Y37.990
G1 X-5.881 Y38.749
G1 X-5.834 Y39.081
G1 X-5.691 Y39.508
G1 X-5.502 Y39.840
G1 X-5.217 Y40.125
G1 X-4.980 Y40.267
G1 X-4.411 Y40.409
G1 X-3.937 Y40.314
G1 X-3.605 Y40.125
G1 X-3.273 Y39.793
G1 X-3.083 Y39.413
G1 X-2.703 Y39.461
G1 X-2.893 Y40.077
G1 X-2.941 Y40.504
G1 X-3.035 Y40.741
G1 X-3.605 Y40.836
G1 X-4.553 Y40.836
M5
G0 X-3.605 Y40.883 F2500
M3 S320
G1 F1000
G1 X-4.553 Y40.883
G1 X-5.027 Y40.789
G1 X-5.454 Y40.646
G1 X-6.118 Y40.267
G1 X-6.735 Y39.603
G1 X-6.877 Y39.318
G1 X-7.067 Y38.654
G1 X-7.067 Y37.848
G1 X-7.019 Y37.563
G1 X-6.877 Y37.137
G1 X-6.640 Y36.710
G1 X-6.308 Y36.330
G1 X-5.929 Y36.046
G1 X-5.644 Y35.903
G1 X-5.027 Y35.714
G1 X-4.363 Y35.666
G1 X-4.316 Y35.714
G1 X-3.984 Y35.714
G1 X-3.510 Y35.809
G1 X-2.798 Y36.046
G1 X-2.514 Y36.235
G1 X-2.419 Y36.662
G1 X-2.371 Y37.611
G1 X-2.751 Y37.563
G1 X-2.893 Y37.137
G1 X-3.130 Y36.757
G1 X-3.320 Y36.567
G1 X-3.605 Y36.378
G1 X-3.889 Y36.283
G1 X-4.506 Y36.283
G1 X-4.980 Y36.520
G1 X-5.407 Y36.947
G1 X-5.644 Y37.421
G1 X-5.786 Y37.990
G1 X-5.834 Y38.749
G1 X-5.786 Y39.081
G1 X-5.644 Y39.508
G1 X-5.454 Y39.840
G1 X-5.217 Y40.077
G1 X-4.980 Y40.219
G1 X-4.411 Y40.362
G1 X-4.079 Y40.314
G1 X-3.605 Y40.077
G1 X-3.320 Y39.793
G1 X-3.130 Y39.413
G1 X-2.751 Y39.366
G1 X-2.656 Y39.461
G1 X-2.846 Y40.077
G1 X-2.941 Y40.694
G1 X-3.035 Y40.789
G1 X-3.605 Y40.883
G1 X-4.553 Y40.883
M5
G0 X-3.225 Y40.741 F2500
M3 S320
G1 F1000
G1 X-3.605 Y40.789
G1 X-4.553 Y40.789
G1 X-5.027 Y40.694
G1 X-5.454 Y40.551
G1 X-6.118 Y40.172
G1 X-6.640 Y39.603
G1 X-6.782 Y39.318
G1 X-6.972 Y38.654
G1 X-6.972 Y37.848
G1 X-6.925 Y37.563
G1 X-6.782 Y37.137
G1 X-6.545 Y36.710
G1 X-6.308 Y36.425
G1 X-5.929 Y36.141
G1 X-5.644 Y35.998
G1 X-5.027 Y35.809
G1 X-4.363 Y35.761
G1 X-4.316 Y35.809
G1 X-3.984 Y35.809
G1 X-3.510 Y35.903
G1 X-2.609 Y36.235
G1 X-2.514 Y36.662
G1 X-2.466 Y37.516
G1 X-2.703 Y37.469
G1 X-2.798 Y37.137
G1 X-3.035 Y36.757
G1 X-3.320 Y36.473
G1 X-3.605 Y36.283
G1 X-3.889 Y36.188
G1 X-4.506 Y36.188
G1 X-4.980 Y36.425
G1 X-5.502 Y36.947
G1 X-5.739 Y37.421
G1 X-5.881 Y37.990
G1 X-5.929 Y38.749
G1 X-5.881 Y39.081
G1 X-5.739 Y39.508
G1 X-5.549 Y39.840
G1 X-5.217 Y40.172
G1 X-4.980 Y40.314
G1 X-4.411 Y40.457
G1 X-3.937 Y40.362
G1 X-3.605 Y40.172
G1 X-3.225 Y39.793
G1 X-3.083 Y39.508
G1 X-2.751 Y39.461
G1 X-2.941 Y40.077
G1 X-3.035 Y40.694
G1 X-3.178 Y40.694
G1 X-3.225 Y40.741
G1 X-3.605 Y40.789
M5
G0 X-3.225 Y40.694 F2500
M3 S320
G1 F1000
G1 X-3.605 Y40.741
G1 X-4.553 Y40.741
G1 X-5.027 Y40.646
G1 X-5.454 Y40.504
G1 X-5.834 Y40.314
G1 X-6.118 Y40.125
G1 X-6.593 Y39.603
G1 X-6.735 Y39.318
G1 X-6.925 Y38.654
G1 X-6.925 Y37.848
G1 X-6.877 Y37.563
G1 X-6.735 Y37.137
G1 X-6.498 Y36.710
G1 X-6.308 Y36.473
G1 X-5.929 Y36.188
G1 X-5.644 Y36.046
G1 X-5.027 Y35.856
G1 X-4.363 Y35.809
G1 X-4.316 Y35.856
G1 X-3.984 Y35.856
G1 X-3.510 Y35.951
G1 X-2.798 Y36.188
G1 X-2.656 Y36.283
G1 X-2.561 Y36.662
G1 X-2.514 Y37.469
G1 X-2.656 Y37.469
G1 X-2.798 Y37.042
G1 X-2.988 Y36.757
G1 X-3.320 Y36.425
G1 X-3.605 Y36.235
G1 X-3.889 Y36.141
G1 X-4.506 Y36.141
G1 X-4.980 Y36.378
G1 X-5.549 Y36.947
G1 X-5.786 Y37.421
G1 X-5.929 Y37.990
G1 X-5.976 Y38.749
G1 X-5.929 Y39.081
G1 X-5.786 Y39.508
G1 X-5.597 Y39.840
G1 X-5.217 Y40.219
G1 X-4.980 Y40.362
G1 X-4.411 Y40.504
G1 X-3.937 Y40.409
G1 X-3.605 Y40.219
G1 X-3.178 Y39.793
G1 X-3.035 Y39.508
G1 X-2.846 Y39.508
G1 X-2.846 Y39.698
G1 X-2.988 Y40.077
G1 X-3.035 Y40.504
G1 X-3.083 Y40.551
G1 X-3.083 Y40.646
G1 X-3.178 Y40.646
G1 X-3.225 Y40.694
G1 X-3.605 Y40.741
M5
G0 X-0.664 Y40.172 F2500
M3 S320
G1 F1000
G1 X-0.901 Y39.887
G1 X-1.138 Y39.318
G1 X-1.233 Y38.891
G1 X-1.233 Y38.227
G1 X-1.138 Y37.706
G1 X-0.854 Y36.994
G1 X-0.474 Y36.757
G1 X-0.759 Y37.042
G1 X-0.949 Y37.421
G1 X-1.091 Y38.038
G1 X-1.091 Y39.129
G1 X-0.949 Y39.745
G1 X-0.806 Y40.030
G1 X-0.664 Y40.172
G1 X-0.901 Y39.887
M5
G0 X-0.569 Y40.267 F2500
M3 S320
G1 F1000
G1 X-0.854 Y40.030
G1 X-1.091 Y39.603
G1 X-1.281 Y38.891
G1 X-1.281 Y38.227
G1 X-1.186 Y37.706
G1 X-0.901 Y36.994
G1 X-0.569 Y36.757
G1 X-0.332 Y36.662
G1 X-0.711 Y37.042
G1 X-0.901 Y37.421
G1 X-1.043 Y38.038
G1 X-1.043 Y39.129
G1 X-0.901 Y39.745
G1 X-0.759 Y40.030
G1 X-0.569 Y40.267
G1 X-0.854 Y40.030
M5
G0 X-0.379 Y40.409 F2500
M3 S320
G1 F1000
G1 X-0.806 Y40.172
G1 X-1.138 Y39.603
G1 X-1.328 Y38.891
G1 X-1.328 Y38.227
G1 X-1.233 Y37.706
G1 X-0.949 Y36.994
G1 X-0.569 Y36.710
G1 X-0.190 Y36.567
G1 X-0.664 Y37.042
G1 X-0.854 Y37.421
G1 X-0.996 Y38.038
G1 X-0.996 Y39.129
G1 X-0.901 Y39.603
G1 X-0.711 Y40.030
G1 X-0.379 Y40.409
G1 X-0.806 Y40.172
M5
G0 X-0.237 Y40.504 F2500
M3 S320
G1 F1000
G1 X-0.806 Y40.219
G1 X-1.043 Y39.887
G1 X-1.186 Y39.603
G1 X-1.375 Y38.891
G1 X-1.375 Y38.227
G1 X-1.281 Y37.706
G1 X-1.138 Y37.279
G1 X-0.949 Y36.899
G1 X-0.474 Y36.615
G1 X-0.047 Y36.473
G1 X-0.617 Y37.042
G1 X-0.806 Y37.421
G1 X-0.949 Y38.038
G1 X-0.949 Y39.129
G1 X-0.854 Y39.603
G1 X-0.664 Y40.030
G1 X-0.237 Y40.504
G1 X-0.806 Y40.219
M5
G0 X-0.095 Y40.599 F2500
M3 S320
G1 F1000
G1 X-0.379 Y40.504
G1 X-0.806 Y40.267
G1 X-1.091 Y39.887
G1 X-1.233 Y39.603
G1 X-1.423 Y38.891
G1 X-1.423 Y38.227
G1 X-1.328 Y37.706
G1 X-1.186 Y37.279
G1 X-0.996 Y36.899
G1 X-0.474 Y36.567
G1 X0.095 Y36.378
G1 X-0.569 Y37.042
G1 X-0.759 Y37.421
G1 X-0.901 Y38.038
G1 X-0.901 Y39.129
G1 X-0.806 Y39.603
G1 X-0.617 Y40.030
G1 X-0.095 Y40.599
G1 X-0.379 Y40.504
M5
G0 X0.000 Y40.694 F2500
M3 S320
G1 F1000
G1 X-0.142 Y40.599
G1 X-0.379 Y40.551
G1 X-0.806 Y40.314
G1 X-1.138 Y39.887
G1 X-1.281 Y39.603
G1 X-1.470 Y38.891
G1 X-1.470 Y38.227
G1 X-1.375 Y37.706
G1 X-1.233 Y37.279
G1 X-1.043 Y36.899
G1 X-0.474 Y36.520
G1 X-0.095 Y36.378
G1 X0.190 Y36.330
G1 X-0.522 Y37.042
G1 X-0.711 Y37.421
G1 X-0.854 Y38.038
G1 X-0.854 Y39.129
G1 X-0.759 Y39.603
G1 X-0.569 Y40.030
G1 X-0.427 Y40.219
G1 X0.095 Y40.694
G1 X0.000 Y40.694
G1 X-0.142 Y40.599
M5
G0 X0.190 Y40.789 F2500
M3 S320
G1 F1000
G1 X0.142 Y40.741
G1 X0.000 Y40.741
G1 X-0.664 Y40.457
G1 X-0.996 Y40.172
G1 X-1.186 Y39.887
G1 X-1.423 Y39.318
G1 X-1.518 Y38.891
G1 X-1.518 Y38.227
G1 X-1.423 Y37.706
G1 X-1.281 Y37.279
G1 X-1.091 Y36.899
G1 X-0.949 Y36.757
G1 X-0.569 Y36.520
G1 X-0.237 Y36.378
G1 X0.332 Y36.235
G1 X0.569 Y36.235
G1 X0.427 Y36.235
G1 X0.237 Y36.330
G1 X-0.474 Y37.042
G1 X-0.664 Y37.421
G1 X-0.806 Y38.038
G1 X-0.806 Y39.129
G1 X-0.664 Y39.745
G1 X-0.379 Y40.219
G1 X0.047 Y40.646
G1 X0.332 Y40.789
G1 X0.190 Y40.789
G1 X0.142 Y40.741
M5
G0 X0.190 Y40.836 F2500
M3 S320
G1 F1000
G1 X-0.379 Y40.646
G1 X-0.664 Y40.504
G1 X-1.043 Y40.172
G1 X-1.233 Y39.887
G1 X-1.375 Y39.603
G1 X-1.565 Y38.891
G1 X-1.565 Y38.227
G1 X-1.470 Y37.706
G1 X-1.328 Y37.279
G1 X-1.138 Y36.899
G1 X-0.949 Y36.710
G1 X-0.569 Y36.473
G1 X-0.095 Y36.283
G1 X0.332 Y36.188
G1 X1.233 Y36.188
G1 X1.755 Y36.330
G1 X2.371 Y36.662
G1 X2.514 Y36.805
G1 X2.846 Y37.374
G1 X3.035 Y38.085
G1 X3.035 Y38.797
G1 X2.893 Y39.508
G1 X2.561 Y40.172
G1 X2.277 Y40.457
G1 X1.802 Y40.694
G1 X1.328 Y40.836
G1 X0.806 Y40.883
G1 X0.190 Y40.836
G1 X-0.379 Y40.646
M5
G0 X0.190 Y40.883 F2500
M3 S320
G1 F1000
G1 X-0.379 Y40.694
G1 X-0.806 Y40.457
G1 X-1.091 Y40.172
G1 X-1.281 Y39.887
G1 X-1.423 Y39.603
G1 X-1.613 Y38.891
G1 X-1.613 Y38.227
G1 X-1.518 Y37.706
G1 X-1.375 Y37.279
G1 X-1.186 Y36.899
G1 X-0.949 Y36.662
G1 X-0.569 Y36.425
G1 X-0.095 Y36.235
G1 X0.332 Y36.141
G1 X1.233 Y36.141
G1 X1.755 Y36.283
G1 X2.371 Y36.615
G1 X2.561 Y36.805
G1 X2.893 Y37.374
G1 X3.083 Y38.085
G1 X3.083 Y38.797
G1 X2.941 Y39.508
G1 X2.703 Y40.030
G1 X2.277 Y40.504
G1 X1.802 Y40.741
G1 X1.328 Y40.883
G1 X0.806 Y40.931
G1 X0.190 Y40.883
G1 X-0.379 Y40.694
M5
G0 X0.190 Y40.931 F2500
M3 S320
G1 F1000
G1 X-0.379 Y40.741
G1 X-0.806 Y40.504
G1 X-1.138 Y40.172
G1 X-1.328 Y39.887
G1 X-1.470 Y39.603
G1 X-1.660 Y38.891
G1 X-1.660 Y38.227
G1 X-1.565 Y37.706
G1 X-1.423 Y37.279
G1 X-1.233 Y36.899
G1 X-0.949 Y36.615
G1 X-0.569 Y36.378
G1 X-0.095 Y36.188
G1 X0.332 Y36.093
G1 X1.233 Y36.093
G1 X1.755 Y36.235
G1 X2.371 Y36.567
G1 X2.609 Y36.805
G1 X2.941 Y37.374
G1 X3.130 Y38.085
G1 X3.130 Y38.797
G1 X2.988 Y39.508
G1 X2.656 Y40.172
G1 X2.277 Y40.551
G1 X1.802 Y40.789
G1 X1.328 Y40.931
G1 X0.806 Y40.978
G1 X0.190 Y40.931
G1 X-0.379 Y40.741
M5
G0 X0.190 Y40.978 F2500
M3 S320
G1 F1000
G1 X-0.379 Y40.789
G1 X-0.806 Y40.551
G1 X-1.186 Y40.172
G1 X-1.375 Y39.887
G1 X-1.518 Y39.603
G1 X-1.707 Y38.891
G1 X-1.707 Y38.227
G1 X-1.613 Y37.706
G1 X-1.470 Y37.279
G1 X-1.281 Y36.899
G1 X-0.949 Y36.567
G1 X-0.569 Y36.330
G1 X-0.095 Y36.141
G1 X0.332 Y36.046
G1 X1.233 Y36.046
G1 X1.755 Y36.188
G1 X2.371 Y36.520
G1 X2.656 Y36.805
G1 X2.988 Y37.374
G1 X3.178 Y38.085
G1 X3.178 Y38.797
G1 X3.035 Y39.508
G1 X2.703 Y40.172
G1 X2.277 Y40.599
G1 X1.802 Y40.836
G1 X1.328 Y40.978
G1 X0.806 Y41.026
G1 X0.190 Y40.978
G1 X-0.379 Y40.789
M5
G0 X0.190 Y41.026 F2500
M3 S320
G1 F1000
G1 X-0.379 Y40.836
G1 X-0.806 Y40.599
G1 X-1.233 Y40.172
G1 X-1.423 Y39.887
G1 X-1.565 Y39.603
G1 X-1.755 Y38.891
G1 X-1.755 Y38.227
G1 X-1.660 Y37.706
G1 X-1.518 Y37.279
G1 X-1.328 Y36.899
G1 X-0.949 Y36.520
G1 X-0.569 Y36.283
G1 X-0.095 Y36.093
G1 X0.332 Y35.998
G1 X1.233 Y35.998
G1 X1.755 Y36.141
G1 X2.371 Y36.473
G1 X2.703 Y36.805
G1 X3.035 Y37.374
G1 X3.225 Y38.085
G1 X3.225 Y38.797
G1 X3.083 Y39.508
G1 X2.751 Y40.172
G1 X2.561 Y40.409
G1 X2.277 Y40.646
G1 X1.802 Y40.883
G1 X1.328 Y41.026
G1 X0.806 Y41.073
G1 X0.190 Y41.026
G1 X-0.379 Y40.836
M5
G0 X0.190 Y41.073 F2500
M3 S320
G1 F1000
G1 X-0.379 Y40.883
G1 X-0.806 Y40.646
G1 X-1.281 Y40.172
G1 X-1.470 Y39.887
G1 X-1.613 Y39.603
G1 X-1.802 Y38.891
G1 X-1.802 Y38.227
G1 X-1.707 Y37.706
G1 X-1.565 Y37.279
G1 X-1.375 Y36.899
G1 X-0.949 Y36.473
G1 X-0.569 Y36.235
G1 X-0.095 Y36.046
G1 X0.332 Y35.951
G1 X1.233 Y35.951
G1 X1.755 Y36.093
G1 X2.371 Y36.425
G1 X2.751 Y36.805
G1 X3.083 Y37.374
G1 X3.273 Y38.085
G1 X3.273 Y38.797
G1 X3.130 Y39.508
G1 X2.798 Y40.172
G1 X2.609 Y40.409
G1 X2.277 Y40.694
G1 X1.802 Y40.931
G1 X1.328 Y41.073
G1 X0.806 Y41.121
G1 X0.190 Y41.073
G1 X-0.379 Y40.883
M5
G0 X0.522 Y40.836 F2500
M3 S320
G1 F1000
G1 X0.901 Y40.836
G1 X1.281 Y40.694
G1 X1.850 Y40.125
G1 X2.087 Y39.603
G1 X2.182 Y39.176
G1 X2.229 Y38.607
G1 X2.134 Y37.611
G1 X2.039 Y37.231
G1 X1.897 Y36.947
G1 X1.375 Y36.425
G1 X0.901 Y36.235
G1 X0.617 Y36.235
G1 X0.237 Y36.378
G1 X-0.427 Y37.042
G1 X-0.617 Y37.421
G1 X-0.759 Y38.038
G1 X-0.759 Y39.129
G1 X-0.617 Y39.745
G1 X-0.332 Y40.219
G1 X0.047 Y40.599
G1 X0.522 Y40.836
G1 X0.901 Y40.836
M5
G0 X0.522 Y40.789 F2500
M3 S320
G1 F1000
G1 X0.901 Y40.789
G1 X1.281 Y40.646
G1 X1.802 Y40.125
G1 X1.992 Y39.745
G1 X2.134 Y39.176
G1 X2.182 Y38.370
G1 X2.134 Y37.895
G1 X1.992 Y37.231
G1 X1.850 Y36.947
G1 X1.375 Y36.473
G1 X0.901 Y36.283
G1 X0.617 Y36.283
G1 X0.237 Y36.425
G1 X-0.379 Y37.042
G1 X-0.569 Y37.421
G1 X-0.711 Y38.038
G1 X-0.711 Y39.129
G1 X-0.569 Y39.745
G1 X-0.285 Y40.219
G1 X0.047 Y40.551
G1 X0.522 Y40.789
G1 X0.901 Y40.789
M5
G0 X0.522 Y40.741 F2500
M3 S320
G1 F1000
G1 X0.901 Y40.741
G1 X1.281 Y40.599
G1 X1.755 Y40.125
G1 X1.945 Y39.745
G1 X2.087 Y39.176
G1 X2.134 Y38.370
G1 X2.087 Y37.895
G1 X1.945 Y37.231
G1 X1.802 Y36.947
G1 X1.375 Y36.520
G1 X0.901 Y36.330
G1 X0.617 Y36.330
G1 X0.237 Y36.473
G1 X-0.332 Y37.042
G1 X-0.522 Y37.421
G1 X-0.664 Y38.038
G1 X-0.664 Y39.129
G1 X-0.522 Y39.745
G1 X-0.379 Y40.030
G1 X0.047 Y40.504
G1 X0.522 Y40.741
G1 X0.901 Y40.741
M5
G0 X0.522 Y40.694 F2500
M3 S320
G1 F1000
G1 X0.901 Y40.694
G1 X1.281 Y40.551
G1 X1.707 Y40.125
G1 X1.897 Y39.745
G1 X2.039 Y39.176
G1 X2.087 Y38.370
G1 X2.039 Y37.895
G1 X1.897 Y37.231
G1 X1.755 Y36.947
G1 X1.375 Y36.567
G1 X0.901 Y36.378
G1 X0.617 Y36.378
G1 X0.237 Y36.520
G1 X-0.285 Y37.042
G1 X-0.474 Y37.421
G1 X-0.617 Y38.038
G1 X-0.617 Y39.129
G1 X-0.474 Y39.745
G1 X-0.332 Y40.030
G1 X0.047 Y40.457
G1 X0.522 Y40.694
G1 X0.901 Y40.694
M5
G0 X0.522 Y40.646 F2500
M3 S320
G1 F1000
G1 X0.901 Y40.646
G1 X1.281 Y40.504
G1 X1.660 Y40.125
G1 X1.850 Y39.745
G1 X1.992 Y39.176
G1 X2.039 Y38.370
G1 X1.992 Y37.895
G1 X1.850 Y37.231
G1 X1.707 Y36.947
G1 X1.375 Y36.615
G1 X0.901 Y36.425
G1 X0.617 Y36.425
G1 X0.237 Y36.567
G1 X-0.237 Y37.042
G1 X-0.427 Y37.421
G1 X-0.569 Y38.038
G1 X-0.569 Y39.129
G1 X-0.427 Y39.745
G1 X-0.285 Y40.030
G1 X0.047 Y40.409
G1 X0.522 Y40.646
G1 X0.901 Y40.646
M5
G0 X0.522 Y40.599 F2500
M3 S320
G1 F1000
G1 X0.901 Y40.599
G1 X1.281 Y40.457
G1 X1.613 Y40.125
G1 X1.802 Y39.745
G1 X1.945 Y39.176
G1 X1.992 Y38.370
G1 X1.945 Y37.895
G1 X1.802 Y37.231
G1 X1.660 Y36.947
G1 X1.375 Y36.662
G1 X0.901 Y36.473
G1 X0.617 Y36.473
G1 X0.237 Y36.615
G1 X-0.190 Y37.042
G1 X-0.379 Y37.421
G1 X-0.522 Y38.038
G1 X-0.522 Y39.129
G1 X-0.379 Y39.745
G1 X-0.237 Y40.030
G1 X0.047 Y40.362
G1 X0.522 Y40.599
G1 X0.901 Y40.599
M5
G0 X1.328 Y40.741 F2500
M3 S320
G1 F1000
G1 X1.945 Y40.125
G1 X2.134 Y39.745
G1 X2.277 Y39.176
G1 X2.324 Y38.607
G1 X2.277 Y37.895
G1 X2.134 Y37.231
G1 X1.992 Y36.947
G1 X1.328 Y36.330
G1 X1.470 Y36.330
G1 X2.229 Y36.662
G1 X2.419 Y36.805
G1 X2.609 Y37.089
G1 X2.893 Y37.801
G1 X2.941 Y38.085
G1 X2.941 Y38.797
G1 X2.751 Y39.650
G1 X2.466 Y40.172
G1 X2.277 Y40.362
G1 X1.802 Y40.599
G1 X1.328 Y40.741
G1 X1.945 Y40.125
M5
G0 X2.087 Y40.219 F2500
M3 S320
G1 F1000
G1 X2.182 Y40.125
G1 X2.419 Y39.603
G1 X2.514 Y39.176
G1 X2.561 Y38.607
G1 X2.466 Y37.611
G1 X2.371 Y37.231
G1 X2.229 Y36.947
G1 X2.134 Y36.852
G1 X2.229 Y36.899
G1 X2.371 Y37.089
G1 X2.656 Y37.801
G1 X2.703 Y38.085
G1 X2.703 Y38.797
G1 X2.514 Y39.650
G1 X2.324 Y40.030
G1 X2.087 Y40.219
G1 X2.182 Y40.125
M5
G0 X1.897 Y40.362 F2500
M3 S320
G1 F1000
G1 X2.134 Y40.125
G1 X2.324 Y39.745
G1 X2.466 Y39.176
G1 X2.514 Y38.607
G1 X2.466 Y37.895
G1 X2.324 Y37.231
G1 X2.182 Y36.947
G1 X1.945 Y36.710
G1 X2.229 Y36.852
G1 X2.324 Y36.947
G1 X2.561 Y37.374
G1 X2.751 Y38.085
G1 X2.751 Y38.797
G1 X2.609 Y39.508
G1 X2.371 Y40.030
G1 X2.277 Y40.172
G1 X1.897 Y40.362
G1 X2.134 Y40.125
M5
G0 X1.755 Y40.457 F2500
M3 S320
G1 F1000
G1 X2.087 Y40.125
G1 X2.277 Y39.745
G1 X2.419 Y39.176
G1 X2.466 Y38.607
G1 X2.419 Y37.895
G1 X2.277 Y37.231
G1 X2.134 Y36.947
G1 X1.755 Y36.567
G1 X2.229 Y36.805
G1 X2.371 Y36.947
G1 X2.609 Y37.374
G1 X2.798 Y38.085
G1 X2.798 Y38.797
G1 X2.609 Y39.650
G1 X2.277 Y40.219
G1 X1.755 Y40.457
G1 X2.087 Y40.125
M5
G0 X1.613 Y40.551 F2500
M3 S320
G1 F1000
G1 X2.039 Y40.125
G1 X2.229 Y39.745
G1 X2.371 Y39.176
G1 X2.419 Y38.607
G1 X2.371 Y37.895
G1 X2.229 Y37.231
G1 X2.087 Y36.947
G1 X1.613 Y36.473
G1 X2.229 Y36.757
G1 X2.419 Y36.947
G1 X2.656 Y37.374
G1 X2.846 Y38.085
G1 X2.846 Y38.797
G1 X2.656 Y39.650
G1 X2.466 Y40.030
G1 X2.277 Y40.267
G1 X1.802 Y40.504
G1 X1.613 Y40.551
G1 X2.039 Y40.125
M5
G0 X1.470 Y40.646 F2500
M3 S320
G1 F1000
G1 X1.992 Y40.125
G1 X2.182 Y39.745
G1 X2.324 Y39.176
G1 X2.371 Y38.607
G1 X2.324 Y37.895
G1 X2.182 Y37.231
G1 X2.039 Y36.947
G1 X1.470 Y36.378
G1 X1.755 Y36.473
G1 X2.371 Y36.805
G1 X2.703 Y37.374
G1 X2.893 Y38.085
G1 X2.893 Y38.797
G1 X2.703 Y39.650
G1 X2.514 Y40.030
G1 X2.277 Y40.314
G1 X1.802 Y40.551
G1 X1.470 Y40.646
G1 X1.992 Y40.125
M5
G0 X1.328 Y40.789 F2500
M3 S320
G1 F1000
G1 X1.138 Y40.789
G1 X1.281 Y40.741
G1 X1.897 Y40.125
G1 X2.087 Y39.745
G1 X2.229 Y39.176
G1 X2.277 Y38.370
G1 X2.182 Y37.611
G1 X2.087 Y37.231
G1 X1.945 Y36.947
G1 X1.375 Y36.378
G1 X1.091 Y36.235
G1 X0.949 Y36.235
G1 X1.470 Y36.283
G1 X1.755 Y36.378
G1 X2.371 Y36.710
G1 X2.656 Y37.089
G1 X2.798 Y37.374
G1 X2.988 Y38.085
G1 X2.988 Y38.797
G1 X2.798 Y39.650
G1 X2.609 Y40.030
G1 X2.277 Y40.409
G1 X1.802 Y40.646
G1 X1.328 Y40.789
G1 X1.138 Y40.789
M5
G0 X4.363 Y40.789 F2500
M3 S320
G1 F1000
G1 X4.269 Y40.457
G1 X4.411 Y40.362
G1 X4.506 Y40.362
G1 X4.695 Y40.172
G1 X4.695 Y39.840
G1 X4.648 Y39.793
G1 X4.648 Y39.413
G1 X4.458 Y38.512
G1 X4.411 Y37.895
G1 X4.269 Y36.994
G1 X4.126 Y36.520
G1 X3.937 Y36.378
G1 X3.605 Y36.330
G1 X3.557 Y35.998
G1 X3.652 Y35.951
G1 X4.269 Y35.903
G1 X6.877 Y35.429
G1 X7.209 Y35.477
G1 X7.399 Y35.998
G1 X7.446 Y36.330
G1 X7.589 Y36.662
G1 X7.541 Y36.805
G1 X7.446 Y36.852
G1 X7.257 Y36.852
G1 X6.735 Y36.283
G1 X6.403 Y36.141
G1 X5.929 Y36.141
G1 X5.549 Y36.235
G1 X5.359 Y36.425
G1 X5.359 Y36.710
G1 X5.691 Y38.512
G1 X5.739 Y39.176
G1 X5.881 Y39.887
G1 X6.071 Y40.077
G1 X6.308 Y40.077
G1 X6.403 Y40.125
G1 X6.403 Y40.267
G1 X6.450 Y40.314
G1 X6.403 Y40.504
G1 X6.166 Y40.504
G1 X5.881 Y40.599
G1 X5.359 Y40.646
G1 X4.838 Y40.789
G1 X4.458 Y40.836
G1 X4.363 Y40.789
G1 X4.269 Y40.457
M5
G0 X4.506 Y40.599 F2500
M3 S320
G1 F1000
G1 X4.885 Y40.172
G1 X4.838 Y39.413
G1 X4.648 Y38.512
G1 X4.506 Y37.279
G1 X4.411 Y36.757
G1 X4.316 Y36.520
G1 X4.079 Y36.283
G1 X3.794 Y36.141
G1 X5.122 Y35.951
G1 X6.261 Y35.714
G1 X7.067 Y35.619
G1 X7.209 Y35.998
G1 X7.257 Y36.330
G1 X7.399 Y36.662
G1 X7.257 Y36.662
G1 X6.735 Y36.093
G1 X6.403 Y35.951
G1 X5.929 Y35.951
G1 X5.549 Y36.046
G1 X5.170 Y36.425
G1 X5.170 Y36.710
G1 X5.502 Y38.512
G1 X5.549 Y39.176
G1 X5.691 Y39.887
G1 X6.071 Y40.267
G1 X6.261 Y40.314
G1 X5.881 Y40.409
G1 X5.359 Y40.457
G1 X4.838 Y40.599
G1 X4.506 Y40.599
G1 X4.885 Y40.172
M5
G0 X4.980 Y40.314 F2500
M3 S320
G1 F1000
G1 X5.122 Y40.172
G1 X5.122 Y39.840
G1 X5.075 Y39.793
G1 X5.075 Y39.413
G1 X4.885 Y38.512
G1 X4.743 Y37.279
G1 X4.601 Y36.615
G1 X4.316 Y36.283
G1 X4.553 Y36.283
G1 X5.217 Y36.141
G1 X4.933 Y36.425
G1 X4.933 Y36.710
G1 X5.265 Y38.512
G1 X5.312 Y39.176
G1 X5.454 Y39.887
G1 X5.739 Y40.172
G1 X4.980 Y40.314
G1 X5.122 Y40.172
M5
G0 X5.217 Y40.172 F2500
M3 S320
G1 F1000
G1 X5.170 Y39.413
G1 X4.980 Y38.512
G1 X4.933 Y37.895
G1 X4.743 Y36.757
G1 X4.648 Y36.520
G1 X4.506 Y36.378
G1 X4.601 Y36.330
G1 X4.838 Y36.330
G1 X4.885 Y36.283
G1 X4.980 Y36.283
G1 X4.838 Y36.425
G1 X4.838 Y36.710
G1 X5.170 Y38.512
G1 X5.217 Y39.176
G1 X5.359 Y39.887
G1 X5.597 Y40.125
G1 X5.217 Y40.172
G1 X5.170 Y39.413
M5
G0 X5.265 Y40.125 F2500
M3 S320
G1 F1000
G1 X5.217 Y39.413
G1 X5.027 Y38.512
G1 X4.980 Y37.895
G1 X4.838 Y36.994
G1 X4.743 Y36.615
G1 X4.601 Y36.378
G1 X4.885 Y36.330
G1 X4.790 Y36.425
G1 X4.790 Y36.710
G1 X5.122 Y38.512
G1 X5.170 Y39.176
G1 X5.312 Y39.887
G1 X5.502 Y40.077
G1 X5.265 Y40.125
G1 X5.217 Y39.413
M5
G0 X5.075 Y40.267 F2500
M3 S320
G1 F1000
G1 X5.170 Y40.172
G1 X5.170 Y39.840
G1 X5.122 Y39.793
G1 X5.122 Y39.413
G1 X4.933 Y38.512
G1 X4.885 Y37.895
G1 X4.743 Y36.994
G1 X4.648 Y36.615
G1 X4.411 Y36.330
G1 X4.838 Y36.283
G1 X4.885 Y36.235
G1 X5.075 Y36.235
G1 X4.885 Y36.425
G1 X4.885 Y36.710
G1 X5.217 Y38.512
G1 X5.265 Y39.176
G1 X5.407 Y39.887
G1 X5.644 Y40.125
G1 X5.075 Y40.267
G1 X5.170 Y40.172
M5
G0 X4.838 Y40.409 F2500
M3 S320
G1 F1000
G1 X5.075 Y40.172
G1 X5.027 Y39.413
G1 X4.838 Y38.512
G1 X4.790 Y37.895
G1 X4.601 Y36.757
G1 X4.506 Y36.520
G1 X4.269 Y36.283
G1 X4.601 Y36.188
G1 X4.838 Y36.188
G1 X4.885 Y36.141
G1 X5.312 Y36.093
G1 X4.980 Y36.425
G1 X4.980 Y36.710
G1 X5.312 Y38.512
G1 X5.359 Y39.176
G1 X5.502 Y39.887
G1 X5.834 Y40.219
G1 X5.359 Y40.267
G1 X4.838 Y40.409
G1 X5.075 Y40.172
M5
G0 X4.743 Y40.457 F2500
M3 S320
G1 F1000
G1 X5.027 Y40.172
G1 X4.980 Y39.413
G1 X4.790 Y38.512
G1 X4.743 Y37.895
G1 X4.553 Y36.757
G1 X4.458 Y36.520
G1 X4.174 Y36.235
G1 X5.454 Y35.998
G1 X5.027 Y36.425
G1 X5.027 Y36.710
G1 X5.359 Y38.512
G1 X5.407 Y39.176
G1 X5.549 Y39.887
G1 X5.881 Y40.267
G1 X5.644 Y40.267
G1 X4.743 Y40.457
G1 X5.027 Y40.172
M5
G0 X4.648 Y40.504 F2500
M3 S320
G1 F1000
G1 X4.980 Y40.172
G1 X4.933 Y39.413
G1 X4.743 Y38.512
G1 X4.695 Y37.895
G1 X4.506 Y36.757
G1 X4.411 Y36.520
G1 X4.031 Y36.188
G1 X4.269 Y36.188
G1 X4.316 Y36.141
G1 X5.644 Y35.951
G1 X5.549 Y35.951
G1 X5.075 Y36.425
G1 X5.075 Y36.710
G1 X5.407 Y38.512
G1 X5.454 Y39.176
G1 X5.597 Y39.887
G1 X5.976 Y40.267
G1 X5.881 Y40.314
G1 X5.644 Y40.314
G1 X5.597 Y40.362
G1 X5.359 Y40.362
G1 X4.885 Y40.457
G1 X4.838 Y40.504
G1 X4.648 Y40.504
G1 X4.980 Y40.172
M5
G0 X4.553 Y40.551 F2500
M3 S320
G1 F1000
G1 X4.933 Y40.172
G1 X4.885 Y39.413
G1 X4.695 Y38.512
G1 X4.648 Y37.895
G1 X4.458 Y36.757
G1 X4.363 Y36.520
G1 X4.031 Y36.235
G1 X3.984 Y36.141
G1 X4.838 Y36.046
G1 X6.877 Y35.666
G1 X7.067 Y35.714
G1 X7.304 Y36.615
G1 X6.735 Y36.046
G1 X6.403 Y35.903
G1 X5.929 Y35.903
G1 X5.549 Y35.998
G1 X5.122 Y36.425
G1 X5.122 Y36.710
G1 X5.454 Y38.512
G1 X5.502 Y39.176
G1 X5.644 Y39.887
G1 X6.118 Y40.314
G1 X5.359 Y40.409
G1 X4.838 Y40.551
G1 X4.553 Y40.551
G1 X4.933 Y40.172
M5
G0 X4.458 Y40.694 F2500
M3 S320
G1 F1000
G1 X4.458 Y40.504
G1 X4.838 Y40.172
G1 X4.790 Y39.413
G1 X4.601 Y38.512
G1 X4.458 Y37.279
G1 X4.363 Y36.757
G1 X4.269 Y36.520
G1 X3.937 Y36.235
G1 X3.747 Y36.235
G1 X3.699 Y36.093
G1 X3.937 Y36.093
G1 X3.984 Y36.046
G1 X4.838 Y35.951
G1 X6.261 Y35.666
G1 X6.545 Y35.666
G1 X6.877 Y35.571
G1 X7.114 Y35.571
G1 X7.114 Y35.666
G1 X7.257 Y35.998
G1 X7.304 Y36.330
G1 X7.446 Y36.710
G1 X7.209 Y36.662
G1 X6.735 Y36.141
G1 X6.403 Y35.998
G1 X5.929 Y35.998
G1 X5.549 Y36.093
G1 X5.217 Y36.425
G1 X5.217 Y36.710
G1 X5.549 Y38.512
G1 X5.597 Y39.176
G1 X5.739 Y39.887
G1 X6.071 Y40.219
G1 X6.261 Y40.219
G1 X6.308 Y40.362
G1 X4.458 Y40.694
G1 X4.458 Y40.504
M5
G0 X4.458 Y40.741 F2500
M3 S320
G1 F1000
G1 X4.411 Y40.457
G1 X4.506 Y40.457
G1 X4.790 Y40.172
G1 X4.790 Y39.840
G1 X4.743 Y39.793
G1 X4.743 Y39.413
G1 X4.553 Y38.512
G1 X4.506 Y37.895
G1 X4.363 Y36.994
G1 X4.221 Y36.520
G1 X3.937 Y36.283
G1 X3.699 Y36.283
G1 X3.652 Y36.046
G1 X4.269 Y35.998
G1 X5.976 Y35.666
G1 X6.545 Y35.619
G1 X6.877 Y35.524
G1 X7.162 Y35.571
G1 X7.304 Y35.998
G1 X7.446 Y36.757
G1 X7.257 Y36.757
G1 X6.735 Y36.188
G1 X6.403 Y36.046
G1 X5.929 Y36.046
G1 X5.549 Y36.141
G1 X5.265 Y36.425
G1 X5.265 Y36.710
G1 X5.597 Y38.512
G1 X5.644 Y39.176
G1 X5.786 Y39.887
G1 X6.071 Y40.172
G1 X6.308 Y40.172
G1 X6.355 Y40.409
G1 X6.166 Y40.409
G1 X5.881 Y40.504
G1 X5.359 Y40.551
G1 X4.838 Y40.694
G1 X4.458 Y40.741
G1 X4.411 Y40.457
M5
G0 X4.458 Y40.789 F2500
M3 S320
G1 F1000
G1 X4.363 Y40.694
G1 X4.316 Y40.457
G1 X4.506 Y40.409
G1 X4.743 Y40.172
G1 X4.743 Y39.840
G1 X4.695 Y39.793
G1 X4.695 Y39.413
G1 X4.506 Y38.512
G1 X4.458 Y37.895
G1 X4.316 Y36.994
G1 X4.174 Y36.520
G1 X3.937 Y36.330
G1 X3.652 Y36.330
G1 X3.652 Y35.998
G1 X4.269 Y35.951
G1 X6.877 Y35.477
G1 X7.162 Y35.477
G1 X7.351 Y35.998
G1 X7.399 Y36.330
G1 X7.541 Y36.662
G1 X7.541 Y36.757
G1 X7.446 Y36.805
G1 X7.257 Y36.805
G1 X6.735 Y36.235
G1 X6.403 Y36.093
G1 X5.929 Y36.093
G1 X5.549 Y36.188
G1 X5.312 Y36.425
G1 X5.312 Y36.710
G1 X5.644 Y38.512
G1 X5.691 Y39.176
G1 X5.834 Y39.887
G1 X6.071 Y40.125
G1 X6.355 Y40.172
G1 X6.403 Y40.457
G1 X6.166 Y40.457
G1 X5.881 Y40.551
G1 X5.359 Y40.599
G1 X4.838 Y40.741
G1 X4.458 Y40.789
G1 X4.363 Y40.694
M5
G0 X8.917 Y40.030 F2500
M3 S320
G1 F1000
G1 X8.822 Y39.793
G1 X8.822 Y39.603
G1 X9.106 Y39.461
G1 X9.154 Y39.223
G1 X9.011 Y38.654
G1 X8.917 Y38.465
G1 X8.585 Y36.994
G1 X8.253 Y35.951
G1 X8.063 Y35.761
G1 X7.826 Y35.714
G1 X7.589 Y35.761
G1 X7.589 Y35.666
G1 X7.541 Y35.619
G1 X7.541 Y35.382
G1 X7.636 Y35.287
G1 X8.774 Y35.050
G1 X10.671 Y34.481
G1 X11.003 Y34.433
G1 X11.051 Y34.386
G1 X11.193 Y34.433
G1 X11.383 Y34.860
G1 X11.620 Y35.761
G1 X11.525 Y35.809
G1 X11.335 Y35.809
G1 X10.861 Y35.334
G1 X10.482 Y35.192
G1 X10.007 Y35.192
G1 X9.581 Y35.334
G1 X9.438 Y35.477
G1 X9.438 Y35.809
G1 X9.628 Y36.330
G1 X9.960 Y37.801
G1 X10.292 Y38.986
G1 X10.529 Y39.176
G1 X10.861 Y39.176
G1 X10.909 Y39.271
G1 X10.909 Y39.555
G1 X10.055 Y39.745
G1 X9.865 Y39.840
G1 X9.106 Y40.030
G1 X8.917 Y40.030
G1 X8.822 Y39.793
M5
G0 X8.917 Y39.935 F2500
M3 S320
G1 F1000
G1 X8.869 Y39.793
G1 X8.917 Y39.603
G1 X9.059 Y39.555
G1 X9.154 Y39.461
G1 X9.201 Y39.223
G1 X9.059 Y38.654
G1 X8.964 Y38.465
G1 X8.632 Y36.994
G1 X8.300 Y35.951
G1 X8.063 Y35.714
G1 X7.826 Y35.666
G1 X7.636 Y35.714
G1 X7.589 Y35.619
G1 X7.636 Y35.334
G1 X8.015 Y35.287
G1 X8.774 Y35.097
G1 X10.671 Y34.528
G1 X11.146 Y34.433
G1 X11.335 Y34.860
G1 X11.620 Y35.714
G1 X11.525 Y35.761
G1 X11.335 Y35.761
G1 X10.861 Y35.287
G1 X10.482 Y35.145
G1 X10.007 Y35.145
G1 X9.581 Y35.287
G1 X9.391 Y35.477
G1 X9.391 Y35.809
G1 X9.581 Y36.330
G1 X9.913 Y37.801
G1 X10.245 Y38.986
G1 X10.529 Y39.223
G1 X10.861 Y39.271
G1 X10.814 Y39.555
G1 X10.624 Y39.555
G1 X9.106 Y39.982
G1 X8.917 Y39.935
G1 X8.869 Y39.793
M5
G0 X9.011 Y39.887 F2500
M3 S320
G1 F1000
G1 X8.964 Y39.793
G1 X9.011 Y39.650
G1 X9.249 Y39.461
G1 X9.296 Y39.223
G1 X9.154 Y38.654
G1 X9.059 Y38.465
G1 X8.727 Y36.994
G1 X8.395 Y35.951
G1 X8.063 Y35.619
G1 X7.826 Y35.571
G1 X7.683 Y35.619
G1 X7.683 Y35.429
G1 X8.774 Y35.192
G1 X11.098 Y34.528
G1 X11.525 Y35.666
G1 X11.335 Y35.666
G1 X10.861 Y35.192
G1 X10.482 Y35.050
G1 X10.007 Y35.050
G1 X9.675 Y35.145
G1 X9.296 Y35.477
G1 X9.296 Y35.809
G1 X9.486 Y36.330
G1 X9.818 Y37.801
G1 X10.150 Y38.986
G1 X10.434 Y39.271
G1 X10.529 Y39.318
G1 X10.766 Y39.318
G1 X10.766 Y39.461
G1 X10.624 Y39.461
G1 X10.055 Y39.603
G1 X9.865 Y39.698
G1 X9.011 Y39.887
G1 X8.964 Y39.793
M5
G0 X9.059 Y39.793 F2500
M3 S320
G1 F1000
G1 X9.343 Y39.461
G1 X9.391 Y39.223
G1 X9.249 Y38.654
G1 X9.154 Y38.465
G1 X8.822 Y36.994
G1 X8.490 Y35.951
G1 X8.063 Y35.524
G1 X7.778 Y35.524
G1 X9.818 Y35.002
G1 X11.051 Y34.623
G1 X11.051 Y34.718
G1 X11.146 Y34.860
G1 X11.383 Y35.571
G1 X10.861 Y35.097
G1 X10.482 Y34.955
G1 X10.007 Y34.955
G1 X9.675 Y35.050
G1 X9.201 Y35.477
G1 X9.201 Y35.809
G1 X9.391 Y36.330
G1 X9.723 Y37.801
G1 X10.055 Y38.986
G1 X10.434 Y39.366
G1 X10.577 Y39.413
G1 X10.434 Y39.413
G1 X10.387 Y39.461
G1 X10.055 Y39.508
G1 X9.865 Y39.603
G1 X9.059 Y39.793
G1 X9.343 Y39.461
M5
G0 X9.486 Y39.508 F2500
M3 S320
G1 F1000
G1 X9.581 Y39.366
G1 X9.581 Y39.223
G1 X9.438 Y38.654
G1 X9.343 Y38.465
G1 X8.869 Y36.520
G1 X8.679 Y35.951
G1 X8.300 Y35.571
G1 X8.774 Y35.477
G1 X9.154 Y35.334
G1 X9.011 Y35.477
G1 X9.011 Y35.809
G1 X9.201 Y36.330
G1 X9.533 Y37.801
G1 X9.865 Y38.986
G1 X10.197 Y39.318
G1 X10.055 Y39.318
G1 X9.865 Y39.413
G1 X9.486 Y39.508
G1 X9.581 Y39.366
M5
G0 X9.675 Y39.413 F2500
M3 S320
G1 F1000
G1 X9.581 Y39.413
G1 X9.628 Y39.223
G1 X9.486 Y38.654
G1 X9.391 Y38.465
G1 X9.059 Y36.994
G1 X8.727 Y35.951
G1 X8.395 Y35.619
G1 X9.011 Y35.429
G1 X8.964 Y35.809
G1 X9.154 Y36.330
G1 X9.723 Y38.702
G1 X9.818 Y38.986
G1 X10.102 Y39.271
G1 X9.865 Y39.366
G1 X9.723 Y39.366
G1 X9.675 Y39.413
G1 X9.581 Y39.413
M5
G0 X9.486 Y39.555 F2500
M3 S320
G1 F1000
G1 X9.391 Y39.555
G1 X9.533 Y39.366
G1 X9.533 Y39.223
G1 X9.391 Y38.654
G1 X9.296 Y38.465
G1 X8.822 Y36.520
G1 X8.632 Y35.951
G1 X8.253 Y35.524
G1 X8.774 Y35.429
G1 X9.154 Y35.287
G1 X9.249 Y35.287
G1 X9.059 Y35.477
G1 X9.059 Y35.809
G1 X9.249 Y36.330
G1 X9.818 Y38.702
G1 X9.913 Y38.986
G1 X10.245 Y39.318
G1 X9.865 Y39.461
G1 X9.533 Y39.508
G1 X9.486 Y39.555
G1 X9.391 Y39.555
M5
G0 X9.249 Y39.650 F2500
M3 S320
G1 F1000
G1 X9.438 Y39.461
G1 X9.486 Y39.223
G1 X9.343 Y38.654
G1 X9.249 Y38.465
G1 X8.917 Y36.994
G1 X8.585 Y35.951
G1 X8.158 Y35.524
G1 X9.391 Y35.192
G1 X9.106 Y35.477
G1 X9.106 Y35.809
G1 X9.296 Y36.330
G1 X9.628 Y37.801
G1 X9.960 Y38.986
G1 X10.339 Y39.366
G1 X9.249 Y39.650
G1 X9.438 Y39.461
M5
G0 X9.106 Y39.745 F2500
M3 S320
G1 F1000
G1 X9.391 Y39.461
G1 X9.438 Y39.223
G1 X9.296 Y38.654
G1 X9.201 Y38.465
G1 X8.869 Y36.994
G1 X8.537 Y35.951
G1 X8.063 Y35.477
G1 X8.774 Y35.334
G1 X9.533 Y35.097
G1 X9.154 Y35.477
G1 X9.154 Y35.809
G1 X9.343 Y36.330
G1 X9.675 Y37.801
G1 X10.007 Y38.986
G1 X10.387 Y39.413
G1 X10.245 Y39.413
G1 X9.865 Y39.555
G1 X9.106 Y39.745
G1 X9.391 Y39.461
M5
G0 X9.106 Y39.840 F2500
M3 S320
G1 F1000
G1 X9.011 Y39.793
G1 X9.011 Y39.698
G1 X9.296 Y39.461
G1 X9.343 Y39.223
G1 X9.201 Y38.654
G1 X9.106 Y38.465
G1 X8.632 Y36.520
G1 X8.442 Y35.951
G1 X8.063 Y35.571
G1 X7.731 Y35.571
G1 X7.731 Y35.477
G1 X8.774 Y35.239
G1 X11.051 Y34.575
G1 X11.193 Y34.860
G1 X11.430 Y35.619
G1 X11.335 Y35.619
G1 X10.861 Y35.145
G1 X10.482 Y35.002
G1 X10.007 Y35.002
G1 X9.675 Y35.097
G1 X9.249 Y35.477
G1 X9.249 Y35.809
G1 X9.438 Y36.330
G1 X9.770 Y37.801
G1 X10.102 Y38.986
G1 X10.434 Y39.318
G1 X10.719 Y39.413
G1 X10.055 Y39.555
G1 X9.865 Y39.650
G1 X9.106 Y39.840
G1 X9.011 Y39.793
M5
G0 X8.964 Y39.935 F2500
M3 S320
G1 F1000
G1 X8.917 Y39.650
G1 X9.059 Y39.603
G1 X9.201 Y39.461
G1 X9.249 Y39.223
G1 X9.106 Y38.654
G1 X9.011 Y38.465
G1 X8.679 Y36.994
G1 X8.347 Y35.951
G1 X8.063 Y35.666
G1 X7.778 Y35.666
G1 X7.636 Y35.619
G1 X7.636 Y35.382
G1 X8.015 Y35.334
G1 X8.774 Y35.145
G1 X10.861 Y34.528
G1 X11.146 Y34.528
G1 X11.573 Y35.666
G1 X11.335 Y35.714
G1 X10.861 Y35.239
G1 X10.482 Y35.097
G1 X10.007 Y35.097
G1 X9.581 Y35.239
G1 X9.343 Y35.477
G1 X9.343 Y35.809
G1 X9.533 Y36.330
G1 X9.865 Y37.801
G1 X10.197 Y38.986
G1 X10.529 Y39.271
G1 X10.814 Y39.271
G1 X10.814 Y39.508
G1 X10.055 Y39.650
G1 X9.865 Y39.745
G1 X9.106 Y39.935
G1 X8.964 Y39.935
G1 X8.917 Y39.650
M5
G0 X9.865 Y39.271 F2500
M3 S320
G1 F1000
G1 X9.723 Y39.271
G1 X9.675 Y39.176
G1 X9.581 Y38.654
G1 X9.486 Y38.465
G1 X9.154 Y36.994
G1 X8.822 Y35.951
G1 X8.537 Y35.666
G1 X8.869 Y35.571
G1 X8.869 Y35.809
G1 X9.059 Y36.330
G1 X9.628 Y38.702
G1 X9.723 Y38.986
G1 X9.960 Y39.223
G1 X9.865 Y39.271
G1 X9.723 Y39.271
M5
G0 X10.007 Y39.271 F2500
M3 S320
G1 F1000
G1 X9.675 Y39.366
G1 X9.675 Y39.223
G1 X9.438 Y38.465
G1 X8.964 Y36.520
G1 X8.774 Y35.951
G1 X8.442 Y35.619
G1 X8.917 Y35.524
G1 X8.917 Y35.809
G1 X9.106 Y36.330
G1 X9.675 Y38.702
G1 X9.770 Y38.986
G1 X10.007 Y39.271
G1 X9.675 Y39.366
M5
G0 X13.280 Y38.654 F2500
M3 S320
G1 F1000
G1 X13.185 Y38.417
G1 X13.470 Y38.180
G1 X13.517 Y37.990
G1 X12.663 Y35.761
G1 X12.237 Y34.765
G1 X12.047 Y34.623
G1 X11.573 Y34.718
G1 X11.478 Y34.575
G1 X11.525 Y34.243
G1 X11.620 Y34.243
G1 X11.762 Y34.149
G1 X11.999 Y34.101
G1 X12.853 Y33.769
G1 X14.940 Y32.868
G1 X15.130 Y32.915
G1 X15.699 Y34.054
G1 X15.604 Y34.149
G1 X15.367 Y34.243
G1 X14.893 Y33.817
G1 X14.750 Y33.769
G1 X14.181 Y33.769
G1 X13.897 Y33.864
G1 X13.659 Y34.006
G1 X13.470 Y34.196
G1 X13.422 Y34.291
G1 X13.422 Y34.481
G1 X13.802 Y35.477
G1 X13.991 Y35.714
G1 X14.608 Y35.429
G1 X14.798 Y35.192
G1 X14.750 Y34.860
G1 X15.035 Y34.670
G1 X15.177 Y34.718
G1 X15.651 Y36.093
G1 X15.604 Y36.283
G1 X15.509 Y36.330
G1 X15.319 Y36.330
G1 X15.177 Y36.141
G1 X14.987 Y36.046
G1 X14.750 Y36.046
G1 X14.229 Y36.283
G1 X14.181 Y36.473
G1 X14.561 Y37.516
G1 X14.750 Y37.658
G1 X15.225 Y37.516
G1 X15.462 Y37.374
G1 X15.746 Y37.042
G1 X15.841 Y36.330
G1 X16.126 Y36.330
G1 X16.221 Y36.425
G1 X16.458 Y37.184
G1 X16.505 Y37.516
G1 X16.315 Y37.658
G1 X14.940 Y38.180
G1 X14.181 Y38.417
G1 X13.707 Y38.654
G1 X13.470 Y38.702
G1 X13.280 Y38.654
G1 X13.185 Y38.417
M5
G0 X13.422 Y38.559 F2500
M3 S320
G1 F1000
G1 X13.422 Y38.417
G1 X13.659 Y38.180
G1 X13.707 Y37.990
G1 X12.569 Y35.050
G1 X12.426 Y34.765
G1 X12.142 Y34.481
G1 X12.047 Y34.433
G1 X11.667 Y34.481
G1 X11.667 Y34.386
G1 X12.616 Y34.054
G1 X13.991 Y33.437
G1 X14.940 Y33.058
G1 X15.035 Y33.058
G1 X15.509 Y34.006
G1 X15.367 Y34.054
G1 X15.035 Y33.722
G1 X14.750 Y33.579
G1 X14.181 Y33.579
G1 X13.897 Y33.674
G1 X13.659 Y33.817
G1 X13.280 Y34.196
G1 X13.233 Y34.291
G1 X13.233 Y34.481
G1 X13.659 Y35.571
G1 X13.991 Y35.903
G1 X14.608 Y35.619
G1 X14.940 Y35.287
G1 X15.035 Y34.860
G1 X15.225 Y35.524
G1 X15.319 Y35.666
G1 X15.462 Y36.141
G1 X15.367 Y36.141
G1 X15.177 Y35.951
G1 X14.987 Y35.856
G1 X14.750 Y35.856
G1 X14.229 Y36.093
G1 X13.991 Y36.330
G1 X13.991 Y36.473
G1 X14.371 Y37.516
G1 X14.750 Y37.848
G1 X15.319 Y37.658
G1 X15.889 Y37.137
G1 X15.983 Y36.852
G1 X15.983 Y36.520
G1 X16.078 Y36.567
G1 X16.078 Y36.710
G1 X16.268 Y37.184
G1 X16.315 Y37.469
G1 X14.940 Y37.990
G1 X14.181 Y38.227
G1 X13.422 Y38.559
G1 X13.422 Y38.417
M5
G0 X13.470 Y38.465 F2500
M3 S320
G1 F1000
G1 X13.707 Y38.180
G1 X13.754 Y37.990
G1 X12.616 Y35.050
G1 X12.474 Y34.765
G1 X12.142 Y34.433
G1 X12.047 Y34.386
G1 X11.715 Y34.433
G1 X12.853 Y34.006
G1 X13.991 Y33.485
G1 X15.035 Y33.153
G1 X15.414 Y33.911
G1 X15.414 Y34.006
G1 X14.893 Y33.579
G1 X14.750 Y33.532
G1 X14.181 Y33.532
G1 X13.897 Y33.627
G1 X13.659 Y33.769
G1 X13.233 Y34.196
G1 X13.185 Y34.291
G1 X13.185 Y34.481
G1 X13.612 Y35.571
G1 X13.991 Y35.951
G1 X14.608 Y35.666
G1 X14.987 Y35.287
G1 X15.035 Y35.192
G1 X15.035 Y35.002
G1 X15.177 Y35.524
G1 X15.272 Y35.666
G1 X15.414 Y36.093
G1 X14.987 Y35.809
G1 X14.750 Y35.809
G1 X14.229 Y36.046
G1 X13.944 Y36.330
G1 X13.944 Y36.473
G1 X14.323 Y37.516
G1 X14.750 Y37.895
G1 X15.319 Y37.706
G1 X15.936 Y37.137
G1 X16.031 Y36.852
G1 X16.031 Y36.567
G1 X16.031 Y36.710
G1 X16.221 Y37.184
G1 X16.268 Y37.421
G1 X15.319 Y37.753
G1 X14.940 Y37.943
G1 X14.181 Y38.180
G1 X13.707 Y38.417
G1 X13.470 Y38.465
G1 X13.707 Y38.180
M5
G0 X13.802 Y38.227 F2500
M3 S320
G1 F1000
G1 X13.897 Y38.085
G1 X13.897 Y37.990
G1 X12.758 Y35.050
G1 X12.616 Y34.765
G1 X12.237 Y34.386
G1 X12.379 Y34.291
G1 X12.616 Y34.243
G1 X13.375 Y33.911
G1 X13.090 Y34.196
G1 X13.043 Y34.291
G1 X13.043 Y34.481
G1 X13.470 Y35.571
G1 X14.086 Y36.046
G1 X13.802 Y36.330
G1 X13.802 Y36.473
G1 X14.181 Y37.516
G1 X14.561 Y37.895
G1 X14.418 Y37.990
G1 X14.181 Y38.038
G1 X13.802 Y38.227
G1 X13.897 Y38.085
M5
G0 X13.897 Y38.133 F2500
M3 S320
G1 F1000
G1 X13.944 Y37.990
G1 X12.806 Y35.050
G1 X12.663 Y34.765
G1 X12.284 Y34.386
G1 X12.616 Y34.291
G1 X13.233 Y34.006
G1 X13.043 Y34.196
G1 X12.995 Y34.291
G1 X12.995 Y34.481
G1 X13.422 Y35.571
G1 X13.944 Y36.141
G1 X13.754 Y36.330
G1 X13.754 Y36.473
G1 X14.086 Y37.421
G1 X14.513 Y37.895
G1 X14.181 Y37.990
G1 X13.897 Y38.133
G1 X13.944 Y37.990
M5
G0 X13.991 Y38.038 F2500
M3 S320
G1 F1000
G1 X13.754 Y37.326
G1 X12.853 Y35.050
G1 X12.711 Y34.765
G1 X12.379 Y34.386
G1 X12.853 Y34.243
G1 X13.090 Y34.101
G1 X12.948 Y34.291
G1 X12.948 Y34.481
G1 X13.375 Y35.571
G1 X13.897 Y36.141
G1 X13.707 Y36.330
G1 X13.707 Y36.473
G1 X14.039 Y37.421
G1 X14.418 Y37.895
G1 X14.323 Y37.895
G1 X13.991 Y38.038
G1 X13.754 Y37.326
M5
G0 X14.039 Y37.943 F2500
M3 S320
G1 F1000
G1 X13.849 Y37.326
G1 X12.948 Y35.050
G1 X12.806 Y34.765
G1 X12.521 Y34.433
G1 X12.758 Y34.338
G1 X12.853 Y34.338
G1 X12.948 Y34.765
G1 X13.280 Y35.571
G1 X13.802 Y36.141
G1 X13.612 Y36.330
G1 X13.612 Y36.473
G1 X13.944 Y37.421
G1 X14.276 Y37.848
G1 X14.181 Y37.848
G1 X14.039 Y37.943
G1 X13.849 Y37.326
M5
G0 X14.039 Y37.990 F2500
M3 S320
G1 F1000
G1 X12.901 Y35.050
G1 X12.758 Y34.765
G1 X12.426 Y34.433
G1 X12.616 Y34.386
G1 X12.758 Y34.291
G1 X12.948 Y34.243
G1 X12.901 Y34.481
G1 X13.280 Y35.477
G1 X13.849 Y36.141
G1 X13.659 Y36.330
G1 X13.659 Y36.473
G1 X14.039 Y37.516
G1 X14.371 Y37.848
G1 X14.181 Y37.895
G1 X14.039 Y37.990
G1 X12.901 Y35.050
M5
G0 X11.288 Y35.477 F2500
M3 S320
G1 F1000
G1 X10.861 Y35.050
G1 X10.482 Y34.907
G1 X10.197 Y34.907
G1 X10.482 Y34.860
G1 X10.861 Y34.718
G1 X11.051 Y34.765
G1 X11.288 Y35.477
G1 X10.861 Y35.050
M5
G0 X11.003 Y35.050 F2500
M3 S320
G1 F1000
G1 X10.814 Y34.907
G1 X10.956 Y34.860
G1 X11.003 Y35.050
G1 X10.814 Y34.907
M5
G0 X11.098 Y35.192 F2500
M3 S320
G1 F1000
G1 X10.861 Y34.955
G1 X10.671 Y34.860
G1 X10.814 Y34.860
G1 X10.861 Y34.813
G1 X11.003 Y34.860
G1 X11.098 Y35.192
G1 X10.861 Y34.955
M5
G0 X11.193 Y35.334 F2500
M3 S320
G1 F1000
G1 X10.861 Y35.002
G1 X10.529 Y34.860
G1 X11.003 Y34.765
G1 X11.193 Y35.334
G1 X10.861 Y35.002
M5
G0 X7.257 Y36.520 F2500
M3 S320
G1 F1000
G1 X6.735 Y35.998
G1 X6.403 Y35.856
G1 X5.976 Y35.856
G1 X6.213 Y35.856
G1 X6.261 Y35.809
G1 X7.019 Y35.714
G1 X7.162 Y36.330
G1 X7.257 Y36.520
G1 X6.735 Y35.998
M5
G0 X6.972 Y36.093 F2500
M3 S320
G1 F1000
G1 X6.782 Y35.903
G1 X6.925 Y35.856
G1 X6.972 Y36.093
G1 X6.782 Y35.903
M5
G0 X7.067 Y36.235 F2500
M3 S320
G1 F1000
G1 X6.735 Y35.903
G1 X6.593 Y35.856
G1 X6.972 Y35.856
G1 X7.067 Y36.235
G1 X6.735 Y35.903
M5
G0 X7.162 Y36.378 F2500
M3 S320
G1 F1000
G1 X6.735 Y35.951
G1 X6.545 Y35.856
G1 X6.450 Y35.856
G1 X6.972 Y35.761
G1 X7.162 Y36.378
G1 X6.735 Y35.951
M5
G0 X0.000 Y34.433 F2500
M3 S320
G1 F1000
G1 X1.613 Y32.868
G1 X2.514 Y32.157
G1 X3.415 Y31.540
G1 X4.743 Y30.781
G1 X6.023 Y30.165
G1 X7.209 Y29.690
G1 X8.679 Y29.216
G1 X9.818 Y28.931
G1 X11.905 Y28.552
G1 X13.754 Y28.410
G1 X15.604 Y28.410
G1 X17.027 Y28.505
G1 X18.402 Y28.694
G1 X19.446 Y28.931
G1 X19.683 Y28.599
G1 X20.299 Y27.461
G1 X21.343 Y25.896
G1 X23.240 Y23.525
G1 X25.090 Y21.675
G1 X26.655 Y20.347
G1 X27.603 Y19.635
G1 X27.603 Y19.446
G1 X27.082 Y18.877
G1 X26.465 Y18.070
G1 X25.849 Y17.074
G1 X25.422 Y16.268
G1 X24.663 Y14.561
G1 X24.141 Y13.090
G1 X23.762 Y11.715
G1 X23.430 Y10.102
G1 X23.193 Y8.395
G1 X23.098 Y7.067
G1 X23.098 Y5.312
G1 X23.193 Y3.984
G1 X23.430 Y2.277
G1 X23.904 Y0.237
G1 X24.473 Y-1.470
G1 X25.279 Y-3.225
G1 X26.038 Y-4.411
G1 X26.750 Y-5.265
G1 X26.702 Y-8.490
G1 X26.465 Y-10.529
G1 X26.181 Y-11.999
G1 X25.943 Y-12.948
G1 X25.327 Y-14.845
G1 X24.853 Y-15.983
G1 X24.331 Y-17.027
G1 X23.050 Y-19.114
G1 X21.959 Y-20.537
G1 X20.299 Y-22.197
G1 X18.687 Y-23.382
G1 X17.027 Y-24.283
G1 X15.462 Y-24.805
G1 X13.991 Y-25.042
G1 X11.999 Y-24.995
G1 X11.905 Y-25.090
G1 X11.667 Y-25.611
G1 X11.288 Y-26.133
G1 X10.387 Y-27.034
G1 X9.581 Y-27.603
G1 X7.921 Y-28.410
G1 X4.790 Y-29.453
G1 X3.415 Y-30.070
G1 X2.371 Y-30.686
G1 X1.660 Y-31.208
G1 X0.522 Y-32.299
G1 X0.095 Y-32.868
G1 X-0.095 Y-32.868
G1 X-0.522 Y-32.299
G1 X-1.375 Y-31.445
G1 X-1.850 Y-31.066
G1 X-3.510 Y-30.022
G1 X-4.316 Y-29.643
G1 X-5.454 Y-29.216
G1 X-7.826 Y-28.457
G1 X-9.675 Y-27.556
G1 X-10.577 Y-26.892
G1 X-11.193 Y-26.275
G1 X-11.715 Y-25.611
G1 X-12.047 Y-24.995
G1 X-13.991 Y-25.042
G1 X-15.225 Y-24.853
G1 X-16.885 Y-24.331
G1 X-17.786 Y-23.904
G1 X-18.782 Y-23.335
G1 X-20.489 Y-22.054
G1 X-21.817 Y-20.726
G1 X-23.098 Y-19.114
G1 X-23.904 Y-17.881
G1 X-24.521 Y-16.790
G1 X-25.374 Y-14.893
G1 X-26.038 Y-12.758
G1 X-26.370 Y-11.241
G1 X-26.750 Y-8.537
G1 X-26.845 Y-6.830
G1 X-26.845 Y-5.407
G1 X-26.797 Y-5.265
G1 X-25.896 Y-4.126
G1 X-25.137 Y-2.846
G1 X-24.426 Y-1.186
G1 X-23.857 Y0.617
G1 X-23.525 Y1.992
G1 X-23.240 Y3.889
G1 X-23.145 Y5.122
G1 X-23.193 Y8.110
G1 X-23.382 Y9.675
G1 X-23.714 Y11.335
G1 X-24.094 Y12.806
G1 X-24.615 Y14.323
G1 X-25.137 Y15.557
G1 X-25.896 Y17.074
G1 X-26.607 Y18.213
G1 X-27.224 Y19.019
G1 X-27.509 Y19.303
G1 X-27.603 Y19.493
G1 X-27.603 Y19.588
G1 X-27.461 Y19.778
G1 X-26.038 Y20.869
G1 X-24.758 Y22.007
G1 X-23.619 Y23.145
G1 X-22.861 Y23.999
G1 X-21.248 Y26.086
G1 X-20.299 Y27.556
G1 X-19.541 Y28.884
G1 X-19.446 Y28.931
G1 X-18.734 Y28.742
G1 X-16.932 Y28.505
G1 X-14.134 Y28.410
G1 X-12.948 Y28.457
G1 X-11.573 Y28.599
G1 X-8.917 Y29.169
G1 X-7.399 Y29.643
G1 X-6.403 Y30.022
G1 X-5.549 Y30.402
G1 X-3.842 Y31.303
G1 X-2.751 Y32.014
G1 X-1.755 Y32.773
M5
G0 X-1.233 Y32.726 F2500
M3 S320
G1 F1000
G1 X0.000 Y33.911
G1 X0.949 Y32.915
G1 X1.660 Y32.299
G1 X0.569 Y33.295
G1 X0.000 Y33.911
M5
G0 X0.000 Y34.433 F2500
M3 S320
G1 F1000
G1 X-0.142 Y34.386
G1 X-0.949 Y33.532
G1 X-2.087 Y32.536
G1 X-4.126 Y31.161
G1 X-6.545 Y29.975
G1 X-7.399 Y29.643
G1 X-8.917 Y29.169
G1 X-11.573 Y28.599
G1 X-12.948 Y28.457
G1 X-14.134 Y28.410
G1 X-16.932 Y28.505
G1 X-18.450 Y28.694
G1 X-19.446 Y28.931
G1 X-19.541 Y28.884
G1 X-20.916 Y26.607
G1 X-21.865 Y25.279
G1 X-23.098 Y23.762
G1 X-24.995 Y21.817
G1 X-26.465 Y20.537
G1 X-27.414 Y19.825
G1 X-27.603 Y19.588
G1 X-27.556 Y19.351
G1 X-27.082 Y18.829
G1 X-26.513 Y18.070
G1 X-25.896 Y17.074
G1 X-25.137 Y15.557
G1 X-24.615 Y14.323
G1 X-24.094 Y12.806
G1 X-23.714 Y11.335
G1 X-23.382 Y9.675
G1 X-23.193 Y8.110
G1 X-23.145 Y7.351
G1 X-23.193 Y4.458
G1 X-23.430 Y2.514
G1 X-23.857 Y0.617
G1 X-24.426 Y-1.186
G1 X-24.853 Y-2.229
G1 X-25.754 Y-3.889
G1 X-26.702 Y-5.122
G1 X-26.845 Y-5.407
G1 X-26.845 Y-6.830
G1 X-26.702 Y-9.059
G1 X-26.228 Y-11.952
G1 X-25.849 Y-13.422
G1 X-25.374 Y-14.893
G1 X-24.378 Y-17.074
G1 X-23.193 Y-19.019
G1 X-21.817 Y-20.774
G1 X-20.584 Y-22.007
G1 X-18.971 Y-23.240
G1 X-17.311 Y-24.141
G1 X-15.794 Y-24.710
G1 X-14.987 Y-24.900
G1 X-13.991 Y-25.042
G1 X-11.952 Y-25.042
G1 X-11.715 Y-25.611
G1 X-11.146 Y-26.370
G1 X-10.671 Y-26.845
G1 X-10.007 Y-27.366
G1 X-9.486 Y-27.698
G1 X-8.063 Y-28.362
G1 X-4.933 Y-29.406
G1 X-4.221 Y-29.690
G1 X-3.178 Y-30.212
G1 X-1.565 Y-31.303
G1 X-0.854 Y-31.967
G1 X-0.190 Y-32.821
G1 X-0.047 Y-32.868
G1 X0.000 Y-33.058
G1 X0.047 Y-32.868
G1 X0.285 Y-32.678
G1 X0.427 Y-32.441
G1 X1.091 Y-31.730
G1 X1.992 Y-30.971
G1 X3.083 Y-30.259
G1 X3.984 Y-29.785
G1 X4.790 Y-29.453
G1 X7.162 Y-28.694
G1 X8.158 Y-28.315
G1 X9.296 Y-27.793
G1 X10.055 Y-27.319
G1 X10.482 Y-26.987
G1 X11.288 Y-26.181
G1 X11.715 Y-25.564
G1 X11.952 Y-25.042
G1 X12.142 Y-24.995
G1 X13.991 Y-25.042
G1 X15.035 Y-24.900
G1 X15.841 Y-24.710
G1 X17.027 Y-24.283
G1 X18.070 Y-23.762
G1 X19.019 Y-23.193
G1 X20.394 Y-22.149
G1 X21.912 Y-20.631
G1 X23.050 Y-19.161
G1 X23.762 Y-18.070
G1 X24.378 Y-16.979
G1 X25.327 Y-14.845
G1 X25.801 Y-13.422
G1 X26.181 Y-11.999
G1 X26.465 Y-10.529
G1 X26.702 Y-8.490
G1 X26.750 Y-5.265
G1 X26.038 Y-4.411
G1 X25.232 Y-3.130
G1 X24.473 Y-1.470
G1 X23.904 Y0.237
G1 X23.430 Y2.277
G1 X23.193 Y3.984
G1 X23.098 Y5.312
G1 X23.098 Y7.067
G1 X23.193 Y8.395
G1 X23.430 Y10.102
G1 X23.762 Y11.715
G1 X24.141 Y13.090
G1 X24.663 Y14.561
G1 X25.422 Y16.268
G1 X26.275 Y17.786
G1 X26.750 Y18.450
G1 X27.603 Y19.446
G1 X27.603 Y19.635
G1 X26.133 Y20.774
G1 X25.042 Y21.722
G1 X23.098 Y23.714
G1 X22.291 Y24.663
G1 X21.295 Y25.991
G1 X20.489 Y27.177
G1 X19.541 Y28.837
G1 X19.398 Y28.931
G1 X18.639 Y28.742
G1 X17.027 Y28.505
G1 X15.604 Y28.410
G1 X13.754 Y28.410
G1 X11.620 Y28.599
G1 X9.818 Y28.931
G1 X8.679 Y29.216
G1 X7.209 Y29.690
G1 X6.166 Y30.117
G1 X4.695 Y30.829
G1 X3.605 Y31.445
G1 X1.755 Y32.773
M5
G0 X0.617 Y31.445 F2500
M3 S320
G1 F1000
G1 X0.759 Y31.398
G1 X1.945 Y30.449
G1 X2.798 Y29.880
G1 X4.790 Y28.789
G1 X6.735 Y27.983
G1 X8.822 Y27.366
G1 X9.913 Y27.129
G1 X11.430 Y26.892
G1 X13.612 Y26.702
G1 X15.462 Y26.702
G1 X17.027 Y26.797
G1 X18.307 Y26.987
G1 X18.734 Y26.939
G1 X18.971 Y26.465
G1 X19.730 Y25.279
G1 X21.295 Y23.193
G1 X22.434 Y21.912
G1 X23.714 Y20.631
G1 X25.042 Y19.493
G1 X25.185 Y19.256
G1 X24.521 Y18.260
G1 X23.904 Y17.169
G1 X23.003 Y15.225
G1 X22.197 Y12.806
G1 X21.817 Y11.241
G1 X21.627 Y9.960
G1 X21.533 Y9.770
G1 X5.027 Y9.818
G1 X5.170 Y10.529
G1 X5.502 Y11.667
G1 X5.691 Y11.952
G1 X5.834 Y12.331
G1 X6.118 Y12.426
G1 X6.213 Y12.521
G1 X6.213 Y12.616
G1 X6.355 Y12.806
G1 X6.308 Y12.948
G1 X7.399 Y13.659
G1 X7.873 Y13.897
G1 X9.391 Y14.276
G1 X10.529 Y14.323
G1 X11.335 Y14.086
G1 X12.189 Y13.565
G1 X12.853 Y12.901
G1 X13.185 Y12.474
G1 X13.802 Y11.905
G1 X13.991 Y11.857
G1 X14.229 Y11.620
G1 X14.561 Y11.430
G1 X15.082 Y11.383
G1 X15.177 Y11.288
G1 X15.604 Y11.193
G1 X15.225 Y11.288
G1 X14.940 Y11.430
G1 X14.893 Y11.573
G1 X13.944 Y12.474
G1 X13.375 Y13.375
G1 X12.901 Y13.944
G1 X12.331 Y14.466
G1 X11.620 Y14.845
G1 X10.956 Y15.035
G1 X9.865 Y15.082
G1 X8.917 Y14.940
G1 X8.300 Y14.703
G1 X8.110 Y14.750
G1 X8.110 Y14.845
G1 X8.205 Y14.940
G1 X9.343 Y15.557
G1 X9.818 Y15.889
G1 X10.055 Y15.936
G1 X11.193 Y15.794
G1 X11.857 Y15.604
G1 X12.474 Y15.225
G1 X13.375 Y14.371
G1 X13.565 Y14.086
G1 X13.754 Y13.991
G1 X13.802 Y13.754
G1 X13.754 Y14.276
G1 X13.327 Y15.082
G1 X12.521 Y15.936
G1 X12.094 Y16.173
G1 X11.905 Y16.410
G1 X11.999 Y16.505
G1 X12.142 Y16.505
G1 X12.284 Y16.600
G1 X12.616 Y16.600
G1 X12.758 Y16.695
G1 X13.375 Y16.505
G1 X14.086 Y15.746
G1 X14.229 Y15.699
G1 X14.276 Y15.462
G1 X14.466 Y15.082
G1 X14.845 Y14.750
G1 X15.035 Y13.897
G1 X15.272 Y13.612
G1 X15.272 Y13.422
G1 X15.509 Y12.901
G1 X15.746 Y12.758
G1 X15.841 Y13.090
G1 X15.841 Y13.327
G1 X15.794 Y13.375
G1 X15.841 Y13.707
G1 X15.983 Y13.754
G1 X15.936 Y14.276
G1 X15.794 Y14.608
G1 X15.794 Y14.987
G1 X15.604 Y15.462
G1 X15.319 Y15.746
G1 X15.130 Y16.173
G1 X14.418 Y16.885
G1 X14.371 Y16.979
G1 X14.466 Y17.122
G1 X14.987 Y16.837
G1 X15.272 Y16.458
G1 X15.557 Y16.173
G1 X15.746 Y16.078
G1 X15.794 Y15.841
G1 X16.078 Y15.272
G1 X16.221 Y15.082
G1 X16.458 Y14.987
G1 X16.647 Y14.466
G1 X16.742 Y14.323
G1 X16.885 Y14.276
G1 X16.979 Y13.707
G1 X17.122 Y13.517
G1 X17.122 Y12.948
G1 X17.264 Y12.569
G1 X17.501 Y12.474
G1 X17.501 Y12.284
G1 X17.691 Y11.857
G1 X17.881 Y11.620
G1 X18.023 Y11.573
G1 X18.118 Y11.952
G1 X18.118 Y12.663
G1 X18.307 Y12.663
G1 X18.307 Y13.090
G1 X18.070 Y13.565
G1 X18.023 Y14.276
G1 X17.738 Y14.893
G1 X17.454 Y15.319
G1 X17.501 Y15.414
G1 X17.454 Y15.699
G1 X17.311 Y16.031
G1 X16.742 Y16.600
G1 X16.647 Y16.837
G1 X16.078 Y17.359
G1 X15.889 Y17.691
G1 X15.509 Y17.975
G1 X15.130 Y18.165
G1 X14.940 Y18.213
G1 X14.561 Y18.165
G1 X14.418 Y18.260
G1 X14.229 Y18.260
G1 X13.991 Y18.355
G1 X14.750 Y18.118
G1 X14.845 Y17.928
G1 X14.798 Y17.691
G1 X14.276 Y17.975
G1 X14.134 Y17.975
G1 X13.612 Y18.307
G1 X13.327 Y18.545
G1 X13.422 Y18.639
G1 X13.944 Y18.734
G1 X14.418 Y18.687
G1 X14.561 Y18.782
G1 X15.177 Y18.497
G1 X15.319 Y18.497
G1 X15.746 Y18.118
G1 X15.983 Y18.023
G1 X16.268 Y17.738
G1 X16.410 Y17.691
G1 X16.553 Y17.406
G1 X16.979 Y16.837
G1 X17.501 Y16.315
G1 X17.643 Y15.841
G1 X17.881 Y15.367
G1 X17.975 Y15.319
G1 X18.165 Y15.367
G1 X18.307 Y15.225
G1 X18.545 Y14.798
G1 X18.734 Y14.608
G1 X18.877 Y14.561
G1 X18.877 Y15.272
G1 X18.782 Y15.557
G1 X18.734 Y16.221
G1 X18.260 Y16.979
G1 X18.213 Y17.359
G1 X17.975 Y17.596
G1 X17.691 Y17.738
G1 X17.549 Y17.881
G1 X17.501 Y18.070
G1 X17.549 Y18.213
G1 X18.213 Y17.738
G1 X18.450 Y17.643
G1 X18.687 Y17.074
G1 X18.971 Y16.695
G1 X19.114 Y16.647
G1 X19.209 Y17.074
G1 X19.303 Y16.979
G1 X19.398 Y16.695
G1 X19.541 Y16.553
G1 X19.541 Y16.268
G1 X19.730 Y15.794
G1 X19.967 Y15.604
G1 X20.015 Y15.130
G1 X20.205 Y14.703
G1 X20.299 Y14.608
G1 X20.394 Y14.655
G1 X20.537 Y14.181
G1 X20.774 Y13.754
G1 X21.011 Y13.707
G1 X21.058 Y14.655
G1 X21.201 Y14.655
G1 X21.248 Y14.893
G1 X21.106 Y15.604
G1 X20.916 Y15.983
G1 X20.963 Y16.126
G1 X20.679 Y16.742
G1 X20.774 Y16.932
G1 X21.153 Y16.553
G1 X21.343 Y16.553
G1 X21.343 Y16.742
G1 X21.058 Y17.454
G1 X20.774 Y17.833
G1 X20.726 Y18.213
G1 X20.110 Y18.877
G1 X20.110 Y19.114
G1 X19.683 Y19.446
G1 X19.209 Y20.015
G1 X18.924 Y20.157
G1 X18.782 Y20.299
G1 X18.639 Y20.631
G1 X17.975 Y20.869
G1 X17.928 Y21.058
G1 X17.217 Y21.343
G1 X17.074 Y21.485
G1 X17.074 Y21.580
G1 X16.647 Y21.722
G1 X16.647 Y21.912
G1 X17.027 Y21.912
G1 X17.691 Y21.627
G1 X18.070 Y21.675
G1 X18.829 Y21.201
G1 X19.161 Y21.248
G1 X19.541 Y20.963
G1 X19.825 Y20.869
G1 X20.537 Y20.062
G1 X20.726 Y20.062
G1 X20.774 Y20.205
G1 X20.869 Y20.205
G1 X21.580 Y19.635
G1 X21.770 Y19.588
G1 X21.675 Y20.062
G1 X21.201 Y20.821
G1 X21.201 Y20.963
G1 X20.726 Y21.343
G1 X20.774 Y21.533
G1 X20.584 Y21.722
G1 X19.873 Y22.102
G1 X19.825 Y22.291
G1 X19.730 Y22.386
G1 X19.256 Y22.623
G1 X18.924 Y22.671
G1 X18.734 Y22.766
G1 X18.687 Y23.003
G1 X18.355 Y23.098
G1 X17.549 Y23.145
G1 X17.549 Y23.335
G1 X17.217 Y23.335
G1 X16.932 Y23.240
G1 X16.553 Y23.287
G1 X16.505 Y23.430
G1 X15.699 Y23.430
G1 X15.604 Y23.335
G1 X15.414 Y23.335
G1 X15.367 Y23.382
G1 X15.130 Y23.382
G1 X15.035 Y23.477
G1 X15.130 Y23.572
G1 X15.841 Y23.809
G1 X16.221 Y24.046
G1 X16.505 Y24.094
G1 X17.122 Y24.426
G1 X17.169 Y24.521
G1 X16.885 Y24.615
G1 X16.458 Y24.615
G1 X15.936 Y24.473
G1 X15.699 Y24.473
G1 X15.604 Y24.568
G1 X15.225 Y24.568
G1 X14.323 Y24.331
G1 X14.229 Y24.473
G1 X13.470 Y24.046
G1 X13.327 Y24.141
G1 X12.237 Y23.430
G1 X12.142 Y23.525
G1 X11.383 Y22.955
G1 X11.241 Y22.908
G1 X10.909 Y23.003
G1 X11.620 Y23.762
G1 X12.474 Y24.473
G1 X13.612 Y25.279
G1 X13.802 Y25.517
G1 X14.229 Y25.659
G1 X14.134 Y25.659
G1 X14.039 Y25.564
G1 X13.849 Y25.564
G1 X13.754 Y25.469
G1 X13.517 Y25.517
G1 X12.142 Y24.853
G1 X10.766 Y23.904
G1 X9.581 Y22.813
G1 X8.727 Y21.817
G1 X8.300 Y21.248
G1 X8.158 Y20.963
G1 X7.921 Y20.869
G1 X7.921 Y21.011
G1 X8.205 Y21.580
G1 X8.490 Y22.434
G1 X8.964 Y23.335
G1 X9.770 Y24.521
G1 X10.577 Y25.422
G1 X10.671 Y25.659
G1 X11.193 Y25.991
G1 X11.051 Y25.943
G1 X10.624 Y25.611
G1 X10.434 Y25.611
G1 X9.154 Y24.568
G1 X8.632 Y23.999
G1 X8.110 Y23.335
G1 X7.446 Y22.291
G1 X6.877 Y21.058
G1 X6.782 Y20.726
G1 X6.593 Y20.679
G1 X6.213 Y22.623
G1 X5.929 Y23.477
G1 X5.217 Y24.805
G1 X4.885 Y25.232
G1 X4.174 Y25.849
G1 X4.458 Y25.564
G1 X4.458 Y25.374
G1 X4.933 Y24.473
G1 X5.359 Y23.240
G1 X5.644 Y21.580
G1 X5.691 Y19.541
G1 X5.597 Y19.446
G1 X5.502 Y19.541
G1 X5.265 Y20.394
G1 X4.790 Y21.295
G1 X4.411 Y21.817
G1 X3.937 Y22.291
G1 X3.842 Y22.291
G1 X3.842 Y22.102
G1 X4.079 Y21.770
G1 X4.363 Y21.201
G1 X4.695 Y20.110
G1 X4.933 Y18.687
G1 X4.838 Y18.260
G1 X4.221 Y19.303
G1 X3.415 Y20.157
G1 X2.751 Y20.631
G1 X2.466 Y20.774
G1 X2.277 Y20.774
G1 X2.087 Y20.869
G1 X2.277 Y20.774
G1 X3.083 Y19.967
G1 X3.652 Y19.161
G1 X4.031 Y18.355
G1 X4.363 Y17.311
G1 X4.506 Y16.268
G1 X4.458 Y14.513
G1 X4.079 Y14.229
G1 X4.079 Y13.991
G1 X3.889 Y13.470
G1 X3.699 Y13.327
G1 X3.367 Y12.853
G1 X1.897 Y11.335
G1 X1.328 Y10.861
G1 X1.328 Y10.671
G1 X1.707 Y10.671
G1 X1.897 Y10.766
G1 X2.087 Y10.719
G1 X2.087 Y10.577
G1 X1.707 Y10.102
G1 X1.565 Y9.770
G1 X0.617 Y9.723
G1 X0.522 Y9.818
G1 X0.522 Y31.350
M5
G0 X-0.095 Y32.062 F2500
M3 S320
G1 F1000
G1 X-0.522 Y31.682
G1 X-0.569 Y31.493
G1 X-0.664 Y31.398
G1 X-0.854 Y31.350
G1 X-2.039 Y30.402
G1 X-3.557 Y29.453
G1 X-5.786 Y28.362
G1 X-8.205 Y27.556
G1 X-9.723 Y27.177
G1 X-10.814 Y26.987
G1 X-13.565 Y26.702
G1 X-15.604 Y26.702
G1 X-17.454 Y26.845
G1 X-18.260 Y26.987
G1 X-18.782 Y26.939
G1 X-19.683 Y25.422
G1 X-21.295 Y23.240
G1 X-22.149 Y22.244
G1 X-23.999 Y20.394
G1 X-25.185 Y19.398
G1 X-25.185 Y19.114
G1 X-24.189 Y17.549
G1 X-23.477 Y16.126
G1 X-23.003 Y14.987
G1 X-22.197 Y12.521
G1 X-21.912 Y11.383
G1 X-21.627 Y9.770
G1 X-0.806 Y9.723
G1 X-0.617 Y9.770
G1 X-0.569 Y30.876
G1 X-0.617 Y31.445
G1 X-0.569 Y31.587
G1 X-0.095 Y32.062
G1 X0.047 Y32.062
G1 X0.569 Y31.493
G1 X0.522 Y9.818
G1 X0.569 Y9.723
G1 X1.423 Y9.770
G1 X1.802 Y9.723
G1 X2.941 Y9.818
G1 X3.605 Y9.770
G1 X3.747 Y9.865
G1 X3.889 Y9.770
G1 X21.580 Y9.723
G1 X21.580 Y9.201
G1 X21.485 Y8.774
G1 X21.390 Y8.727
G1 X-21.485 Y8.727
G1 X-21.485 Y8.158
G1 X-21.390 Y7.494
G1 X-21.390 Y5.170
G1 X-21.627 Y2.703
G1 X-21.959 Y0.949
G1 X-22.434 Y-0.806
G1 X-23.145 Y-2.703
G1 X-23.999 Y-4.363
G1 X-24.521 Y-5.170
G1 X-25.137 Y-5.976
G1 X-25.137 Y-6.877
G1 X-24.995 Y-8.917
G1 X-24.568 Y-11.573
G1 X-23.809 Y-14.086
G1 X-23.240 Y-15.462
G1 X-22.671 Y-16.600
G1 X-21.865 Y-17.928
G1 X-20.537 Y-19.635
G1 X-19.209 Y-20.916
G1 X-17.833 Y-21.912
G1 X-17.074 Y-22.339
G1 X-15.841 Y-22.861
G1 X-14.371 Y-23.240
G1 X-13.138 Y-23.382
G1 X-12.379 Y-23.382
G1 X-10.909 Y-23.193
G1 X-10.671 Y-23.999
G1 X-10.387 Y-24.568
G1 X-9.960 Y-25.137
G1 X-9.201 Y-25.849
G1 X-8.015 Y-26.513
G1 X-4.221 Y-27.841
G1 X-2.466 Y-28.647
G1 X-1.423 Y-29.311
G1 X-0.806 Y-29.785
G1 X-0.142 Y-30.449
G1 X0.000 Y-30.497
G1 X1.328 Y-29.358
G1 X2.703 Y-28.505
G1 X4.695 Y-27.651
G1 X7.778 Y-26.607
G1 X8.585 Y-26.228
G1 X9.106 Y-25.896
G1 X9.581 Y-25.517
G1 X10.102 Y-24.947
G1 X10.624 Y-24.046
G1 X10.766 Y-23.382
G1 X10.909 Y-23.193
G1 X12.237 Y-23.382
G1 X13.185 Y-23.382
G1 X14.134 Y-23.287
G1 X15.082 Y-23.098
G1 X15.983 Y-22.813
G1 X17.501 Y-22.102
G1 X19.066 Y-21.011
G1 X20.584 Y-19.541
G1 X21.722 Y-18.070
G1 X22.529 Y-16.790
G1 X23.287 Y-15.272
G1 X24.046 Y-13.233
G1 X24.473 Y-11.715
G1 X24.758 Y-10.245
G1 X24.947 Y-8.822
G1 X25.090 Y-6.023
G1 X23.951 Y-4.363
G1 X23.240 Y-3.035
G1 X22.576 Y-1.423
G1 X22.149 Y-0.047
G1 X21.722 Y1.755
G1 X21.438 Y3.842
G1 X21.343 Y5.312
G1 X21.390 Y8.253
G1 X21.438 Y8.727
G1 X21.533 Y8.822
G1 X21.580 Y9.913
G1 X21.817 Y11.241
G1 X22.197 Y12.806
G1 X22.671 Y14.323
G1 X23.240 Y15.746
G1 X23.951 Y17.217
G1 X24.568 Y18.307
G1 X25.137 Y19.114
G1 X25.185 Y19.303
G1 X24.947 Y19.588
G1 X23.619 Y20.726
G1 X21.675 Y22.766
G1 X19.873 Y25.090
G1 X18.687 Y26.987
G1 X18.307 Y26.987
G1 X17.881 Y26.892
G1 X16.410 Y26.750
G1 X13.612 Y26.702
G1 X11.430 Y26.892
G1 X10.197 Y27.082
G1 X8.679 Y27.414
G1 X6.498 Y28.078
G1 X5.312 Y28.552
G1 X4.221 Y29.074
G1 X2.798 Y29.880
G1 X1.945 Y30.449
G1 X0.759 Y31.398
G1 X0.664 Y31.398
G1 X0.237 Y31.919
G1 X0.047 Y32.062
M5
G0 X-0.617 Y31.445 F2500
M3 S320
G1 F1000
G1 X-0.569 Y30.876
G1 X-0.664 Y9.723
G1 X-21.675 Y9.818
G1 X-21.722 Y10.387
G1 X-21.912 Y11.383
G1 X-22.244 Y12.711
G1 X-22.813 Y14.513
G1 X-23.714 Y16.647
G1 X-24.615 Y18.307
G1 X-25.185 Y19.161
G1 X-25.185 Y19.351
G1 X-23.240 Y21.106
G1 X-21.485 Y23.003
G1 X-19.683 Y25.422
G1 X-18.829 Y26.845
G1 X-18.687 Y26.987
G1 X-18.260 Y26.987
G1 X-17.881 Y26.892
G1 X-16.410 Y26.750
G1 X-13.565 Y26.702
G1 X-11.478 Y26.892
G1 X-10.197 Y27.082
G1 X-8.869 Y27.366
G1 X-6.925 Y27.935
G1 X-5.122 Y28.647
G1 X-2.893 Y29.833
G1 X-1.707 Y30.639
G1 X-0.854 Y31.350
M5
G0 X0.000 Y33.058 F2500
M3 S320
G1 F1000
G1 X0.806 Y32.251
G1 X1.707 Y31.493
G1 X2.609 Y30.829
G1 X3.652 Y30.165
G1 X5.834 Y29.074
G1 X6.782 Y28.694
G1 X8.442 Y28.173
G1 X10.624 Y27.698
G1 X13.422 Y27.414
G1 X16.553 Y27.461
G1 X17.881 Y27.603
G1 X19.019 Y27.841
G1 X19.778 Y26.513
G1 X20.679 Y25.137
G1 X22.291 Y23.098
G1 X23.857 Y21.438
G1 X25.185 Y20.252
G1 X25.801 Y19.778
G1 X26.133 Y19.446
G1 X26.133 Y19.351
G1 X25.422 Y18.355
G1 X24.473 Y16.695
G1 X24.046 Y15.794
G1 X23.240 Y13.707
G1 X22.718 Y11.999
G1 X22.481 Y10.861
G1 X22.197 Y8.917
G1 X22.054 Y7.351
G1 X22.054 Y4.980
G1 X22.149 Y3.842
G1 X22.386 Y2.134
G1 X22.718 Y0.569
G1 X23.240 Y-1.138
G1 X23.904 Y-2.751
G1 X24.900 Y-4.553
G1 X25.754 Y-5.644
G1 X25.706 Y-8.300
G1 X25.517 Y-10.007
G1 X25.279 Y-11.383
G1 X24.995 Y-12.569
G1 X24.473 Y-14.229
G1 X23.525 Y-16.410
G1 X22.671 Y-17.881
G1 X22.102 Y-18.734
G1 X21.248 Y-19.825
G1 X20.157 Y-20.963
G1 X18.592 Y-22.244
G1 X17.501 Y-22.908
G1 X16.695 Y-23.287
G1 X15.651 Y-23.667
G1 X14.893 Y-23.857
G1 X13.565 Y-24.046
G1 X12.094 Y-24.046
G1 X11.620 Y-23.951
G1 X11.335 Y-23.999
G1 X11.241 Y-24.378
G1 X10.719 Y-25.279
G1 X9.913 Y-26.133
G1 X8.774 Y-26.892
G1 X7.968 Y-27.271
G1 X4.506 Y-28.457
G1 X2.656 Y-29.311
G1 X1.328 Y-30.212
G1 X-0.047 Y-31.587
G1 X-0.332 Y-31.208
G1 X-1.281 Y-30.259
G1 X-1.897 Y-29.785
G1 X-2.751 Y-29.263
G1 X-4.506 Y-28.457
G1 X-7.873 Y-27.319
G1 X-8.964 Y-26.797
G1 X-9.581 Y-26.418
G1 X-10.055 Y-26.038
G1 X-10.766 Y-25.232
G1 X-11.241 Y-24.426
G1 X-11.383 Y-23.951
G1 X-12.189 Y-24.046
G1 X-13.565 Y-24.046
G1 X-14.893 Y-23.857
G1 X-15.462 Y-23.714
G1 X-16.790 Y-23.240
G1 X-17.501 Y-22.908
G1 X-18.307 Y-22.434
G1 X-19.778 Y-21.343
G1 X-21.248 Y-19.873
G1 X-22.244 Y-18.592
G1 X-23.335 Y-16.837
G1 X-24.426 Y-14.466
G1 X-24.900 Y-13.043
G1 X-25.327 Y-11.383
G1 X-25.706 Y-9.059
G1 X-25.706 Y-8.537
G1 X-25.801 Y-8.015
G1 X-25.849 Y-7.114
G1 X-25.849 Y-5.739
G1 X-24.758 Y-4.269
G1 X-23.951 Y-2.798
G1 X-23.430 Y-1.565
G1 X-22.718 Y0.759
G1 X-22.339 Y2.703
G1 X-22.102 Y5.075
G1 X-22.149 Y8.110
G1 X-22.339 Y9.770
G1 X-22.671 Y11.573
G1 X-23.335 Y13.849
G1 X-24.141 Y15.889
G1 X-24.900 Y17.406
G1 X-25.469 Y18.355
G1 X-26.228 Y19.398
G1 X-24.236 Y21.106
G1 X-22.861 Y22.481
G1 X-22.007 Y23.477
G1 X-20.726 Y25.137
G1 X-20.110 Y26.038
G1 X-19.066 Y27.793
G1 X-16.458 Y27.461
G1 X-13.327 Y27.414
G1 X-11.003 Y27.651
G1 X-9.675 Y27.888
G1 X-8.158 Y28.267
G1 X-6.830 Y28.694
G1 X-5.881 Y29.074
G1 X-3.699 Y30.165
G1 X-1.802 Y31.445
M5
G0 X-3.367 Y30.734 F2500
M3 S320
G1 F1000
G1 X-1.707 Y31.872
G1 X0.000 Y33.437
G1 X0.237 Y33.153
G1 X1.328 Y32.157
G1 X2.514 Y31.255
G1 X3.557 Y30.591
G1 X2.798 Y31.066
G1 X1.138 Y32.346
G1 X0.000 Y33.437
G1 X-1.613 Y31.967
G1 X-2.419 Y31.350
M5
G0 X0.000 Y33.058 F2500
M3 S320
G1 F1000
G1 X-1.945 Y31.350
G1 X-3.889 Y30.070
G1 X-6.118 Y28.979
G1 X-6.972 Y28.647
G1 X-8.347 Y28.220
G1 X-9.675 Y27.888
G1 X-11.003 Y27.651
G1 X-13.327 Y27.414
G1 X-15.699 Y27.414
G1 X-17.406 Y27.556
G1 X-18.829 Y27.793
G1 X-19.161 Y27.746
G1 X-19.446 Y27.129
G1 X-20.442 Y25.564
G1 X-22.102 Y23.382
G1 X-23.003 Y22.339
G1 X-23.999 Y21.343
G1 X-25.611 Y19.920
G1 X-26.181 Y19.493
G1 X-26.228 Y19.351
G1 X-25.659 Y18.639
G1 X-24.853 Y17.311
G1 X-24.141 Y15.889
G1 X-23.335 Y13.849
G1 X-22.671 Y11.573
G1 X-22.339 Y9.770
G1 X-22.149 Y8.110
G1 X-22.102 Y7.351
G1 X-22.149 Y4.363
G1 X-22.339 Y2.703
G1 X-22.718 Y0.759
G1 X-23.430 Y-1.565
G1 X-23.951 Y-2.798
G1 X-24.758 Y-4.269
G1 X-25.422 Y-5.217
G1 X-25.849 Y-5.691
G1 X-25.849 Y-7.114
G1 X-25.801 Y-8.015
G1 X-25.706 Y-8.537
G1 X-25.706 Y-9.059
G1 X-25.327 Y-11.383
G1 X-24.900 Y-13.043
G1 X-24.426 Y-14.466
G1 X-23.904 Y-15.699
G1 X-23.287 Y-16.932
G1 X-22.054 Y-18.877
G1 X-21.106 Y-20.062
G1 X-19.683 Y-21.438
G1 X-18.307 Y-22.434
G1 X-17.501 Y-22.908
G1 X-16.790 Y-23.240
G1 X-15.462 Y-23.714
G1 X-14.893 Y-23.857
G1 X-13.612 Y-24.046
G1 X-12.189 Y-24.046
G1 X-11.620 Y-23.951
G1 X-11.383 Y-23.999
G1 X-11.241 Y-24.426
G1 X-10.814 Y-25.185
G1 X-10.482 Y-25.611
G1 X-9.913 Y-26.181
G1 X-9.533 Y-26.465
G1 X-8.727 Y-26.939
G1 X-8.110 Y-27.224
G1 X-4.506 Y-28.457
G1 X-2.941 Y-29.169
G1 X-2.039 Y-29.690
G1 X-1.281 Y-30.259
G1 X-0.332 Y-31.208
G1 X-0.095 Y-31.587
G1 X0.095 Y-31.540
G1 X0.237 Y-31.303
G1 X1.518 Y-30.070
G1 X2.846 Y-29.216
G1 X4.506 Y-28.457
G1 X7.873 Y-27.319
G1 X9.438 Y-26.513
G1 X10.055 Y-26.038
G1 X10.766 Y-25.232
G1 X11.241 Y-24.378
G1 X11.335 Y-23.999
G1 X11.620 Y-23.951
G1 X12.094 Y-24.046
G1 X13.565 Y-24.046
G1 X14.893 Y-23.857
G1 X15.651 Y-23.667
G1 X16.695 Y-23.287
G1 X18.070 Y-22.576
G1 X19.588 Y-21.485
G1 X21.153 Y-19.967
G1 X22.054 Y-18.829
G1 X23.287 Y-16.885
G1 X23.809 Y-15.841
G1 X24.473 Y-14.229
G1 X24.995 Y-12.569
G1 X25.279 Y-11.383
G1 X25.564 Y-9.675
G1 X25.706 Y-8.300
G1 X25.754 Y-5.644
G1 X24.900 Y-4.553
G1 X23.904 Y-2.751
G1 X23.240 Y-1.138
G1 X22.718 Y0.569
G1 X22.291 Y2.703
G1 X22.054 Y4.980
G1 X22.102 Y7.968
G1 X22.481 Y10.861
G1 X22.718 Y11.999
G1 X23.240 Y13.707
G1 X24.046 Y15.794
G1 X24.473 Y16.695
G1 X25.422 Y18.355
G1 X26.133 Y19.303
G1 X26.133 Y19.446
G1 X24.331 Y21.011
G1 X22.813 Y22.529
G1 X21.912 Y23.572
G1 X20.869 Y24.900
G1 X19.967 Y26.228
G1 X19.303 Y27.319
G1 X19.114 Y27.793
G1 X18.971 Y27.841
G1 X17.881 Y27.603
G1 X16.553 Y27.461
G1 X13.422 Y27.414
G1 X10.624 Y27.698
G1 X8.632 Y28.125
G1 X7.636 Y28.410
G1 X6.071 Y28.979
G1 X3.747 Y30.117
G1 X2.419 Y30.971
G1 X1.660 Y31.540
M5
G0 X4.553 Y25.564 F2500
M3 S320
G1 F1000
G1 X5.265 Y24.710
G1 X5.881 Y23.572
G1 X5.929 Y23.335
G1 X6.166 Y22.813
G1 X6.640 Y20.537
G1 X6.545 Y20.062
G1 X6.593 Y19.161
G1 X6.498 Y18.497
G1 X6.545 Y17.975
G1 X6.450 Y17.833
G1 X6.403 Y17.501
G1 X6.166 Y16.932
G1 X5.644 Y15.936
G1 X5.502 Y15.936
G1 X5.691 Y17.643
G1 X5.644 Y18.734
G1 X5.691 Y18.971
G1 X5.644 Y19.493
G1 X5.691 Y20.963
G1 X5.597 Y22.054
G1 X5.359 Y23.287
G1 X4.933 Y24.521
G1 X4.458 Y25.374
M5
G0 X3.937 Y22.291 F2500
M3 S320
G1 F1000
G1 X4.506 Y21.675
G1 X4.980 Y20.963
G1 X5.359 Y20.157
G1 X5.407 Y19.825
G1 X5.502 Y19.541
G1 X5.644 Y19.398
G1 X5.691 Y19.114
G1 X5.644 Y18.734
G1 X5.691 Y17.643
G1 X5.597 Y16.553
G1 X5.502 Y16.221
G1 X5.502 Y15.746
G1 X5.312 Y15.557
G1 X5.217 Y15.651
G1 X5.312 Y15.983
G1 X5.312 Y16.268
G1 X5.312 Y15.983
G1 X5.217 Y15.651
G1 X5.265 Y15.225
G1 X5.170 Y15.035
G1 X5.170 Y14.466
G1 X5.027 Y14.134
G1 X4.838 Y14.086
G1 X4.743 Y14.181
G1 X4.933 Y14.893
G1 X5.027 Y15.651
G1 X5.027 Y17.217
G1 X4.885 Y18.213
G1 X4.933 Y18.687
G1 X4.601 Y20.537
G1 X4.363 Y21.201
G1 X4.031 Y21.865
G1 X3.842 Y22.102
M5
G0 X2.561 Y20.726 F2500
M3 S320
G1 F1000
G1 X3.225 Y20.299
G1 X3.984 Y19.588
G1 X4.411 Y19.019
G1 X4.933 Y18.070
G1 X5.027 Y17.217
G1 X5.027 Y15.651
G1 X4.980 Y15.130
G1 X4.790 Y14.513
G1 X4.790 Y14.323
G1 X4.695 Y14.229
G1 X4.411 Y14.466
G1 X4.506 Y15.130
G1 X4.506 Y16.268
G1 X4.411 Y17.074
G1 X4.221 Y17.833
G1 X3.652 Y19.209
G1 X2.941 Y20.157
G1 X2.466 Y20.631
M5
G0 X2.324 Y20.726 F2500
M3 S320
G1 F1000
G1 X2.514 Y20.679
G1 X2.419 Y20.584
M5
G0 X5.265 Y15.604 F2500
M3 S320
G1 F1000
G1 X5.359 Y15.509
G1 X5.359 Y15.414
G1 X5.265 Y15.319
M5
G0 X5.170 Y14.703 F2500
M3 S320
G1 F1000
G1 X5.265 Y14.798
G1 X5.359 Y14.703
M5
G0 X5.597 Y13.754 F2500
M3 S320
G1 F1000
G1 X5.691 Y13.517
G1 X5.597 Y13.470
G1 X5.454 Y13.517
G1 X5.454 Y13.612
M5
G0 X6.166 Y13.233 F2500
M3 S320
G1 F1000
G1 X6.925 Y13.944
G1 X7.921 Y14.655
G1 X8.158 Y14.655
G1 X8.917 Y14.940
G1 X9.865 Y15.082
G1 X10.956 Y15.035
G1 X11.715 Y14.798
G1 X12.094 Y14.608
G1 X12.474 Y14.323
G1 X13.280 Y13.470
G1 X13.897 Y12.521
G1 X14.181 Y12.189
G1 X14.940 Y11.525
G1 X14.798 Y11.383
G1 X14.561 Y11.430
G1 X13.991 Y11.857
G1 X13.754 Y11.952
G1 X13.327 Y12.331
G1 X12.806 Y12.995
G1 X12.284 Y13.517
G1 X11.810 Y13.849
G1 X11.383 Y14.039
G1 X11.288 Y14.134
G1 X11.288 Y14.229
G1 X11.241 Y14.086
G1 X10.529 Y14.323
G1 X9.723 Y14.276
G1 X9.581 Y14.323
G1 X9.581 Y14.418
G1 X9.533 Y14.276
G1 X9.343 Y14.229
G1 X9.059 Y14.229
G1 X8.347 Y13.991
G1 X8.205 Y14.086
G1 X8.537 Y14.276
G1 X8.205 Y14.134
G1 X8.158 Y13.991
G1 X7.162 Y13.659
G1 X7.209 Y13.565
G1 X7.114 Y13.470
G1 X6.308 Y12.995
G1 X6.166 Y13.138
M5
G0 X6.213 Y12.901 F2500
M3 S320
G1 F1000
G1 X6.308 Y12.758
G1 X6.213 Y12.663
M5
G0 X6.023 Y12.853 F2500
M3 S320
G1 F1000
G1 X6.166 Y12.853
G1 X6.118 Y12.663
M5
G0 X5.549 Y12.426 F2500
M3 S320
G1 F1000
G1 X5.644 Y12.711
G1 X6.213 Y12.616
G1 X6.213 Y12.521
G1 X5.976 Y12.379
M5
G0 X5.359 Y12.142 F2500
M3 S320
G1 F1000
G1 X5.407 Y12.426
G1 X5.502 Y12.426
G1 X5.786 Y12.237
G1 X5.597 Y12.142
M5
G0 X5.407 Y11.810 F2500
M3 S320
G1 F1000
G1 X5.502 Y11.667
G1 X5.454 Y11.383
G1 X5.359 Y11.241
G1 X4.980 Y9.770
G1 X4.411 Y9.818
G1 X4.458 Y10.150
G1 X4.601 Y10.387
G1 X4.601 Y10.529
G1 X4.838 Y11.193
G1 X5.170 Y11.810
G1 X5.359 Y11.810
G1 X5.359 Y11.715
M5
G0 X5.217 Y11.905 F2500
M3 S320
G1 F1000
G1 X5.359 Y12.142
G1 X5.691 Y12.094
G1 X5.691 Y11.952
G1 X5.549 Y11.810
G1 X5.407 Y11.810
M5
G0 X5.217 Y12.521 F2500
M3 S320
G1 F1000
G1 X5.359 Y12.379
G1 X5.359 Y12.189
G1 X4.838 Y11.193
G1 X4.695 Y10.671
G1 X4.601 Y10.529
G1 X4.601 Y10.387
G1 X4.458 Y10.150
G1 X4.458 Y9.865
G1 X4.363 Y9.770
G1 X3.889 Y9.770
G1 X3.794 Y9.818
G1 X3.747 Y9.960
G1 X3.794 Y10.150
G1 X3.984 Y10.434
G1 X3.984 Y10.671
G1 X4.269 Y11.146
G1 X4.269 Y11.288
G1 X5.027 Y12.521
M5
G0 X4.933 Y12.663 F2500
M3 S320
G1 F1000
G1 X5.027 Y12.521
G1 X4.743 Y12.142
G1 X4.411 Y11.573
G1 X4.269 Y11.193
G1 X4.079 Y11.146
G1 X4.126 Y10.956
G1 X4.031 Y10.814
G1 X3.937 Y10.909
G1 X4.031 Y10.814
G1 X4.031 Y10.719
G1 X3.747 Y9.913
G1 X3.557 Y9.770
G1 X2.988 Y9.913
G1 X2.988 Y10.007
G1 X3.225 Y10.292
G1 X3.367 Y10.624
G1 X3.557 Y10.814
G1 X3.605 Y11.003
G1 X3.842 Y11.383
G1 X4.411 Y12.616
G1 X4.506 Y12.711
G1 X4.695 Y12.758
M5
G0 X4.363 Y13.090 F2500
M3 S320
G1 F1000
G1 X4.553 Y12.901
G1 X4.553 Y12.806
G1 X4.363 Y12.616
G1 X4.363 Y12.426
G1 X3.842 Y11.383
G1 X3.605 Y11.051
G1 X3.510 Y10.766
G1 X2.988 Y10.007
G1 X2.988 Y9.913
G1 X2.846 Y9.770
G1 X2.182 Y9.818
G1 X3.035 Y11.241
G1 X3.652 Y12.094
G1 X4.174 Y13.043
M5
G0 X4.221 Y13.185 F2500
M3 S320
G1 F1000
G1 X4.221 Y13.090
G1 X3.699 Y12.189
G1 X3.035 Y11.241
G1 X2.703 Y10.624
G1 X2.324 Y10.150
G1 X2.229 Y9.865
G1 X2.134 Y9.770
G1 X1.850 Y9.770
G1 X1.802 Y9.723
G1 X1.565 Y9.770
G1 X1.707 Y10.102
G1 X2.039 Y10.482
G1 X2.087 Y10.766
G1 X2.466 Y11.146
G1 X3.937 Y12.948
G1 X4.031 Y13.233
M5
G0 X3.937 Y13.470 F2500
M3 S320
G1 F1000
G1 X4.031 Y13.233
G1 X3.605 Y12.758
G1 X3.889 Y12.948
G1 X2.324 Y11.003
G1 X2.087 Y10.766
G1 X1.897 Y10.766
G1 X1.660 Y10.671
G1 X1.328 Y10.719
G1 X1.328 Y10.814
G1 X2.703 Y12.094
G1 X3.652 Y13.233
M5
G0 X3.984 Y13.707 F2500
M3 S320
G1 F1000
G1 X4.079 Y13.707
G1 X4.506 Y13.233
G1 X5.027 Y12.853
G1 X5.597 Y12.663
G1 X5.549 Y12.474
G1 X5.312 Y12.426
G1 X5.265 Y12.521
G1 X4.980 Y12.569
G1 X4.790 Y12.758
G1 X4.601 Y12.806
G1 X4.363 Y13.090
G1 X4.221 Y13.138
G1 X4.079 Y13.280
G1 X3.937 Y13.517
M5
G0 X4.079 Y13.944 F2500
M3 S320
G1 F1000
G1 X4.174 Y13.944
G1 X5.027 Y13.138
G1 X5.502 Y12.853
G1 X5.359 Y12.711
G1 X4.838 Y12.995
G1 X4.031 Y13.754
M5
G0 X4.079 Y14.181 F2500
M3 S320
G1 F1000
G1 X4.221 Y14.276
G1 X4.601 Y13.849
G1 X5.312 Y13.233
G1 X5.597 Y13.043
G1 X5.976 Y12.901
G1 X5.976 Y12.711
G1 X5.691 Y12.663
G1 X5.502 Y12.758
G1 X5.454 Y12.901
G1 X5.217 Y12.995
G1 X4.221 Y13.944
G1 X4.079 Y13.991
M5
G0 X4.221 Y14.323 F2500
M3 S320
G1 F1000
G1 X4.411 Y14.466
G1 X4.743 Y14.134
G1 X4.933 Y14.086
G1 X5.075 Y13.849
G1 X5.265 Y13.707
G1 X5.312 Y13.565
G1 X5.502 Y13.470
G1 X5.691 Y13.233
G1 X5.929 Y13.138
G1 X6.166 Y13.138
G1 X6.261 Y12.901
G1 X5.929 Y12.901
G1 X5.407 Y13.185
G1 X4.790 Y13.707
M5
G0 X6.498 Y15.794 F2500
M3 S320
G1 F1000
G1 X6.640 Y15.699
G1 X6.498 Y15.604
G1 X6.403 Y15.699
M5
G0 X7.494 Y16.695 F2500
M3 S320
G1 F1000
G1 X7.114 Y16.268
G1 X6.877 Y16.315
G1 X7.067 Y16.553
G1 X7.399 Y16.790
M5
G0 X8.110 Y17.501 F2500
M3 S320
G1 F1000
G1 X8.205 Y17.359
G1 X7.683 Y16.885
G1 X7.494 Y16.932
G1 X7.589 Y17.027
G1 X7.589 Y17.122
G1 X7.873 Y17.406
M5
G0 X8.395 Y18.023 F2500
M3 S320
G1 F1000
G1 X8.490 Y18.118
G1 X8.585 Y18.023
M5
G0 X8.917 Y17.975 F2500
M3 S320
G1 F1000
G1 X8.300 Y17.501
G1 X7.873 Y17.454
G1 X7.873 Y17.549
G1 X8.253 Y17.928
G1 X8.822 Y18.070
M5
G0 X9.249 Y17.501 F2500
M3 S320
G1 F1000
G1 X9.249 Y17.406
G1 X9.106 Y17.311
G1 X9.059 Y17.122
G1 X8.822 Y17.311
G1 X9.059 Y17.501
M5
G0 X9.011 Y17.169 F2500
M3 S320
G1 F1000
G1 X9.011 Y17.074
G1 X8.917 Y16.979
G1 X8.253 Y16.647
G1 X8.110 Y16.742
G1 X8.727 Y17.264
M5
G0 X9.581 Y17.596 F2500
M3 S320
G1 F1000
G1 X9.581 Y17.406
G1 X9.438 Y17.264
G1 X9.249 Y17.169
G1 X9.106 Y17.264
G1 X9.249 Y17.359
G1 X9.296 Y17.596
M5
G0 X9.960 Y17.454 F2500
M3 S320
G1 F1000
G1 X10.339 Y17.738
G1 X10.434 Y17.975
G1 X10.861 Y17.975
G1 X11.098 Y17.881
G1 X11.241 Y17.454
G1 X11.098 Y17.311
G1 X10.766 Y17.217
G1 X10.339 Y17.264
G1 X10.292 Y17.406
M5
G0 X10.339 Y17.264 F2500
M3 S320
G1 F1000
G1 X10.197 Y17.122
G1 X9.628 Y16.885
G1 X9.438 Y16.695
G1 X8.917 Y16.553
G1 X8.632 Y16.600
G1 X8.347 Y16.458
G1 X8.300 Y16.315
G1 X7.636 Y15.983
G1 X7.494 Y16.078
G1 X7.683 Y16.315
G1 X7.873 Y16.410
G1 X8.110 Y16.647
G1 X8.490 Y16.742
G1 X9.011 Y17.027
G1 X9.106 Y17.169
G1 X9.296 Y17.169
G1 X9.581 Y17.359
G1 X9.865 Y17.406
G1 X10.245 Y17.406
M5
G0 X10.102 Y17.596 F2500
M3 S320
G1 F1000
G1 X9.865 Y17.406
G1 X9.770 Y17.501
G1 X9.913 Y17.596
M5
G0 X10.102 Y18.070 F2500
M3 S320
G1 F1000
G1 X10.245 Y18.213
G1 X10.482 Y18.307
G1 X11.383 Y18.450
G1 X11.715 Y18.450
G1 X12.569 Y18.118
G1 X13.138 Y18.070
G1 X13.185 Y17.975
G1 X13.422 Y17.833
G1 X14.134 Y17.596
G1 X14.466 Y17.169
G1 X14.323 Y17.074
G1 X14.134 Y17.264
G1 X13.375 Y17.643
G1 X13.090 Y17.738
G1 X12.758 Y17.738
G1 X12.284 Y17.928
G1 X11.857 Y17.881
G1 X10.339 Y17.975
M5
G0 X10.292 Y18.023 F2500
M3 S320
G1 F1000
G1 X10.339 Y17.786
G1 X10.150 Y17.738
G1 X9.770 Y17.501
G1 X9.581 Y17.549
G1 X9.533 Y17.691
G1 X9.675 Y17.786
G1 X9.770 Y17.691
G1 X9.865 Y17.691
G1 X9.770 Y17.691
G1 X9.675 Y17.786
G1 X9.818 Y17.975
G1 X10.007 Y18.070
M5
G0 X9.770 Y18.592 F2500
M3 S320
G1 F1000
G1 X9.770 Y18.497
G1 X9.628 Y18.355
G1 X9.106 Y18.070
G1 X8.964 Y18.118
G1 X8.917 Y17.975
G1 X8.774 Y18.070
G1 X8.537 Y18.118
G1 X8.679 Y18.260
G1 X9.533 Y18.639
M5
G0 X9.106 Y19.635 F2500
M3 S320
G1 F1000
G1 X9.106 Y19.541
G1 X8.869 Y19.398
G1 X8.442 Y18.924
G1 X8.395 Y19.019
G1 X8.063 Y18.971
G1 X8.063 Y19.066
G1 X8.537 Y19.541
G1 X8.917 Y19.683
M5
G0 X8.300 Y18.971 F2500
M3 S320
G1 F1000
G1 X8.395 Y18.877
G1 X8.063 Y18.592
G1 X7.968 Y18.687
G1 X7.968 Y18.829
G1 X8.063 Y18.924
M5
G0 X8.063 Y18.592 F2500
M3 S320
G1 F1000
G1 X7.968 Y18.355
G1 X7.494 Y17.928
G1 X6.877 Y17.122
G1 X6.735 Y17.169
G1 X6.735 Y17.264
G1 X7.209 Y18.118
G1 X7.494 Y18.213
G1 X7.826 Y18.592
G1 X7.921 Y18.639
M5
G0 X10.529 Y19.351 F2500
M3 S320
G1 F1000
G1 X10.861 Y19.541
G1 X11.193 Y19.635
G1 X11.810 Y19.398
G1 X11.905 Y19.256
G1 X11.810 Y19.161
G1 X11.430 Y19.114
G1 X11.383 Y19.209
G1 X11.193 Y19.256
G1 X11.146 Y19.114
G1 X10.814 Y19.019
G1 X10.671 Y19.161
G1 X10.577 Y19.161
M5
G0 X11.146 Y19.161 F2500
M3 S320
G1 F1000
G1 X11.241 Y19.256
G1 X11.383 Y19.209
G1 X11.335 Y19.066
M5
G0 X11.288 Y19.683 F2500
M3 S320
G1 F1000
G1 X11.620 Y19.967
G1 X12.331 Y19.967
G1 X12.474 Y19.825
G1 X12.853 Y19.635
G1 X13.043 Y19.398
G1 X12.474 Y19.256
G1 X11.952 Y19.256
G1 X11.762 Y19.398
G1 X11.383 Y19.541
M5
G0 X11.573 Y20.205 F2500
M3 S320
G1 F1000
G1 X11.573 Y19.967
G1 X11.241 Y19.635
G1 X10.861 Y19.541
G1 X10.482 Y19.303
G1 X10.292 Y19.256
G1 X10.434 Y19.303
G1 X10.766 Y19.066
G1 X10.719 Y18.924
G1 X10.387 Y18.877
G1 X9.770 Y18.592
G1 X9.486 Y18.639
G1 X8.822 Y18.307
G1 X8.774 Y18.450
G1 X9.011 Y18.782
G1 X9.960 Y19.256
G1 X10.102 Y19.588
G1 X10.719 Y20.157
G1 X11.003 Y20.157
G1 X11.241 Y20.252
M5
G0 X11.098 Y21.106 F2500
M3 S320
G1 F1000
G1 X11.051 Y21.011
G1 X11.146 Y20.869
G1 X10.766 Y20.394
G1 X10.671 Y20.110
G1 X10.197 Y19.730
G1 X10.007 Y19.351
G1 X9.818 Y19.161
G1 X9.011 Y18.782
G1 X8.822 Y18.545
G1 X8.774 Y18.355
G1 X8.490 Y18.118
G1 X8.395 Y18.118
G1 X7.921 Y17.643
G1 X7.873 Y17.454
G1 X7.019 Y16.647
G1 X7.019 Y16.505
G1 X6.877 Y16.315
G1 X6.877 Y16.173
G1 X6.640 Y15.841
G1 X6.403 Y15.746
G1 X6.403 Y15.604
G1 X6.213 Y15.319
G1 X6.023 Y14.845
G1 X5.597 Y14.323
G1 X5.407 Y14.276
G1 X5.407 Y13.991
G1 X5.170 Y13.802
G1 X4.980 Y14.039
G1 X5.075 Y14.323
G1 X5.454 Y14.845
G1 X6.735 Y17.074
G1 X6.877 Y17.122
G1 X7.067 Y17.311
G1 X7.351 Y17.738
G1 X8.015 Y18.402
G1 X8.015 Y18.545
G1 X8.300 Y18.734
G1 X9.106 Y19.541
G1 X9.154 Y19.683
G1 X9.249 Y19.683
G1 X9.628 Y19.920
G1 X9.723 Y20.110
G1 X10.150 Y20.489
G1 X10.197 Y20.631
G1 X10.434 Y20.869
G1 X10.956 Y21.153
M5
G0 X10.007 Y21.865 F2500
M3 S320
G1 F1000
G1 X10.007 Y21.722
G1 X9.581 Y20.726
G1 X9.343 Y20.631
G1 X9.106 Y20.442
G1 X9.533 Y20.726
G1 X9.865 Y20.774
G1 X10.245 Y20.679
G1 X9.913 Y20.252
G1 X9.581 Y20.110
G1 X9.675 Y20.015
G1 X9.486 Y19.825
G1 X9.201 Y19.683
G1 X8.490 Y19.588
G1 X8.869 Y20.679
G1 X9.011 Y20.631
G1 X9.011 Y20.442
G1 X8.964 Y20.821
G1 X9.343 Y21.343
M5
G0 X11.241 Y22.908 F2500
M3 S320
G1 F1000
G1 X10.861 Y22.481
G1 X10.434 Y21.485
G1 X10.102 Y21.295
G1 X10.387 Y21.485
G1 X10.861 Y21.485
G1 X11.098 Y21.580
G1 X11.288 Y21.343
G1 X11.098 Y21.153
G1 X10.814 Y21.106
G1 X10.245 Y20.726
G1 X9.628 Y20.774
G1 X9.675 Y21.011
G1 X9.770 Y21.106
G1 X9.960 Y21.580
G1 X10.007 Y21.912
G1 X10.102 Y22.102
G1 X10.766 Y22.861
G1 X11.051 Y22.955
M5
G0 X12.521 Y22.054 F2500
M3 S320
G1 F1000
G1 X12.616 Y21.912
G1 X12.426 Y21.817
G1 X12.616 Y21.817
G1 X12.521 Y21.675
G1 X12.142 Y21.580
G1 X11.952 Y21.770
G1 X12.331 Y21.770
G1 X12.094 Y21.912
G1 X12.284 Y22.054
G1 X12.426 Y22.102
M5
G0 X12.901 Y22.576 F2500
M3 S320
G1 F1000
G1 X12.806 Y22.339
G1 X12.569 Y22.244
G1 X12.379 Y22.054
G1 X12.142 Y22.007
G1 X12.047 Y21.817
G1 X11.288 Y21.390
G1 X11.003 Y21.533
G1 X10.861 Y21.485
G1 X10.482 Y21.533
G1 X10.577 Y21.865
G1 X10.909 Y22.529
G1 X11.288 Y22.955
G1 X11.478 Y23.003
G1 X12.142 Y23.525
G1 X12.237 Y23.430
G1 X12.094 Y23.193
G1 X12.094 Y23.050
G1 X11.952 Y22.908
G1 X11.857 Y22.671
G1 X11.478 Y22.529
G1 X10.909 Y21.959
G1 X11.478 Y22.529
G1 X11.620 Y22.529
G1 X11.810 Y22.671
G1 X12.616 Y22.671
M5
G0 X13.185 Y22.244 F2500
M3 S320
G1 F1000
G1 X13.138 Y22.054
G1 X12.995 Y21.959
G1 X12.853 Y21.959
G1 X12.758 Y22.102
G1 X12.758 Y21.959
G1 X12.663 Y21.865
G1 X12.569 Y21.959
G1 X12.569 Y22.197
G1 X12.758 Y22.339
G1 X13.090 Y22.339
M5
G0 X13.802 Y22.434 F2500
M3 S320
G1 F1000
G1 X13.754 Y22.339
G1 X13.849 Y22.102
G1 X13.517 Y22.007
G1 X13.185 Y22.054
G1 X13.233 Y22.291
G1 X13.707 Y22.529
M5
G0 X13.897 Y22.481 F2500
M3 S320
G1 F1000
G1 X14.086 Y22.434
G1 X14.086 Y22.339
G1 X13.944 Y22.149
G1 X13.849 Y22.244
M5
G0 X13.991 Y22.197 F2500
M3 S320
G1 F1000
G1 X14.086 Y22.291
G1 X14.134 Y22.481
G1 X14.276 Y22.481
G1 X14.608 Y22.623
G1 X15.557 Y22.576
G1 X15.509 Y22.149
G1 X15.225 Y22.149
G1 X15.035 Y22.054
G1 X14.893 Y22.054
G1 X14.655 Y22.149
M5
G0 X14.893 Y22.054 F2500
M3 S320
G1 F1000
G1 X14.703 Y21.817
G1 X14.323 Y21.580
G1 X14.276 Y21.390
G1 X13.944 Y21.058
G1 X12.901 Y21.106
G1 X12.995 Y21.295
G1 X13.802 Y21.959
G1 X13.802 Y22.054
G1 X13.944 Y22.149
G1 X14.086 Y22.102
G1 X14.655 Y22.149
M5
G0 X14.750 Y22.718 F2500
M3 S320
G1 F1000
G1 X14.893 Y22.908
G1 X15.272 Y23.050
G1 X15.414 Y23.287
G1 X15.604 Y23.335
G1 X16.458 Y23.287
G1 X16.410 Y23.145
G1 X15.462 Y22.623
M5
G0 X15.509 Y22.623 F2500
M3 S320
G1 F1000
G1 X15.651 Y22.766
G1 X15.983 Y22.908
G1 X16.790 Y22.813
G1 X16.647 Y22.576
G1 X16.363 Y22.529
G1 X16.078 Y22.576
G1 X16.458 Y22.481
G1 X16.790 Y22.102
G1 X16.790 Y21.912
G1 X16.315 Y21.865
G1 X16.173 Y22.007
G1 X15.936 Y22.054
G1 X15.841 Y22.149
G1 X15.651 Y22.149
G1 X15.557 Y22.244
M5
G0 X15.177 Y22.481 F2500
M3 S320
G1 F1000
G1 X14.608 Y22.386
M5
G0 X13.802 Y22.007 F2500
M3 S320
G1 F1000
G1 X13.707 Y21.865
G1 X13.043 Y21.343
G1 X12.901 Y21.106
G1 X12.189 Y20.774
G1 X12.047 Y20.537
G1 X11.810 Y20.442
G1 X11.667 Y20.299
G1 X10.956 Y20.157
G1 X10.719 Y20.252
G1 X11.146 Y20.869
G1 X11.098 Y21.106
G1 X11.430 Y21.485
G1 X11.952 Y21.770
G1 X12.189 Y21.580
G1 X12.189 Y21.343
G1 X11.905 Y20.963
G1 X11.667 Y20.869
G1 X11.762 Y20.869
G1 X11.999 Y21.058
G1 X12.189 Y21.343
G1 X12.237 Y21.533
G1 X12.331 Y21.627
G1 X12.474 Y21.627
G1 X12.711 Y21.912
G1 X12.995 Y21.959
G1 X13.090 Y22.054
M5
G0 X13.802 Y20.963 F2500
M3 S320
G1 F1000
G1 X13.991 Y21.058
G1 X14.466 Y20.916
G1 X14.655 Y20.916
G1 X14.893 Y20.821
G1 X15.130 Y20.537
G1 X15.082 Y20.774
G1 X15.557 Y20.774
G1 X16.173 Y20.489
G1 X16.268 Y20.205
G1 X16.553 Y19.920
G1 X16.647 Y19.730
G1 X17.217 Y19.398
G1 X17.406 Y18.924
G1 X17.454 Y18.639
G1 X17.359 Y18.355
G1 X17.169 Y18.545
G1 X16.837 Y18.687
G1 X16.742 Y18.782
G1 X16.742 Y18.877
G1 X16.221 Y19.398
G1 X16.126 Y19.588
G1 X16.173 Y19.730
G1 X16.315 Y19.683
G1 X16.315 Y19.778
G1 X15.983 Y20.015
G1 X15.889 Y20.015
G1 X15.794 Y19.920
G1 X15.414 Y20.157
G1 X15.082 Y20.252
G1 X14.703 Y20.252
G1 X14.513 Y20.442
G1 X14.134 Y20.631
G1 X13.897 Y20.631
G1 X13.754 Y20.821
M5
G0 X13.991 Y21.058 F2500
M3 S320
G1 F1000
G1 X14.276 Y21.343
G1 X14.940 Y21.343
G1 X15.367 Y21.153
G1 X15.462 Y20.916
G1 X15.414 Y20.774
G1 X14.987 Y20.726
G1 X14.798 Y20.869
M5
G0 X15.414 Y21.201 F2500
M3 S320
G1 F1000
G1 X16.221 Y21.201
G1 X17.122 Y20.679
G1 X17.406 Y20.299
G1 X17.691 Y20.110
G1 X18.023 Y19.778
G1 X18.023 Y19.541
G1 X18.118 Y19.730
G1 X18.829 Y19.019
G1 X19.114 Y18.829
G1 X19.351 Y18.260
G1 X19.209 Y18.165
G1 X18.971 Y18.307
G1 X18.402 Y18.782
G1 X18.165 Y18.829
G1 X17.928 Y19.114
G1 X17.786 Y19.161
G1 X17.501 Y19.446
G1 X17.311 Y19.541
G1 X16.979 Y20.110
G1 X17.027 Y20.299
G1 X17.217 Y20.299
G1 X16.932 Y20.299
G1 X16.742 Y20.442
G1 X16.363 Y20.537
G1 X16.126 Y20.489
G1 X15.841 Y20.679
G1 X15.462 Y20.821
M5
G0 X16.268 Y20.537 F2500
M3 S320
G1 F1000
G1 X16.600 Y20.489
G1 X16.885 Y20.347
G1 X16.979 Y20.252
G1 X16.979 Y20.110
G1 X17.264 Y19.588
G1 X17.074 Y19.446
G1 X16.932 Y19.588
G1 X16.790 Y19.635
G1 X16.221 Y20.347
M5
G0 X15.936 Y20.015 F2500
M3 S320
G1 F1000
G1 X16.031 Y19.920
G1 X15.889 Y19.778
M5
G0 X16.078 Y19.920 F2500
M3 S320
G1 F1000
G1 X16.173 Y19.825
G1 X16.078 Y19.635
G1 X15.889 Y19.730
M5
G0 X14.940 Y19.493 F2500
M3 S320
G1 F1000
G1 X15.651 Y19.493
G1 X16.078 Y19.635
G1 X16.173 Y19.541
G1 X16.221 Y19.351
G1 X16.790 Y18.734
G1 X16.695 Y18.639
G1 X16.126 Y18.734
G1 X15.889 Y18.829
G1 X15.746 Y19.114
G1 X15.889 Y18.877
G1 X15.936 Y18.450
G1 X16.031 Y18.307
G1 X15.936 Y18.023
G1 X15.367 Y18.450
G1 X15.272 Y18.924
M5
G0 X15.319 Y18.687 F2500
M3 S320
G1 F1000
G1 X15.177 Y18.497
G1 X15.082 Y18.592
M5
G0 X14.798 Y18.213 F2500
M3 S320
G1 F1000
G1 X15.130 Y18.165
G1 X15.509 Y17.975
G1 X16.031 Y17.501
G1 X15.983 Y17.311
G1 X15.699 Y17.406
G1 X15.367 Y17.359
G1 X15.035 Y17.549
G1 X14.893 Y17.691
G1 X14.893 Y17.833
G1 X14.750 Y18.070
M5
G0 X14.134 Y17.975 F2500
M3 S320
G1 F1000
G1 X14.276 Y17.975
G1 X15.272 Y17.454
G1 X15.414 Y17.311
G1 X15.462 Y17.074
G1 X15.699 Y16.647
G1 X15.746 Y16.315
G1 X15.651 Y16.126
G1 X15.177 Y16.600
G1 X15.082 Y16.837
G1 X15.082 Y17.027
G1 X15.035 Y16.837
G1 X14.940 Y16.837
G1 X14.703 Y17.027
G1 X14.466 Y17.122
G1 X14.418 Y17.264
G1 X14.134 Y17.549
G1 X14.086 Y17.833
M5
G0 X13.565 Y17.833 F2500
M3 S320
G1 F1000
G1 X13.612 Y17.928
G1 X13.754 Y17.881
M5
G0 X12.901 Y17.596 F2500
M3 S320
G1 F1000
G1 X13.090 Y17.549
G1 X13.233 Y17.406
G1 X13.802 Y17.122
G1 X14.418 Y16.932
G1 X14.466 Y16.790
G1 X15.130 Y16.173
G1 X15.272 Y15.936
G1 X15.225 Y15.794
G1 X14.987 Y15.794
G1 X14.798 Y15.983
G1 X14.655 Y16.031
G1 X14.561 Y16.268
G1 X14.608 Y15.983
G1 X14.418 Y16.173
G1 X14.229 Y16.221
G1 X14.039 Y16.410
G1 X13.849 Y16.742
G1 X13.327 Y17.217
G1 X12.948 Y17.359
G1 X12.853 Y17.501
M5
G0 X12.758 Y17.643 F2500
M3 S320
G1 F1000
G1 X12.806 Y17.738
G1 X13.043 Y17.738
G1 X13.470 Y17.596
G1 X14.181 Y17.217
G1 X14.276 Y16.979
G1 X13.802 Y17.122
G1 X13.090 Y17.549
G1 X12.948 Y17.549
M5
G0 X12.995 Y17.264 F2500
M3 S320
G1 F1000
G1 X13.185 Y17.074
G1 X13.185 Y16.885
G1 X12.948 Y17.169
M5
G0 X13.043 Y17.264 F2500
M3 S320
G1 F1000
G1 X13.138 Y17.311
G1 X13.944 Y16.600
G1 X14.229 Y16.126
G1 X14.276 Y15.841
G1 X14.181 Y15.699
G1 X13.517 Y16.363
G1 X13.470 Y16.647
M5
G0 X13.233 Y16.932 F2500
M3 S320
G1 F1000
G1 X13.280 Y16.742
G1 X13.185 Y16.837
M5
G0 X14.181 Y16.173 F2500
M3 S320
G1 F1000
G1 X14.323 Y16.221
G1 X14.418 Y16.173
G1 X14.750 Y15.841
G1 X14.845 Y15.272
G1 X14.798 Y14.798
G1 X14.608 Y14.940
G1 X14.371 Y15.272
G1 X14.276 Y15.509
G1 X14.276 Y15.841
M5
G0 X14.798 Y15.936 F2500
M3 S320
G1 F1000
G1 X14.987 Y15.794
G1 X15.035 Y15.462
G1 X15.225 Y15.177
G1 X15.272 Y14.466
G1 X15.082 Y13.849
G1 X14.845 Y14.655
G1 X14.845 Y15.272
G1 X14.750 Y15.699
M5
G0 X15.035 Y15.794 F2500
M3 S320
G1 F1000
G1 X15.272 Y15.794
G1 X15.557 Y15.509
G1 X15.794 Y14.987
G1 X15.746 Y14.750
G1 X15.509 Y14.987
G1 X15.319 Y15.035
G1 X15.225 Y15.130
G1 X14.987 Y15.604
M5
G0 X15.272 Y15.082 F2500
M3 S320
G1 F1000
G1 X15.414 Y15.035
G1 X15.794 Y14.703
G1 X15.983 Y13.991
G1 X15.936 Y13.707
G1 X15.794 Y13.754
G1 X15.699 Y14.039
G1 X15.225 Y14.561
M5
G0 X15.272 Y14.418 F2500
M3 S320
G1 F1000
G1 X15.367 Y14.418
G1 X15.557 Y14.229
G1 X15.794 Y13.849
G1 X15.841 Y13.090
G1 X15.699 Y12.758
G1 X15.462 Y12.995
G1 X15.272 Y13.422
G1 X15.272 Y13.612
G1 X15.177 Y13.754
M5
G0 X13.754 Y14.276 F2500
M3 S320
G1 F1000
G1 X13.659 Y14.039
G1 X12.711 Y15.035
G1 X12.142 Y15.462
G1 X11.762 Y15.651
G1 X11.573 Y15.651
G1 X11.430 Y15.841
G1 X11.335 Y15.746
G1 X10.529 Y15.889
G1 X10.055 Y15.936
G1 X9.960 Y15.889
G1 X9.865 Y16.031
G1 X9.770 Y16.031
G1 X9.913 Y15.936
G1 X9.770 Y15.841
G1 X9.628 Y15.889
G1 X9.628 Y15.983
G1 X9.533 Y15.983
G1 X9.486 Y15.889
G1 X9.201 Y15.889
G1 X8.585 Y15.651
G1 X8.442 Y15.651
G1 X8.442 Y15.746
G1 X8.347 Y15.699
G1 X8.442 Y15.651
G1 X8.347 Y15.557
G1 X7.968 Y15.367
G1 X7.826 Y15.414
G1 X7.921 Y15.509
G1 X8.158 Y15.604
G1 X7.494 Y15.272
G1 X7.683 Y15.272
G1 X6.877 Y14.703
G1 X6.640 Y14.418
G1 X6.166 Y14.134
G1 X5.739 Y13.612
G1 X5.597 Y13.802
G1 X5.739 Y13.944
G1 X5.502 Y13.707
G1 X5.407 Y13.517
G1 X5.312 Y13.565
G1 X5.217 Y13.754
G1 X5.549 Y14.276
G1 X5.976 Y14.750
G1 X6.023 Y14.893
G1 X6.545 Y15.177
G1 X7.114 Y15.746
G1 X7.494 Y15.983
G1 X7.636 Y15.983
G1 X8.253 Y16.268
G1 X8.347 Y16.363
G1 X8.490 Y16.363
G1 X8.774 Y16.553
G1 X9.201 Y16.647
G1 X10.861 Y16.695
G1 X11.003 Y16.647
G1 X11.051 Y16.553
G1 X11.383 Y16.458
G1 X11.810 Y16.458
G1 X11.905 Y16.410
G1 X11.999 Y16.221
G1 X12.426 Y15.983
G1 X13.185 Y15.225
G1 X13.517 Y14.750
M5
G0 X10.956 Y14.418 F2500
M3 S320
G1 F1000
G1 X11.905 Y14.181
G1 X12.331 Y13.944
G1 X12.663 Y13.659
G1 X12.284 Y13.991
G1 X11.667 Y14.276
G1 X11.573 Y14.371
G1 X11.335 Y14.323
M5
G0 X9.675 Y15.841 F2500
M3 S320
G1 F1000
G1 X9.438 Y15.651
G1 X9.201 Y15.699
G1 X8.869 Y15.509
G1 X9.249 Y15.699
G1 X9.391 Y15.651
G1 X8.205 Y14.940
G1 X8.063 Y14.703
G1 X7.826 Y14.608
G1 X6.593 Y13.707
G1 X6.213 Y13.327
G1 X6.166 Y13.185
G1 X5.929 Y13.138
G1 X5.549 Y13.422
G1 X5.644 Y13.517
G1 X5.786 Y13.517
G1 X5.929 Y13.375
G1 X5.739 Y13.565
G1 X5.929 Y13.754
G1 X5.976 Y13.659
G1 X6.071 Y13.707
G1 X5.929 Y13.849
G1 X6.213 Y14.134
G1 X6.830 Y14.418
G1 X6.735 Y14.466
G1 X6.735 Y14.561
G1 X6.877 Y14.703
G1 X7.731 Y15.272
G1 X8.490 Y15.651
G1 X9.201 Y15.889
M5
G0 X8.347 Y14.418 F2500
M3 S320
G1 F1000
G1 X7.541 Y14.039
M5
G0 X11.003 Y16.647 F2500
M3 S320
G1 F1000
G1 X11.146 Y16.790
G1 X11.620 Y16.885
G1 X11.715 Y17.027
G1 X12.094 Y17.074
G1 X12.569 Y16.932
G1 X12.711 Y16.790
G1 X12.711 Y16.695
G1 X12.616 Y16.600
G1 X12.142 Y16.647
G1 X12.094 Y16.505
G1 X11.857 Y16.410
G1 X11.383 Y16.458
G1 X11.098 Y16.553
M5
G0 X11.762 Y17.074 F2500
M3 S320
G1 F1000
G1 X11.667 Y16.932
G1 X11.146 Y16.790
G1 X10.909 Y16.647
G1 X10.150 Y16.695
G1 X10.150 Y16.790
G1 X9.960 Y16.647
G1 X9.438 Y16.695
G1 X9.723 Y16.932
G1 X10.482 Y17.264
G1 X10.766 Y17.217
G1 X11.430 Y17.359
M5
G0 X11.146 Y17.928 F2500
M3 S320
G1 F1000
G1 X11.810 Y17.881
G1 X12.237 Y17.359
G1 X11.857 Y17.833
G1 X11.952 Y17.928
G1 X12.284 Y17.928
G1 X12.758 Y17.738
G1 X12.901 Y17.264
G1 X12.426 Y17.691
G1 X12.901 Y17.264
G1 X13.375 Y16.600
G1 X13.185 Y16.553
G1 X12.806 Y16.647
G1 X12.663 Y16.885
G1 X12.142 Y17.074
G1 X11.762 Y17.074
G1 X11.715 Y17.169
G1 X11.525 Y17.311
G1 X11.335 Y17.359
G1 X11.193 Y17.501
G1 X11.193 Y17.691
G1 X11.098 Y17.833
M5
G0 X11.003 Y18.497 F2500
M3 S320
G1 F1000
G1 X11.241 Y18.639
G1 X12.189 Y18.877
G1 X12.379 Y18.829
G1 X12.474 Y18.687
G1 X12.663 Y18.592
G1 X13.043 Y18.070
G1 X12.758 Y18.070
G1 X11.715 Y18.450
G1 X11.098 Y18.402
M5
G0 X12.521 Y18.829 F2500
M3 S320
G1 F1000
G1 X13.043 Y18.782
G1 X13.233 Y18.687
G1 X13.565 Y18.307
G1 X13.944 Y18.118
G1 X14.086 Y17.975
G1 X14.134 Y17.786
G1 X14.086 Y17.643
G1 X13.802 Y17.691
G1 X13.802 Y17.881
G1 X13.612 Y17.928
G1 X13.517 Y17.833
G1 X13.327 Y17.881
G1 X13.090 Y18.118
G1 X13.043 Y18.260
G1 X12.758 Y18.545
G1 X12.521 Y18.687
M5
G0 X12.426 Y19.920 F2500
M3 S320
G1 F1000
G1 X12.569 Y20.062
G1 X13.327 Y20.110
G1 X13.565 Y19.825
G1 X14.039 Y19.493
G1 X14.086 Y19.303
G1 X14.181 Y19.209
G1 X14.134 Y19.066
G1 X13.138 Y19.303
G1 X12.995 Y19.446
G1 X12.948 Y19.588
G1 X12.569 Y19.778
M5
G0 X12.995 Y20.157 F2500
M3 S320
G1 F1000
G1 X13.138 Y20.584
G1 X13.612 Y20.726
G1 X13.897 Y20.631
G1 X14.134 Y20.631
G1 X14.655 Y20.299
G1 X14.561 Y20.205
G1 X14.276 Y20.157
G1 X13.849 Y20.205
G1 X13.422 Y20.110
M5
G0 X13.375 Y20.062 F2500
M3 S320
G1 F1000
G1 X13.470 Y20.157
G1 X13.897 Y20.205
G1 X14.229 Y20.157
G1 X14.845 Y19.541
G1 X14.608 Y19.493
G1 X14.039 Y19.541
G1 X13.517 Y19.873
M5
G0 X14.086 Y19.541 F2500
M3 S320
G1 F1000
G1 X14.561 Y19.541
G1 X14.987 Y19.446
G1 X15.035 Y19.256
G1 X15.225 Y19.019
G1 X15.319 Y18.782
G1 X15.130 Y18.734
G1 X14.987 Y18.592
G1 X14.750 Y18.734
G1 X14.608 Y18.734
G1 X14.181 Y19.066
G1 X14.181 Y19.256
G1 X14.039 Y19.446
M5
G0 X14.323 Y20.205 F2500
M3 S320
G1 F1000
G1 X14.655 Y20.252
G1 X15.272 Y20.205
G1 X15.746 Y19.967
G1 X15.936 Y19.635
G1 X15.841 Y19.541
G1 X15.746 Y19.541
G1 X15.651 Y19.683
G1 X15.651 Y19.493
G1 X14.893 Y19.493
G1 X14.418 Y19.967
M5
G0 X14.513 Y18.782 F2500
M3 S320
G1 F1000
G1 X14.371 Y18.687
G1 X13.944 Y18.734
G1 X13.612 Y18.639
G1 X13.280 Y18.639
G1 X13.043 Y18.782
G1 X12.758 Y18.829
G1 X12.426 Y18.782
G1 X12.237 Y18.877
G1 X12.047 Y18.877
G1 X11.098 Y18.592
G1 X10.766 Y18.355
G1 X10.339 Y18.260
G1 X9.723 Y17.928
G1 X9.675 Y17.786
G1 X9.343 Y17.691
G1 X9.249 Y17.549
G1 X8.964 Y17.454
G1 X8.300 Y16.932
G1 X8.158 Y16.932
G1 X7.968 Y16.742
G1 X8.110 Y16.647
G1 X7.778 Y16.410
G1 X7.304 Y15.841
G1 X7.162 Y15.746
G1 X6.972 Y15.746
G1 X6.877 Y15.651
G1 X6.925 Y15.509
G1 X6.308 Y15.035
G1 X6.166 Y15.225
G1 X6.355 Y15.462
G1 X6.450 Y15.462
G1 X6.640 Y15.651
G1 X6.687 Y15.936
G1 X6.830 Y16.126
G1 X7.067 Y16.221
G1 X7.446 Y16.600
G1 X7.541 Y16.837
G1 X7.778 Y16.932
G1 X8.158 Y17.264
G1 X8.442 Y17.643
G1 X8.774 Y17.786
G1 X8.917 Y17.975
G1 X9.343 Y18.165
G1 X9.628 Y18.355
G1 X9.818 Y18.592
G1 X10.150 Y18.734
G1 X10.292 Y18.687
G1 X10.909 Y19.066
G1 X11.335 Y19.066
G1 X11.857 Y19.161
G1 X11.952 Y19.256
G1 X12.474 Y19.256
G1 X12.853 Y19.351
G1 X13.090 Y19.351
G1 X14.134 Y19.066
G1 X14.418 Y18.924
M5
G0 X15.889 Y18.734 F2500
M3 S320
G1 F1000
G1 X16.031 Y18.782
G1 X16.505 Y18.639
G1 X16.885 Y18.687
G1 X17.501 Y18.260
G1 X17.549 Y17.975
G1 X17.501 Y17.833
G1 X16.932 Y18.023
G1 X16.600 Y18.402
G1 X16.458 Y18.450
G1 X17.027 Y17.928
G1 X17.027 Y17.786
G1 X17.217 Y17.549
G1 X17.027 Y17.786
G1 X17.074 Y17.975
G1 X17.454 Y17.881
G1 X18.023 Y17.549
G1 X18.260 Y17.264
G1 X18.213 Y17.027
G1 X17.501 Y17.169
G1 X17.406 Y17.311
G1 X17.501 Y16.695
G1 X17.359 Y16.410
G1 X16.505 Y17.501
G1 X16.410 Y17.691
G1 X16.458 Y17.833
G1 X16.410 Y17.975
G1 X15.983 Y18.355
M5
G0 X16.173 Y18.165 F2500
M3 S320
G1 F1000
G1 X16.410 Y17.928
G1 X16.410 Y17.833
G1 X16.315 Y17.738
G1 X16.031 Y17.975
G1 X16.031 Y18.070
M5
G0 X15.462 Y17.359 F2500
M3 S320
G1 F1000
G1 X15.699 Y17.406
G1 X16.126 Y17.311
G1 X16.647 Y16.837
G1 X16.695 Y16.553
G1 X15.794 Y16.600
G1 X15.699 Y16.647
G1 X15.414 Y17.217
M5
G0 X15.746 Y16.647 F2500
M3 S320
G1 F1000
G1 X16.031 Y16.553
G1 X16.031 Y16.410
G1 X16.363 Y15.841
G1 X16.410 Y15.035
G1 X16.315 Y15.035
G1 X16.126 Y15.225
G1 X15.794 Y15.841
G1 X15.746 Y16.315
G1 X15.699 Y16.363
M5
G0 X16.078 Y16.600 F2500
M3 S320
G1 F1000
G1 X16.315 Y16.553
G1 X16.505 Y16.078
G1 X16.695 Y15.841
G1 X16.695 Y15.699
G1 X16.837 Y15.509
G1 X17.027 Y15.035
G1 X17.027 Y14.703
G1 X16.837 Y14.276
G1 X16.647 Y14.466
G1 X16.505 Y14.798
G1 X16.410 Y15.177
G1 X16.410 Y15.651
G1 X16.268 Y16.078
G1 X16.078 Y16.315
G1 X16.031 Y16.458
M5
G0 X16.363 Y16.600 F2500
M3 S320
G1 F1000
G1 X16.742 Y16.553
G1 X17.217 Y16.126
G1 X17.454 Y15.699
G1 X17.406 Y15.319
G1 X16.979 Y15.746
G1 X16.647 Y15.889
G1 X16.315 Y16.458
M5
G0 X16.742 Y15.841 F2500
M3 S320
G1 F1000
G1 X16.837 Y15.841
G1 X17.454 Y15.319
G1 X17.501 Y15.177
G1 X17.738 Y14.893
G1 X18.070 Y14.086
G1 X17.975 Y13.802
G1 X17.549 Y14.229
G1 X17.264 Y14.750
G1 X17.027 Y14.893
G1 X16.885 Y15.414
G1 X16.695 Y15.746
M5
G0 X17.074 Y14.845 F2500
M3 S320
G1 F1000
G1 X17.217 Y14.798
G1 X17.549 Y14.229
G1 X17.454 Y13.612
G1 X17.596 Y13.280
G1 X17.501 Y12.995
G1 X17.501 Y12.616
G1 X17.406 Y12.521
G1 X17.264 Y12.569
G1 X17.122 Y12.948
G1 X17.122 Y13.565
G1 X17.217 Y13.659
G1 X17.264 Y13.991
G1 X17.217 Y13.707
G1 X17.074 Y13.565
G1 X16.932 Y13.897
G1 X16.885 Y14.276
M5
G0 X17.596 Y14.181 F2500
M3 S320
G1 F1000
G1 X18.023 Y13.802
G1 X18.070 Y13.565
G1 X18.307 Y13.090
G1 X18.260 Y12.663
G1 X18.165 Y12.663
G1 X17.786 Y13.185
G1 X17.596 Y13.280
G1 X17.454 Y13.612
G1 X17.454 Y13.849
M5
G0 X17.596 Y13.233 F2500
M3 S320
G1 F1000
G1 X17.691 Y13.233
G1 X17.928 Y12.995
G1 X18.118 Y12.663
G1 X18.118 Y11.952
G1 X18.070 Y11.667
G1 X17.975 Y11.573
G1 X17.786 Y11.715
G1 X17.501 Y12.284
G1 X17.454 Y12.569
M5
G0 X18.118 Y16.315 F2500
M3 S320
G1 F1000
G1 X18.734 Y15.699
G1 X18.829 Y15.509
G1 X18.877 Y15.272
G1 X18.829 Y14.561
G1 X18.639 Y14.703
G1 X18.260 Y15.319
G1 X18.165 Y15.367
G1 X18.070 Y15.604
G1 X18.023 Y16.078
M5
G0 X17.738 Y17.122 F2500
M3 S320
G1 F1000
G1 X17.928 Y17.122
G1 X18.070 Y17.027
G1 X18.213 Y17.027
G1 X18.307 Y16.932
G1 X18.307 Y16.837
G1 X18.639 Y16.410
G1 X18.782 Y16.078
G1 X18.687 Y15.699
G1 X18.165 Y16.315
G1 X18.023 Y16.363
G1 X17.881 Y16.742
G1 X17.691 Y17.027
M5
G0 X17.501 Y17.169 F2500
M3 S320
G1 F1000
G1 X17.596 Y17.169
G1 X17.691 Y17.074
G1 X17.691 Y16.979
G1 X17.833 Y16.837
G1 X18.023 Y16.410
G1 X18.118 Y15.414
G1 X17.975 Y15.319
G1 X17.881 Y15.414
G1 X17.501 Y16.268
G1 X17.501 Y16.695
G1 X17.454 Y16.742
M5
G0 X18.213 Y18.829 F2500
M3 S320
G1 F1000
G1 X18.402 Y18.782
G1 X19.161 Y18.165
G1 X19.351 Y18.165
G1 X19.493 Y18.023
G1 X19.493 Y17.691
G1 X19.588 Y17.501
G1 X19.588 Y16.932
G1 X19.493 Y16.600
G1 X19.398 Y16.695
G1 X19.256 Y17.074
G1 X19.161 Y17.122
G1 X18.924 Y17.928
G1 X18.782 Y18.165
G1 X18.402 Y18.545
G1 X18.829 Y18.070
G1 X18.971 Y17.786
G1 X19.066 Y17.359
G1 X19.161 Y17.217
G1 X19.066 Y16.647
G1 X18.782 Y16.932
G1 X18.402 Y17.691
G1 X18.402 Y18.070
G1 X18.307 Y18.450
G1 X18.402 Y18.070
G1 X18.307 Y17.691
G1 X18.165 Y17.833
G1 X18.165 Y18.307
G1 X18.118 Y18.355
M5
G0 X19.066 Y18.924 F2500
M3 S320
G1 F1000
G1 X19.209 Y19.019
G1 X19.541 Y18.971
G1 X19.635 Y18.877
G1 X19.635 Y18.782
G1 X19.825 Y18.497
G1 X20.205 Y18.118
G1 X20.252 Y17.928
G1 X20.157 Y17.738
G1 X19.825 Y17.928
G1 X19.541 Y17.975
G1 X19.398 Y18.118
G1 X19.398 Y18.260
G1 X19.209 Y18.545
M5
G0 X19.588 Y18.924 F2500
M3 S320
G1 F1000
G1 X20.110 Y18.924
G1 X20.157 Y18.782
G1 X20.726 Y18.213
G1 X20.774 Y18.070
G1 X20.726 Y17.928
G1 X20.537 Y17.975
G1 X20.062 Y18.260
M5
G0 X20.252 Y18.118 F2500
M3 S320
G1 F1000
G1 X20.347 Y18.118
G1 X20.537 Y17.975
G1 X20.679 Y17.975
G1 X20.869 Y17.643
G1 X21.058 Y17.454
G1 X21.343 Y16.742
G1 X21.248 Y16.505
G1 X20.679 Y17.027
G1 X20.537 Y17.406
G1 X20.252 Y17.738
G1 X20.205 Y17.975
M5
G0 X19.541 Y17.975 F2500
M3 S320
G1 F1000
G1 X19.825 Y17.928
G1 X20.299 Y17.691
G1 X20.726 Y16.979
G1 X20.537 Y16.932
G1 X20.394 Y16.979
G1 X20.015 Y17.359
G1 X20.299 Y17.027
G1 X20.679 Y16.885
G1 X20.726 Y16.600
G1 X20.963 Y16.126
G1 X20.869 Y15.983
G1 X20.347 Y16.505
G1 X20.110 Y16.553
G1 X19.825 Y17.169
G1 X19.635 Y17.311
G1 X19.493 Y17.691
M5
G0 X19.683 Y17.311 F2500
M3 S320
G1 F1000
G1 X19.873 Y17.074
G1 X20.110 Y16.553
G1 X20.015 Y15.889
G1 X19.920 Y15.699
G1 X19.778 Y15.746
G1 X19.541 Y16.268
G1 X19.541 Y16.885
M5
G0 X20.157 Y16.553 F2500
M3 S320
G1 F1000
G1 X20.394 Y16.173
G1 X20.394 Y15.936
G1 X20.489 Y15.699
G1 X20.442 Y14.750
G1 X20.299 Y14.608
G1 X20.110 Y14.893
G1 X19.920 Y15.699
G1 X20.015 Y15.841
M5
G0 X20.537 Y15.509 F2500
M3 S320
G1 F1000
G1 X20.821 Y15.225
G1 X21.011 Y14.750
G1 X21.058 Y13.897
G1 X20.916 Y13.659
G1 X20.631 Y13.991
G1 X20.394 Y14.703
M5
G0 X20.394 Y16.458 F2500
M3 S320
G1 F1000
G1 X21.011 Y15.841
G1 X21.248 Y14.893
G1 X21.248 Y14.750
G1 X21.153 Y14.655
G1 X21.011 Y14.703
G1 X20.916 Y15.035
G1 X20.679 Y15.462
G1 X20.584 Y15.462
G1 X20.489 Y15.557
G1 X20.347 Y16.315
M5
G0 X18.877 Y19.730 F2500
M3 S320
G1 F1000
G1 X19.209 Y19.683
G1 X19.588 Y19.541
G1 X20.110 Y19.114
G1 X20.062 Y18.971
G1 X19.256 Y18.971
G1 X19.066 Y19.114
G1 X18.971 Y19.398
G1 X18.829 Y19.541
M5
G0 X18.260 Y20.252 F2500
M3 S320
G1 F1000
G1 X18.829 Y20.252
G1 X19.398 Y19.825
G1 X19.398 Y19.588
G1 X19.066 Y19.730
G1 X18.592 Y19.778
G1 X18.213 Y20.110
M5
G0 X17.454 Y20.394 F2500
M3 S320
G1 F1000
G1 X18.070 Y20.299
G1 X18.165 Y20.252
G1 X18.213 Y20.062
G1 X18.497 Y19.825
G1 X18.782 Y19.730
G1 X18.829 Y19.541
G1 X19.019 Y19.303
G1 X19.114 Y19.066
G1 X19.066 Y18.924
G1 X18.971 Y18.924
G1 X18.355 Y19.541
G1 X18.070 Y19.730
G1 X17.833 Y20.015
G1 X17.406 Y20.299
M5
G0 X17.169 Y20.631 F2500
M3 S320
G1 F1000
G1 X17.454 Y20.679
G1 X17.738 Y20.869
G1 X17.975 Y20.869
G1 X18.545 Y20.679
G1 X18.782 Y20.394
G1 X18.734 Y20.252
G1 X18.118 Y20.252
G1 X17.643 Y20.394
G1 X17.359 Y20.394
M5
G0 X17.264 Y19.398 F2500
M3 S320
G1 F1000
G1 X17.454 Y19.446
G1 X17.833 Y19.114
G1 X17.975 Y19.066
G1 X18.118 Y18.829
G1 X18.118 Y18.355
G1 X18.165 Y18.307
G1 X18.118 Y17.833
G1 X17.454 Y18.307
G1 X17.406 Y18.924
M5
G0 X16.410 Y21.153 F2500
M3 S320
G1 F1000
G1 X16.553 Y21.295
G1 X16.790 Y21.390
G1 X17.169 Y21.390
G1 X17.833 Y21.106
G1 X17.928 Y20.963
G1 X17.454 Y20.679
G1 X17.074 Y20.679
G1 X16.695 Y20.963
G1 X16.458 Y21.058
M5
G0 X16.553 Y22.576 F2500
M3 S320
G1 F1000
G1 X16.695 Y22.623
G1 X17.264 Y22.576
G1 X17.454 Y22.481
G1 X17.454 Y22.339
G1 X17.738 Y22.007
G1 X17.643 Y21.865
G1 X17.881 Y21.817
G1 X17.881 Y21.627
G1 X17.691 Y21.627
G1 X17.311 Y21.817
G1 X16.932 Y21.912
G1 X16.505 Y22.434
M5
G0 X16.742 Y22.623 F2500
M3 S320
G1 F1000
G1 X16.742 Y22.766
G1 X16.837 Y22.861
G1 X17.501 Y23.098
G1 X18.355 Y23.098
G1 X18.545 Y23.050
G1 X18.734 Y22.908
G1 X18.687 Y22.718
G1 X18.497 Y22.718
G1 X18.118 Y22.576
G1 X17.311 Y22.529
M5
G0 X17.501 Y22.529 F2500
M3 S320
G1 F1000
G1 X17.975 Y22.576
G1 X18.213 Y22.291
G1 X18.497 Y22.149
G1 X18.592 Y22.054
G1 X18.592 Y21.912
G1 X18.971 Y21.201
G1 X18.829 Y21.201
G1 X18.402 Y21.438
G1 X18.118 Y21.675
G1 X17.928 Y21.722
G1 X17.454 Y22.386
M5
G0 X18.023 Y22.529 F2500
M3 S320
G1 F1000
G1 X18.497 Y22.718
G1 X18.877 Y22.718
G1 X19.256 Y22.623
G1 X19.730 Y22.386
G1 X19.683 Y22.102
G1 X19.541 Y22.149
G1 X19.161 Y22.054
G1 X18.592 Y22.102
G1 X18.307 Y22.244
M5
G0 X18.734 Y22.102 F2500
M3 S320
G1 F1000
G1 X18.971 Y22.102
G1 X19.209 Y21.959
G1 X19.446 Y21.627
G1 X19.541 Y21.343
G1 X19.778 Y21.058
G1 X19.730 Y20.916
G1 X19.541 Y20.963
G1 X19.209 Y21.248
G1 X19.066 Y21.248
G1 X18.592 Y21.959
M5
G0 X19.256 Y22.102 F2500
M3 S320
G1 F1000
G1 X19.541 Y22.149
G1 X19.730 Y22.102
G1 X19.778 Y22.197
G1 X20.442 Y21.817
G1 X20.774 Y21.533
G1 X20.726 Y21.438
G1 X20.584 Y21.390
G1 X20.205 Y21.533
G1 X19.967 Y21.533
G1 X19.778 Y21.675
G1 X19.635 Y21.675
G1 X19.778 Y21.675
G1 X19.920 Y21.580
G1 X20.347 Y21.058
G1 X20.489 Y20.963
G1 X20.489 Y20.821
G1 X20.774 Y20.252
G1 X20.679 Y20.062
G1 X20.537 Y20.062
G1 X19.920 Y20.821
G1 X19.825 Y20.869
G1 X19.778 Y21.058
G1 X19.588 Y21.295
G1 X19.351 Y21.722
G1 X19.351 Y21.817
G1 X19.161 Y22.007
M5
G0 X20.015 Y21.438 F2500
M3 S320
G1 F1000
G1 X20.062 Y21.533
G1 X20.205 Y21.533
G1 X20.679 Y21.390
G1 X20.726 Y21.295
G1 X21.201 Y20.963
G1 X21.058 Y20.821
G1 X20.489 Y20.963
M5
G0 X20.537 Y20.963 F2500
M3 S320
G1 F1000
G1 X20.774 Y20.916
G1 X20.916 Y20.821
G1 X21.153 Y20.821
G1 X21.295 Y20.726
G1 X21.390 Y20.442
G1 X21.675 Y20.062
G1 X21.770 Y19.730
G1 X21.675 Y19.588
G1 X20.726 Y20.299
G1 X20.489 Y20.821
M5
G0 X22.197 Y23.667 F2500
M3 S320
G1 F1000
G1 X22.908 Y22.813
G1 X24.046 Y21.627
G1 X25.327 Y20.489
G1 X26.560 Y19.493
G1 X26.513 Y19.303
G1 X26.038 Y18.734
G1 X25.279 Y17.549
G1 X24.426 Y15.841
G1 X23.762 Y14.229
G1 X23.335 Y12.948
G1 X22.955 Y11.478
G1 X22.861 Y10.861
G1 X22.955 Y11.478
G1 X23.477 Y13.375
G1 X23.572 Y13.517
G1 X23.572 Y13.659
G1 X24.189 Y15.272
G1 X25.185 Y17.359
G1 X25.991 Y18.639
G1 X26.560 Y19.351
G1 X26.560 Y19.493
G1 X24.189 Y21.533
G1 X23.287 Y22.434
M5
G0 X23.619 Y22.529 F2500
M3 S320
G1 F1000
G1 X25.090 Y21.106
G1 X26.370 Y20.015
G1 X26.845 Y19.683
G1 X27.034 Y19.446
G1 X26.133 Y18.307
G1 X25.517 Y17.311
G1 X24.805 Y15.936
G1 X24.236 Y14.513
G1 X24.805 Y15.889
G1 X25.611 Y17.454
G1 X26.323 Y18.545
G1 X27.034 Y19.398
G1 X26.987 Y19.588
G1 X25.279 Y20.963
M5
G0 X23.857 Y13.517 F2500
M3 S320
G1 F1000
G1 X23.477 Y12.284
G1 X23.382 Y11.762
G1 X23.477 Y12.284
M5
G0 X17.549 Y23.287 F2500
M3 S320
G1 F1000
G1 X17.549 Y23.145
G1 X17.454 Y23.050
G1 X17.027 Y22.955
G1 X16.790 Y22.813
G1 X16.173 Y23.003
G1 X16.505 Y23.240
G1 X16.932 Y23.240
G1 X17.217 Y23.335
M5
G0 X16.363 Y24.046 F2500
M3 S320
G1 F1000
G1 X16.363 Y24.236
G1 X16.600 Y24.189
M5
G0 X17.169 Y24.521 F2500
M3 S320
G1 F1000
G1 X17.027 Y24.378
G1 X16.837 Y24.331
G1 X16.742 Y24.236
G1 X16.600 Y24.283
G1 X16.363 Y24.236
G1 X16.031 Y23.904
G1 X15.225 Y23.572
G1 X15.082 Y23.572
G1 X14.987 Y23.477
G1 X14.940 Y23.762
G1 X15.082 Y23.951
G1 X15.082 Y24.046
G1 X15.699 Y24.473
G1 X15.936 Y24.473
G1 X16.458 Y24.615
G1 X16.885 Y24.615
M5
G0 X15.651 Y24.521 F2500
M3 S320
G1 F1000
G1 X15.604 Y24.378
G1 X15.367 Y24.283
G1 X15.130 Y24.094
G1 X14.703 Y24.094
G1 X14.418 Y23.999
G1 X14.229 Y24.046
G1 X14.466 Y24.331
G1 X14.798 Y24.473
G1 X15.225 Y24.568
M5
G0 X15.082 Y24.046 F2500
M3 S320
G1 F1000
G1 X15.082 Y23.951
G1 X14.940 Y23.762
G1 X14.893 Y23.430
G1 X14.466 Y23.240
G1 X13.897 Y23.193
G1 X13.612 Y23.240
G1 X13.612 Y23.382
G1 X13.707 Y23.525
G1 X14.229 Y24.046
G1 X14.418 Y23.999
G1 X14.703 Y24.094
M5
G0 X14.323 Y24.426 F2500
M3 S320
G1 F1000
G1 X14.371 Y24.283
G1 X14.276 Y24.189
G1 X14.276 Y24.094
G1 X13.802 Y23.667
G1 X13.612 Y23.382
G1 X13.185 Y23.193
G1 X13.422 Y23.193
G1 X13.517 Y23.145
G1 X13.470 Y23.050
G1 X13.612 Y23.193
G1 X13.944 Y23.240
G1 X14.466 Y23.193
G1 X14.466 Y23.098
G1 X14.323 Y22.955
G1 X13.802 Y22.671
G1 X13.659 Y22.481
G1 X13.517 Y22.481
G1 X13.375 Y22.339
G1 X13.233 Y22.291
G1 X12.853 Y22.386
G1 X12.853 Y22.529
G1 X12.948 Y22.671
G1 X13.233 Y22.813
G1 X13.280 Y22.908
G1 X12.948 Y22.671
G1 X12.569 Y22.623
G1 X11.905 Y22.671
G1 X11.905 Y22.766
G1 X12.047 Y22.955
G1 X12.237 Y22.955
G1 X12.331 Y23.050
G1 X12.806 Y23.240
G1 X13.517 Y24.094
M5
G0 X13.422 Y24.094 F2500
M3 S320
G1 F1000
G1 X13.327 Y23.857
G1 X12.806 Y23.240
G1 X12.189 Y22.955
G1 X12.047 Y23.003
G1 X12.094 Y23.193
G1 X12.284 Y23.477
G1 X13.233 Y24.094
M5
G0 X13.612 Y23.287 F2500
M3 S320
G1 F1000
G1 X13.517 Y23.145
G1 X13.422 Y23.240
M5
G0 X15.414 Y23.335 F2500
M3 S320
G1 F1000
G1 X15.367 Y23.145
G1 X14.845 Y22.861
G1 X14.703 Y22.623
G1 X14.276 Y22.481
G1 X13.754 Y22.481
G1 X13.802 Y22.671
G1 X14.276 Y22.908
G1 X14.561 Y23.287
G1 X14.940 Y23.477
M5
G0 X15.651 Y23.335 F2500
M3 S320
G1 F1000
G1 X15.746 Y23.430
G1 X16.553 Y23.382
G1 X16.505 Y23.240
G1 X16.410 Y23.335
M5
G0 X14.276 Y21.390 F2500
M3 S320
G1 F1000
G1 X14.371 Y21.627
G1 X14.798 Y21.865
G1 X14.940 Y22.054
G1 X15.604 Y22.197
G1 X16.173 Y22.007
G1 X16.268 Y21.865
G1 X16.173 Y21.770
G1 X15.936 Y21.770
G1 X15.699 Y21.627
G1 X15.462 Y21.580
G1 X15.983 Y21.770
G1 X16.173 Y21.770
G1 X16.315 Y21.865
G1 X16.600 Y21.817
G1 X16.695 Y21.675
G1 X17.027 Y21.580
G1 X17.122 Y21.438
G1 X16.742 Y21.390
G1 X16.363 Y21.153
G1 X15.225 Y21.201
G1 X15.130 Y21.295
M5
G0 X13.090 Y20.537 F2500
M3 S320
G1 F1000
G1 X12.948 Y20.110
G1 X12.569 Y20.062
G1 X12.379 Y19.920
G1 X11.573 Y20.015
G1 X11.620 Y20.299
G1 X12.094 Y20.584
G1 X12.711 Y20.631
M5
G0 X12.142 Y20.679 F2500
M3 S320
G1 F1000
G1 X12.331 Y20.869
G1 X12.806 Y21.058
G1 X13.802 Y21.011
G1 X13.754 Y20.821
G1 X13.659 Y20.726
G1 X13.185 Y20.584
G1 X12.711 Y20.631
G1 X12.331 Y20.584
M5
G0 X13.707 Y25.469 F2500
M3 S320
G1 F1000
G1 X13.659 Y25.327
G1 X12.663 Y24.663
G1 X11.667 Y23.809
G1 X10.956 Y23.098
G1 X10.909 Y22.955
G1 X10.434 Y22.529
G1 X9.960 Y21.912
G1 X9.818 Y21.865
G1 X9.249 Y21.248
G1 X8.917 Y20.679
G1 X8.679 Y20.584
G1 X8.347 Y20.252
G1 X7.968 Y19.635
G1 X7.636 Y18.971
G1 X7.636 Y18.877
G1 X8.205 Y20.015
G1 X8.490 Y20.394
G1 X8.774 Y20.631
G1 X8.822 Y20.442
G1 X8.585 Y19.967
G1 X8.490 Y19.541
G1 X8.063 Y19.066
G1 X7.968 Y18.687
G1 X7.494 Y18.213
G1 X7.257 Y18.213
G1 X7.304 Y18.592
G1 X7.209 Y18.070
G1 X6.735 Y17.311
G1 X6.687 Y16.932
G1 X6.450 Y16.647
G1 X5.407 Y14.798
G1 X5.217 Y14.798
G1 X5.170 Y14.987
G1 X5.217 Y15.177
G1 X5.359 Y15.367
G1 X5.359 Y15.509
G1 X5.454 Y15.604
G1 X5.549 Y15.889
G1 X5.691 Y15.983
G1 X6.261 Y17.122
G1 X6.545 Y18.070
G1 X6.735 Y18.213
G1 X7.351 Y19.446
G1 X7.446 Y19.778
G1 X7.968 Y20.821
G1 X8.110 Y20.869
G1 X8.347 Y21.295
G1 X8.774 Y21.865
G1 X9.865 Y23.098
G1 X11.098 Y24.141
G1 X12.331 Y24.947
G1 X13.565 Y25.517
M5
G0 X10.482 Y25.611 F2500
M3 S320
G1 F1000
G1 X10.577 Y25.469
G1 X9.818 Y24.615
G1 X8.822 Y23.098
G1 X8.490 Y22.434
G1 X8.158 Y21.485
G1 X7.921 Y21.011
G1 X7.921 Y20.726
G1 X7.446 Y19.778
G1 X7.351 Y19.446
G1 X6.735 Y18.213
G1 X6.498 Y18.165
G1 X6.593 Y19.683
G1 X6.735 Y19.825
G1 X6.593 Y19.730
G1 X6.545 Y20.062
G1 X6.593 Y20.110
G1 X6.593 Y20.489
G1 X6.830 Y20.821
G1 X7.067 Y21.485
G1 X7.494 Y22.339
G1 X8.015 Y23.193
G1 X8.869 Y24.236
G1 X9.818 Y25.137
M5
G0 X17.643 Y28.173 F2500
M3 S320
G1 F1000
G1 X16.268 Y28.030
G1 X14.987 Y28.030
G1 X16.315 Y28.030
M5
G0 X19.398 Y27.793 F2500
M3 S320
G1 F1000
G1 X19.256 Y28.078
G1 X18.971 Y28.125
G1 X18.118 Y27.935
G1 X16.647 Y27.746
G1 X13.849 Y27.698
G1 X16.647 Y27.746
G1 X17.833 Y27.888
G1 X18.971 Y28.125
G1 X19.161 Y28.125
M5
G0 X19.398 Y28.315 F2500
M3 S320
G1 F1000
G1 X19.351 Y28.410
G1 X19.066 Y28.457
G1 X18.260 Y28.267
G1 X17.738 Y28.220
G1 X18.260 Y28.267
G1 X19.066 Y28.457
G1 X19.256 Y28.457
M5
G0 X22.766 Y28.362 F2500
M3 S320
G1 F1000
G1 X22.861 Y28.267
G1 X22.955 Y28.267
G1 X23.050 Y28.362
G1 X22.955 Y28.362
G1 X22.908 Y28.315
G1 X22.766 Y28.362
G1 X22.861 Y28.267
M5
G0 X23.193 Y28.505 F2500
M3 S320
G1 F1000
G1 X22.908 Y28.362
G1 X22.576 Y28.457
G1 X22.861 Y28.220
G1 X22.955 Y28.220
G1 X23.193 Y28.505
G1 X22.908 Y28.362
M5
G0 X23.477 Y30.591 F2500
M3 S320
G1 F1000
G1 X23.667 Y30.402
G1 X23.762 Y30.497
G1 X23.477 Y30.591
G1 X23.667 Y30.402
M5
G0 X24.995 Y32.014 F2500
M3 S320
G1 F1000
G1 X25.090 Y31.825
G1 X25.137 Y31.919
G1 X24.995 Y32.014
G1 X25.090 Y31.825
M5
G0 X24.615 Y32.346 F2500
M3 S320
G1 F1000
G1 X24.947 Y32.014
G1 X25.042 Y31.825
G1 X25.042 Y31.682
G1 X25.185 Y31.919
G1 X24.805 Y32.157
G1 X24.615 Y32.346
G1 X24.947 Y32.014
M5
G0 X23.619 Y32.915 F2500
M3 S320
G1 F1000
G1 X23.287 Y33.105
G1 X23.145 Y32.821
G1 X21.580 Y30.686
G1 X20.869 Y29.975
G1 X21.201 Y29.738
G1 X21.295 Y29.833
G1 X21.390 Y30.022
G1 X21.865 Y30.639
G1 X22.529 Y31.303
G1 X22.481 Y31.445
G1 X23.098 Y32.346
G1 X23.619 Y32.915
G1 X23.287 Y33.105
M5
G0 X23.335 Y33.153 F2500
M3 S320
G1 F1000
G1 X23.240 Y33.105
G1 X23.098 Y32.821
G1 X21.533 Y30.686
G1 X20.821 Y29.975
G1 X21.248 Y29.643
G1 X21.248 Y29.738
G1 X21.722 Y30.402
G1 X22.576 Y31.303
G1 X22.529 Y31.445
G1 X23.619 Y32.963
G1 X23.335 Y33.153
G1 X23.240 Y33.105
M5
G0 X23.335 Y33.200 F2500
M3 S320
G1 F1000
G1 X23.193 Y33.105
G1 X23.050 Y32.821
G1 X21.485 Y30.686
G1 X20.774 Y29.975
G1 X21.295 Y29.548
G1 X21.295 Y29.738
G1 X21.959 Y30.639
G1 X22.623 Y31.303
G1 X22.576 Y31.445
G1 X23.193 Y32.346
G1 X23.714 Y32.915
G1 X23.335 Y33.200
G1 X23.193 Y33.105
M5
G0 X23.335 Y33.247 F2500
M3 S320
G1 F1000
G1 X23.240 Y33.247
G1 X23.003 Y32.821
G1 X21.438 Y30.686
G1 X20.726 Y29.927
G1 X21.390 Y29.453
G1 X21.343 Y29.738
G1 X22.007 Y30.639
G1 X22.718 Y31.255
G1 X22.623 Y31.350
G1 X22.623 Y31.445
G1 X23.240 Y32.346
G1 X23.809 Y32.915
G1 X23.335 Y33.247
G1 X23.240 Y33.247
M5
G0 X23.193 Y33.390 F2500
M3 S320
G1 F1000
G1 X23.240 Y33.295
G1 X22.955 Y32.821
G1 X21.390 Y30.686
G1 X20.726 Y29.880
G1 X21.153 Y29.595
G1 X21.817 Y29.026
G1 X21.438 Y29.406
G1 X21.390 Y29.501
G1 X21.390 Y29.738
G1 X22.054 Y30.639
G1 X22.671 Y31.255
G1 X23.003 Y31.018
G1 X23.667 Y30.307
G1 X23.857 Y30.544
G1 X23.667 Y30.544
G1 X23.287 Y30.734
G1 X22.671 Y31.350
G1 X22.671 Y31.445
G1 X23.287 Y32.346
G1 X23.857 Y32.915
G1 X23.193 Y33.390
G1 X23.240 Y33.295
M5
G0 X22.955 Y33.579 F2500
M3 S320
G1 F1000
G1 X23.193 Y33.295
G1 X22.908 Y32.821
G1 X21.343 Y30.686
G1 X20.631 Y29.975
G1 X20.537 Y29.975
G1 X21.153 Y29.548
G1 X21.817 Y28.979
G1 X22.671 Y28.362
G1 X22.861 Y28.173
G1 X22.955 Y28.173
G1 X23.525 Y28.789
G1 X23.382 Y28.647
G1 X23.050 Y28.457
G1 X22.908 Y28.410
G1 X22.623 Y28.457
G1 X22.197 Y28.694
G1 X21.485 Y29.406
G1 X21.438 Y29.501
G1 X21.438 Y29.738
G1 X22.102 Y30.639
G1 X22.671 Y31.208
G1 X23.003 Y30.971
G1 X23.667 Y30.259
G1 X23.999 Y30.686
G1 X23.857 Y30.591
G1 X23.667 Y30.591
G1 X23.430 Y30.686
G1 X22.718 Y31.350
G1 X22.718 Y31.445
G1 X23.335 Y32.346
G1 X23.904 Y32.868
G1 X24.283 Y32.631
G1 X24.900 Y32.014
G1 X24.995 Y31.825
G1 X24.995 Y31.540
G1 X25.232 Y31.919
G1 X24.805 Y32.204
G1 X23.619 Y33.153
G1 X22.955 Y33.579
G1 X23.193 Y33.295
M5
G0 X22.908 Y33.627 F2500
M3 S320
G1 F1000
G1 X23.145 Y33.295
G1 X22.386 Y32.157
G1 X21.295 Y30.686
G1 X20.631 Y30.022
G1 X20.347 Y30.070
G1 X21.153 Y29.501
G1 X21.817 Y28.931
G1 X22.671 Y28.315
G1 X22.861 Y28.125
G1 X22.955 Y28.125
G1 X23.572 Y28.837
G1 X23.050 Y28.505
G1 X22.908 Y28.457
G1 X22.623 Y28.505
G1 X22.197 Y28.742
G1 X21.533 Y29.406
G1 X21.485 Y29.501
G1 X21.485 Y29.738
G1 X22.149 Y30.639
G1 X22.671 Y31.161
G1 X23.003 Y30.923
G1 X23.572 Y30.354
G1 X23.619 Y30.117
G1 X23.762 Y30.354
G1 X23.951 Y30.544
G1 X24.141 Y30.876
G1 X23.857 Y30.639
G1 X23.525 Y30.686
G1 X23.287 Y30.829
G1 X22.766 Y31.350
G1 X22.766 Y31.445
G1 X23.382 Y32.346
G1 X23.904 Y32.821
G1 X24.283 Y32.583
G1 X24.853 Y32.014
G1 X24.947 Y31.825
G1 X24.947 Y31.493
G1 X24.853 Y31.208
G1 X25.279 Y31.919
G1 X23.619 Y33.200
G1 X23.050 Y33.579
G1 X22.908 Y33.627
G1 X23.145 Y33.295
M5
G0 X22.955 Y33.674 F2500
M3 S320
G1 F1000
G1 X22.861 Y33.579
G1 X23.098 Y33.295
G1 X22.339 Y32.157
G1 X21.248 Y30.686
G1 X20.631 Y30.070
G1 X20.205 Y30.117
G1 X21.153 Y29.453
G1 X21.817 Y28.884
G1 X22.671 Y28.267
G1 X22.861 Y28.078
G1 X22.955 Y28.078
G1 X23.619 Y28.789
G1 X23.619 Y28.884
G1 X23.525 Y28.884
G1 X23.240 Y28.647
G1 X22.908 Y28.505
G1 X22.623 Y28.552
G1 X22.197 Y28.789
G1 X21.580 Y29.406
G1 X21.533 Y29.501
G1 X21.533 Y29.738
G1 X22.197 Y30.639
G1 X22.671 Y31.113
G1 X23.003 Y30.876
G1 X23.525 Y30.354
G1 X23.572 Y30.259
G1 X23.525 Y29.927
G1 X23.619 Y30.022
G1 X23.809 Y30.354
G1 X24.094 Y30.686
G1 X24.189 Y30.923
G1 X23.857 Y30.686
G1 X23.525 Y30.734
G1 X23.287 Y30.876
G1 X22.813 Y31.350
G1 X22.813 Y31.445
G1 X23.430 Y32.346
G1 X23.904 Y32.773
G1 X24.283 Y32.536
G1 X24.805 Y32.014
G1 X24.900 Y31.825
G1 X24.900 Y31.493
G1 X24.805 Y31.161
G1 X24.900 Y31.208
G1 X25.327 Y31.919
G1 X25.137 Y32.109
G1 X24.805 Y32.299
G1 X23.619 Y33.247
G1 X22.955 Y33.674
G1 X22.861 Y33.579
M5
G0 X22.861 Y33.722 F2500
M3 S320
G1 F1000
G1 X22.813 Y33.579
G1 X23.050 Y33.295
G1 X22.766 Y32.821
G1 X21.201 Y30.686
G1 X20.631 Y30.117
G1 X20.394 Y30.117
G1 X20.205 Y30.212
G1 X20.157 Y30.117
G1 X21.153 Y29.406
G1 X21.817 Y28.837
G1 X22.671 Y28.220
G1 X22.861 Y28.030
G1 X22.955 Y28.030
G1 X23.667 Y28.789
G1 X23.619 Y28.931
G1 X23.525 Y28.931
G1 X23.240 Y28.694
G1 X22.908 Y28.552
G1 X22.623 Y28.599
G1 X22.197 Y28.837
G1 X21.627 Y29.406
G1 X21.580 Y29.501
G1 X21.580 Y29.738
G1 X22.244 Y30.639
G1 X22.671 Y31.066
G1 X23.003 Y30.829
G1 X23.477 Y30.354
G1 X23.525 Y30.259
G1 X23.525 Y30.070
G1 X23.430 Y29.880
G1 X23.572 Y29.880
G1 X23.857 Y30.354
G1 X24.141 Y30.686
G1 X24.141 Y30.971
G1 X23.857 Y30.734
G1 X23.525 Y30.781
G1 X23.287 Y30.923
G1 X22.861 Y31.350
G1 X22.861 Y31.445
G1 X23.477 Y32.346
G1 X23.904 Y32.726
G1 X24.283 Y32.489
G1 X24.758 Y32.014
G1 X24.853 Y31.825
G1 X24.853 Y31.493
G1 X24.758 Y31.255
G1 X24.758 Y31.113
G1 X24.900 Y31.113
G1 X24.947 Y31.255
G1 X25.279 Y31.730
G1 X25.374 Y31.967
G1 X24.805 Y32.346
G1 X23.619 Y33.295
G1 X23.050 Y33.674
G1 X22.861 Y33.722
G1 X22.813 Y33.579
M5
G0 X22.861 Y33.817 F2500
M3 S320
G1 F1000
G1 X22.766 Y33.579
G1 X23.003 Y33.295
G1 X22.718 Y32.821
G1 X21.153 Y30.686
G1 X20.631 Y30.165
G1 X20.394 Y30.165
G1 X20.157 Y30.259
G1 X20.110 Y30.117
G1 X21.153 Y29.358
G1 X21.817 Y28.789
G1 X22.671 Y28.173
G1 X22.861 Y27.983
G1 X22.955 Y27.983
G1 X23.714 Y28.789
G1 X23.714 Y28.884
G1 X23.619 Y28.979
G1 X23.525 Y28.979
G1 X23.240 Y28.742
G1 X22.908 Y28.599
G1 X22.623 Y28.647
G1 X22.197 Y28.884
G1 X21.675 Y29.406
G1 X21.627 Y29.501
G1 X21.627 Y29.738
G1 X22.291 Y30.639
G1 X22.671 Y31.018
G1 X23.003 Y30.781
G1 X23.430 Y30.354
G1 X23.477 Y30.259
G1 X23.477 Y30.070
G1 X23.382 Y29.880
G1 X23.619 Y29.880
G1 X23.904 Y30.354
G1 X24.189 Y30.686
G1 X24.283 Y30.876
G1 X24.283 Y30.971
G1 X24.141 Y31.018
G1 X23.857 Y30.781
G1 X23.525 Y30.829
G1 X23.287 Y30.971
G1 X22.908 Y31.350
G1 X22.908 Y31.445
G1 X23.525 Y32.346
G1 X23.904 Y32.678
G1 X24.283 Y32.441
G1 X24.710 Y32.014
G1 X24.805 Y31.825
G1 X24.805 Y31.493
G1 X24.710 Y31.255
G1 X24.758 Y31.066
G1 X24.947 Y31.113
G1 X25.137 Y31.493
G1 X25.327 Y31.730
G1 X25.374 Y32.014
G1 X24.805 Y32.394
G1 X23.619 Y33.342
G1 X22.861 Y33.817
G1 X22.766 Y33.579
M5
G0 X22.861 Y33.864 F2500
M3 S320
G1 F1000
G1 X22.718 Y33.579
G1 X22.955 Y33.295
G1 X22.671 Y32.821
G1 X21.106 Y30.686
G1 X20.631 Y30.212
G1 X20.110 Y30.259
G1 X20.062 Y30.070
G1 X20.252 Y29.975
G1 X21.153 Y29.311
G1 X21.817 Y28.742
G1 X22.671 Y28.125
G1 X22.861 Y27.935
G1 X22.955 Y27.935
G1 X23.762 Y28.789
G1 X23.762 Y28.884
G1 X23.619 Y29.026
G1 X23.525 Y29.026
G1 X23.240 Y28.789
G1 X22.908 Y28.647
G1 X22.623 Y28.694
G1 X22.197 Y28.931
G1 X21.722 Y29.406
G1 X21.675 Y29.501
G1 X21.675 Y29.738
G1 X22.339 Y30.639
G1 X22.671 Y30.971
G1 X23.003 Y30.734
G1 X23.382 Y30.354
G1 X23.430 Y30.259
G1 X23.430 Y30.070
G1 X23.335 Y29.833
G1 X23.572 Y29.785
G1 X23.667 Y29.880
G1 X23.951 Y30.354
G1 X24.236 Y30.686
G1 X24.331 Y30.876
G1 X24.283 Y31.018
G1 X24.141 Y31.066
G1 X23.951 Y30.876
G1 X23.857 Y30.829
G1 X23.667 Y30.829
G1 X23.287 Y31.018
G1 X22.955 Y31.350
G1 X22.955 Y31.445
G1 X23.572 Y32.346
G1 X23.904 Y32.631
G1 X24.283 Y32.394
G1 X24.663 Y32.014
G1 X24.758 Y31.825
G1 X24.758 Y31.493
G1 X24.615 Y31.066
G1 X24.900 Y31.018
G1 X24.995 Y31.113
G1 X25.374 Y31.730
G1 X25.469 Y31.967
G1 X25.137 Y32.251
G1 X24.805 Y32.441
G1 X23.619 Y33.390
G1 X22.861 Y33.864
G1 X22.718 Y33.579
M5
G0 X22.813 Y33.911 F2500
M3 S320
G1 F1000
G1 X22.671 Y33.579
G1 X22.908 Y33.295
G1 X22.623 Y32.821
G1 X21.058 Y30.686
G1 X20.631 Y30.259
G1 X20.394 Y30.259
G1 X20.205 Y30.354
G1 X20.110 Y30.354
G1 X20.062 Y30.259
G1 X20.062 Y30.022
G1 X21.153 Y29.263
G1 X21.817 Y28.694
G1 X22.671 Y28.078
G1 X22.861 Y27.888
G1 X22.955 Y27.888
G1 X23.809 Y28.789
G1 X23.809 Y28.884
G1 X23.619 Y29.074
G1 X23.525 Y29.074
G1 X23.240 Y28.837
G1 X22.908 Y28.694
G1 X22.623 Y28.742
G1 X22.197 Y28.979
G1 X21.770 Y29.406
G1 X21.722 Y29.501
G1 X21.722 Y29.738
G1 X22.197 Y30.402
G1 X22.671 Y30.923
G1 X23.003 Y30.686
G1 X23.335 Y30.354
G1 X23.382 Y30.259
G1 X23.335 Y29.785
G1 X23.430 Y29.738
G1 X23.619 Y29.738
G1 X23.999 Y30.354
G1 X24.283 Y30.686
G1 X24.378 Y30.876
G1 X24.378 Y30.971
G1 X24.283 Y31.066
G1 X24.141 Y31.113
G1 X23.857 Y30.876
G1 X23.525 Y30.923
G1 X23.287 Y31.066
G1 X23.003 Y31.350
G1 X23.003 Y31.445
G1 X23.619 Y32.346
G1 X23.904 Y32.583
G1 X24.283 Y32.346
G1 X24.615 Y32.014
G1 X24.710 Y31.825
G1 X24.710 Y31.493
G1 X24.568 Y31.066
G1 X24.758 Y30.971
G1 X24.947 Y30.971
G1 X25.422 Y31.730
G1 X25.517 Y31.967
G1 X25.137 Y32.299
G1 X24.805 Y32.489
G1 X23.619 Y33.437
G1 X23.050 Y33.817
G1 X22.813 Y33.911
G1 X22.671 Y33.579
M5
G0 X22.861 Y33.959 F2500
M3 S320
G1 F1000
G1 X22.766 Y33.911
G1 X22.623 Y33.579
G1 X22.861 Y33.295
G1 X21.580 Y31.445
G1 X21.011 Y30.686
G1 X20.631 Y30.307
G1 X20.394 Y30.307
G1 X20.205 Y30.402
G1 X20.062 Y30.354
G1 X19.967 Y30.070
G1 X21.153 Y29.216
G1 X22.861 Y27.841
G1 X23.003 Y27.841
G1 X23.857 Y28.789
G1 X23.857 Y28.884
G1 X23.619 Y29.121
G1 X23.525 Y29.121
G1 X23.240 Y28.884
G1 X22.908 Y28.742
G1 X22.623 Y28.789
G1 X22.197 Y29.026
G1 X21.817 Y29.406
G1 X21.770 Y29.501
G1 X21.770 Y29.738
G1 X22.244 Y30.402
G1 X22.671 Y30.876
G1 X23.003 Y30.639
G1 X23.287 Y30.354
G1 X23.335 Y30.259
G1 X23.335 Y30.070
G1 X23.240 Y29.833
G1 X23.430 Y29.690
G1 X23.667 Y29.738
G1 X24.046 Y30.354
G1 X24.331 Y30.686
G1 X24.426 Y30.876
G1 X24.426 Y30.971
G1 X24.283 Y31.113
G1 X24.141 Y31.161
G1 X23.857 Y30.923
G1 X23.525 Y30.971
G1 X23.287 Y31.113
G1 X23.050 Y31.350
G1 X23.050 Y31.445
G1 X23.667 Y32.346
G1 X23.904 Y32.536
G1 X24.283 Y32.299
G1 X24.568 Y32.014
G1 X24.663 Y31.825
G1 X24.663 Y31.493
G1 X24.521 Y31.066
G1 X24.615 Y30.971
G1 X24.758 Y30.923
G1 X24.995 Y30.971
G1 X25.469 Y31.730
G1 X25.564 Y31.967
G1 X25.137 Y32.346
G1 X24.805 Y32.536
G1 X23.619 Y33.485
G1 X22.861 Y33.959
G1 X22.766 Y33.911
M5
G0 X20.726 Y35.002 F2500
M3 S320
G1 F1000
G1 X20.916 Y34.765
G1 X20.916 Y34.670
G1 X21.011 Y34.528
G1 X21.058 Y34.718
G1 X20.726 Y35.002
G1 X20.916 Y34.765
M5
G0 X20.489 Y35.192 F2500
M3 S320
G1 F1000
G1 X20.869 Y34.765
G1 X20.963 Y34.528
G1 X20.963 Y34.338
G1 X21.106 Y34.718
G1 X20.726 Y35.050
G1 X20.489 Y35.192
G1 X20.869 Y34.765
M5
G0 X20.252 Y35.382 F2500
M3 S320
G1 F1000
G1 X20.821 Y34.765
G1 X20.916 Y34.528
G1 X20.963 Y34.149
G1 X21.153 Y34.718
G1 X20.726 Y35.097
G1 X20.252 Y35.382
G1 X20.821 Y34.765
M5
G0 X19.351 Y35.761 F2500
M3 S320
G1 F1000
G1 X19.161 Y35.761
G1 X19.114 Y35.809
G1 X18.497 Y35.809
G1 X18.070 Y35.714
G1 X17.454 Y35.429
G1 X17.122 Y35.145
G1 X16.932 Y34.860
G1 X16.695 Y34.338
G1 X16.553 Y33.532
G1 X16.600 Y33.010
G1 X16.695 Y32.678
G1 X17.074 Y32.062
G1 X17.311 Y31.825
G1 X17.833 Y31.493
G1 X17.359 Y31.967
G1 X17.074 Y32.536
G1 X17.027 Y32.726
G1 X17.027 Y33.200
G1 X17.169 Y33.817
G1 X17.406 Y34.291
G1 X17.738 Y34.765
G1 X18.402 Y35.429
G1 X18.971 Y35.761
G1 X19.351 Y35.761
G1 X19.161 Y35.761
M5
G0 X18.924 Y35.761 F2500
M3 S320
G1 F1000
G1 X18.497 Y35.761
G1 X18.070 Y35.666
G1 X17.311 Y35.287
G1 X16.979 Y34.860
G1 X16.695 Y34.196
G1 X16.600 Y33.342
G1 X16.742 Y32.678
G1 X17.122 Y32.062
G1 X17.311 Y31.872
G1 X17.596 Y31.682
G1 X17.311 Y31.967
G1 X17.027 Y32.536
G1 X16.979 Y32.726
G1 X16.979 Y33.200
G1 X17.074 Y33.674
G1 X17.359 Y34.291
G1 X17.691 Y34.765
G1 X18.402 Y35.477
G1 X18.592 Y35.619
G1 X18.924 Y35.761
G1 X18.497 Y35.761
M5
G0 X18.545 Y35.666 F2500
M3 S320
G1 F1000
G1 X18.070 Y35.571
G1 X17.311 Y35.192
G1 X16.932 Y34.575
G1 X16.742 Y33.959
G1 X16.695 Y33.342
G1 X16.790 Y32.821
G1 X17.027 Y32.346
G1 X16.885 Y32.726
G1 X16.885 Y33.200
G1 X17.027 Y33.817
G1 X17.264 Y34.291
G1 X17.596 Y34.765
G1 X18.402 Y35.571
G1 X18.545 Y35.666
G1 X18.070 Y35.571
M5
G0 X18.070 Y35.761 F2500
M3 S320
G1 F1000
G1 X17.311 Y35.382
G1 X17.074 Y35.145
G1 X16.885 Y34.860
G1 X16.647 Y34.338
G1 X16.553 Y33.959
G1 X16.505 Y33.342
G1 X16.600 Y32.821
G1 X16.790 Y32.394
G1 X17.027 Y32.062
G1 X17.311 Y31.777
G1 X17.738 Y31.493
G1 X18.118 Y31.303
G1 X18.782 Y31.066
G1 X19.398 Y30.923
G1 X19.493 Y31.208
G1 X19.920 Y31.967
G1 X20.394 Y32.441
G1 X19.351 Y33.010
G1 X19.256 Y33.105
G1 X19.019 Y33.200
G1 X19.398 Y32.821
G1 X19.446 Y32.583
G1 X19.019 Y31.777
G1 X18.497 Y31.255
G1 X18.307 Y31.255
G1 X17.881 Y31.493
G1 X17.406 Y31.967
G1 X17.169 Y32.394
G1 X17.074 Y32.726
G1 X17.074 Y33.200
G1 X17.217 Y33.817
G1 X17.454 Y34.291
G1 X17.786 Y34.765
G1 X18.402 Y35.382
G1 X18.971 Y35.714
G1 X19.588 Y35.714
G1 X19.778 Y35.666
G1 X20.110 Y35.477
G1 X20.774 Y34.765
G1 X20.916 Y34.291
G1 X20.916 Y33.911
G1 X21.201 Y34.718
G1 X20.584 Y35.239
G1 X20.015 Y35.571
G1 X19.683 Y35.714
G1 X19.114 Y35.856
G1 X18.497 Y35.856
G1 X18.070 Y35.761
G1 X17.311 Y35.382
M5
G0 X17.833 Y35.903 F2500
M3 S320
G1 F1000
G1 X17.311 Y35.619
G1 X16.837 Y35.145
G1 X16.647 Y34.860
G1 X16.410 Y34.338
G1 X16.315 Y33.959
G1 X16.268 Y33.532
G1 X16.315 Y33.010
G1 X16.410 Y32.678
G1 X16.553 Y32.394
G1 X16.979 Y31.825
G1 X17.311 Y31.540
G1 X17.738 Y31.255
G1 X18.355 Y30.971
G1 X19.114 Y30.734
G1 X19.493 Y30.686
G1 X19.588 Y30.734
G1 X19.683 Y31.113
G1 X20.157 Y31.967
G1 X20.394 Y32.204
G1 X20.537 Y32.204
G1 X20.584 Y32.157
G1 X20.774 Y32.204
G1 X20.821 Y32.489
G1 X20.442 Y32.631
G1 X18.971 Y33.485
G1 X18.877 Y33.390
G1 X18.782 Y33.153
G1 X19.161 Y32.821
G1 X19.209 Y32.583
G1 X18.782 Y31.777
G1 X18.497 Y31.493
G1 X18.307 Y31.493
G1 X17.881 Y31.730
G1 X17.643 Y31.967
G1 X17.406 Y32.394
G1 X17.311 Y32.726
G1 X17.311 Y33.200
G1 X17.454 Y33.817
G1 X17.691 Y34.291
G1 X18.023 Y34.765
G1 X18.402 Y35.145
G1 X18.971 Y35.477
G1 X19.588 Y35.477
G1 X19.778 Y35.429
G1 X20.110 Y35.239
G1 X20.442 Y34.907
G1 X20.631 Y34.528
G1 X20.679 Y34.291
G1 X20.679 Y33.674
G1 X20.774 Y33.627
G1 X21.058 Y33.674
G1 X21.058 Y33.769
G1 X21.295 Y34.243
G1 X21.438 Y34.670
G1 X21.438 Y34.813
G1 X21.201 Y34.955
G1 X20.584 Y35.477
G1 X20.015 Y35.809
G1 X19.683 Y35.951
G1 X19.114 Y36.093
G1 X18.497 Y36.093
G1 X17.833 Y35.903
G1 X17.311 Y35.619
M5
G0 X17.833 Y35.951 F2500
M3 S320
G1 F1000
G1 X17.311 Y35.666
G1 X17.027 Y35.429
G1 X16.600 Y34.860
G1 X16.363 Y34.338
G1 X16.268 Y33.959
G1 X16.221 Y33.532
G1 X16.268 Y33.010
G1 X16.363 Y32.678
G1 X16.505 Y32.394
G1 X16.932 Y31.825
G1 X17.311 Y31.493
G1 X17.738 Y31.208
G1 X18.355 Y30.923
G1 X19.114 Y30.686
G1 X19.493 Y30.639
G1 X19.588 Y30.686
G1 X19.683 Y30.876
G1 X19.730 Y31.113
G1 X20.205 Y31.967
G1 X20.394 Y32.157
G1 X20.726 Y32.109
G1 X20.821 Y32.204
G1 X20.916 Y32.441
G1 X20.821 Y32.536
G1 X20.442 Y32.678
G1 X19.256 Y33.390
G1 X18.924 Y33.532
G1 X18.829 Y33.390
G1 X18.782 Y33.105
G1 X19.114 Y32.821
G1 X19.161 Y32.583
G1 X18.734 Y31.777
G1 X18.497 Y31.540
G1 X18.307 Y31.540
G1 X17.881 Y31.777
G1 X17.691 Y31.967
G1 X17.454 Y32.394
G1 X17.359 Y32.726
G1 X17.359 Y33.200
G1 X17.501 Y33.817
G1 X17.738 Y34.291
G1 X18.070 Y34.765
G1 X18.592 Y35.239
G1 X18.971 Y35.429
G1 X19.588 Y35.429
G1 X19.778 Y35.382
G1 X20.110 Y35.192
G1 X20.394 Y34.907
G1 X20.584 Y34.528
G1 X20.631 Y34.291
G1 X20.631 Y33.627
G1 X20.726 Y33.627
G1 X20.774 Y33.579
G1 X21.011 Y33.579
G1 X21.106 Y33.674
G1 X21.485 Y34.670
G1 X21.438 Y34.860
G1 X21.201 Y35.002
G1 X20.726 Y35.429
G1 X19.920 Y35.903
G1 X19.541 Y36.046
G1 X19.114 Y36.141
G1 X18.497 Y36.141
G1 X17.833 Y35.951
G1 X17.311 Y35.666
M5
G0 X18.070 Y35.809 F2500
M3 S320
G1 F1000
G1 X17.311 Y35.429
G1 X17.027 Y35.145
G1 X16.837 Y34.860
G1 X16.600 Y34.338
G1 X16.505 Y33.959
G1 X16.458 Y33.342
G1 X16.553 Y32.821
G1 X16.742 Y32.394
G1 X16.979 Y32.062
G1 X17.311 Y31.730
G1 X17.738 Y31.445
G1 X18.118 Y31.255
G1 X18.782 Y31.018
G1 X19.446 Y30.876
G1 X19.493 Y31.113
G1 X19.967 Y31.967
G1 X20.394 Y32.394
G1 X20.631 Y32.346
G1 X19.256 Y33.153
G1 X18.971 Y33.200
G1 X19.351 Y32.821
G1 X19.398 Y32.583
G1 X18.971 Y31.777
G1 X18.497 Y31.303
G1 X18.307 Y31.303
G1 X17.881 Y31.540
G1 X17.454 Y31.967
G1 X17.217 Y32.394
G1 X17.122 Y32.726
G1 X17.122 Y33.200
G1 X17.264 Y33.817
G1 X17.501 Y34.291
G1 X17.833 Y34.765
G1 X18.402 Y35.334
G1 X18.971 Y35.666
G1 X19.588 Y35.666
G1 X19.778 Y35.619
G1 X20.110 Y35.429
G1 X20.726 Y34.765
G1 X20.821 Y34.528
G1 X20.916 Y33.817
G1 X21.106 Y34.243
G1 X21.248 Y34.765
G1 X20.584 Y35.287
G1 X20.015 Y35.619
G1 X19.541 Y35.809
G1 X19.114 Y35.903
G1 X18.497 Y35.903
G1 X18.070 Y35.809
G1 X17.311 Y35.429
M5
G0 X18.070 Y35.903 F2500
M3 S320
G1 F1000
G1 X17.311 Y35.524
G1 X16.932 Y35.145
G1 X16.742 Y34.860
G1 X16.505 Y34.338
G1 X16.410 Y33.959
G1 X16.363 Y33.342
G1 X16.458 Y32.821
G1 X16.647 Y32.394
G1 X17.074 Y31.825
G1 X17.738 Y31.350
G1 X18.355 Y31.066
G1 X19.114 Y30.829
G1 X19.493 Y30.781
G1 X19.588 Y31.113
G1 X20.062 Y31.967
G1 X20.394 Y32.299
G1 X20.584 Y32.251
G1 X20.726 Y32.299
G1 X20.774 Y32.394
G1 X20.442 Y32.536
G1 X18.971 Y33.390
G1 X18.877 Y33.200
G1 X19.256 Y32.821
G1 X19.303 Y32.583
G1 X18.877 Y31.777
G1 X18.497 Y31.398
G1 X18.307 Y31.398
G1 X17.881 Y31.635
G1 X17.549 Y31.967
G1 X17.311 Y32.394
G1 X17.217 Y32.726
G1 X17.217 Y33.200
G1 X17.359 Y33.817
G1 X17.596 Y34.291
G1 X17.928 Y34.765
G1 X18.402 Y35.239
G1 X18.971 Y35.571
G1 X19.588 Y35.571
G1 X19.778 Y35.524
G1 X20.110 Y35.334
G1 X20.537 Y34.907
G1 X20.726 Y34.528
G1 X20.774 Y34.291
G1 X20.774 Y33.722
G1 X20.963 Y33.722
G1 X21.201 Y34.243
G1 X21.343 Y34.765
G1 X20.584 Y35.382
G1 X20.015 Y35.714
G1 X19.683 Y35.856
G1 X19.114 Y35.998
G1 X18.497 Y35.998
G1 X18.070 Y35.903
G1 X17.311 Y35.524
M5
G0 X18.260 Y35.524 F2500
M3 S320
G1 F1000
G1 X17.833 Y35.382
G1 X17.454 Y35.192
G1 X17.169 Y34.860
G1 X16.885 Y34.196
G1 X16.790 Y33.532
G1 X16.790 Y33.342
G1 X16.837 Y33.247
G1 X16.885 Y33.674
G1 X17.169 Y34.291
G1 X17.501 Y34.765
G1 X18.260 Y35.524
G1 X17.833 Y35.382
M5
G0 X18.355 Y35.571 F2500
M3 S320
G1 F1000
G1 X18.070 Y35.524
G1 X17.454 Y35.239
G1 X17.311 Y35.145
G1 X17.122 Y34.860
G1 X16.885 Y34.338
G1 X16.790 Y33.959
G1 X16.742 Y33.342
G1 X16.837 Y32.821
G1 X16.837 Y33.200
G1 X16.932 Y33.674
G1 X17.217 Y34.291
G1 X17.549 Y34.765
G1 X18.355 Y35.571
G1 X18.070 Y35.524
M5
G0 X18.497 Y35.951 F2500
M3 S320
G1 F1000
G1 X18.070 Y35.856
G1 X17.454 Y35.571
G1 X16.979 Y35.145
G1 X16.790 Y34.860
G1 X16.505 Y34.196
G1 X16.410 Y33.532
G1 X16.458 Y33.010
G1 X16.553 Y32.678
G1 X16.695 Y32.394
G1 X16.932 Y32.062
G1 X17.311 Y31.682
G1 X17.738 Y31.398
G1 X18.118 Y31.208
G1 X18.782 Y30.971
G1 X19.351 Y30.829
G1 X19.493 Y30.876
G1 X19.541 Y31.113
G1 X20.015 Y31.967
G1 X20.394 Y32.346
G1 X20.679 Y32.299
G1 X20.726 Y32.394
G1 X20.631 Y32.394
G1 X19.256 Y33.200
G1 X19.066 Y33.295
G1 X18.971 Y33.295
G1 X18.924 Y33.200
G1 X19.351 Y32.726
G1 X19.351 Y32.583
G1 X18.924 Y31.777
G1 X18.497 Y31.350
G1 X18.307 Y31.350
G1 X18.023 Y31.493
G1 X17.501 Y31.967
G1 X17.264 Y32.394
G1 X17.169 Y32.726
G1 X17.169 Y33.200
G1 X17.311 Y33.817
G1 X17.549 Y34.291
G1 X17.881 Y34.765
G1 X18.402 Y35.287
G1 X18.971 Y35.619
G1 X19.588 Y35.619
G1 X19.778 Y35.571
G1 X20.110 Y35.382
G1 X20.679 Y34.765
G1 X20.821 Y34.291
G1 X20.821 Y33.769
G1 X20.963 Y33.817
G1 X21.295 Y34.670
G1 X21.248 Y34.813
G1 X20.726 Y35.239
G1 X19.920 Y35.714
G1 X19.541 Y35.856
G1 X19.114 Y35.951
G1 X18.497 Y35.951
G1 X18.070 Y35.856
M5
G0 X18.497 Y36.046 F2500
M3 S320
G1 F1000
G1 X18.070 Y35.951
G1 X17.454 Y35.666
G1 X16.885 Y35.145
G1 X16.695 Y34.860
G1 X16.410 Y34.196
G1 X16.315 Y33.532
G1 X16.363 Y33.010
G1 X16.458 Y32.678
G1 X16.600 Y32.394
G1 X17.027 Y31.825
G1 X17.311 Y31.587
G1 X17.738 Y31.303
G1 X18.118 Y31.113
G1 X19.114 Y30.781
G1 X19.303 Y30.781
G1 X19.351 Y30.734
G1 X19.541 Y30.781
G1 X19.635 Y31.113
G1 X20.110 Y31.967
G1 X20.394 Y32.251
G1 X20.726 Y32.204
G1 X20.821 Y32.441
G1 X20.442 Y32.583
G1 X18.971 Y33.437
G1 X18.829 Y33.200
G1 X19.256 Y32.726
G1 X19.256 Y32.583
G1 X18.829 Y31.777
G1 X18.497 Y31.445
G1 X18.307 Y31.445
G1 X18.023 Y31.587
G1 X17.596 Y31.967
G1 X17.359 Y32.394
G1 X17.264 Y32.726
G1 X17.264 Y33.200
G1 X17.406 Y33.817
G1 X17.643 Y34.291
G1 X17.975 Y34.765
G1 X18.402 Y35.192
G1 X18.971 Y35.524
G1 X19.588 Y35.524
G1 X19.778 Y35.477
G1 X20.110 Y35.287
G1 X20.489 Y34.907
G1 X20.679 Y34.528
G1 X20.774 Y33.674
G1 X21.011 Y33.674
G1 X21.058 Y33.864
G1 X21.248 Y34.243
G1 X21.390 Y34.765
G1 X20.726 Y35.334
G1 X19.920 Y35.809
G1 X19.541 Y35.951
G1 X19.114 Y36.046
G1 X18.497 Y36.046
G1 X18.070 Y35.951
M5
G0 X18.734 Y35.714 F2500
M3 S320
G1 F1000
G1 X18.497 Y35.714
G1 X18.070 Y35.619
G1 X17.311 Y35.239
G1 X17.027 Y34.860
G1 X16.790 Y34.338
G1 X16.647 Y33.532
G1 X16.695 Y33.010
G1 X16.790 Y32.678
G1 X16.932 Y32.394
G1 X17.311 Y31.919
G1 X17.027 Y32.394
G1 X16.932 Y32.726
G1 X16.932 Y33.200
G1 X17.074 Y33.817
G1 X17.311 Y34.291
G1 X17.643 Y34.765
G1 X18.402 Y35.524
G1 X18.592 Y35.666
G1 X18.734 Y35.714
G1 X18.497 Y35.714
M5
G0 X19.161 Y33.105 F2500
M3 S320
G1 F1000
G1 X19.446 Y32.821
G1 X19.493 Y32.583
G1 X19.066 Y31.777
G1 X18.497 Y31.208
G1 X19.351 Y30.971
G1 X19.873 Y31.967
G1 X20.347 Y32.441
G1 X20.015 Y32.583
G1 X19.161 Y33.105
G1 X19.446 Y32.821
M5
G0 X19.398 Y32.915 F2500
M3 S320
G1 F1000
G1 X19.541 Y32.726
G1 X19.541 Y32.583
G1 X19.114 Y31.777
G1 X18.592 Y31.255
G1 X18.782 Y31.161
G1 X19.351 Y31.018
G1 X19.351 Y31.113
G1 X19.825 Y31.967
G1 X20.252 Y32.441
G1 X19.398 Y32.915
G1 X19.541 Y32.726
M5
G0 X20.015 Y32.346 F2500
M3 S320
G1 F1000
G1 X19.920 Y32.441
G1 X19.683 Y32.536
G1 X19.303 Y31.777
G1 X18.877 Y31.350
G1 X19.114 Y31.255
G1 X19.256 Y31.255
G1 X19.635 Y31.967
G1 X20.015 Y32.346
G1 X19.920 Y32.441
M5
G0 X20.062 Y32.394 F2500
M3 S320
G1 F1000
G1 X19.730 Y32.583
G1 X19.635 Y32.536
G1 X19.256 Y31.777
G1 X18.782 Y31.303
G1 X18.924 Y31.303
G1 X19.114 Y31.208
G1 X19.303 Y31.255
G1 X19.683 Y31.967
G1 X20.062 Y32.394
G1 X19.730 Y32.583
M5
G0 X20.157 Y32.394 F2500
M3 S320
G1 F1000
G1 X19.635 Y32.678
G1 X19.635 Y32.583
G1 X19.209 Y31.777
G1 X18.734 Y31.303
G1 X19.114 Y31.161
G1 X19.303 Y31.161
G1 X19.730 Y31.967
G1 X20.157 Y32.394
G1 X19.635 Y32.678
M5
G0 X20.205 Y32.394 F2500
M3 S320
G1 F1000
G1 X19.541 Y32.773
G1 X19.588 Y32.583
G1 X19.161 Y31.777
G1 X18.639 Y31.255
G1 X18.924 Y31.208
G1 X19.114 Y31.113
G1 X19.351 Y31.161
G1 X19.778 Y31.967
G1 X20.205 Y32.394
G1 X19.541 Y32.773
M5
G0 X15.272 Y33.817 F2500
M3 S320
G1 F1000
G1 X14.893 Y33.485
G1 X14.750 Y33.437
G1 X14.371 Y33.437
G1 X14.561 Y33.390
G1 X14.940 Y33.200
G1 X15.272 Y33.817
G1 X14.893 Y33.485
M5
G0 X14.987 Y33.485 F2500
M3 S320
G1 F1000
G1 X14.893 Y33.390
G1 X14.798 Y33.390
G1 X14.940 Y33.342
G1 X14.987 Y33.485
G1 X14.893 Y33.390
M5
G0 X15.130 Y33.627 F2500
M3 S320
G1 F1000
G1 X14.893 Y33.437
G1 X14.608 Y33.390
G1 X14.798 Y33.342
G1 X14.940 Y33.247
G1 X15.130 Y33.627
G1 X14.893 Y33.437
M5
G0 X15.035 Y35.429 F2500
M3 S320
G1 F1000
G1 X15.130 Y35.761
G1 X14.987 Y35.666
G1 X14.703 Y35.714
G1 X15.035 Y35.429
G1 X15.130 Y35.761
M5
G0 X15.082 Y35.666 F2500
M3 S320
G1 F1000
G1 X14.845 Y35.619
G1 X14.987 Y35.477
G1 X15.082 Y35.666
G1 X14.845 Y35.619
M5
G0 X15.889 Y37.374 F2500
M3 S320
G1 F1000
G1 X16.031 Y37.231
G1 X16.031 Y37.326
G1 X15.889 Y37.374
G1 X16.031 Y37.231
M5
G0 X15.746 Y37.469 F2500
M3 S320
G1 F1000
G1 X16.078 Y37.184
G1 X16.078 Y37.374
G1 X15.746 Y37.469
G1 X16.078 Y37.184
M5
G0 X15.557 Y37.611 F2500
M3 S320
G1 F1000
G1 X16.078 Y37.042
G1 X16.173 Y37.374
G1 X15.699 Y37.516
G1 X15.557 Y37.611
G1 X16.078 Y37.042
M5
G0 X15.367 Y37.706 F2500
M3 S320
G1 F1000
G1 X15.462 Y37.658
G1 X15.983 Y37.137
G1 X16.078 Y36.899
G1 X16.221 Y37.374
G1 X16.078 Y37.469
G1 X15.699 Y37.563
G1 X15.557 Y37.658
G1 X15.367 Y37.706
G1 X15.462 Y37.658
M5
G0 X13.659 Y38.322 F2500
M3 S320
G1 F1000
G1 X13.802 Y38.180
G1 X13.849 Y37.990
G1 X12.711 Y35.050
G1 X12.569 Y34.765
G1 X12.142 Y34.338
G1 X12.616 Y34.196
G1 X13.565 Y33.769
G1 X13.138 Y34.196
G1 X13.090 Y34.291
G1 X13.090 Y34.481
G1 X13.517 Y35.571
G1 X13.991 Y36.046
G1 X14.608 Y35.761
G1 X15.035 Y35.334
G1 X15.225 Y35.856
G1 X14.987 Y35.714
G1 X14.750 Y35.714
G1 X14.229 Y35.951
G1 X13.849 Y36.330
G1 X13.849 Y36.473
G1 X14.229 Y37.516
G1 X14.655 Y37.943
G1 X14.181 Y38.085
G1 X13.659 Y38.322
G1 X13.802 Y38.180
M5
G0 X13.517 Y38.417 F2500
M3 S320
G1 F1000
G1 X13.802 Y38.085
G1 X13.707 Y37.706
G1 X12.663 Y35.050
G1 X12.521 Y34.765
G1 X12.047 Y34.338
G1 X12.853 Y34.054
G1 X13.991 Y33.532
G1 X14.987 Y33.153
G1 X15.367 Y33.959
G1 X14.893 Y33.532
G1 X14.750 Y33.485
G1 X14.181 Y33.485
G1 X13.897 Y33.579
G1 X13.659 Y33.722
G1 X13.185 Y34.196
G1 X13.138 Y34.291
G1 X13.138 Y34.481
G1 X13.565 Y35.571
G1 X13.991 Y35.998
G1 X14.608 Y35.714
G1 X15.035 Y35.239
G1 X15.319 Y35.998
G1 X15.177 Y35.856
G1 X14.987 Y35.761
G1 X14.750 Y35.761
G1 X14.229 Y35.998
G1 X13.897 Y36.330
G1 X13.897 Y36.473
G1 X14.276 Y37.516
G1 X14.750 Y37.943
G1 X15.035 Y37.848
G1 X14.561 Y37.990
G1 X13.517 Y38.417
G1 X13.802 Y38.085
M5
G0 X13.422 Y38.607 F2500
M3 S320
G1 F1000
G1 X13.375 Y38.417
G1 X13.612 Y38.180
G1 X13.659 Y37.990
G1 X12.521 Y35.050
G1 X12.379 Y34.765
G1 X12.142 Y34.528
G1 X12.047 Y34.481
G1 X11.620 Y34.528
G1 X11.667 Y34.338
G1 X12.853 Y33.911
G1 X14.940 Y33.010
G1 X15.082 Y33.058
G1 X15.557 Y34.006
G1 X15.367 Y34.101
G1 X15.035 Y33.769
G1 X14.750 Y33.627
G1 X14.181 Y33.627
G1 X13.897 Y33.722
G1 X13.659 Y33.864
G1 X13.327 Y34.196
G1 X13.280 Y34.291
G1 X13.280 Y34.481
G1 X13.707 Y35.571
G1 X13.991 Y35.856
G1 X14.466 Y35.666
G1 X14.893 Y35.287
G1 X14.940 Y35.192
G1 X14.940 Y34.860
G1 X15.035 Y34.813
G1 X15.130 Y35.002
G1 X15.272 Y35.524
G1 X15.367 Y35.666
G1 X15.509 Y36.093
G1 X15.509 Y36.188
G1 X15.367 Y36.188
G1 X15.177 Y35.998
G1 X14.987 Y35.903
G1 X14.750 Y35.903
G1 X14.229 Y36.141
G1 X14.039 Y36.330
G1 X14.039 Y36.473
G1 X14.418 Y37.516
G1 X14.750 Y37.801
G1 X15.225 Y37.658
G1 X15.462 Y37.516
G1 X15.889 Y37.042
G1 X15.936 Y36.852
G1 X15.936 Y36.473
G1 X16.078 Y36.473
G1 X16.126 Y36.567
G1 X16.126 Y36.710
G1 X16.315 Y37.184
G1 X16.315 Y37.326
G1 X16.363 Y37.374
G1 X16.315 Y37.516
G1 X16.221 Y37.516
G1 X16.078 Y37.611
G1 X15.699 Y37.706
G1 X14.940 Y38.038
G1 X14.181 Y38.275
G1 X13.422 Y38.607
G1 X13.375 Y38.417
M5
G0 X13.375 Y38.654 F2500
M3 S320
G1 F1000
G1 X13.280 Y38.417
G1 X13.565 Y38.180
G1 X13.612 Y37.990
G1 X12.474 Y35.050
G1 X12.331 Y34.765
G1 X12.142 Y34.575
G1 X12.047 Y34.528
G1 X11.573 Y34.575
G1 X11.573 Y34.338
G1 X12.853 Y33.864
G1 X14.940 Y32.963
G1 X15.035 Y32.963
G1 X15.130 Y33.058
G1 X15.604 Y34.054
G1 X15.367 Y34.149
G1 X14.893 Y33.722
G1 X14.750 Y33.674
G1 X14.181 Y33.674
G1 X13.897 Y33.769
G1 X13.659 Y33.911
G1 X13.375 Y34.196
G1 X13.327 Y34.291
G1 X13.327 Y34.481
G1 X13.707 Y35.477
G1 X13.991 Y35.809
G1 X14.466 Y35.619
G1 X14.845 Y35.287
G1 X14.893 Y35.192
G1 X14.845 Y34.860
G1 X15.082 Y34.765
G1 X15.319 Y35.524
G1 X15.414 Y35.666
G1 X15.557 Y36.093
G1 X15.509 Y36.235
G1 X15.367 Y36.235
G1 X15.177 Y36.046
G1 X14.987 Y35.951
G1 X14.750 Y35.951
G1 X14.229 Y36.188
G1 X14.086 Y36.330
G1 X14.086 Y36.473
G1 X14.466 Y37.516
G1 X14.750 Y37.753
G1 X15.225 Y37.611
G1 X15.462 Y37.469
G1 X15.841 Y37.042
G1 X15.889 Y36.852
G1 X15.889 Y36.425
G1 X16.126 Y36.425
G1 X16.221 Y36.852
G1 X16.363 Y37.184
G1 X16.410 Y37.516
G1 X13.375 Y38.654
G1 X13.280 Y38.417
M5
G0 X13.327 Y38.654 F2500
M3 S320
G1 F1000
G1 X13.233 Y38.417
G1 X13.517 Y38.180
G1 X13.565 Y37.990
G1 X12.426 Y35.050
G1 X12.284 Y34.765
G1 X12.047 Y34.575
G1 X11.573 Y34.670
G1 X11.525 Y34.575
G1 X11.525 Y34.291
G1 X12.853 Y33.817
G1 X14.940 Y32.915
G1 X15.082 Y32.915
G1 X15.272 Y33.247
G1 X15.604 Y34.101
G1 X15.367 Y34.196
G1 X14.893 Y33.769
G1 X14.750 Y33.722
G1 X14.181 Y33.722
G1 X13.897 Y33.817
G1 X13.659 Y33.959
G1 X13.422 Y34.196
G1 X13.375 Y34.291
G1 X13.375 Y34.481
G1 X13.754 Y35.477
G1 X13.991 Y35.761
G1 X14.608 Y35.477
G1 X14.845 Y35.192
G1 X14.798 Y34.860
G1 X15.035 Y34.718
G1 X15.130 Y34.718
G1 X15.130 Y34.813
G1 X15.604 Y36.093
G1 X15.604 Y36.235
G1 X15.367 Y36.283
G1 X15.177 Y36.093
G1 X14.987 Y35.998
G1 X14.750 Y35.998
G1 X14.229 Y36.235
G1 X14.134 Y36.330
G1 X14.134 Y36.473
G1 X14.513 Y37.516
G1 X14.750 Y37.706
G1 X15.225 Y37.563
G1 X15.462 Y37.421
G1 X15.794 Y37.042
G1 X15.841 Y36.852
G1 X15.841 Y36.378
G1 X16.173 Y36.425
G1 X16.221 Y36.710
G1 X16.458 Y37.374
G1 X16.410 Y37.563
G1 X16.078 Y37.706
G1 X15.699 Y37.801
G1 X14.940 Y38.133
G1 X14.181 Y38.370
G1 X13.707 Y38.607
G1 X13.327 Y38.654
G1 X13.233 Y38.417
M5
G0 X-2.703 Y36.994 F2500
M3 S320
G1 F1000
G1 X-2.846 Y36.757
G1 X-3.320 Y36.283
G1 X-3.605 Y36.093
G1 X-3.842 Y36.046
G1 X-3.510 Y36.093
G1 X-2.751 Y36.378
G1 X-2.703 Y36.994
G1 X-2.846 Y36.757
M5
G0 X-2.798 Y36.710 F2500
M3 S320
G1 F1000
G1 X-3.225 Y36.283
G1 X-2.846 Y36.425
G1 X-2.846 Y36.615
G1 X-2.798 Y36.710
G1 X-3.225 Y36.283
M5
G0 X-2.893 Y36.567 F2500
M3 S320
G1 F1000
G1 X-3.083 Y36.378
G1 X-2.893 Y36.473
G1 X-2.893 Y36.567
G1 X-3.083 Y36.378
M5
G0 X-2.751 Y36.852 F2500
M3 S320
G1 F1000
G1 X-3.320 Y36.235
G1 X-3.415 Y36.188
G1 X-2.798 Y36.378
G1 X-2.751 Y36.852
G1 X-3.320 Y36.235
M5
G0 X4.031 Y6.403 F2500
M3 S320
G1 F1000
G1 X4.458 Y6.403
G1 X4.363 Y6.261
G1 X4.221 Y6.213
M5
G0 X4.648 Y6.355 F2500
M3 S320
G1 F1000
G1 X4.885 Y6.355
G1 X4.933 Y6.166
G1 X4.648 Y6.118
M5
G0 X5.217 Y6.071 F2500
M3 S320
G1 F1000
G1 X5.265 Y6.213
G1 X5.502 Y6.213
G1 X5.644 Y6.118
G1 X5.454 Y5.881
M5
G0 X6.071 Y5.929 F2500
M3 S320
G1 F1000
G1 X6.118 Y6.023
G1 X6.308 Y6.023
G1 X6.498 Y5.881
G1 X6.403 Y5.786
G1 X6.213 Y5.786
M5
G0 X6.545 Y5.929 F2500
M3 S320
G1 F1000
G1 X6.687 Y5.881
G1 X6.593 Y5.739
G1 X6.498 Y5.834
M5
G0 X6.972 Y5.549 F2500
M3 S320
G1 F1000
G1 X6.972 Y5.739
G1 X7.114 Y5.786
G1 X7.304 Y5.691
G1 X7.209 Y5.502
M5
G0 X7.304 Y5.691 F2500
M3 S320
G1 F1000
G1 X7.541 Y5.644
G1 X7.494 Y5.454
G1 X7.257 Y5.454
M5
G0 X7.731 Y5.597 F2500
M3 S320
G1 F1000
G1 X7.826 Y5.502
G1 X7.636 Y5.312
G1 X7.494 Y5.502
G1 X7.589 Y5.597
M5
G0 X7.683 Y4.174 F2500
M3 S320
G1 F1000
G1 X7.968 Y4.126
G1 X7.921 Y-1.850
G1 X7.589 Y-1.802
G1 X7.636 Y-1.470
G1 X7.589 Y-1.043
G1 X7.589 Y2.182
M5
G0 X9.154 Y1.802 F2500
M3 S320
G1 F1000
G1 X10.624 Y1.755
G1 X10.577 Y0.711
G1 X10.482 Y0.711
G1 X10.577 Y0.569
G1 X9.913 Y0.569
G1 X9.865 Y0.522
G1 X9.201 Y0.569
G1 X9.486 Y0.617
G1 X9.154 Y0.569
M5
G0 X10.719 Y2.039 F2500
M3 S320
G1 F1000
G1 X11.051 Y1.992
G1 X11.051 Y0.427
G1 X10.956 Y-0.047
G1 X10.624 Y0.000
G1 X10.624 Y1.802
M5
G0 X11.383 Y2.039 F2500
M3 S320
G1 F1000
G1 X11.478 Y1.945
G1 X11.525 Y0.190
G1 X11.383 Y0.000
G1 X11.241 Y0.095
G1 X11.241 Y0.000
G1 X11.098 Y-0.095
G1 X11.003 Y0.000
G1 X11.098 Y2.039
M5
G0 X9.201 Y3.605 F2500
M3 S320
G1 F1000
G1 X9.533 Y3.557
G1 X9.628 Y2.941
G1 X9.960 Y2.941
G1 X10.055 Y2.846
G1 X10.150 Y2.277
G1 X10.482 Y2.277
G1 X10.671 Y2.134
G1 X10.671 Y1.897
G1 X10.577 Y1.802
G1 X10.102 Y1.850
G1 X10.055 Y1.992
G1 X9.675 Y2.277
G1 X9.343 Y2.656
G1 X9.865 Y2.134
G1 X10.055 Y1.802
G1 X9.106 Y1.850
G1 X9.106 Y3.510
M5
G0 X8.015 Y4.079 F2500
M3 S320
G1 F1000
G1 X8.205 Y4.079
G1 X8.632 Y3.889
G1 X8.632 Y-1.660
G1 X8.537 Y-1.850
G1 X7.968 Y-1.802
M5
G0 X13.849 Y-1.945 F2500
M3 S320
G1 F1000
G1 X13.944 Y-1.945
G1 X14.039 Y-2.039
G1 X14.229 Y-2.656
G1 X14.561 Y-3.320
G1 X14.561 Y-3.510
G1 X14.371 Y-4.079
G1 X14.371 Y-4.553
G1 X14.561 Y-5.265
G1 X14.940 Y-5.976
G1 X15.082 Y-6.450
G1 X14.987 Y-6.877
G1 X14.703 Y-7.209
G1 X13.897 Y-7.257
G1 X13.659 Y-7.162
G1 X13.233 Y-7.209
G1 X12.995 Y-7.114
G1 X12.711 Y-6.593
G1 X12.758 Y-6.071
G1 X13.043 Y-5.549
G1 X13.327 Y-4.601
G1 X13.375 Y-4.221
G1 X13.327 Y-3.937
G1 X13.185 Y-3.605
G1 X13.185 Y-3.225
G1 X13.422 Y-2.798
G1 X13.659 Y-2.134
M5
G0 X13.849 Y-1.945 F2500
M3 S320
G1 F1000
G1 X13.659 Y-2.134
G1 X13.422 Y-2.798
G1 X13.185 Y-3.225
G1 X13.185 Y-3.605
G1 X13.375 Y-4.221
G1 X13.327 Y-4.601
G1 X13.090 Y-5.407
G1 X12.711 Y-6.261
G1 X12.758 Y-6.735
G1 X12.995 Y-7.067
G1 X12.948 Y-7.541
G1 X13.043 Y-7.778
G1 X12.948 Y-7.968
G1 X11.146 Y-8.110
G1 X10.387 Y-8.300
G1 X10.387 Y-8.490
G1 X10.719 Y-8.679
G1 X10.814 Y-8.917
G1 X11.146 Y-9.201
G1 X11.810 Y-9.486
G1 X11.857 Y-9.675
G1 X11.573 Y-10.197
G1 X11.335 Y-10.245
G1 X11.146 Y-10.387
G1 X11.098 Y-10.529
G1 X11.193 Y-10.624
G1 X12.142 Y-10.814
G1 X13.090 Y-10.909
G1 X13.185 Y-11.051
G1 X12.995 Y-11.288
G1 X12.995 Y-11.525
G1 X12.758 Y-11.762
G1 X12.758 Y-11.999
G1 X12.853 Y-12.094
G1 X12.853 Y-12.237
G1 X12.995 Y-12.331
G1 X12.995 Y-12.806
G1 X12.663 Y-15.319
G1 X12.474 Y-16.078
G1 X12.474 Y-16.410
G1 X12.237 Y-16.695
G1 X12.189 Y-17.027
G1 X12.094 Y-17.217
G1 X11.335 Y-18.023
G1 X10.909 Y-18.070
G1 X10.529 Y-18.307
G1 X10.482 Y-18.545
G1 X10.719 Y-18.782
G1 X10.861 Y-18.829
G1 X10.956 Y-19.066
G1 X10.529 Y-19.825
G1 X10.387 Y-19.967
G1 X10.150 Y-20.015
G1 X10.055 Y-20.110
G1 X10.055 Y-20.299
G1 X10.245 Y-20.537
G1 X10.861 Y-20.821
G1 X11.383 Y-20.963
G1 X12.995 Y-21.153
G1 X14.940 Y-21.153
G1 X16.031 Y-21.011
G1 X16.885 Y-20.821
G1 X17.406 Y-20.631
G1 X17.549 Y-20.537
G1 X17.643 Y-20.347
G1 X17.596 Y-20.062
G1 X17.217 Y-19.873
G1 X16.837 Y-19.303
G1 X16.837 Y-19.114
G1 X17.074 Y-18.877
G1 X17.122 Y-18.734
G1 X17.264 Y-18.687
G1 X17.311 Y-18.402
G1 X17.264 Y-18.307
G1 X16.979 Y-18.165
G1 X16.837 Y-18.165
G1 X16.647 Y-18.023
G1 X16.505 Y-18.023
G1 X16.363 Y-17.928
G1 X16.268 Y-17.975
G1 X15.746 Y-17.359
G1 X15.604 Y-17.074
G1 X15.509 Y-17.027
G1 X15.509 Y-16.790
G1 X15.414 Y-16.553
G1 X15.272 Y-16.410
G1 X14.893 Y-14.039
G1 X14.798 Y-12.901
G1 X14.798 Y-12.379
G1 X14.987 Y-12.142
G1 X15.035 Y-11.715
G1 X14.655 Y-11.003
G1 X14.750 Y-10.909
G1 X15.699 Y-10.814
G1 X16.647 Y-10.624
G1 X16.695 Y-10.529
G1 X16.600 Y-10.292
G1 X16.268 Y-10.197
G1 X16.173 Y-10.102
G1 X15.983 Y-9.581
G1 X16.126 Y-9.438
G1 X16.600 Y-9.249
G1 X17.027 Y-8.917
G1 X17.074 Y-8.774
G1 X17.406 Y-8.490
G1 X17.406 Y-8.347
G1 X17.311 Y-8.253
G1 X16.268 Y-8.063
G1 X14.940 Y-8.015
G1 X14.750 Y-7.778
G1 X14.750 Y-7.162
G1 X15.035 Y-6.782
G1 X15.082 Y-6.450
G1 X14.940 Y-5.976
G1 X14.561 Y-5.265
G1 X14.371 Y-4.553
G1 X14.371 Y-4.079
G1 X14.513 Y-3.699
G1 X14.561 Y-3.320
G1 X14.181 Y-2.514
G1 X14.039 Y-2.039
G1 X13.944 Y-1.945
M5
G0 X14.134 Y-3.178 F2500
M3 S320
G1 F1000
G1 X14.181 Y-3.320
G1 X14.134 Y-3.510
G1 X13.944 Y-3.557
G1 X14.181 Y-3.510
M5
G0 X14.134 Y-4.838 F2500
M3 S320
G1 F1000
G1 X14.134 Y-5.075
G1 X14.371 Y-5.691
G1 X14.371 Y-5.976
G1 X14.466 Y-6.166
G1 X14.418 Y-6.830
G1 X14.181 Y-6.782
G1 X14.039 Y-6.877
G1 X14.229 Y-6.877
G1 X14.466 Y-6.782
G1 X14.466 Y-6.166
G1 X14.371 Y-5.929
G1 X14.371 Y-5.691
G1 X14.134 Y-5.075
M5
G0 X12.758 Y-11.952 F2500
M3 S320
G1 F1000
G1 X12.806 Y-11.667
G1 X14.940 Y-11.620
G1 X15.035 Y-11.715
G1 X14.987 Y-11.999
G1 X13.991 Y-12.094
M5
G0 X12.806 Y-12.047 F2500
M3 S320
G1 F1000
G1 X12.901 Y-11.952
G1 X13.991 Y-12.094
G1 X14.750 Y-11.999
G1 X14.987 Y-12.047
G1 X14.987 Y-12.142
G1 X14.845 Y-12.331
G1 X14.276 Y-12.521
G1 X14.181 Y-12.426
G1 X13.470 Y-12.426
G1 X13.233 Y-12.331
G1 X12.995 Y-12.331
G1 X12.853 Y-12.189
M5
G0 X4.269 Y-14.466 F2500
M3 S320
G1 F1000
G1 X4.411 Y-14.655
G1 X4.363 Y-14.750
G1 X4.174 Y-14.798
G1 X4.031 Y-14.655
M5
G0 X4.126 Y-14.418 F2500
M3 S320
G1 F1000
G1 X4.079 Y-14.608
G1 X3.984 Y-14.608
G1 X3.889 Y-14.513
M5
G0 X3.842 Y-14.466 F2500
M3 S320
G1 F1000
G1 X4.269 Y-14.893
G1 X4.411 Y-14.798
G1 X4.601 Y-14.987
G1 X4.648 Y-15.177
G1 X4.601 Y-15.462
G1 X4.695 Y-15.462
G1 X4.743 Y-15.841
G1 X4.743 Y-16.932
G1 X4.648 Y-17.122
G1 X4.553 Y-17.122
G1 X4.695 Y-17.169
G1 X4.648 Y-17.406
G1 X4.506 Y-17.359
G1 X4.601 Y-17.406
G1 X4.648 Y-17.596
G1 X4.553 Y-17.833
G1 X4.411 Y-17.833
G1 X4.553 Y-17.881
G1 X4.553 Y-18.070
G1 X4.411 Y-18.307
G1 X4.411 Y-18.497
G1 X4.269 Y-18.877
G1 X4.174 Y-18.971
G1 X3.842 Y-19.730
G1 X2.798 Y-21.201
G1 X2.419 Y-21.580
G1 X2.371 Y-21.722
G1 X1.850 Y-22.434
G1 X1.613 Y-22.908
G1 X1.328 Y-23.904
G1 X1.186 Y-23.999
G1 X0.996 Y-23.809
G1 X0.711 Y-23.667
G1 X0.806 Y-23.382
G1 X0.901 Y-23.382
G1 X1.233 Y-23.714
G1 X0.901 Y-23.382
G1 X0.759 Y-23.335
G1 X0.854 Y-23.050
G1 X0.949 Y-23.050
G1 X1.233 Y-23.287
G1 X0.949 Y-23.050
G1 X0.806 Y-23.003
G1 X0.901 Y-22.718
G1 X0.996 Y-22.718
G1 X1.375 Y-23.098
G1 X1.043 Y-22.718
G1 X0.901 Y-22.671
G1 X0.949 Y-22.386
G1 X1.043 Y-22.386
G1 X1.375 Y-22.718
G1 X1.091 Y-22.386
G1 X0.949 Y-22.339
G1 X0.996 Y-22.007
G1 X1.091 Y-22.007
G1 X1.423 Y-22.339
G1 X1.138 Y-22.007
G1 X0.949 Y-21.959
G1 X0.996 Y-21.627
G1 X1.091 Y-21.627
G1 X1.518 Y-22.102
G1 X1.091 Y-21.627
G1 X0.996 Y-21.627
G1 X0.901 Y-21.533
G1 X0.949 Y-21.201
G1 X1.091 Y-21.201
G1 X1.470 Y-21.675
G1 X1.613 Y-21.770
G1 X1.518 Y-21.722
G1 X1.138 Y-21.201
G1 X0.901 Y-21.153
G1 X0.949 Y-20.774
G1 X1.091 Y-20.774
G1 X1.707 Y-21.390
G1 X1.518 Y-21.248
G1 X1.138 Y-20.774
G1 X0.901 Y-20.726
G1 X0.854 Y-20.631
G1 X0.901 Y-20.347
G1 X1.138 Y-20.394
G1 X1.660 Y-21.058
G1 X1.091 Y-20.347
G1 X0.854 Y-20.299
G1 X0.901 Y-19.920
G1 X1.043 Y-19.920
G1 X1.518 Y-20.442
G1 X1.091 Y-19.920
G1 X0.854 Y-19.873
G1 X0.901 Y-19.541
G1 X1.091 Y-19.541
G1 X1.755 Y-20.394
G1 X1.186 Y-19.588
G1 X0.854 Y-19.493
G1 X0.901 Y-19.209
G1 X1.138 Y-19.161
G1 X1.518 Y-19.635
G1 X1.186 Y-19.161
G1 X0.901 Y-19.114
G1 X0.901 Y-18.782
G1 X0.996 Y-18.687
G1 X1.186 Y-18.734
G1 X1.850 Y-19.588
G1 X1.138 Y-18.687
G1 X0.949 Y-18.639
G1 X0.996 Y-18.402
G1 X1.233 Y-18.355
G1 X1.613 Y-18.829
G1 X1.233 Y-18.355
G1 X0.996 Y-18.307
G1 X1.138 Y-17.975
G1 X1.375 Y-18.070
G1 X1.850 Y-18.734
G1 X1.375 Y-18.070
G1 X1.138 Y-17.975
G1 X1.138 Y-17.738
G1 X1.281 Y-17.549
G1 X1.707 Y-18.070
G1 X1.470 Y-17.691
G1 X1.281 Y-17.549
G1 X1.328 Y-17.311
G1 X1.423 Y-17.311
G1 X1.660 Y-17.549
G1 X1.802 Y-17.833
G1 X1.613 Y-17.454
G1 X1.375 Y-17.264
G1 X1.423 Y-17.074
G1 X1.565 Y-16.979
G1 X1.945 Y-17.454
G1 X1.707 Y-17.074
G1 X1.565 Y-16.979
G1 X1.565 Y-16.837
G1 X1.707 Y-16.742
G1 X2.039 Y-17.074
G1 X1.897 Y-16.837
G1 X1.802 Y-16.837
G1 X1.707 Y-16.742
G1 X1.755 Y-16.553
G1 X1.850 Y-16.458
G1 X2.182 Y-16.790
G1 X1.850 Y-16.410
G1 X2.039 Y-16.221
G1 X2.182 Y-16.410
G1 X2.039 Y-16.173
G1 X2.182 Y-16.078
G1 X2.419 Y-16.221
G1 X2.182 Y-16.078
G1 X2.182 Y-15.983
G1 X2.371 Y-15.841
G1 X2.561 Y-16.078
G1 X2.703 Y-15.841
G1 X2.941 Y-16.126
G1 X2.798 Y-15.936
G1 X2.988 Y-15.794
G1 X3.130 Y-15.983
G1 X2.846 Y-15.604
G1 X2.988 Y-15.462
G1 X3.367 Y-15.889
G1 X2.846 Y-15.272
G1 X2.846 Y-15.177
G1 X2.988 Y-15.035
G1 X3.510 Y-15.746
G1 X2.988 Y-15.035
G1 X3.083 Y-14.893
G1 X3.225 Y-14.987
G1 X3.605 Y-15.462
G1 X3.367 Y-15.130
G1 X3.178 Y-14.987
G1 X3.130 Y-14.750
G1 X3.320 Y-14.750
G1 X3.462 Y-14.987
G1 X3.842 Y-15.367
G1 X3.367 Y-14.845
G1 X3.367 Y-14.750
G1 X3.462 Y-14.655
G1 X3.747 Y-14.987
G1 X3.557 Y-14.750
G1 X3.699 Y-14.608
G1 X3.984 Y-14.940
G1 X4.126 Y-14.987
G1 X3.747 Y-14.655
G1 X3.699 Y-14.561
M5
G0 X3.557 Y-14.466 F2500
M3 S320
G1 F1000
G1 X3.699 Y-14.561
G1 X3.652 Y-14.655
G1 X3.510 Y-14.703
G1 X3.415 Y-14.608
M5
G0 X3.273 Y-14.513 F2500
M3 S320
G1 F1000
G1 X3.367 Y-14.561
G1 X3.367 Y-14.750
G1 X3.273 Y-14.750
G1 X3.178 Y-14.608
M5
G0 X3.367 Y-14.276 F2500
M3 S320
G1 F1000
G1 X3.557 Y-14.418
G1 X3.415 Y-14.561
G1 X3.273 Y-14.513
G1 X3.273 Y-14.371
M5
G0 X3.605 Y-14.371 F2500
M3 S320
G1 F1000
G1 X3.794 Y-14.371
G1 X3.747 Y-14.513
M5
G0 X3.794 Y-14.371 F2500
M3 S320
G1 F1000
G1 X3.889 Y-14.276
G1 X4.031 Y-14.323
G1 X3.984 Y-14.418
M5
G0 X3.699 Y-14.276 F2500
M3 S320
G1 F1000
G1 X3.747 Y-14.181
G1 X3.889 Y-14.229
M5
G0 X3.699 Y-13.849 F2500
M3 S320
G1 F1000
G1 X3.984 Y-13.944
G1 X3.984 Y-14.181
G1 X3.699 Y-14.134
G1 X3.747 Y-13.991
G1 X3.652 Y-13.944
M5
G0 X3.462 Y-14.086 F2500
M3 S320
G1 F1000
G1 X3.510 Y-14.181
G1 X3.652 Y-14.134
G1 X3.699 Y-14.276
G1 X3.605 Y-14.371
G1 X3.462 Y-14.371
G1 X3.367 Y-14.276
G1 X3.367 Y-14.181
M5
G0 X2.466 Y-13.422 F2500
M3 S320
G1 F1000
G1 X2.277 Y-13.897
G1 X2.039 Y-14.229
G1 X0.996 Y-15.225
G1 X0.474 Y-15.936
G1 X0.190 Y-16.505
G1 X-0.095 Y-17.454
G1 X-0.190 Y-17.975
G1 X-0.190 Y-19.683
G1 X0.095 Y-21.343
G1 X0.142 Y-22.054
G1 X0.095 Y-23.335
G1 X0.095 Y-22.813
G1 X0.142 Y-22.766
G1 X0.095 Y-21.343
G1 X-0.190 Y-19.683
G1 X-0.190 Y-17.975
G1 X-0.095 Y-17.454
G1 X0.190 Y-16.505
G1 X0.474 Y-15.936
G1 X0.901 Y-15.367
G1 X2.039 Y-14.229
G1 X2.277 Y-13.897
M5
G0 X2.846 Y-15.272 F2500
M3 S320
G1 F1000
G1 X2.941 Y-15.367
G1 X2.941 Y-15.462
G1 X2.798 Y-15.557
G1 X2.703 Y-15.462
G1 X2.703 Y-15.367
M5
G0 X2.609 Y-15.462 F2500
M3 S320
G1 F1000
G1 X2.703 Y-15.462
G1 X2.846 Y-15.604
G1 X2.656 Y-15.746
G1 X2.561 Y-15.651
M5
G0 X2.419 Y-15.699 F2500
M3 S320
G1 F1000
G1 X2.561 Y-15.651
G1 X2.656 Y-15.746
G1 X2.656 Y-15.841
G1 X2.561 Y-15.936
G1 X2.466 Y-15.936
M5
G0 X2.846 Y-15.651 F2500
M3 S320
G1 F1000
G1 X2.941 Y-15.794
G1 X2.846 Y-15.889
G1 X2.751 Y-15.889
G1 X2.656 Y-15.794
M5
G0 X3.178 Y-12.663 F2500
M3 S320
G1 F1000
G1 X3.510 Y-13.422
G1 X3.510 Y-13.565
G1 X3.605 Y-13.754
G1 X3.557 Y-13.897
G1 X3.605 Y-14.039
G1 X3.415 Y-14.086
G1 X3.035 Y-14.987
G1 X2.893 Y-15.082
G1 X2.846 Y-15.225
G1 X2.703 Y-15.319
G1 X2.703 Y-15.414
G1 X2.229 Y-15.889
G1 X2.134 Y-16.078
G1 X1.755 Y-16.505
G1 X1.707 Y-16.695
G1 X1.423 Y-17.074
G1 X1.423 Y-17.217
G1 X1.281 Y-17.359
G1 X1.281 Y-17.501
G1 X1.138 Y-17.738
G1 X1.138 Y-17.928
G1 X1.043 Y-18.023
G1 X0.854 Y-19.303
G1 X0.854 Y-20.631
G1 X0.949 Y-21.580
G1 X0.949 Y-22.339
G1 X0.806 Y-22.908
G1 X0.759 Y-23.525
G1 X0.569 Y-24.473
G1 X0.190 Y-25.659
G1 X0.047 Y-26.655
G1 X0.190 Y-26.655
G1 X0.379 Y-26.418
G1 X0.806 Y-25.659
G1 X0.996 Y-25.090
G1 X1.138 Y-24.331
G1 X1.233 Y-24.189
G1 X1.233 Y-24.046
G1 X1.423 Y-23.667
G1 X1.660 Y-22.813
G1 X1.802 Y-22.529
G1 X2.371 Y-21.675
G1 X3.557 Y-20.205
G1 X3.557 Y-20.110
G1 X3.842 Y-19.730
G1 X4.269 Y-18.877
G1 X4.411 Y-18.497
G1 X4.411 Y-18.307
G1 X4.553 Y-18.118
G1 X4.743 Y-16.932
G1 X4.743 Y-15.841
G1 X4.648 Y-15.130
G1 X4.316 Y-14.466
G1 X4.174 Y-14.418
G1 X4.126 Y-14.276
G1 X3.984 Y-14.229
G1 X3.984 Y-13.944
G1 X3.605 Y-13.802
G1 X3.462 Y-13.280
G1 X3.367 Y-13.185
G1 X3.320 Y-12.901
M5
G0 X3.083 Y-10.671 F2500
M3 S320
G1 F1000
G1 X3.035 Y-10.909
G1 X2.846 Y-10.909
G1 X2.277 Y-10.671
G1 X1.565 Y-10.529
G1 X1.043 Y-10.482
G1 X-0.190 Y-10.529
G1 X-1.802 Y-10.814
G1 X-2.371 Y-11.003
G1 X-3.130 Y-11.383
G1 X-3.367 Y-11.383
G1 X-3.367 Y-11.003
G1 X-3.130 Y-10.482
G1 X-2.846 Y-10.102
G1 X-2.182 Y-9.533
G1 X-1.945 Y-9.533
G1 X-1.518 Y-9.343
G1 X-0.474 Y-9.154
G1 X0.569 Y-9.106
G1 X0.617 Y-9.154
G1 X1.091 Y-9.154
G1 X1.802 Y-9.343
G1 X2.039 Y-9.343
G1 X2.466 Y-9.675
G1 X2.798 Y-10.055
M5
G0 X2.039 Y-9.201 F2500
M3 S320
G1 F1000
G1 X1.992 Y-9.343
G1 X1.802 Y-9.343
G1 X1.091 Y-9.154
G1 X0.142 Y-9.106
G1 X-1.138 Y-9.249
G1 X-1.660 Y-9.391
G1 X-1.945 Y-9.533
G1 X-2.134 Y-9.486
G1 X-2.134 Y-9.296
G1 X-1.992 Y-8.964
G1 X-1.802 Y-8.774
G1 X-1.328 Y-8.490
G1 X-0.949 Y-8.442
G1 X-0.332 Y-8.253
G1 X0.190 Y-8.205
G1 X1.091 Y-8.253
G1 X1.375 Y-8.347
G1 X1.850 Y-8.774
M5
G0 X1.138 Y-8.205 F2500
M3 S320
G1 F1000
G1 X-0.332 Y-8.253
G1 X-1.138 Y-8.490
G1 X-1.281 Y-8.442
G1 X-1.281 Y-8.300
G1 X-1.186 Y-8.110
G1 X-0.901 Y-7.826
G1 X-0.664 Y-7.683
G1 X-0.142 Y-7.589
G1 X0.427 Y-7.636
G1 X0.522 Y-7.589
G1 X0.806 Y-7.683
G1 X1.043 Y-7.921
M5
G0 X0.142 Y-7.114 F2500
M3 S320
G1 F1000
G1 X-0.237 Y-7.114
G1 X-0.569 Y-7.351
G1 X-0.617 Y-7.636
G1 X-1.186 Y-8.063
G1 X-1.281 Y-8.442
G1 X-1.423 Y-8.585
G1 X-1.707 Y-8.679
G1 X-1.992 Y-8.964
G1 X-2.134 Y-9.249
G1 X-2.134 Y-9.486
G1 X-2.609 Y-9.865
G1 X-3.130 Y-10.434
G1 X-3.367 Y-11.003
G1 X-3.367 Y-11.430
G1 X-4.174 Y-12.426
G1 X-4.458 Y-12.948
G1 X-4.743 Y-13.802
G1 X-4.885 Y-14.750
G1 X-4.743 Y-16.268
G1 X-4.363 Y-17.596
G1 X-3.747 Y-18.877
G1 X-2.751 Y-20.394
G1 X-1.850 Y-21.912
G1 X-1.470 Y-22.908
G1 X-1.233 Y-23.809
G1 X-1.043 Y-24.900
G1 X-0.854 Y-26.797
G1 X-0.711 Y-27.082
G1 X-0.522 Y-27.271
G1 X-0.095 Y-27.414
G1 X0.190 Y-27.366
G1 X0.474 Y-27.177
G1 X0.901 Y-26.750
G1 X1.328 Y-26.133
G1 X1.755 Y-25.185
G1 X2.229 Y-23.667
G1 X2.656 Y-22.766
G1 X3.130 Y-22.054
G1 X4.221 Y-20.679
G1 X4.980 Y-19.541
G1 X5.407 Y-18.687
G1 X5.644 Y-17.975
G1 X5.786 Y-17.311
G1 X5.881 Y-16.363
G1 X5.739 Y-14.987
G1 X5.502 Y-14.181
G1 X5.217 Y-13.612
G1 X4.743 Y-12.948
G1 X4.174 Y-12.426
G1 X4.079 Y-12.047
G1 X3.652 Y-11.383
G1 X3.130 Y-10.956
G1 X2.941 Y-10.245
G1 X2.751 Y-9.960
G1 X2.324 Y-9.533
G1 X2.087 Y-9.391
G1 X1.992 Y-9.011
G1 X1.755 Y-8.632
G1 X1.470 Y-8.395
G1 X1.186 Y-8.300
G1 X1.091 Y-8.158
G1 X1.043 Y-7.873
G1 X0.901 Y-7.731
G1 X0.522 Y-7.589
G1 X0.474 Y-7.351
G1 X0.285 Y-7.162
M5
G0 X-0.617 Y-7.446 F2500
M3 S320
G1 F1000
G1 X-0.427 Y-7.209
G1 X-0.190 Y-7.114
G1 X0.142 Y-7.114
G1 X0.332 Y-7.209
G1 X0.522 Y-7.446
G1 X0.427 Y-7.636
G1 X-0.142 Y-7.589
G1 X-0.617 Y-7.636
M5
G0 X1.043 Y-10.482 F2500
M3 S320
G1 F1000
G1 X2.087 Y-10.624
G1 X2.846 Y-10.909
G1 X3.083 Y-10.909
G1 X3.699 Y-11.478
G1 X4.079 Y-12.094
G1 X4.126 Y-12.237
G1 X4.079 Y-12.426
G1 X3.699 Y-12.284
G1 X3.367 Y-12.237
G1 X3.652 Y-12.284
G1 X3.984 Y-12.426
G1 X4.174 Y-12.426
G1 X4.553 Y-12.758
G1 X5.217 Y-13.612
G1 X5.502 Y-14.181
G1 X5.739 Y-14.987
G1 X5.881 Y-16.363
G1 X5.786 Y-17.311
G1 X5.644 Y-17.975
G1 X5.312 Y-18.877
G1 X4.980 Y-19.541
G1 X4.458 Y-20.347
G1 X3.130 Y-22.054
G1 X2.656 Y-22.766
G1 X2.182 Y-23.762
G1 X1.755 Y-25.185
G1 X1.328 Y-26.133
G1 X1.043 Y-26.560
G1 X0.379 Y-27.224
G1 X0.142 Y-27.366
G1 X-0.095 Y-27.414
G1 X-0.427 Y-27.319
G1 X-0.759 Y-26.987
G1 X-0.854 Y-26.750
G1 X-1.043 Y-24.900
G1 X-1.233 Y-23.809
G1 X-1.470 Y-22.908
G1 X-1.850 Y-21.912
G1 X-2.656 Y-20.537
G1 X-3.794 Y-18.782
G1 X-4.363 Y-17.596
G1 X-4.743 Y-16.268
G1 X-4.838 Y-15.651
G1 X-4.885 Y-14.703
G1 X-4.648 Y-13.470
G1 X-4.411 Y-12.853
G1 X-4.079 Y-12.331
G1 X-3.415 Y-11.573
G1 X-3.367 Y-11.430
G1 X-2.988 Y-11.335
G1 X-2.371 Y-11.003
G1 X-1.423 Y-10.719
G1 X-0.190 Y-10.529
M5
G0 X-2.087 Y-3.794 F2500
M3 S320
G1 F1000
G1 X-1.945 Y-3.652
G1 X-0.664 Y-3.699
G1 X-0.569 Y-3.794
M5
G0 X-2.798 Y0.711 F2500
M3 S320
G1 F1000
G1 X-2.419 Y0.664
G1 X-2.277 Y0.142
G1 X-1.802 Y-1.091
G1 X-1.660 Y-1.660
G1 X-1.707 Y-1.850
G1 X-1.945 Y-1.897
G1 X-2.277 Y-1.850
G1 X-2.514 Y-0.427
G1 X-2.656 Y-0.142
G1 X-2.846 Y0.522
M5
G0 X0.664 Y-23.809 F2500
M3 S320
G1 F1000
G1 X0.806 Y-23.714
G1 X1.233 Y-24.046
G1 X1.233 Y-24.189
G1 X1.091 Y-24.283
G1 X0.806 Y-24.046
G1 X0.664 Y-23.999
M5
G0 X0.664 Y-24.046 F2500
M3 S320
G1 F1000
G1 X0.806 Y-24.046
G1 X1.138 Y-24.331
G1 X1.091 Y-24.710
G1 X0.949 Y-24.900
G1 X0.759 Y-24.710
G1 X0.522 Y-24.615
G1 X0.617 Y-24.331
G1 X0.759 Y-24.331
G1 X0.569 Y-24.283
M5
G0 X0.522 Y-24.663 F2500
M3 S320
G1 F1000
G1 X0.711 Y-24.710
G1 X0.996 Y-24.947
G1 X0.996 Y-25.090
G1 X0.901 Y-25.232
G1 X0.711 Y-25.090
G1 X0.379 Y-25.042
M5
G0 X0.711 Y-25.090 F2500
M3 S320
G1 F1000
G1 X0.854 Y-25.185
G1 X0.901 Y-25.374
G1 X0.759 Y-25.754
G1 X0.285 Y-26.513
G1 X0.047 Y-26.607
G1 X0.190 Y-25.896
G1 X0.379 Y-25.943
G1 X0.190 Y-25.849
G1 X0.190 Y-25.659
G1 X0.332 Y-25.185
G1 X0.427 Y-25.090
M5
G0 X2.419 Y-29.833 F2500
M3 S320
G1 F1000
G1 X1.328 Y-30.591
G1 X0.427 Y-31.493
G1 X0.095 Y-31.967
G1 X-0.095 Y-32.014
G1 X-0.474 Y-31.445
G1 X-1.233 Y-30.686
G1 X-2.324 Y-29.880
G1 X-1.470 Y-30.497
G1 X-0.427 Y-31.540
G1 X-0.047 Y-32.062
G1 X0.095 Y-32.014
G1 X0.332 Y-31.635
G1 X1.470 Y-30.497
M5
G0 X-3.605 Y-29.548 F2500
M3 S320
G1 F1000
G1 X-2.656 Y-30.022
G1 X-1.613 Y-30.734
G1 X-0.617 Y-31.682
G1 X-0.095 Y-32.394
G1 X0.095 Y-32.394
G1 X0.522 Y-31.777
G1 X1.660 Y-30.686
G1 X2.703 Y-29.975
G1 X3.462 Y-29.595
G1 X2.277 Y-30.212
G1 X1.375 Y-30.876
G1 X0.617 Y-31.635
G1 X0.000 Y-32.441
G1 X-0.711 Y-31.540
G1 X-1.565 Y-30.734
G1 X-2.609 Y-30.022
M5
G0 X-8.869 Y-34.054 F2500
M3 S320
G1 F1000
G1 X-8.679 Y-34.243
G1 X-8.727 Y-34.149
G1 X-8.869 Y-34.054
G1 X-8.679 Y-34.243
M5
G0 X-9.011 Y-34.006 F2500
M3 S320
G1 F1000
G1 X-8.537 Y-34.433
G1 X-8.679 Y-34.149
G1 X-8.774 Y-34.054
G1 X-9.011 Y-34.006
G1 X-8.537 Y-34.433
M5
G0 X15.557 Y-33.105 F2500
M3 S320
G1 F1000
G1 X14.134 Y-33.722
G1 X13.897 Y-33.769
G1 X13.422 Y-34.006
G1 X12.474 Y-34.338
G1 X12.331 Y-34.338
G1 X12.142 Y-34.433
G1 X12.047 Y-34.433
G1 X12.142 Y-34.433
G1 X12.379 Y-34.670
G1 X12.616 Y-35.429
G1 X12.758 Y-35.714
G1 X12.901 Y-35.809
G1 X13.327 Y-35.856
G1 X13.375 Y-35.809
G1 X13.612 Y-35.809
G1 X13.754 Y-35.761
G1 X14.039 Y-35.571
G1 X14.276 Y-35.809
G1 X14.466 Y-36.378
G1 X14.561 Y-36.235
G1 X14.561 Y-36.141
G1 X14.466 Y-35.998
G1 X14.229 Y-35.239
G1 X13.897 Y-34.481
G1 X13.754 Y-34.006
G1 X13.991 Y-33.769
G1 X14.893 Y-33.437
G1 X15.367 Y-33.200
G1 X15.462 Y-33.200
G1 X15.557 Y-33.105
G1 X14.134 Y-33.722
M5
G0 X15.651 Y-33.153 F2500
M3 S320
G1 F1000
G1 X15.604 Y-33.058
G1 X15.414 Y-33.105
G1 X14.134 Y-33.674
G1 X13.897 Y-33.722
G1 X13.422 Y-33.959
G1 X12.474 Y-34.291
G1 X12.331 Y-34.291
G1 X11.999 Y-34.433
G1 X11.905 Y-34.433
G1 X11.905 Y-34.528
G1 X12.142 Y-34.481
G1 X12.331 Y-34.670
G1 X12.569 Y-35.429
G1 X12.711 Y-35.714
G1 X12.806 Y-35.809
G1 X13.138 Y-35.903
G1 X13.327 Y-35.903
G1 X13.375 Y-35.856
G1 X13.612 Y-35.856
G1 X13.754 Y-35.809
G1 X14.039 Y-35.619
G1 X14.276 Y-35.903
G1 X14.418 Y-36.425
G1 X14.703 Y-36.378
G1 X14.608 Y-36.235
G1 X14.371 Y-35.619
G1 X14.276 Y-35.239
G1 X13.944 Y-34.481
G1 X13.802 Y-34.006
G1 X14.086 Y-33.769
G1 X14.893 Y-33.485
G1 X15.130 Y-33.342
G1 X15.651 Y-33.153
G1 X15.604 Y-33.058
M5
G0 X15.651 Y-33.058 F2500
M3 S320
G1 F1000
G1 X15.414 Y-33.058
G1 X14.134 Y-33.627
G1 X13.897 Y-33.674
G1 X13.422 Y-33.911
G1 X12.474 Y-34.243
G1 X11.857 Y-34.386
G1 X11.952 Y-34.575
G1 X12.142 Y-34.528
G1 X12.284 Y-34.670
G1 X12.521 Y-35.429
G1 X12.663 Y-35.714
G1 X12.806 Y-35.856
G1 X13.138 Y-35.951
G1 X13.327 Y-35.951
G1 X13.375 Y-35.903
G1 X13.612 Y-35.903
G1 X13.754 Y-35.856
G1 X14.039 Y-35.666
G1 X14.229 Y-35.903
G1 X14.323 Y-36.283
G1 X14.418 Y-36.473
G1 X14.561 Y-36.473
G1 X14.750 Y-36.378
G1 X14.655 Y-36.235
G1 X14.418 Y-35.619
G1 X14.323 Y-35.239
G1 X13.991 Y-34.481
G1 X13.849 Y-34.006
G1 X14.086 Y-33.817
G1 X15.699 Y-33.200
G1 X15.651 Y-33.058
G1 X15.414 Y-33.058
M5
G0 X15.746 Y-33.153 F2500
M3 S320
G1 F1000
G1 X15.651 Y-32.963
G1 X15.557 Y-32.963
G1 X14.134 Y-33.579
G1 X13.897 Y-33.627
G1 X13.422 Y-33.864
G1 X12.474 Y-34.196
G1 X11.762 Y-34.386
G1 X11.857 Y-34.623
G1 X12.142 Y-34.575
G1 X12.237 Y-34.670
G1 X12.474 Y-35.429
G1 X12.663 Y-35.809
G1 X12.901 Y-35.951
G1 X13.327 Y-35.998
G1 X13.375 Y-35.951
G1 X13.612 Y-35.951
G1 X13.754 Y-35.903
G1 X14.039 Y-35.714
G1 X14.181 Y-35.903
G1 X14.371 Y-36.567
G1 X14.798 Y-36.425
G1 X14.466 Y-35.619
G1 X14.229 Y-34.860
G1 X14.039 Y-34.481
G1 X13.897 Y-34.006
G1 X14.086 Y-33.864
G1 X14.893 Y-33.579
G1 X15.746 Y-33.153
G1 X15.651 Y-32.963
M5
G0 X15.794 Y-33.153 F2500
M3 S320
G1 F1000
G1 X15.699 Y-32.963
G1 X15.557 Y-32.915
G1 X14.134 Y-33.532
G1 X13.897 Y-33.579
G1 X13.422 Y-33.817
G1 X12.474 Y-34.149
G1 X11.715 Y-34.338
G1 X11.810 Y-34.670
G1 X11.952 Y-34.670
G1 X11.999 Y-34.623
G1 X12.189 Y-34.670
G1 X12.426 Y-35.429
G1 X12.616 Y-35.809
G1 X12.806 Y-35.951
G1 X13.138 Y-36.046
G1 X13.327 Y-36.046
G1 X13.375 Y-35.998
G1 X13.612 Y-35.998
G1 X14.086 Y-35.809
G1 X14.371 Y-36.615
G1 X14.845 Y-36.473
G1 X14.845 Y-36.378
G1 X14.655 Y-35.998
G1 X14.276 Y-34.860
G1 X14.086 Y-34.481
G1 X13.991 Y-33.959
G1 X14.893 Y-33.627
G1 X15.604 Y-33.295
G1 X15.699 Y-33.295
G1 X15.794 Y-33.247
G1 X15.794 Y-33.153
G1 X15.699 Y-32.963
M5
G0 X16.221 Y-32.868 F2500
M3 S320
G1 F1000
G1 X16.221 Y-33.200
G1 X16.268 Y-33.295
G1 X16.363 Y-33.295
G1 X16.221 Y-33.153
G1 X16.221 Y-33.010
G1 X16.600 Y-32.631
G1 X16.790 Y-32.631
G1 X16.885 Y-32.678
G1 X17.169 Y-32.963
G1 X17.217 Y-33.105
G1 X17.122 Y-32.773
G1 X16.932 Y-32.631
G1 X16.553 Y-32.631
G1 X16.315 Y-32.726
G1 X16.221 Y-32.868
G1 X16.221 Y-33.200
M5
G0 X16.458 Y-32.726 F2500
M3 S320
G1 F1000
G1 X16.315 Y-32.773
G1 X16.268 Y-32.915
G1 X16.458 Y-32.726
G1 X16.315 Y-32.773
M5
G0 X18.450 Y-33.485 F2500
M3 S320
G1 F1000
G1 X18.355 Y-33.817
G1 X18.070 Y-34.101
G1 X18.402 Y-33.817
G1 X18.782 Y-34.196
G1 X18.877 Y-34.386
G1 X18.545 Y-33.769
G1 X18.450 Y-33.485
G1 X18.355 Y-33.817
M5
G0 X18.450 Y-33.627 F2500
M3 S320
G1 F1000
G1 X18.402 Y-33.769
G1 X18.639 Y-34.006
G1 X18.450 Y-33.627
G1 X18.402 Y-33.769
M5
G0 X18.829 Y-31.635 F2500
M3 S320
G1 F1000
G1 X19.019 Y-31.825
G1 X18.924 Y-31.635
G1 X18.829 Y-31.635
G1 X19.019 Y-31.825
M5
G0 X19.019 Y-31.493 F2500
M3 S320
G1 F1000
G1 X18.782 Y-31.635
G1 X19.066 Y-31.919
G1 X19.683 Y-33.200
G1 X20.015 Y-33.769
G1 X18.924 Y-31.587
G1 X19.019 Y-31.493
G1 X18.782 Y-31.635
M5
G0 X19.209 Y-31.350 F2500
M3 S320
G1 F1000
G1 X18.734 Y-31.587
G1 X19.019 Y-31.919
G1 X19.635 Y-33.200
G1 X20.015 Y-33.817
G1 X20.062 Y-33.722
G1 X19.920 Y-33.532
G1 X19.683 Y-32.963
G1 X19.303 Y-32.299
G1 X19.303 Y-32.204
G1 X18.971 Y-31.587
G1 X19.209 Y-31.350
G1 X18.734 Y-31.587
M5
G0 X19.303 Y-31.255 F2500
M3 S320
G1 F1000
G1 X17.643 Y-32.109
G1 X17.881 Y-32.346
G1 X18.355 Y-33.437
G1 X18.355 Y-33.579
G1 X18.260 Y-33.817
G1 X17.786 Y-34.291
G1 X17.549 Y-34.433
G1 X17.169 Y-34.481
G1 X16.790 Y-34.149
G1 X17.217 Y-33.674
G1 X17.264 Y-33.532
G1 X17.264 Y-33.010
G1 X17.169 Y-32.773
G1 X17.027 Y-32.631
G1 X16.932 Y-32.583
G1 X16.553 Y-32.583
G1 X16.315 Y-32.678
G1 X16.173 Y-32.868
G1 X16.173 Y-33.200
G1 X16.221 Y-33.295
G1 X16.458 Y-33.342
G1 X16.268 Y-33.153
G1 X16.268 Y-33.010
G1 X16.600 Y-32.678
G1 X16.790 Y-32.678
G1 X17.122 Y-32.963
G1 X17.217 Y-33.153
G1 X17.122 Y-33.532
G1 X16.695 Y-33.959
G1 X16.600 Y-34.006
G1 X16.173 Y-34.101
G1 X15.177 Y-34.481
G1 X15.082 Y-34.575
G1 X15.082 Y-34.860
G1 X15.177 Y-35.050
G1 X15.557 Y-34.955
G1 X15.367 Y-34.670
G1 X15.651 Y-34.386
G1 X16.315 Y-34.101
G1 X16.410 Y-34.101
G1 X16.600 Y-34.291
G1 X16.979 Y-34.481
G1 X17.549 Y-34.481
G1 X17.786 Y-34.386
G1 X18.402 Y-33.911
G1 X18.687 Y-34.196
G1 X18.829 Y-34.528
G1 X18.971 Y-34.386
G1 X18.592 Y-33.674
G1 X17.928 Y-32.204
G1 X17.928 Y-32.109
G1 X18.213 Y-31.825
G1 X18.687 Y-31.635
G1 X18.971 Y-31.919
G1 X19.588 Y-33.200
G1 X19.967 Y-33.864
G1 X20.110 Y-33.722
G1 X19.967 Y-33.532
G1 X19.730 Y-32.963
G1 X19.351 Y-32.299
G1 X19.351 Y-32.204
G1 X19.019 Y-31.587
G1 X19.303 Y-31.255
G1 X17.643 Y-32.109
M5
G0 X19.398 Y-31.208 F2500
M3 S320
G1 F1000
G1 X19.209 Y-31.208
G1 X17.501 Y-32.062
G1 X17.549 Y-32.157
G1 X17.786 Y-32.346
G1 X18.260 Y-33.437
G1 X18.260 Y-33.579
G1 X18.165 Y-33.817
G1 X17.786 Y-34.196
G1 X17.549 Y-34.338
G1 X17.169 Y-34.386
G1 X16.885 Y-34.149
G1 X17.311 Y-33.674
G1 X17.359 Y-33.532
G1 X17.359 Y-33.010
G1 X17.264 Y-32.773
G1 X17.122 Y-32.583
G1 X16.932 Y-32.489
G1 X16.553 Y-32.489
G1 X16.315 Y-32.583
G1 X16.126 Y-32.773
G1 X16.078 Y-32.868
G1 X16.078 Y-33.200
G1 X16.173 Y-33.390
G1 X16.268 Y-33.437
G1 X16.553 Y-33.437
G1 X16.553 Y-33.342
G1 X16.363 Y-33.153
G1 X16.363 Y-33.010
G1 X16.600 Y-32.773
G1 X16.790 Y-32.773
G1 X17.027 Y-32.963
G1 X17.122 Y-33.153
G1 X17.027 Y-33.532
G1 X16.600 Y-33.911
G1 X16.173 Y-34.006
G1 X15.082 Y-34.433
G1 X14.987 Y-34.575
G1 X14.987 Y-34.860
G1 X15.082 Y-35.050
G1 X15.177 Y-35.145
G1 X15.509 Y-35.145
G1 X15.604 Y-35.097
G1 X15.651 Y-34.955
G1 X15.462 Y-34.670
G1 X15.651 Y-34.481
G1 X16.315 Y-34.196
G1 X16.410 Y-34.196
G1 X16.600 Y-34.386
G1 X16.979 Y-34.575
G1 X17.549 Y-34.575
G1 X17.786 Y-34.481
G1 X18.402 Y-34.006
G1 X18.592 Y-34.196
G1 X18.782 Y-34.623
G1 X19.019 Y-34.481
G1 X19.066 Y-34.386
G1 X18.687 Y-33.674
G1 X18.023 Y-32.204
G1 X18.023 Y-32.109
G1 X18.213 Y-31.919
G1 X18.687 Y-31.730
G1 X18.877 Y-31.919
G1 X19.493 Y-33.200
G1 X19.873 Y-33.864
G1 X20.015 Y-33.959
G1 X20.157 Y-33.864
G1 X20.205 Y-33.722
G1 X19.967 Y-33.342
G1 X19.825 Y-32.963
G1 X19.446 Y-32.299
G1 X19.446 Y-32.204
G1 X19.114 Y-31.587
G1 X19.446 Y-31.303
G1 X19.398 Y-31.208
G1 X19.209 Y-31.208
M5
G0 X24.568 Y-22.434 F2500
M3 S320
G1 F1000
G1 X22.339 Y-23.287
G1 X21.343 Y-23.762
G1 X20.537 Y-24.331
G1 X20.205 Y-24.663
G1 X19.920 Y-25.090
G1 X20.394 Y-24.473
G1 X21.295 Y-23.809
G1 X22.576 Y-23.193
M5
G0 X34.860 Y-20.631 F2500
M3 S320
G1 F1000
G1 X34.860 Y-20.821
G1 X34.433 Y-21.722
G1 X33.579 Y-23.098
G1 X32.821 Y-24.046
G1 X31.777 Y-25.137
G1 X30.781 Y-25.991
G1 X29.501 Y-26.892
G1 X28.030 Y-27.698
G1 X26.845 Y-28.267
G1 X26.655 Y-28.267
G1 X26.560 Y-28.173
G1 X26.513 Y-27.935
G1 X26.607 Y-27.841
G1 X27.224 Y-27.603
G1 X28.931 Y-26.655
G1 X29.927 Y-25.943
G1 X28.599 Y-26.845
G1 X27.082 Y-27.651
G1 X26.560 Y-27.841
G1 X26.465 Y-27.935
G1 X26.323 Y-27.746
G1 X26.323 Y-27.651
G1 X26.465 Y-27.509
G1 X27.888 Y-26.845
G1 X28.884 Y-26.181
G1 X27.888 Y-26.845
G1 X26.750 Y-27.366
G1 X26.275 Y-27.651
G1 X26.086 Y-27.414
G1 X26.086 Y-27.224
G1 X26.275 Y-27.177
G1 X27.556 Y-26.513
G1 X26.133 Y-27.224
G1 X25.991 Y-27.224
G1 X25.801 Y-26.939
G1 X25.849 Y-26.797
G1 X25.943 Y-26.797
G1 X27.129 Y-26.228
G1 X25.754 Y-26.845
G1 X25.611 Y-26.655
G1 X25.611 Y-26.513
G1 X25.754 Y-26.370
G1 X26.370 Y-26.086
G1 X25.564 Y-26.513
G1 X25.374 Y-26.275
G1 X25.327 Y-26.038
G1 X25.422 Y-25.943
G1 X25.659 Y-25.896
G1 X26.275 Y-25.564
G1 X25.517 Y-25.943
G1 X25.374 Y-25.943
G1 X25.279 Y-26.038
G1 X25.137 Y-25.849
G1 X25.090 Y-25.659
G1 X25.232 Y-25.517
G1 X25.564 Y-25.374
G1 X25.042 Y-25.659
G1 X24.805 Y-25.279
G1 X24.853 Y-25.137
G1 X24.995 Y-25.137
G1 X25.327 Y-24.947
G1 X24.947 Y-25.137
G1 X24.758 Y-25.137
G1 X24.568 Y-24.853
G1 X24.615 Y-24.710
G1 X24.758 Y-24.710
G1 X25.327 Y-24.426
G1 X24.758 Y-24.710
G1 X24.473 Y-24.663
G1 X24.378 Y-24.521
G1 X24.378 Y-24.426
G1 X24.521 Y-24.283
G1 X24.758 Y-24.189
G1 X24.331 Y-24.426
G1 X24.141 Y-24.426
G1 X23.857 Y-24.189
G1 X23.999 Y-23.999
G1 X24.568 Y-23.762
G1 X24.046 Y-23.951
G1 X23.857 Y-24.141
G1 X23.572 Y-24.094
G1 X23.430 Y-24.189
G1 X23.003 Y-24.236
G1 X21.295 Y-25.422
G1 X20.537 Y-25.754
G1 X20.394 Y-25.706
G1 X20.394 Y-25.611
G1 X20.584 Y-25.327
G1 X20.916 Y-24.995
G1 X21.533 Y-24.568
G1 X22.718 Y-23.999
G1 X24.473 Y-23.335
G1 X22.718 Y-23.999
G1 X21.438 Y-24.615
G1 X21.011 Y-24.900
G1 X20.537 Y-25.374
G1 X20.299 Y-25.801
G1 X19.967 Y-25.801
G1 X19.351 Y-25.564
G1 X19.351 Y-25.090
G1 X19.446 Y-24.758
G1 X19.683 Y-24.426
G1 X20.347 Y-23.809
G1 X21.533 Y-23.145
G1 X25.137 Y-21.580
G1 X26.655 Y-20.726
G1 X27.461 Y-20.205
G1 X28.789 Y-19.161
G1 X29.833 Y-18.118
G1 X30.354 Y-17.454
G1 X30.781 Y-16.742
G1 X30.971 Y-16.600
G1 X31.113 Y-16.647
G1 X31.161 Y-16.742
G1 X31.113 Y-17.217
G1 X30.971 Y-17.264
G1 X31.161 Y-17.264
G1 X31.161 Y-17.643
G1 X31.066 Y-18.545
G1 X30.781 Y-19.778
G1 X30.307 Y-21.011
G1 X29.738 Y-22.149
G1 X29.453 Y-22.576
G1 X29.406 Y-22.813
G1 X29.121 Y-23.003
G1 X29.406 Y-22.813
G1 X29.738 Y-22.861
G1 X30.829 Y-22.623
G1 X31.967 Y-22.244
G1 X33.295 Y-21.580
G1 X34.196 Y-21.011
G1 X34.670 Y-20.631
M5
G0 X36.093 Y-1.518 F2500
M3 S320
G1 F1000
G1 X36.425 Y-1.186
G1 X37.279 Y-0.617
G1 X37.895 Y-0.142
G1 X38.322 Y-0.569
G1 X38.417 Y-0.759
G1 X38.702 Y-0.901
G1 X39.034 Y-0.996
G1 X39.366 Y-0.996
G1 X39.745 Y-0.901
G1 X40.030 Y-0.711
G1 X40.172 Y-0.427
G1 X40.314 Y0.095
G1 X40.314 Y0.332
G1 X40.267 Y0.190
G1 X39.650 Y-0.379
G1 X39.508 Y-0.427
G1 X38.986 Y-0.427
G1 X38.749 Y-0.332
G1 X38.085 Y0.332
G1 X37.990 Y0.522
G1 X37.990 Y0.759
G1 X37.421 Y0.237
G1 X36.141 Y-0.617
G1 X36.093 Y-0.711
G1 X36.093 Y-1.518
G1 X36.425 Y-1.186
M5
G0 X36.283 Y-1.138 F2500
M3 S320
G1 F1000
G1 X36.425 Y-0.996
G1 X37.279 Y-0.427
G1 X37.895 Y0.047
G1 X38.512 Y-0.617
G1 X39.034 Y-0.806
G1 X39.366 Y-0.806
G1 X39.840 Y-0.664
G1 X39.982 Y-0.427
G1 X40.030 Y-0.237
G1 X39.650 Y-0.569
G1 X39.508 Y-0.617
G1 X38.986 Y-0.617
G1 X38.749 Y-0.522
G1 X37.895 Y0.332
G1 X37.848 Y0.474
G1 X37.421 Y0.047
G1 X36.283 Y-0.711
G1 X36.283 Y-1.138
G1 X36.425 Y-0.996
M5
G0 X36.330 Y-1.043 F2500
M3 S320
G1 F1000
G1 X37.895 Y0.095
G1 X38.607 Y-0.617
G1 X39.034 Y-0.759
G1 X39.366 Y-0.759
G1 X39.840 Y-0.617
G1 X39.935 Y-0.379
G1 X39.793 Y-0.522
G1 X39.508 Y-0.664
G1 X38.986 Y-0.664
G1 X38.749 Y-0.569
G1 X37.848 Y0.379
G1 X37.421 Y0.000
G1 X36.378 Y-0.664
G1 X36.330 Y-1.043
G1 X37.895 Y0.095
M5
G0 X36.330 Y1.660 F2500
M3 S320
G1 F1000
G1 X36.330 Y1.423
G1 X36.473 Y1.518
G1 X37.611 Y1.518
G1 X37.990 Y1.138
G1 X38.370 Y1.518
G1 X39.982 Y1.565
G1 X40.125 Y1.470
G1 X40.077 Y1.660
G1 X39.793 Y1.565
G1 X36.520 Y1.565
G1 X36.330 Y1.660
G1 X36.330 Y1.423
M5
G0 X36.283 Y1.755 F2500
M3 S320
G1 F1000
G1 X36.283 Y1.328
G1 X36.473 Y1.470
G1 X37.611 Y1.470
G1 X37.990 Y1.091
G1 X38.370 Y1.470
G1 X39.982 Y1.518
G1 X40.172 Y1.375
G1 X40.125 Y1.755
G1 X39.982 Y1.660
G1 X39.793 Y1.613
G1 X36.520 Y1.613
G1 X36.378 Y1.660
G1 X36.283 Y1.755
G1 X36.283 Y1.328
M5
G0 X36.235 Y1.850 F2500
M3 S320
G1 F1000
G1 X36.235 Y1.233
G1 X36.473 Y1.423
G1 X37.611 Y1.423
G1 X37.990 Y1.043
G1 X38.370 Y1.423
G1 X39.982 Y1.470
G1 X40.219 Y1.281
G1 X40.172 Y1.850
G1 X39.982 Y1.707
G1 X39.793 Y1.660
G1 X36.520 Y1.660
G1 X36.378 Y1.707
G1 X36.235 Y1.850
G1 X36.235 Y1.233
M5
G0 X36.188 Y1.945 F2500
M3 S320
G1 F1000
G1 X36.188 Y1.138
G1 X36.473 Y1.375
G1 X37.611 Y1.375
G1 X37.990 Y0.996
G1 X38.370 Y1.375
G1 X39.271 Y1.423
G1 X39.982 Y1.423
G1 X40.267 Y1.186
G1 X40.219 Y1.945
G1 X40.077 Y1.802
G1 X39.793 Y1.707
G1 X36.520 Y1.707
G1 X36.378 Y1.755
G1 X36.188 Y1.945
G1 X36.188 Y1.138
M5
G0 X36.141 Y2.039 F2500
M3 S320
G1 F1000
G1 X36.141 Y1.043
G1 X36.473 Y1.328
G1 X37.611 Y1.328
G1 X37.990 Y0.949
G1 X38.370 Y1.328
G1 X39.271 Y1.375
G1 X39.982 Y1.375
G1 X40.314 Y1.091
G1 X40.267 Y2.039
G1 X40.077 Y1.850
G1 X39.793 Y1.755
G1 X36.520 Y1.755
G1 X36.378 Y1.802
G1 X36.141 Y2.039
G1 X36.141 Y1.043
M5
G0 X36.093 Y2.134 F2500
M3 S320
G1 F1000
G1 X36.093 Y0.949
G1 X36.473 Y1.281
G1 X37.611 Y1.281
G1 X37.990 Y0.901
G1 X38.370 Y1.281
G1 X39.271 Y1.328
G1 X39.982 Y1.328
G1 X40.362 Y0.996
G1 X40.314 Y2.134
G1 X40.077 Y1.897
G1 X39.793 Y1.802
G1 X36.520 Y1.802
G1 X36.378 Y1.850
G1 X36.093 Y2.134
G1 X36.093 Y0.949
M5
G0 X36.046 Y2.229 F2500
M3 S320
G1 F1000
G1 X36.046 Y0.854
G1 X36.473 Y1.233
G1 X37.611 Y1.233
G1 X37.943 Y0.901
G1 X37.943 Y0.806
G1 X37.421 Y0.285
G1 X36.235 Y-0.474
G1 X36.093 Y-0.617
G1 X36.046 Y-0.711
G1 X36.046 Y-1.613
G1 X36.425 Y-1.233
G1 X37.279 Y-0.664
G1 X37.895 Y-0.190
G1 X38.275 Y-0.569
G1 X38.322 Y-0.711
G1 X38.417 Y-0.806
G1 X38.702 Y-0.949
G1 X39.034 Y-1.043
G1 X39.603 Y-0.996
G1 X39.935 Y-0.854
G1 X40.077 Y-0.711
G1 X40.314 Y-0.142
G1 X40.409 Y0.474
G1 X40.409 Y1.565
G1 X40.362 Y1.613
G1 X40.362 Y2.229
G1 X40.077 Y1.945
G1 X39.793 Y1.850
G1 X36.520 Y1.850
G1 X36.378 Y1.897
G1 X36.046 Y2.229
G1 X36.046 Y0.854
M5
G0 X35.998 Y2.324 F2500
M3 S320
G1 F1000
G1 X35.998 Y0.711
G1 X35.998 Y0.759
G1 X36.473 Y1.186
G1 X37.611 Y1.186
G1 X37.895 Y0.901
G1 X37.895 Y0.806
G1 X37.421 Y0.332
G1 X36.235 Y-0.427
G1 X36.046 Y-0.617
G1 X35.998 Y-0.711
G1 X35.998 Y-1.707
G1 X36.425 Y-1.281
G1 X37.279 Y-0.711
G1 X37.895 Y-0.237
G1 X38.227 Y-0.569
G1 X38.275 Y-0.711
G1 X38.417 Y-0.854
G1 X38.702 Y-0.996
G1 X39.034 Y-1.091
G1 X39.366 Y-1.091
G1 X39.745 Y-0.996
G1 X39.935 Y-0.901
G1 X40.125 Y-0.711
G1 X40.362 Y-0.142
G1 X40.457 Y0.474
G1 X40.409 Y2.324
G1 X40.077 Y1.992
G1 X39.793 Y1.897
G1 X36.520 Y1.897
G1 X36.378 Y1.945
G1 X35.998 Y2.324
G1 X35.998 Y0.711
M5
G0 X35.951 Y2.371 F2500
M3 S320
G1 F1000
G1 X35.951 Y0.664
G1 X36.046 Y0.664
G1 X36.046 Y0.759
G1 X36.473 Y1.138
G1 X37.611 Y1.138
G1 X37.848 Y0.901
G1 X37.848 Y0.806
G1 X37.421 Y0.379
G1 X36.235 Y-0.379
G1 X35.998 Y-0.617
G1 X35.951 Y-0.711
G1 X35.951 Y-1.755
G1 X36.046 Y-1.755
G1 X36.425 Y-1.328
G1 X37.279 Y-0.759
G1 X37.895 Y-0.285
G1 X38.180 Y-0.569
G1 X38.227 Y-0.711
G1 X38.417 Y-0.901
G1 X38.702 Y-1.043
G1 X39.034 Y-1.138
G1 X39.366 Y-1.138
G1 X39.745 Y-1.043
G1 X39.935 Y-0.949
G1 X40.172 Y-0.711
G1 X40.409 Y-0.142
G1 X40.504 Y0.474
G1 X40.504 Y1.565
G1 X40.362 Y2.371
G1 X40.077 Y2.039
G1 X39.793 Y1.945
G1 X36.520 Y1.945
G1 X36.378 Y1.992
G1 X36.046 Y2.371
G1 X35.951 Y2.371
G1 X35.951 Y0.664
M5
G0 X35.903 Y2.419 F2500
M3 S320
G1 F1000
G1 X35.903 Y0.617
G1 X36.093 Y0.664
G1 X36.093 Y0.759
G1 X36.473 Y1.091
G1 X37.611 Y1.091
G1 X37.801 Y0.901
G1 X37.801 Y0.806
G1 X37.421 Y0.427
G1 X36.235 Y-0.332
G1 X35.951 Y-0.617
G1 X35.903 Y-0.711
G1 X35.903 Y-1.802
G1 X36.093 Y-1.755
G1 X36.425 Y-1.375
G1 X37.279 Y-0.806
G1 X37.895 Y-0.332
G1 X38.417 Y-0.949
G1 X38.844 Y-1.138
G1 X39.034 Y-1.186
G1 X39.366 Y-1.186
G1 X39.745 Y-1.091
G1 X40.077 Y-0.901
G1 X40.362 Y-0.427
G1 X40.457 Y-0.142
G1 X40.551 Y0.474
G1 X40.551 Y1.565
G1 X40.504 Y2.324
G1 X40.457 Y2.419
G1 X40.314 Y2.371
G1 X40.077 Y2.087
G1 X39.793 Y1.992
G1 X36.520 Y1.992
G1 X36.378 Y2.039
G1 X36.093 Y2.371
G1 X35.903 Y2.419
G1 X35.903 Y0.617
M5
G0 X35.856 Y2.466 F2500
M3 S320
G1 F1000
G1 X35.856 Y0.569
G1 X36.093 Y0.569
G1 X36.141 Y0.759
G1 X36.473 Y1.043
G1 X37.611 Y1.043
G1 X37.753 Y0.901
G1 X37.753 Y0.806
G1 X37.421 Y0.474
G1 X36.235 Y-0.285
G1 X35.903 Y-0.617
G1 X35.856 Y-0.711
G1 X35.856 Y-1.850
G1 X36.046 Y-1.850
G1 X36.425 Y-1.423
G1 X37.279 Y-0.854
G1 X37.895 Y-0.379
G1 X38.085 Y-0.569
G1 X38.133 Y-0.711
G1 X38.417 Y-0.996
G1 X38.702 Y-1.138
G1 X39.034 Y-1.233
G1 X39.603 Y-1.186
G1 X39.935 Y-1.043
G1 X40.125 Y-0.901
G1 X40.409 Y-0.427
G1 X40.504 Y-0.142
G1 X40.599 Y0.474
G1 X40.599 Y1.565
G1 X40.551 Y2.324
G1 X40.504 Y2.371
G1 X40.504 Y2.466
G1 X40.314 Y2.466
G1 X40.267 Y2.324
G1 X40.077 Y2.134
G1 X39.793 Y2.039
G1 X36.520 Y2.039
G1 X36.378 Y2.087
G1 X36.141 Y2.324
G1 X36.093 Y2.466
G1 X35.856 Y2.466
G1 X35.856 Y0.569
M5
G0 X35.809 Y2.514 F2500
M3 S320
G1 F1000
G1 X35.809 Y0.522
G1 X36.141 Y0.522
G1 X36.188 Y0.759
G1 X36.473 Y0.996
G1 X37.611 Y0.996
G1 X37.706 Y0.901
G1 X37.706 Y0.806
G1 X37.421 Y0.522
G1 X36.235 Y-0.237
G1 X35.856 Y-0.617
G1 X35.809 Y-0.711
G1 X35.809 Y-1.897
G1 X36.093 Y-1.897
G1 X36.188 Y-1.707
G1 X36.425 Y-1.470
G1 X37.279 Y-0.901
G1 X37.895 Y-0.427
G1 X38.038 Y-0.569
G1 X38.085 Y-0.711
G1 X38.227 Y-0.901
G1 X38.702 Y-1.186
G1 X39.034 Y-1.281
G1 X39.366 Y-1.281
G1 X39.745 Y-1.186
G1 X40.077 Y-0.996
G1 X40.314 Y-0.711
G1 X40.551 Y-0.142
G1 X40.646 Y0.474
G1 X40.646 Y1.565
G1 X40.551 Y2.514
G1 X40.267 Y2.514
G1 X40.219 Y2.324
G1 X40.077 Y2.182
G1 X39.793 Y2.087
G1 X36.520 Y2.087
G1 X36.378 Y2.134
G1 X36.188 Y2.324
G1 X36.141 Y2.466
G1 X35.809 Y2.514
G1 X35.809 Y0.522
M5
G0 X35.761 Y2.561 F2500
M3 S320
G1 F1000
G1 X35.761 Y0.474
G1 X36.188 Y0.522
G1 X36.235 Y0.759
G1 X36.473 Y0.949
G1 X37.658 Y0.901
G1 X37.658 Y0.806
G1 X37.421 Y0.569
G1 X36.235 Y-0.190
G1 X35.809 Y-0.617
G1 X35.761 Y-0.711
G1 X35.761 Y-1.945
G1 X36.141 Y-1.897
G1 X36.235 Y-1.707
G1 X36.425 Y-1.518
G1 X37.279 Y-0.949
G1 X37.895 Y-0.474
G1 X38.227 Y-0.949
G1 X38.702 Y-1.233
G1 X39.034 Y-1.328
G1 X39.366 Y-1.328
G1 X39.745 Y-1.233
G1 X40.077 Y-1.043
G1 X40.362 Y-0.711
G1 X40.599 Y-0.142
G1 X40.694 Y0.474
G1 X40.694 Y1.565
G1 X40.599 Y2.561
G1 X40.219 Y2.561
G1 X40.172 Y2.324
G1 X40.077 Y2.229
G1 X39.793 Y2.134
G1 X36.520 Y2.134
G1 X36.378 Y2.182
G1 X36.235 Y2.324
G1 X36.141 Y2.561
G1 X35.761 Y2.561
G1 X35.761 Y0.474
M5
G0 X35.951 Y4.601 F2500
M3 S320
G1 F1000
G1 X35.998 Y4.506
G1 X36.235 Y4.316
G1 X35.951 Y4.601
G1 X35.998 Y4.506
M5
G0 X39.982 Y4.506 F2500
M3 S320
G1 F1000
G1 X39.793 Y4.316
G1 X39.935 Y4.269
G1 X40.030 Y4.174
G1 X39.982 Y4.506
G1 X39.793 Y4.316
M5
G0 X40.030 Y4.601 F2500
M3 S320
G1 F1000
G1 X39.650 Y4.269
G1 X39.840 Y4.269
G1 X40.077 Y4.079
G1 X40.030 Y4.601
G1 X39.650 Y4.269
M5
G0 X40.172 Y3.937 F2500
M3 S320
G1 F1000
G1 X40.125 Y4.316
G1 X40.077 Y4.363
G1 X40.077 Y4.648
G1 X39.603 Y4.269
G1 X39.271 Y4.174
G1 X39.081 Y4.174
G1 X39.271 Y4.174
G1 X39.318 Y4.221
G1 X39.840 Y4.221
G1 X40.172 Y3.937
G1 X40.125 Y4.316
M5
G0 X40.077 Y1.233 F2500
M3 S320
G1 F1000
G1 X40.409 Y0.901
G1 X40.409 Y0.617
G1 X40.219 Y0.190
G1 X39.650 Y-0.332
G1 X39.508 Y-0.379
G1 X38.986 Y-0.379
G1 X38.749 Y-0.285
G1 X38.133 Y0.332
G1 X38.038 Y0.522
G1 X37.990 Y0.854
G1 X38.370 Y1.233
G1 X39.271 Y1.281
G1 X39.982 Y1.281
G1 X40.077 Y1.233
G1 X40.409 Y0.901
M5
G0 X40.172 Y0.901 F2500
M3 S320
G1 F1000
G1 X40.172 Y0.617
G1 X39.982 Y0.190
G1 X39.793 Y0.000
G1 X39.508 Y-0.142
G1 X38.986 Y-0.142
G1 X38.749 Y-0.047
G1 X38.370 Y0.332
G1 X38.275 Y0.522
G1 X38.227 Y0.854
G1 X38.370 Y0.996
G1 X39.271 Y1.043
G1 X39.982 Y1.043
G1 X40.172 Y0.901
G1 X40.172 Y0.617
M5
G0 X40.077 Y0.949 F2500
M3 S320
G1 F1000
G1 X40.125 Y0.617
G1 X39.935 Y0.190
G1 X39.793 Y0.047
G1 X39.508 Y-0.095
G1 X38.986 Y-0.095
G1 X38.749 Y0.000
G1 X38.417 Y0.332
G1 X38.322 Y0.522
G1 X38.275 Y0.854
G1 X38.370 Y0.949
G1 X39.271 Y0.996
G1 X39.982 Y0.996
G1 X40.077 Y0.949
G1 X40.125 Y0.617
M5
G0 X40.077 Y1.043 F2500
M3 S320
G1 F1000
G1 X40.219 Y0.901
G1 X40.219 Y0.617
G1 X40.030 Y0.190
G1 X39.793 Y-0.047
G1 X39.508 Y-0.190
G1 X38.986 Y-0.190
G1 X38.749 Y-0.095
G1 X38.322 Y0.332
G1 X38.227 Y0.522
G1 X38.180 Y0.854
G1 X38.370 Y1.043
G1 X39.271 Y1.091
G1 X39.982 Y1.091
G1 X40.077 Y1.043
G1 X40.219 Y0.901
M5
G0 X40.077 Y1.091 F2500
M3 S320
G1 F1000
G1 X40.267 Y0.901
G1 X40.267 Y0.617
G1 X40.077 Y0.190
G1 X39.793 Y-0.095
G1 X39.508 Y-0.237
G1 X38.986 Y-0.237
G1 X38.749 Y-0.142
G1 X38.275 Y0.332
G1 X38.180 Y0.522
G1 X38.133 Y0.854
G1 X38.370 Y1.091
G1 X39.271 Y1.138
G1 X39.982 Y1.138
G1 X40.077 Y1.091
G1 X40.267 Y0.901
M5
G0 X40.077 Y1.138 F2500
M3 S320
G1 F1000
G1 X40.314 Y0.901
G1 X40.314 Y0.617
G1 X40.125 Y0.190
G1 X39.793 Y-0.142
G1 X39.508 Y-0.285
G1 X38.986 Y-0.285
G1 X38.749 Y-0.190
G1 X38.227 Y0.332
G1 X38.133 Y0.522
G1 X38.085 Y0.854
G1 X38.370 Y1.138
G1 X39.271 Y1.186
G1 X39.982 Y1.186
G1 X40.077 Y1.138
G1 X40.314 Y0.901
M5
G0 X40.077 Y1.186 F2500
M3 S320
G1 F1000
G1 X40.362 Y0.901
G1 X40.362 Y0.617
G1 X40.172 Y0.190
G1 X39.650 Y-0.285
G1 X39.508 Y-0.332
G1 X38.986 Y-0.332
G1 X38.749 Y-0.237
G1 X38.180 Y0.332
G1 X38.085 Y0.522
G1 X38.038 Y0.854
G1 X38.370 Y1.186
G1 X39.271 Y1.233
G1 X39.982 Y1.233
G1 X40.077 Y1.186
G1 X40.362 Y0.901
M5
G0 X40.267 Y0.142 F2500
M3 S320
G1 F1000
G1 X39.650 Y-0.427
G1 X39.508 Y-0.474
G1 X38.986 Y-0.474
G1 X38.749 Y-0.379
G1 X38.038 Y0.332
G1 X37.943 Y0.522
G1 X37.943 Y0.711
G1 X37.421 Y0.190
G1 X36.188 Y-0.617
G1 X36.141 Y-0.711
G1 X36.141 Y-1.423
G1 X36.425 Y-1.138
G1 X37.279 Y-0.569
G1 X37.895 Y-0.095
G1 X38.370 Y-0.569
G1 X38.417 Y-0.711
G1 X38.702 Y-0.854
G1 X39.034 Y-0.949
G1 X39.366 Y-0.949
G1 X39.745 Y-0.854
G1 X39.982 Y-0.711
G1 X40.125 Y-0.427
G1 X40.267 Y0.142
G1 X39.650 Y-0.427
M5
G0 X40.125 Y-0.095 F2500
M3 S320
G1 F1000
G1 X39.650 Y-0.522
G1 X39.508 Y-0.569
G1 X38.986 Y-0.569
G1 X38.749 Y-0.474
G1 X37.943 Y0.332
G1 X37.848 Y0.522
G1 X37.421 Y0.095
G1 X36.378 Y-0.569
G1 X36.235 Y-0.711
G1 X36.235 Y-1.233
G1 X36.615 Y-0.901
G1 X37.279 Y-0.474
G1 X37.895 Y0.000
G1 X38.512 Y-0.664
G1 X39.034 Y-0.854
G1 X39.366 Y-0.854
G1 X39.840 Y-0.711
G1 X40.030 Y-0.427
G1 X40.125 Y-0.095
G1 X39.650 Y-0.522
M5
G0 X40.172 Y0.000 F2500
M3 S320
G1 F1000
G1 X39.650 Y-0.474
G1 X39.508 Y-0.522
G1 X38.986 Y-0.522
G1 X38.749 Y-0.427
G1 X37.990 Y0.332
G1 X37.895 Y0.522
G1 X37.895 Y0.617
G1 X37.421 Y0.142
G1 X36.235 Y-0.617
G1 X36.188 Y-0.711
G1 X36.188 Y-1.328
G1 X36.425 Y-1.091
G1 X37.279 Y-0.522
G1 X37.895 Y-0.047
G1 X38.512 Y-0.711
G1 X39.034 Y-0.901
G1 X39.366 Y-0.901
G1 X39.603 Y-0.854
G1 X39.935 Y-0.711
G1 X40.077 Y-0.427
G1 X40.172 Y-0.142
G1 X40.172 Y0.000
G1 X39.650 Y-0.474
M5
G0 X39.413 Y7.446 F2500
M3 S320
G1 F1000
G1 X39.318 Y7.351
G1 X39.176 Y7.304
G1 X37.990 Y7.162
G1 X36.520 Y6.877
G1 X36.188 Y6.735
G1 X36.093 Y6.640
G1 X35.903 Y6.071
G1 X36.520 Y6.687
G1 X36.805 Y6.830
G1 X37.611 Y7.019
G1 X39.081 Y7.209
G1 X39.461 Y7.209
G1 X39.413 Y7.446
G1 X39.318 Y7.351
M5
G0 X39.461 Y7.541 F2500
M3 S320
G1 F1000
G1 X39.318 Y7.399
G1 X39.176 Y7.351
G1 X37.137 Y7.067
G1 X36.283 Y6.830
G1 X36.093 Y6.735
G1 X35.903 Y6.261
G1 X35.856 Y5.976
G1 X36.520 Y6.640
G1 X36.947 Y6.830
G1 X37.943 Y7.019
G1 X39.081 Y7.162
G1 X39.508 Y7.162
G1 X39.461 Y7.541
G1 X39.318 Y7.399
M5
G0 X39.508 Y7.636 F2500
M3 S320
G1 F1000
G1 X39.318 Y7.446
G1 X39.176 Y7.399
G1 X37.137 Y7.114
G1 X36.283 Y6.877
G1 X36.093 Y6.782
G1 X35.951 Y6.545
G1 X35.809 Y6.071
G1 X35.809 Y5.881
G1 X36.520 Y6.593
G1 X36.947 Y6.782
G1 X37.943 Y6.972
G1 X39.081 Y7.114
G1 X39.555 Y7.114
G1 X39.508 Y7.636
G1 X39.318 Y7.446
M5
G0 X39.508 Y7.683 F2500
M3 S320
G1 F1000
G1 X39.318 Y7.494
G1 X39.176 Y7.446
G1 X37.137 Y7.162
G1 X36.520 Y7.019
G1 X36.093 Y6.830
G1 X35.998 Y6.735
G1 X35.761 Y6.071
G1 X35.761 Y5.691
G1 X35.761 Y5.786
G1 X36.520 Y6.545
G1 X36.805 Y6.687
G1 X37.611 Y6.877
G1 X39.081 Y7.067
G1 X39.650 Y7.019
G1 X39.508 Y7.683
G1 X39.318 Y7.494
M5
G0 X39.555 Y7.778 F2500
M3 S320
G1 F1000
G1 X39.318 Y7.541
G1 X39.176 Y7.494
G1 X37.137 Y7.209
G1 X36.520 Y7.067
G1 X36.093 Y6.877
G1 X35.951 Y6.735
G1 X35.856 Y6.545
G1 X35.714 Y6.071
G1 X35.714 Y5.217
G1 X35.809 Y4.838
G1 X35.951 Y4.506
G1 X36.141 Y4.316
G1 X36.473 Y4.174
G1 X35.951 Y4.648
G1 X35.809 Y4.885
G1 X35.761 Y5.027
G1 X35.761 Y5.644
G1 X35.809 Y5.786
G1 X36.520 Y6.498
G1 X36.947 Y6.687
G1 X37.943 Y6.877
G1 X39.081 Y7.019
G1 X39.603 Y7.019
G1 X39.698 Y6.925
G1 X39.555 Y7.778
G1 X39.318 Y7.541
M5
G0 X39.603 Y7.873 F2500
M3 S320
G1 F1000
G1 X39.318 Y7.589
G1 X39.176 Y7.541
G1 X37.137 Y7.257
G1 X36.520 Y7.114
G1 X36.093 Y6.925
G1 X35.903 Y6.735
G1 X35.666 Y6.071
G1 X35.666 Y5.217
G1 X35.761 Y4.838
G1 X35.903 Y4.506
G1 X36.141 Y4.269
G1 X36.567 Y4.079
G1 X36.994 Y3.984
G1 X37.611 Y3.984
G1 X36.994 Y3.984
G1 X36.662 Y4.079
G1 X36.425 Y4.221
G1 X35.998 Y4.648
G1 X35.809 Y5.027
G1 X35.809 Y5.644
G1 X35.856 Y5.786
G1 X36.520 Y6.450
G1 X36.947 Y6.640
G1 X37.611 Y6.782
G1 X39.081 Y6.972
G1 X39.603 Y6.972
G1 X39.793 Y6.782
G1 X39.650 Y7.636
G1 X39.603 Y7.683
G1 X39.603 Y7.873
G1 X39.318 Y7.589
M5
G0 X39.603 Y7.921 F2500
M3 S320
G1 F1000
G1 X39.318 Y7.636
G1 X39.176 Y7.589
G1 X37.990 Y7.446
G1 X36.899 Y7.257
G1 X36.520 Y7.162
G1 X35.951 Y6.877
G1 X35.761 Y6.545
G1 X35.619 Y6.071
G1 X35.619 Y5.217
G1 X35.714 Y4.838
G1 X35.951 Y4.363
G1 X36.425 Y4.079
G1 X36.994 Y3.937
G1 X37.611 Y3.937
G1 X38.512 Y4.031
G1 X39.318 Y4.174
G1 X39.840 Y4.174
G1 X40.219 Y3.842
G1 X40.077 Y4.743
G1 X39.698 Y4.363
G1 X39.271 Y4.221
G1 X37.943 Y4.031
G1 X36.994 Y4.031
G1 X36.662 Y4.126
G1 X36.425 Y4.269
G1 X36.046 Y4.648
G1 X35.856 Y5.027
G1 X35.856 Y5.644
G1 X35.903 Y5.786
G1 X36.520 Y6.403
G1 X36.805 Y6.545
G1 X37.611 Y6.735
G1 X39.081 Y6.925
G1 X39.603 Y6.925
G1 X39.840 Y6.687
G1 X39.840 Y6.782
G1 X39.793 Y6.830
G1 X39.793 Y7.067
G1 X39.745 Y7.114
G1 X39.698 Y7.636
G1 X39.603 Y7.921
G1 X39.318 Y7.636
M5
G0 X39.650 Y8.063 F2500
M3 S320
G1 F1000
G1 X39.318 Y7.683
G1 X39.176 Y7.636
G1 X37.990 Y7.494
G1 X36.899 Y7.304
G1 X36.520 Y7.209
G1 X35.951 Y6.925
G1 X35.714 Y6.545
G1 X35.571 Y6.071
G1 X35.571 Y5.217
G1 X35.666 Y4.838
G1 X35.903 Y4.363
G1 X36.141 Y4.174
G1 X36.425 Y4.031
G1 X36.994 Y3.889
G1 X37.611 Y3.889
G1 X38.512 Y3.984
G1 X39.318 Y4.126
G1 X39.840 Y4.126
G1 X40.267 Y3.747
G1 X40.125 Y4.933
G1 X40.077 Y4.790
G1 X39.698 Y4.411
G1 X39.461 Y4.316
G1 X38.749 Y4.174
G1 X37.943 Y4.079
G1 X36.994 Y4.079
G1 X36.662 Y4.174
G1 X36.425 Y4.316
G1 X36.093 Y4.648
G1 X35.903 Y5.027
G1 X35.903 Y5.644
G1 X35.951 Y5.786
G1 X36.520 Y6.355
G1 X36.805 Y6.498
G1 X37.611 Y6.687
G1 X39.081 Y6.877
G1 X39.603 Y6.877
G1 X39.887 Y6.593
G1 X39.887 Y6.782
G1 X39.840 Y6.830
G1 X39.698 Y7.873
G1 X39.650 Y7.921
G1 X39.650 Y8.063
G1 X39.318 Y7.683
M5
G0 X39.650 Y8.158 F2500
M3 S320
G1 F1000
G1 X39.603 Y8.015
G1 X39.318 Y7.731
G1 X36.899 Y7.351
G1 X36.283 Y7.162
G1 X35.856 Y6.877
G1 X35.666 Y6.545
G1 X35.524 Y6.071
G1 X35.524 Y5.217
G1 X35.714 Y4.601
G1 X35.951 Y4.269
G1 X36.425 Y3.984
G1 X36.994 Y3.842
G1 X37.611 Y3.842
G1 X38.512 Y3.937
G1 X39.318 Y4.079
G1 X39.840 Y4.079
G1 X40.314 Y3.699
G1 X40.267 Y4.316
G1 X40.125 Y5.027
G1 X40.030 Y4.790
G1 X39.603 Y4.411
G1 X39.034 Y4.269
G1 X37.943 Y4.126
G1 X36.994 Y4.126
G1 X36.662 Y4.221
G1 X36.425 Y4.363
G1 X36.141 Y4.648
G1 X35.951 Y5.027
G1 X35.951 Y5.644
G1 X35.998 Y5.786
G1 X36.520 Y6.308
G1 X36.805 Y6.450
G1 X37.611 Y6.640
G1 X39.081 Y6.830
G1 X39.603 Y6.830
G1 X39.935 Y6.498
G1 X39.935 Y6.782
G1 X39.793 Y7.636
G1 X39.650 Y8.158
G1 X39.603 Y8.015
M5
G0 X39.698 Y8.205 F2500
M3 S320
G1 F1000
G1 X39.603 Y8.205
G1 X39.555 Y8.015
G1 X39.318 Y7.778
G1 X37.137 Y7.446
G1 X36.520 Y7.304
G1 X36.093 Y7.114
G1 X35.809 Y6.877
G1 X35.619 Y6.545
G1 X35.477 Y6.071
G1 X35.477 Y5.217
G1 X35.666 Y4.601
G1 X35.951 Y4.221
G1 X36.425 Y3.937
G1 X36.994 Y3.794
G1 X37.611 Y3.794
G1 X38.512 Y3.889
G1 X39.318 Y4.031
G1 X39.840 Y4.031
G1 X39.935 Y3.984
G1 X40.219 Y3.652
G1 X40.362 Y3.652
G1 X40.314 Y4.316
G1 X40.172 Y5.075
G1 X40.077 Y5.075
G1 X39.982 Y4.790
G1 X39.603 Y4.458
G1 X39.034 Y4.316
G1 X37.943 Y4.174
G1 X36.994 Y4.174
G1 X36.662 Y4.269
G1 X36.425 Y4.411
G1 X36.188 Y4.648
G1 X35.998 Y5.027
G1 X35.998 Y5.644
G1 X36.046 Y5.786
G1 X36.520 Y6.261
G1 X36.805 Y6.403
G1 X37.611 Y6.593
G1 X39.081 Y6.782
G1 X39.603 Y6.782
G1 X39.887 Y6.450
G1 X39.982 Y6.450
G1 X39.982 Y6.782
G1 X39.698 Y8.205
G1 X39.603 Y8.205
M5
G0 X39.745 Y8.253 F2500
M3 S320
G1 F1000
G1 X39.555 Y8.205
G1 X39.508 Y8.015
G1 X39.318 Y7.826
G1 X37.137 Y7.494
G1 X36.520 Y7.351
G1 X36.093 Y7.162
G1 X35.761 Y6.877
G1 X35.571 Y6.545
G1 X35.429 Y6.071
G1 X35.429 Y5.217
G1 X35.619 Y4.601
G1 X35.761 Y4.363
G1 X35.951 Y4.174
G1 X36.425 Y3.889
G1 X36.994 Y3.747
G1 X37.611 Y3.747
G1 X38.512 Y3.842
G1 X39.318 Y3.984
G1 X39.840 Y3.984
G1 X39.935 Y3.937
G1 X40.172 Y3.652
G1 X40.409 Y3.605
G1 X40.409 Y3.937
G1 X40.219 Y5.122
G1 X40.030 Y5.122
G1 X39.935 Y4.790
G1 X39.603 Y4.506
G1 X39.034 Y4.363
G1 X37.943 Y4.221
G1 X36.994 Y4.221
G1 X36.662 Y4.316
G1 X36.425 Y4.458
G1 X36.235 Y4.648
G1 X36.046 Y5.027
G1 X36.046 Y5.644
G1 X36.093 Y5.786
G1 X36.520 Y6.213
G1 X36.805 Y6.355
G1 X37.611 Y6.545
G1 X39.081 Y6.735
G1 X39.603 Y6.735
G1 X39.840 Y6.498
G1 X39.840 Y6.403
G1 X40.030 Y6.403
G1 X40.030 Y6.782
G1 X39.745 Y8.253
G1 X39.555 Y8.205
M5
G0 X39.793 Y8.300 F2500
M3 S320
G1 F1000
G1 X39.603 Y8.300
G1 X39.508 Y8.253
G1 X39.508 Y8.110
G1 X39.318 Y7.873
G1 X37.137 Y7.541
G1 X36.520 Y7.399
G1 X36.093 Y7.209
G1 X35.714 Y6.877
G1 X35.524 Y6.545
G1 X35.382 Y6.071
G1 X35.382 Y5.217
G1 X35.477 Y4.838
G1 X35.619 Y4.506
G1 X35.951 Y4.126
G1 X36.425 Y3.842
G1 X36.994 Y3.699
G1 X37.611 Y3.699
G1 X38.512 Y3.794
G1 X39.318 Y3.937
G1 X39.840 Y3.937
G1 X40.125 Y3.699
G1 X40.172 Y3.557
G1 X40.457 Y3.557
G1 X40.457 Y3.937
G1 X40.314 Y4.933
G1 X40.267 Y4.980
G1 X40.267 Y5.170
G1 X39.982 Y5.122
G1 X39.887 Y4.790
G1 X39.603 Y4.553
G1 X39.034 Y4.411
G1 X37.943 Y4.269
G1 X36.994 Y4.269
G1 X36.662 Y4.363
G1 X36.283 Y4.648
G1 X36.093 Y5.027
G1 X36.093 Y5.644
G1 X36.141 Y5.786
G1 X36.520 Y6.166
G1 X36.805 Y6.308
G1 X37.611 Y6.498
G1 X39.081 Y6.687
G1 X39.603 Y6.687
G1 X39.793 Y6.498
G1 X39.793 Y6.355
G1 X40.077 Y6.355
G1 X40.077 Y6.782
G1 X39.793 Y8.300
G1 X39.603 Y8.300
M5
G0 X39.793 Y8.347 F2500
M3 S320
G1 F1000
G1 X39.461 Y8.300
G1 X39.461 Y8.110
G1 X39.318 Y7.921
G1 X39.176 Y7.873
G1 X37.990 Y7.731
G1 X36.520 Y7.446
G1 X36.093 Y7.257
G1 X35.666 Y6.877
G1 X35.477 Y6.545
G1 X35.334 Y6.071
G1 X35.334 Y5.217
G1 X35.429 Y4.838
G1 X35.571 Y4.506
G1 X35.951 Y4.079
G1 X36.425 Y3.794
G1 X36.994 Y3.652
G1 X37.611 Y3.652
G1 X38.512 Y3.747
G1 X39.318 Y3.889
G1 X39.840 Y3.889
G1 X40.077 Y3.699
G1 X40.125 Y3.557
G1 X40.504 Y3.510
G1 X40.457 Y4.316
G1 X40.362 Y4.933
G1 X40.267 Y5.217
G1 X40.030 Y5.217
G1 X39.935 Y5.170
G1 X39.935 Y5.027
G1 X39.840 Y4.790
G1 X39.603 Y4.601
G1 X39.034 Y4.458
G1 X37.943 Y4.316
G1 X36.994 Y4.316
G1 X36.662 Y4.411
G1 X36.330 Y4.648
G1 X36.141 Y5.027
G1 X36.141 Y5.644
G1 X36.188 Y5.786
G1 X36.520 Y6.118
G1 X36.947 Y6.308
G1 X37.611 Y6.450
G1 X39.081 Y6.640
G1 X39.603 Y6.640
G1 X39.745 Y6.498
G1 X39.793 Y6.308
G1 X40.125 Y6.308
G1 X40.125 Y6.782
G1 X39.935 Y7.873
G1 X39.793 Y8.347
G1 X39.461 Y8.300
M5
G0 X39.129 Y9.770 F2500
M3 S320
G1 F1000
G1 X38.891 Y9.486
G1 X39.176 Y9.581
G1 X39.129 Y9.770
G1 X38.891 Y9.486
M5
G0 X39.129 Y9.913 F2500
M3 S320
G1 F1000
G1 X39.081 Y9.770
G1 X38.749 Y9.391
G1 X38.939 Y9.486
G1 X39.223 Y9.533
G1 X39.129 Y9.913
G1 X39.081 Y9.770
M5
G0 X39.129 Y10.055 F2500
M3 S320
G1 F1000
G1 X39.129 Y9.960
G1 X39.034 Y9.770
G1 X38.654 Y9.343
G1 X39.129 Y9.486
G1 X39.271 Y9.486
G1 X39.271 Y9.628
G1 X39.129 Y9.960
G1 X39.129 Y10.055
G1 X39.129 Y9.960
M5
G0 X39.081 Y10.339 F2500
M3 S320
G1 F1000
G1 X39.081 Y9.960
G1 X38.986 Y9.770
G1 X38.559 Y9.249
G1 X38.939 Y9.391
G1 X39.366 Y9.486
G1 X39.081 Y10.245
G1 X39.081 Y10.339
G1 X39.081 Y9.960
M5
G0 X38.559 Y11.383 F2500
M3 S320
G1 F1000
G1 X38.275 Y11.146
G1 X36.473 Y10.577
G1 X35.856 Y10.434
G1 X35.097 Y10.150
G1 X34.907 Y10.150
G1 X35.002 Y9.818
G1 X35.287 Y10.102
G1 X35.477 Y10.197
G1 X36.805 Y10.577
G1 X37.563 Y10.861
G1 X38.607 Y11.146
G1 X38.559 Y11.383
G1 X38.275 Y11.146
M5
G0 X38.559 Y11.478 F2500
M3 S320
G1 F1000
G1 X38.275 Y11.193
G1 X36.473 Y10.624
G1 X35.856 Y10.482
G1 X35.097 Y10.197
G1 X34.860 Y10.197
G1 X34.907 Y9.960
G1 X35.002 Y9.770
G1 X35.287 Y10.055
G1 X35.477 Y10.150
G1 X36.805 Y10.529
G1 X37.563 Y10.814
G1 X38.654 Y11.098
G1 X38.559 Y11.478
G1 X38.275 Y11.193
M5
G0 X38.607 Y11.525 F2500
M3 S320
G1 F1000
G1 X38.275 Y11.241
G1 X36.473 Y10.671
G1 X35.856 Y10.529
G1 X35.097 Y10.245
G1 X34.860 Y10.245
G1 X34.765 Y10.292
G1 X34.860 Y10.102
G1 X34.860 Y9.960
G1 X34.955 Y9.675
G1 X35.287 Y10.007
G1 X35.477 Y10.102
G1 X36.805 Y10.482
G1 X37.563 Y10.766
G1 X38.512 Y11.051
G1 X38.749 Y11.003
G1 X38.654 Y11.241
G1 X38.607 Y11.525
G1 X38.275 Y11.241
M5
G0 X38.607 Y11.620 F2500
M3 S320
G1 F1000
G1 X38.275 Y11.288
G1 X36.473 Y10.719
G1 X35.856 Y10.577
G1 X35.097 Y10.292
G1 X34.860 Y10.292
G1 X34.670 Y10.434
G1 X34.813 Y10.102
G1 X34.907 Y9.628
G1 X35.287 Y9.960
G1 X36.046 Y10.245
G1 X36.805 Y10.434
G1 X37.563 Y10.719
G1 X38.512 Y11.003
G1 X38.702 Y11.003
G1 X38.844 Y10.861
G1 X38.607 Y11.620
G1 X38.275 Y11.288
M5
G0 X38.654 Y11.715 F2500
M3 S320
G1 F1000
G1 X38.275 Y11.335
G1 X36.473 Y10.766
G1 X35.856 Y10.624
G1 X35.097 Y10.339
G1 X34.860 Y10.339
G1 X34.623 Y10.529
G1 X34.907 Y9.533
G1 X35.287 Y9.913
G1 X35.477 Y10.007
G1 X36.805 Y10.387
G1 X37.563 Y10.671
G1 X38.512 Y10.956
G1 X38.702 Y10.956
G1 X38.939 Y10.719
G1 X38.844 Y10.909
G1 X38.844 Y11.051
G1 X38.654 Y11.573
G1 X38.654 Y11.715
G1 X38.275 Y11.335
M5
G0 X38.654 Y11.762 F2500
M3 S320
G1 F1000
G1 X38.275 Y11.383
G1 X36.473 Y10.814
G1 X35.856 Y10.671
G1 X35.097 Y10.387
G1 X34.860 Y10.387
G1 X34.528 Y10.671
G1 X34.813 Y9.770
G1 X34.860 Y9.486
G1 X35.287 Y9.865
G1 X35.477 Y9.960
G1 X36.805 Y10.339
G1 X37.563 Y10.624
G1 X38.512 Y10.909
G1 X38.702 Y10.909
G1 X38.986 Y10.624
G1 X38.654 Y11.762
G1 X38.275 Y11.383
M5
G0 X38.133 Y12.806 F2500
M3 S320
G1 F1000
G1 X38.417 Y12.521
G1 X38.322 Y12.853
G1 X38.133 Y12.806
G1 X38.417 Y12.521
M5
G0 X38.038 Y12.806 F2500
M3 S320
G1 F1000
G1 X38.512 Y12.331
G1 X38.370 Y12.901
G1 X38.227 Y12.901
G1 X38.038 Y12.806
G1 X38.512 Y12.331
M5
G0 X38.370 Y12.995 F2500
M3 S320
G1 F1000
G1 X38.038 Y12.853
G1 X37.848 Y12.853
G1 X38.085 Y12.758
G1 X38.465 Y12.379
G1 X38.654 Y11.952
G1 X38.654 Y11.810
G1 X38.275 Y11.430
G1 X36.473 Y10.861
G1 X35.856 Y10.719
G1 X35.097 Y10.434
G1 X34.860 Y10.434
G1 X34.433 Y10.766
G1 X34.670 Y10.102
G1 X34.765 Y9.628
G1 X34.860 Y9.438
G1 X34.860 Y9.296
G1 X34.860 Y9.391
G1 X35.287 Y9.818
G1 X35.477 Y9.913
G1 X36.805 Y10.292
G1 X37.563 Y10.577
G1 X38.512 Y10.861
G1 X38.702 Y10.861
G1 X39.034 Y10.529
G1 X39.034 Y9.960
G1 X38.939 Y9.770
G1 X38.465 Y9.201
G1 X39.413 Y9.438
G1 X39.081 Y10.387
G1 X38.512 Y12.426
G1 X38.465 Y12.758
G1 X38.370 Y12.995
G1 X38.038 Y12.853
M5
G0 X38.417 Y13.043 F2500
M3 S320
G1 F1000
G1 X38.038 Y12.901
G1 X37.658 Y12.853
G1 X37.801 Y12.853
G1 X38.085 Y12.711
G1 X38.417 Y12.379
G1 X38.559 Y12.094
G1 X38.607 Y11.810
G1 X38.275 Y11.478
G1 X36.473 Y10.909
G1 X35.856 Y10.766
G1 X35.097 Y10.482
G1 X34.860 Y10.482
G1 X34.481 Y10.814
G1 X34.386 Y10.814
G1 X34.860 Y9.201
G1 X34.907 Y9.391
G1 X35.287 Y9.770
G1 X35.477 Y9.865
G1 X36.805 Y10.245
G1 X37.563 Y10.529
G1 X38.512 Y10.814
G1 X38.702 Y10.814
G1 X38.986 Y10.529
G1 X38.986 Y9.960
G1 X38.749 Y9.581
G1 X38.465 Y9.296
G1 X38.417 Y9.154
G1 X38.559 Y9.154
G1 X38.939 Y9.296
G1 X39.461 Y9.391
G1 X39.461 Y9.486
G1 X39.129 Y10.387
G1 X38.417 Y13.043
G1 X38.038 Y12.901
M5
G0 X38.465 Y13.090 F2500
M3 S320
G1 F1000
G1 X38.370 Y13.090
G1 X38.038 Y12.948
G1 X37.848 Y12.948
G1 X37.516 Y12.853
G1 X37.611 Y12.806
G1 X37.801 Y12.806
G1 X38.085 Y12.663
G1 X38.370 Y12.379
G1 X38.512 Y12.094
G1 X38.559 Y11.810
G1 X38.275 Y11.525
G1 X36.473 Y10.956
G1 X35.856 Y10.814
G1 X35.097 Y10.529
G1 X34.860 Y10.529
G1 X34.481 Y10.861
G1 X34.338 Y10.861
G1 X34.338 Y10.766
G1 X34.433 Y10.577
G1 X34.433 Y10.434
G1 X34.765 Y9.438
G1 X34.813 Y9.154
G1 X34.907 Y9.154
G1 X34.955 Y9.391
G1 X35.287 Y9.723
G1 X35.477 Y9.818
G1 X36.805 Y10.197
G1 X37.563 Y10.482
G1 X38.512 Y10.766
G1 X38.702 Y10.766
G1 X38.939 Y10.529
G1 X38.939 Y9.960
G1 X38.702 Y9.581
G1 X38.417 Y9.296
G1 X38.417 Y9.106
G1 X38.749 Y9.154
G1 X38.939 Y9.249
G1 X39.271 Y9.296
G1 X39.508 Y9.391
G1 X39.508 Y9.486
G1 X39.176 Y10.387
G1 X38.607 Y12.426
G1 X38.465 Y13.090
G1 X38.370 Y13.090
M5
G0 X38.465 Y13.138 F2500
M3 S320
G1 F1000
G1 X38.370 Y13.138
G1 X38.038 Y12.995
G1 X37.469 Y12.901
G1 X37.469 Y12.806
G1 X37.801 Y12.758
G1 X38.085 Y12.616
G1 X38.322 Y12.379
G1 X38.465 Y12.094
G1 X38.512 Y11.810
G1 X38.275 Y11.573
G1 X36.473 Y11.003
G1 X35.856 Y10.861
G1 X35.097 Y10.577
G1 X34.860 Y10.577
G1 X34.765 Y10.624
G1 X34.481 Y10.909
G1 X34.291 Y10.861
G1 X34.291 Y10.766
G1 X34.386 Y10.577
G1 X34.386 Y10.434
G1 X34.670 Y9.581
G1 X34.718 Y9.296
G1 X34.813 Y9.106
G1 X34.955 Y9.106
G1 X35.002 Y9.391
G1 X35.287 Y9.675
G1 X35.477 Y9.770
G1 X36.805 Y10.150
G1 X37.563 Y10.434
G1 X38.512 Y10.719
G1 X38.702 Y10.719
G1 X38.891 Y10.529
G1 X38.891 Y9.960
G1 X38.654 Y9.581
G1 X38.370 Y9.296
G1 X38.322 Y9.154
G1 X38.370 Y9.059
G1 X38.559 Y9.059
G1 X39.129 Y9.249
G1 X39.603 Y9.343
G1 X39.223 Y10.387
G1 X38.654 Y12.426
G1 X38.607 Y12.758
G1 X38.465 Y13.138
G1 X38.370 Y13.138
M5
G0 X38.512 Y13.185 F2500
M3 S320
G1 F1000
G1 X38.370 Y13.185
G1 X38.038 Y13.043
G1 X37.658 Y12.995
G1 X37.421 Y12.901
G1 X37.469 Y12.758
G1 X37.801 Y12.711
G1 X38.085 Y12.569
G1 X38.275 Y12.379
G1 X38.465 Y11.952
G1 X38.465 Y11.810
G1 X38.275 Y11.620
G1 X36.473 Y11.051
G1 X35.856 Y10.909
G1 X35.097 Y10.624
G1 X34.860 Y10.624
G1 X34.765 Y10.671
G1 X34.481 Y11.003
G1 X34.243 Y10.909
G1 X34.243 Y10.766
G1 X34.481 Y10.102
G1 X34.575 Y9.628
G1 X34.765 Y9.059
G1 X35.002 Y9.106
G1 X35.050 Y9.391
G1 X35.287 Y9.628
G1 X35.477 Y9.723
G1 X36.805 Y10.102
G1 X37.563 Y10.387
G1 X38.512 Y10.671
G1 X38.702 Y10.671
G1 X38.844 Y10.529
G1 X38.844 Y9.960
G1 X38.607 Y9.581
G1 X38.322 Y9.296
G1 X38.322 Y9.059
G1 X38.559 Y9.011
G1 X39.508 Y9.296
G1 X39.650 Y9.296
G1 X39.271 Y10.387
G1 X38.512 Y13.185
G1 X38.370 Y13.185
M5
G0 X38.559 Y13.233 F2500
M3 S320
G1 F1000
G1 X38.370 Y13.233
G1 X38.038 Y13.090
G1 X37.658 Y13.043
G1 X37.374 Y12.948
G1 X37.374 Y12.806
G1 X37.469 Y12.711
G1 X37.801 Y12.663
G1 X38.085 Y12.521
G1 X38.227 Y12.379
G1 X38.417 Y11.952
G1 X38.417 Y11.810
G1 X38.275 Y11.667
G1 X36.473 Y11.098
G1 X35.856 Y10.956
G1 X35.097 Y10.671
G1 X34.860 Y10.671
G1 X34.765 Y10.719
G1 X34.481 Y11.051
G1 X34.291 Y10.956
G1 X34.196 Y10.956
G1 X34.196 Y10.766
G1 X34.718 Y9.011
G1 X34.955 Y9.011
G1 X35.050 Y9.059
G1 X35.097 Y9.391
G1 X35.287 Y9.581
G1 X35.477 Y9.675
G1 X36.805 Y10.055
G1 X37.563 Y10.339
G1 X38.512 Y10.624
G1 X38.702 Y10.624
G1 X38.797 Y10.529
G1 X38.797 Y9.960
G1 X38.559 Y9.581
G1 X38.275 Y9.296
G1 X38.227 Y9.154
G1 X38.370 Y8.964
G1 X38.559 Y8.964
G1 X39.129 Y9.154
G1 X39.461 Y9.201
G1 X39.650 Y9.391
G1 X39.603 Y9.628
G1 X39.318 Y10.387
G1 X38.559 Y13.233
G1 X38.370 Y13.233
M5
G0 X38.559 Y13.280 F2500
M3 S320
G1 F1000
G1 X38.370 Y13.280
G1 X38.038 Y13.138
G1 X37.326 Y12.995
G1 X37.326 Y12.806
G1 X37.374 Y12.711
G1 X37.611 Y12.616
G1 X37.801 Y12.616
G1 X38.085 Y12.474
G1 X38.180 Y12.379
G1 X38.370 Y11.952
G1 X38.370 Y11.810
G1 X38.275 Y11.715
G1 X36.473 Y11.146
G1 X35.856 Y11.003
G1 X35.097 Y10.719
G1 X34.860 Y10.719
G1 X34.765 Y10.766
G1 X34.481 Y11.098
G1 X34.149 Y10.956
G1 X34.149 Y10.766
G1 X34.575 Y9.296
G1 X34.718 Y8.964
G1 X34.955 Y8.964
G1 X35.002 Y9.011
G1 X35.097 Y9.011
G1 X35.145 Y9.391
G1 X35.287 Y9.533
G1 X35.477 Y9.628
G1 X36.805 Y10.007
G1 X37.563 Y10.292
G1 X38.512 Y10.577
G1 X38.749 Y10.529
G1 X38.749 Y9.960
G1 X38.512 Y9.581
G1 X38.227 Y9.296
G1 X38.180 Y9.154
G1 X38.227 Y9.059
G1 X38.370 Y8.917
G1 X38.559 Y8.917
G1 X39.650 Y9.201
G1 X39.698 Y9.391
G1 X39.650 Y9.628
G1 X39.366 Y10.387
G1 X38.749 Y12.758
G1 X38.559 Y13.280
G1 X38.370 Y13.280
M5
G0 X37.706 Y14.513 F2500
M3 S320
G1 F1000
G1 X37.516 Y14.276
G1 X37.753 Y14.371
G1 X37.706 Y14.513
G1 X37.516 Y14.276
M5
G0 X37.706 Y14.608 F2500
M3 S320
G1 F1000
G1 X37.421 Y14.181
G1 X37.563 Y14.276
G1 X37.753 Y14.323
G1 X37.801 Y14.418
G1 X37.706 Y14.608
G1 X37.421 Y14.181
M5
G0 X37.706 Y14.750 F2500
M3 S320
G1 F1000
G1 X37.563 Y14.418
G1 X37.279 Y14.086
G1 X37.848 Y14.323
G1 X37.848 Y14.418
G1 X37.706 Y14.750
G1 X37.563 Y14.418
M5
G0 X37.658 Y14.940 F2500
M3 S320
G1 F1000
G1 X37.658 Y14.703
G1 X37.516 Y14.418
G1 X37.184 Y13.991
G1 X37.943 Y14.323
G1 X37.753 Y14.655
G1 X37.753 Y14.750
G1 X37.658 Y14.940
G1 X37.658 Y14.703
M5
G0 X36.899 Y16.126 F2500
M3 S320
G1 F1000
G1 X36.567 Y15.794
G1 X35.002 Y15.082
G1 X34.433 Y14.893
G1 X33.674 Y14.513
G1 X33.437 Y14.466
G1 X33.485 Y14.276
G1 X33.579 Y14.134
G1 X33.911 Y14.466
G1 X36.994 Y15.841
G1 X36.994 Y15.936
G1 X36.899 Y16.126
G1 X36.567 Y15.794
M5
G0 X36.947 Y16.173 F2500
M3 S320
G1 F1000
G1 X36.567 Y15.841
G1 X35.002 Y15.130
G1 X34.433 Y14.940
G1 X33.674 Y14.561
G1 X33.437 Y14.371
G1 X33.437 Y14.276
G1 X33.532 Y14.086
G1 X33.911 Y14.418
G1 X34.196 Y14.561
G1 X35.145 Y14.940
G1 X35.666 Y15.225
G1 X36.188 Y15.414
G1 X36.710 Y15.699
G1 X36.805 Y15.699
G1 X37.089 Y15.841
G1 X36.947 Y16.173
G1 X36.567 Y15.841
M5
G0 X36.947 Y16.268 F2500
M3 S320
G1 F1000
G1 X36.567 Y15.889
G1 X35.002 Y15.177
G1 X34.433 Y14.987
G1 X33.674 Y14.608
G1 X33.295 Y14.513
G1 X33.532 Y13.991
G1 X33.911 Y14.371
G1 X34.623 Y14.703
G1 X35.145 Y14.893
G1 X35.666 Y15.177
G1 X36.188 Y15.367
G1 X36.710 Y15.651
G1 X37.137 Y15.794
G1 X36.947 Y16.268
G1 X36.567 Y15.889
M5
G0 X36.947 Y16.315 F2500
M3 S320
G1 F1000
G1 X36.567 Y15.936
G1 X35.002 Y15.225
G1 X34.433 Y15.035
G1 X33.674 Y14.655
G1 X33.390 Y14.561
G1 X33.200 Y14.608
G1 X33.342 Y14.371
G1 X33.342 Y14.276
G1 X33.485 Y13.944
G1 X33.911 Y14.323
G1 X34.623 Y14.655
G1 X35.145 Y14.845
G1 X35.666 Y15.130
G1 X36.188 Y15.319
G1 X36.710 Y15.604
G1 X37.042 Y15.746
G1 X37.184 Y15.746
G1 X37.279 Y15.651
G1 X36.947 Y16.315
G1 X36.567 Y15.936
M5
G0 X36.994 Y16.410 F2500
M3 S320
G1 F1000
G1 X36.567 Y15.983
G1 X35.002 Y15.272
G1 X34.433 Y15.082
G1 X33.674 Y14.703
G1 X33.295 Y14.608
G1 X33.105 Y14.750
G1 X33.437 Y14.039
G1 X33.485 Y13.849
G1 X33.911 Y14.276
G1 X34.623 Y14.608
G1 X35.145 Y14.798
G1 X35.666 Y15.082
G1 X36.188 Y15.272
G1 X37.042 Y15.699
G1 X37.184 Y15.699
G1 X37.374 Y15.509
G1 X36.994 Y16.315
G1 X36.994 Y16.410
G1 X36.567 Y15.983
M5
G0 X36.994 Y16.505 F2500
M3 S320
G1 F1000
G1 X36.567 Y16.031
G1 X35.002 Y15.319
G1 X34.433 Y15.130
G1 X33.674 Y14.750
G1 X33.295 Y14.655
G1 X32.963 Y14.940
G1 X33.105 Y14.703
G1 X33.105 Y14.608
G1 X33.485 Y13.802
G1 X33.911 Y14.229
G1 X34.623 Y14.561
G1 X35.145 Y14.750
G1 X35.666 Y15.035
G1 X36.188 Y15.225
G1 X37.042 Y15.651
G1 X37.184 Y15.651
G1 X37.516 Y15.319
G1 X37.184 Y15.983
G1 X36.994 Y16.505
G1 X36.567 Y16.031
M5
G0 X36.330 Y17.454 F2500
M3 S320
G1 F1000
G1 X36.615 Y17.217
G1 X36.520 Y17.359
G1 X36.473 Y17.549
G1 X36.330 Y17.454
G1 X36.615 Y17.217
M5
G0 X36.567 Y17.643 F2500
M3 S320
G1 F1000
G1 X36.378 Y17.643
G1 X36.235 Y17.549
G1 X35.903 Y17.454
G1 X36.093 Y17.454
G1 X36.378 Y17.311
G1 X36.757 Y16.932
G1 X36.947 Y16.600
G1 X36.947 Y16.458
G1 X36.567 Y16.078
G1 X35.002 Y15.367
G1 X34.433 Y15.177
G1 X33.674 Y14.798
G1 X33.390 Y14.703
G1 X33.200 Y14.750
G1 X32.915 Y14.987
G1 X33.342 Y14.039
G1 X33.485 Y13.612
G1 X33.485 Y13.754
G1 X33.911 Y14.181
G1 X34.623 Y14.513
G1 X35.145 Y14.703
G1 X35.666 Y14.987
G1 X36.188 Y15.177
G1 X37.042 Y15.604
G1 X37.184 Y15.604
G1 X37.516 Y15.272
G1 X37.611 Y15.035
G1 X37.611 Y14.703
G1 X37.469 Y14.418
G1 X37.089 Y13.944
G1 X37.326 Y13.991
G1 X37.990 Y14.276
G1 X37.658 Y14.987
G1 X37.421 Y15.651
G1 X37.231 Y15.983
G1 X36.567 Y17.643
G1 X36.378 Y17.643
M5
G0 X36.567 Y17.738 F2500
M3 S320
G1 F1000
G1 X36.473 Y17.738
G1 X36.235 Y17.596
G1 X35.809 Y17.454
G1 X35.903 Y17.406
G1 X36.093 Y17.406
G1 X36.378 Y17.264
G1 X36.805 Y16.790
G1 X36.899 Y16.600
G1 X36.899 Y16.458
G1 X36.567 Y16.126
G1 X35.002 Y15.414
G1 X34.433 Y15.225
G1 X33.674 Y14.845
G1 X33.390 Y14.750
G1 X33.200 Y14.798
G1 X32.963 Y15.035
G1 X32.868 Y15.035
G1 X32.868 Y14.940
G1 X33.295 Y14.039
G1 X33.390 Y13.707
G1 X33.532 Y13.470
G1 X33.532 Y13.754
G1 X33.911 Y14.134
G1 X34.623 Y14.466
G1 X35.145 Y14.655
G1 X35.666 Y14.940
G1 X36.188 Y15.130
G1 X37.042 Y15.557
G1 X37.184 Y15.557
G1 X37.469 Y15.272
G1 X37.563 Y15.035
G1 X37.563 Y14.703
G1 X37.421 Y14.418
G1 X37.089 Y14.039
G1 X37.042 Y13.897
G1 X37.326 Y13.944
G1 X38.038 Y14.323
G1 X37.706 Y14.987
G1 X37.611 Y15.319
G1 X37.279 Y15.983
G1 X36.567 Y17.738
G1 X36.473 Y17.738
M5
G0 X36.615 Y17.786 F2500
M3 S320
G1 F1000
G1 X36.473 Y17.786
G1 X35.666 Y17.406
G1 X36.093 Y17.359
G1 X36.378 Y17.217
G1 X36.662 Y16.932
G1 X36.852 Y16.600
G1 X36.852 Y16.458
G1 X36.567 Y16.173
G1 X35.002 Y15.462
G1 X34.433 Y15.272
G1 X33.674 Y14.893
G1 X33.390 Y14.798
G1 X33.200 Y14.845
G1 X32.963 Y15.082
G1 X32.773 Y15.035
G1 X33.247 Y14.039
G1 X33.342 Y13.707
G1 X33.485 Y13.422
G1 X33.579 Y13.470
G1 X33.579 Y13.754
G1 X33.911 Y14.086
G1 X34.623 Y14.418
G1 X35.145 Y14.608
G1 X35.666 Y14.893
G1 X36.188 Y15.082
G1 X37.042 Y15.509
G1 X37.184 Y15.509
G1 X37.421 Y15.272
G1 X37.516 Y15.035
G1 X37.516 Y14.703
G1 X37.374 Y14.418
G1 X37.042 Y14.039
G1 X36.994 Y13.849
G1 X37.326 Y13.897
G1 X38.085 Y14.229
G1 X38.085 Y14.323
G1 X37.895 Y14.655
G1 X37.516 Y15.651
G1 X37.326 Y15.983
G1 X37.042 Y16.647
G1 X36.615 Y17.786
G1 X36.473 Y17.786
M5
G0 X36.615 Y17.881 F2500
M3 S320
G1 F1000
G1 X35.761 Y17.501
G1 X35.666 Y17.501
G1 X35.571 Y17.406
G1 X35.666 Y17.359
G1 X36.093 Y17.311
G1 X36.378 Y17.169
G1 X36.615 Y16.932
G1 X36.805 Y16.600
G1 X36.805 Y16.458
G1 X36.567 Y16.221
G1 X35.002 Y15.509
G1 X34.433 Y15.319
G1 X33.674 Y14.940
G1 X33.390 Y14.845
G1 X33.200 Y14.893
G1 X32.963 Y15.130
G1 X32.726 Y15.082
G1 X33.437 Y13.422
G1 X33.532 Y13.375
G1 X33.627 Y13.422
G1 X33.627 Y13.754
G1 X33.911 Y14.039
G1 X34.623 Y14.371
G1 X35.145 Y14.561
G1 X35.666 Y14.845
G1 X36.188 Y15.035
G1 X37.042 Y15.462
G1 X37.184 Y15.462
G1 X37.374 Y15.272
G1 X37.469 Y15.035
G1 X37.469 Y14.703
G1 X37.326 Y14.418
G1 X36.994 Y14.039
G1 X36.947 Y13.944
G1 X36.994 Y13.802
G1 X37.184 Y13.802
G1 X37.895 Y14.134
G1 X38.133 Y14.181
G1 X38.133 Y14.323
G1 X37.990 Y14.561
G1 X37.563 Y15.651
G1 X37.374 Y15.983
G1 X36.615 Y17.881
G1 X35.761 Y17.501
M5
G0 X36.141 Y17.454 F2500
M3 S320
G1 F1000
G1 X36.378 Y17.359
G1 X36.805 Y16.932
G1 X36.852 Y16.837
G1 X36.520 Y17.643
G1 X36.141 Y17.454
G1 X36.378 Y17.359
M5
G0 X36.235 Y17.454 F2500
M3 S320
G1 F1000
G1 X36.378 Y17.406
G1 X36.710 Y17.074
G1 X36.473 Y17.596
G1 X36.235 Y17.454
G1 X36.378 Y17.406
M5
G0 X36.615 Y17.928 F2500
M3 S320
G1 F1000
G1 X35.571 Y17.501
G1 X35.571 Y17.359
G1 X35.666 Y17.311
G1 X36.093 Y17.264
G1 X36.378 Y17.122
G1 X36.567 Y16.932
G1 X36.757 Y16.600
G1 X36.757 Y16.458
G1 X36.567 Y16.268
G1 X35.002 Y15.557
G1 X34.433 Y15.367
G1 X33.674 Y14.987
G1 X33.390 Y14.893
G1 X33.200 Y14.940
G1 X32.963 Y15.177
G1 X32.868 Y15.177
G1 X32.678 Y15.035
G1 X33.437 Y13.327
G1 X33.627 Y13.375
G1 X33.674 Y13.754
G1 X33.911 Y13.991
G1 X34.623 Y14.323
G1 X35.145 Y14.513
G1 X35.666 Y14.798
G1 X36.188 Y14.987
G1 X37.042 Y15.414
G1 X37.184 Y15.414
G1 X37.326 Y15.272
G1 X37.421 Y15.035
G1 X37.421 Y14.703
G1 X37.279 Y14.418
G1 X36.947 Y14.039
G1 X36.899 Y13.802
G1 X36.994 Y13.754
G1 X37.184 Y13.754
G1 X38.180 Y14.181
G1 X38.180 Y14.323
G1 X37.848 Y14.987
G1 X37.753 Y15.319
G1 X37.421 Y15.983
G1 X36.852 Y17.454
G1 X36.615 Y17.928
G1 X35.571 Y17.501
M5
G0 X36.662 Y17.975 F2500
M3 S320
G1 F1000
G1 X35.477 Y17.501
G1 X35.524 Y17.311
G1 X36.093 Y17.217
G1 X36.378 Y17.074
G1 X36.520 Y16.932
G1 X36.710 Y16.600
G1 X36.710 Y16.458
G1 X36.567 Y16.315
G1 X35.002 Y15.604
G1 X34.433 Y15.414
G1 X33.674 Y15.035
G1 X33.390 Y14.940
G1 X33.200 Y14.987
G1 X32.963 Y15.225
G1 X32.631 Y15.130
G1 X32.631 Y15.035
G1 X32.821 Y14.703
G1 X33.200 Y13.707
G1 X33.390 Y13.327
G1 X33.532 Y13.280
G1 X33.722 Y13.375
G1 X33.722 Y13.754
G1 X33.911 Y13.944
G1 X34.623 Y14.276
G1 X35.145 Y14.466
G1 X35.666 Y14.750
G1 X36.188 Y14.940
G1 X37.042 Y15.367
G1 X37.184 Y15.367
G1 X37.279 Y15.272
G1 X37.374 Y15.035
G1 X37.374 Y14.703
G1 X37.231 Y14.418
G1 X36.899 Y14.039
G1 X36.852 Y13.944
G1 X36.899 Y13.754
G1 X36.994 Y13.707
G1 X37.184 Y13.707
G1 X37.895 Y14.039
G1 X38.227 Y14.134
G1 X38.227 Y14.323
G1 X37.895 Y14.987
G1 X37.801 Y15.319
G1 X37.469 Y15.983
G1 X36.662 Y17.975
G1 X35.477 Y17.501
M5
G0 X36.710 Y17.975 F2500
M3 S320
G1 F1000
G1 X36.473 Y17.975
G1 X36.235 Y17.833
G1 X35.666 Y17.643
G1 X35.477 Y17.549
G1 X35.429 Y17.406
G1 X35.477 Y17.311
G1 X35.666 Y17.217
G1 X36.093 Y17.169
G1 X36.378 Y17.027
G1 X36.662 Y16.600
G1 X36.662 Y16.458
G1 X36.567 Y16.363
G1 X35.002 Y15.651
G1 X34.433 Y15.462
G1 X33.674 Y15.082
G1 X33.390 Y14.987
G1 X33.200 Y15.035
G1 X32.963 Y15.272
G1 X32.631 Y15.177
G1 X32.583 Y15.035
G1 X32.773 Y14.703
G1 X33.153 Y13.707
G1 X33.390 Y13.233
G1 X33.532 Y13.233
G1 X33.722 Y13.327
G1 X33.769 Y13.754
G1 X33.911 Y13.897
G1 X34.623 Y14.229
G1 X35.145 Y14.418
G1 X35.666 Y14.703
G1 X36.188 Y14.893
G1 X37.042 Y15.319
G1 X37.231 Y15.272
G1 X37.326 Y15.035
G1 X37.326 Y14.703
G1 X37.184 Y14.418
G1 X36.852 Y14.039
G1 X36.805 Y13.802
G1 X36.994 Y13.659
G1 X37.184 Y13.659
G1 X37.895 Y13.991
G1 X38.227 Y14.086
G1 X38.275 Y14.323
G1 X38.085 Y14.655
G1 X37.848 Y15.319
G1 X37.516 Y15.983
G1 X36.710 Y17.975
G1 X36.473 Y17.975
M5
G0 X35.192 Y19.683 F2500
M3 S320
G1 F1000
G1 X34.813 Y19.303
G1 X33.247 Y18.450
G1 X32.014 Y17.691
G1 X31.919 Y17.691
G1 X31.919 Y17.596
G1 X32.062 Y17.359
G1 X32.583 Y17.833
G1 X34.575 Y18.971
G1 X35.097 Y19.209
G1 X35.382 Y19.398
G1 X35.192 Y19.683
G1 X34.813 Y19.303
M5
G0 X35.239 Y19.730 F2500
M3 S320
G1 F1000
G1 X34.813 Y19.351
G1 X34.338 Y19.066
G1 X33.579 Y18.687
G1 X32.014 Y17.738
G1 X31.825 Y17.691
G1 X32.014 Y17.311
G1 X32.441 Y17.691
G1 X34.575 Y18.924
G1 X35.429 Y19.351
G1 X35.239 Y19.730
G1 X34.813 Y19.351
M5
G0 X35.239 Y19.825 F2500
M3 S320
G1 F1000
G1 X34.813 Y19.398
G1 X33.247 Y18.545
G1 X32.014 Y17.786
G1 X31.919 Y17.786
G1 X31.777 Y17.691
G1 X32.014 Y17.217
G1 X32.583 Y17.738
G1 X34.575 Y18.877
G1 X35.429 Y19.303
G1 X35.477 Y19.398
G1 X35.334 Y19.588
G1 X35.239 Y19.825
G1 X34.813 Y19.398
M5
G0 X35.239 Y19.873 F2500
M3 S320
G1 F1000
G1 X34.813 Y19.446
G1 X33.247 Y18.592
G1 X32.014 Y17.833
G1 X31.730 Y17.738
G1 X32.014 Y17.169
G1 X32.583 Y17.691
G1 X34.575 Y18.829
G1 X35.477 Y19.303
G1 X35.571 Y19.303
G1 X35.239 Y19.873
G1 X34.813 Y19.446
M5
G0 X35.287 Y19.920 F2500
M3 S320
G1 F1000
G1 X34.813 Y19.493
G1 X34.338 Y19.209
G1 X33.579 Y18.829
G1 X32.014 Y17.881
G1 X31.777 Y17.786
G1 X31.635 Y17.833
G1 X31.919 Y17.217
G1 X32.014 Y17.122
G1 X32.583 Y17.643
G1 X35.477 Y19.256
G1 X35.571 Y19.256
G1 X35.666 Y19.161
G1 X35.287 Y19.920
G1 X34.813 Y19.493
M5
G0 X35.334 Y19.920 F2500
M3 S320
G1 F1000
G1 X34.813 Y19.541
G1 X33.247 Y18.687
G1 X32.014 Y17.928
G1 X31.682 Y17.833
G1 X31.445 Y18.023
G1 X31.587 Y17.833
G1 X32.014 Y16.979
G1 X32.014 Y17.074
G1 X32.583 Y17.596
G1 X35.477 Y19.209
G1 X35.571 Y19.209
G1 X35.809 Y19.019
G1 X35.477 Y19.588
G1 X35.334 Y19.920
G1 X34.813 Y19.541
M5
G0 X35.287 Y20.062 F2500
M3 S320
G1 F1000
G1 X34.813 Y19.588
G1 X33.247 Y18.734
G1 X32.014 Y17.975
G1 X31.682 Y17.881
G1 X31.398 Y18.070
G1 X31.825 Y17.217
G1 X31.919 Y17.122
G1 X32.062 Y16.837
G1 X32.062 Y17.074
G1 X32.441 Y17.454
G1 X34.575 Y18.687
G1 X35.477 Y19.161
G1 X35.571 Y19.161
G1 X35.809 Y18.971
G1 X35.903 Y18.971
G1 X35.287 Y20.062
G1 X34.813 Y19.588
M5
G0 X35.239 Y20.205 F2500
M3 S320
G1 F1000
G1 X35.239 Y20.062
G1 X34.813 Y19.635
G1 X33.247 Y18.782
G1 X32.014 Y18.023
G1 X31.682 Y17.928
G1 X31.445 Y18.118
G1 X31.303 Y18.118
G1 X32.014 Y16.790
G1 X32.109 Y16.790
G1 X32.109 Y17.074
G1 X32.441 Y17.406
G1 X34.575 Y18.639
G1 X35.477 Y19.114
G1 X35.571 Y19.114
G1 X35.809 Y18.924
G1 X35.951 Y18.971
G1 X35.239 Y20.205
G1 X35.239 Y20.062
M5
G0 X35.239 Y20.299 F2500
M3 S320
G1 F1000
G1 X35.145 Y20.347
G1 X35.192 Y20.062
G1 X34.813 Y19.683
G1 X33.247 Y18.829
G1 X32.014 Y18.070
G1 X31.682 Y17.975
G1 X31.445 Y18.165
G1 X31.255 Y18.118
G1 X31.540 Y17.643
G1 X31.730 Y17.217
G1 X31.825 Y17.122
G1 X31.967 Y16.790
G1 X32.157 Y16.742
G1 X32.157 Y17.074
G1 X32.583 Y17.454
G1 X35.477 Y19.066
G1 X35.571 Y19.066
G1 X35.809 Y18.877
G1 X36.046 Y18.924
G1 X35.856 Y19.161
G1 X35.239 Y20.299
G1 X35.145 Y20.347
M5
G0 X35.192 Y20.442 F2500
M3 S320
G1 F1000
G1 X35.097 Y20.394
G1 X35.145 Y20.062
G1 X34.813 Y19.730
G1 X34.338 Y19.446
G1 X33.579 Y19.066
G1 X32.014 Y18.118
G1 X31.682 Y18.023
G1 X31.445 Y18.213
G1 X31.208 Y18.165
G1 X32.014 Y16.647
G1 X32.204 Y16.742
G1 X32.204 Y17.074
G1 X32.441 Y17.311
G1 X34.575 Y18.545
G1 X35.477 Y19.019
G1 X35.571 Y19.019
G1 X35.809 Y18.829
G1 X35.903 Y18.829
G1 X36.093 Y18.924
G1 X35.903 Y19.161
G1 X35.761 Y19.493
G1 X35.192 Y20.442
G1 X35.097 Y20.394
M5
G0 X35.192 Y20.489 F2500
M3 S320
G1 F1000
G1 X35.097 Y20.442
G1 X35.050 Y20.299
G1 X35.097 Y20.062
G1 X34.813 Y19.778
G1 X34.338 Y19.493
G1 X33.579 Y19.114
G1 X32.014 Y18.165
G1 X31.682 Y18.070
G1 X31.445 Y18.260
G1 X31.208 Y18.213
G1 X31.161 Y18.118
G1 X31.350 Y17.833
G1 X31.872 Y16.790
G1 X32.014 Y16.600
G1 X32.251 Y16.695
G1 X32.251 Y17.074
G1 X32.441 Y17.264
G1 X34.575 Y18.497
G1 X35.477 Y18.971
G1 X35.571 Y18.971
G1 X35.809 Y18.782
G1 X36.141 Y18.877
G1 X35.951 Y19.161
G1 X35.571 Y19.920
G1 X35.192 Y20.489
G1 X35.097 Y20.442
M5
G0 X35.192 Y20.537 F2500
M3 S320
G1 F1000
G1 X35.002 Y20.442
G1 X35.050 Y20.062
G1 X34.813 Y19.825
G1 X33.247 Y18.971
G1 X32.014 Y18.213
G1 X31.777 Y18.118
G1 X31.587 Y18.165
G1 X31.445 Y18.307
G1 X31.303 Y18.307
G1 X31.113 Y18.213
G1 X31.113 Y18.118
G1 X31.967 Y16.553
G1 X32.251 Y16.647
G1 X32.299 Y17.074
G1 X32.441 Y17.217
G1 X34.575 Y18.450
G1 X35.477 Y18.924
G1 X35.571 Y18.924
G1 X35.809 Y18.734
G1 X36.141 Y18.829
G1 X36.188 Y18.924
G1 X35.998 Y19.161
G1 X35.477 Y20.157
G1 X35.192 Y20.537
G1 X35.002 Y20.442
M5
G0 X35.192 Y20.584 F2500
M3 S320
G1 F1000
G1 X35.002 Y20.489
G1 X34.955 Y20.299
G1 X35.002 Y20.062
G1 X34.813 Y19.873
G1 X33.247 Y19.019
G1 X32.014 Y18.260
G1 X31.777 Y18.165
G1 X31.587 Y18.213
G1 X31.445 Y18.355
G1 X31.303 Y18.355
G1 X31.113 Y18.260
G1 X31.066 Y18.118
G1 X31.919 Y16.553
G1 X32.157 Y16.553
G1 X32.346 Y16.647
G1 X32.346 Y17.074
G1 X32.441 Y17.169
G1 X35.477 Y18.877
G1 X35.571 Y18.877
G1 X35.809 Y18.687
G1 X36.141 Y18.782
G1 X36.235 Y18.924
G1 X36.046 Y19.161
G1 X35.524 Y20.157
G1 X35.192 Y20.584
G1 X35.002 Y20.489
M5
G0 X33.722 Y22.291 F2500
M3 S320
G1 F1000
G1 X32.299 Y21.248
G1 X32.157 Y21.295
G1 X31.540 Y20.679
G1 X31.255 Y20.537
G1 X30.497 Y20.015
G1 X30.734 Y19.635
G1 X31.445 Y20.347
G1 X33.769 Y21.912
G1 X33.864 Y22.054
G1 X33.722 Y22.291
G1 X32.299 Y21.248
M5
G0 X33.674 Y22.434 F2500
M3 S320
G1 F1000
G1 X32.915 Y21.722
G1 X32.299 Y21.295
G1 X32.157 Y21.343
G1 X31.540 Y20.726
G1 X31.255 Y20.584
G1 X30.497 Y20.062
G1 X30.449 Y19.967
G1 X30.686 Y19.588
G1 X31.635 Y20.442
G1 X33.769 Y21.865
G1 X33.911 Y22.054
G1 X33.674 Y22.434
G1 X32.915 Y21.722
M5
G0 X33.674 Y22.481 F2500
M3 S320
G1 F1000
G1 X32.915 Y21.770
G1 X32.299 Y21.343
G1 X32.157 Y21.390
G1 X31.540 Y20.774
G1 X31.255 Y20.631
G1 X30.829 Y20.299
G1 X30.402 Y20.062
G1 X30.402 Y19.967
G1 X30.639 Y19.588
G1 X30.734 Y19.541
G1 X31.445 Y20.252
G1 X33.959 Y21.959
G1 X33.911 Y22.149
G1 X33.674 Y22.481
G1 X32.915 Y21.770
M5
G0 X33.769 Y22.434 F2500
M3 S320
G1 F1000
G1 X33.674 Y22.529
G1 X33.105 Y21.959
G1 X32.299 Y21.390
G1 X32.204 Y21.390
G1 X31.967 Y21.627
G1 X32.062 Y21.533
G1 X32.109 Y21.390
G1 X31.540 Y20.821
G1 X31.255 Y20.679
G1 X30.402 Y20.110
G1 X30.354 Y19.967
G1 X30.686 Y19.446
G1 X31.635 Y20.347
G1 X33.437 Y21.533
G1 X33.911 Y21.912
G1 X34.054 Y21.959
G1 X33.769 Y22.434
G1 X33.674 Y22.529
M5
G0 X32.014 Y24.663 F2500
M3 S320
G1 F1000
G1 X31.303 Y23.999
G1 X30.022 Y23.145
G1 X29.026 Y22.386
G1 X28.884 Y22.339
G1 X28.884 Y22.244
G1 X29.026 Y22.054
G1 X29.121 Y22.007
G1 X29.595 Y22.481
G1 X30.686 Y23.287
G1 X30.876 Y23.240
G1 X31.445 Y23.809
G1 X32.251 Y24.378
G1 X32.014 Y24.663
G1 X31.303 Y23.999
M5
G0 X32.014 Y24.710 F2500
M3 S320
G1 F1000
G1 X31.303 Y24.046
G1 X30.022 Y23.193
G1 X29.026 Y22.434
G1 X28.789 Y22.339
G1 X29.074 Y21.912
G1 X29.833 Y22.623
G1 X30.686 Y23.240
G1 X30.876 Y23.193
G1 X31.445 Y23.762
G1 X32.014 Y24.189
G1 X32.204 Y24.283
G1 X32.299 Y24.378
G1 X32.014 Y24.710
G1 X31.303 Y24.046
M5
G0 X32.014 Y24.805 F2500
M3 S320
G1 F1000
G1 X31.303 Y24.094
G1 X30.022 Y23.240
G1 X29.026 Y22.481
G1 X28.837 Y22.386
G1 X28.694 Y22.386
G1 X29.074 Y21.865
G1 X29.833 Y22.576
G1 X30.686 Y23.193
G1 X30.781 Y23.193
G1 X30.876 Y23.098
G1 X31.445 Y23.714
G1 X32.014 Y24.141
G1 X32.346 Y24.331
G1 X32.014 Y24.805
G1 X31.303 Y24.094
M5
G0 X32.014 Y24.853 F2500
M3 S320
G1 F1000
G1 X31.303 Y24.141
G1 X30.022 Y23.287
G1 X29.026 Y22.529
G1 X28.647 Y22.386
G1 X28.884 Y22.102
G1 X28.979 Y21.912
G1 X29.074 Y21.817
G1 X29.595 Y22.339
G1 X30.686 Y23.145
G1 X30.781 Y23.145
G1 X31.066 Y22.861
G1 X30.971 Y22.955
G1 X30.923 Y23.145
G1 X31.445 Y23.667
G1 X32.014 Y24.094
G1 X32.346 Y24.283
G1 X32.394 Y24.378
G1 X32.014 Y24.853
G1 X31.303 Y24.141
M5
G0 X32.014 Y24.900 F2500
M3 S320
G1 F1000
G1 X31.303 Y24.189
G1 X30.022 Y23.335
G1 X29.026 Y22.576
G1 X28.647 Y22.434
G1 X28.552 Y22.481
G1 X28.931 Y21.912
G1 X29.074 Y21.770
G1 X29.595 Y22.291
G1 X30.686 Y23.098
G1 X30.781 Y23.098
G1 X31.303 Y22.576
G1 X32.014 Y21.533
G1 X32.062 Y21.390
G1 X31.540 Y20.869
G1 X31.255 Y20.726
G1 X30.544 Y20.205
G1 X30.212 Y20.110
G1 X30.686 Y19.398
G1 X31.635 Y20.299
G1 X33.437 Y21.485
G1 X33.911 Y21.865
G1 X34.101 Y21.865
G1 X34.196 Y21.817
G1 X34.101 Y21.912
G1 X34.006 Y22.149
G1 X33.722 Y22.576
G1 X33.105 Y22.007
G1 X32.299 Y21.438
G1 X32.204 Y21.438
G1 X31.730 Y21.912
G1 X31.018 Y22.955
G1 X30.971 Y23.145
G1 X31.445 Y23.619
G1 X32.014 Y24.046
G1 X32.489 Y24.331
G1 X32.014 Y24.900
G1 X31.303 Y24.189
M5
G0 X32.014 Y24.995 F2500
M3 S320
G1 F1000
G1 X31.303 Y24.236
G1 X30.022 Y23.382
G1 X29.026 Y22.623
G1 X28.837 Y22.529
G1 X28.552 Y22.529
G1 X28.410 Y22.576
G1 X29.074 Y21.675
G1 X29.595 Y22.244
G1 X30.686 Y23.050
G1 X30.781 Y23.050
G1 X31.255 Y22.576
G1 X31.967 Y21.533
G1 X32.014 Y21.390
G1 X31.540 Y20.916
G1 X31.255 Y20.774
G1 X30.544 Y20.252
G1 X30.212 Y20.157
G1 X30.117 Y20.205
G1 X30.686 Y19.303
G1 X31.445 Y20.110
G1 X33.437 Y21.438
G1 X33.911 Y21.817
G1 X34.054 Y21.865
G1 X34.291 Y21.722
G1 X34.149 Y21.912
G1 X34.054 Y22.149
G1 X33.674 Y22.671
G1 X33.105 Y22.054
G1 X32.299 Y21.485
G1 X32.204 Y21.485
G1 X31.777 Y21.912
G1 X31.066 Y22.955
G1 X31.018 Y23.145
G1 X31.445 Y23.572
G1 X32.441 Y24.283
G1 X32.583 Y24.236
G1 X32.014 Y24.995
G1 X31.303 Y24.236
M5
G0 X31.967 Y25.137 F2500
M3 S320
G1 F1000
G1 X31.967 Y24.947
G1 X31.303 Y24.283
G1 X30.022 Y23.430
G1 X29.026 Y22.671
G1 X28.837 Y22.576
G1 X28.457 Y22.576
G1 X28.315 Y22.671
G1 X29.169 Y21.485
G1 X29.074 Y21.627
G1 X29.121 Y21.722
G1 X29.595 Y22.197
G1 X30.686 Y23.003
G1 X30.781 Y23.003
G1 X31.208 Y22.576
G1 X31.919 Y21.533
G1 X31.967 Y21.390
G1 X31.540 Y20.963
G1 X31.255 Y20.821
G1 X30.544 Y20.299
G1 X30.259 Y20.157
G1 X30.022 Y20.299
G1 X30.686 Y19.256
G1 X31.445 Y20.062
G1 X33.437 Y21.390
G1 X33.911 Y21.770
G1 X34.054 Y21.817
G1 X34.433 Y21.580
G1 X34.196 Y21.912
G1 X34.101 Y22.149
G1 X33.627 Y22.813
G1 X33.627 Y22.623
G1 X33.105 Y22.102
G1 X32.299 Y21.533
G1 X32.204 Y21.533
G1 X31.825 Y21.912
G1 X31.113 Y22.955
G1 X31.066 Y23.145
G1 X31.445 Y23.525
G1 X32.441 Y24.236
G1 X32.631 Y24.189
G1 X32.773 Y24.046
G1 X32.583 Y24.331
G1 X32.204 Y24.758
G1 X31.967 Y25.137
G1 X31.967 Y24.947
M5
G0 X31.919 Y25.232 F2500
M3 S320
G1 F1000
G1 X31.919 Y24.947
G1 X31.303 Y24.331
G1 X30.022 Y23.477
G1 X29.026 Y22.718
G1 X28.837 Y22.623
G1 X28.457 Y22.623
G1 X28.267 Y22.718
G1 X28.315 Y22.576
G1 X29.074 Y21.533
G1 X29.216 Y21.438
G1 X29.121 Y21.627
G1 X29.169 Y21.722
G1 X29.595 Y22.149
G1 X30.686 Y22.955
G1 X30.781 Y22.955
G1 X31.161 Y22.576
G1 X31.872 Y21.533
G1 X31.919 Y21.390
G1 X31.540 Y21.011
G1 X31.255 Y20.869
G1 X30.544 Y20.347
G1 X30.259 Y20.205
G1 X30.022 Y20.347
G1 X29.927 Y20.347
G1 X30.781 Y19.019
G1 X30.781 Y19.114
G1 X30.734 Y19.161
G1 X30.781 Y19.351
G1 X31.635 Y20.157
G1 X33.437 Y21.343
G1 X33.911 Y21.722
G1 X34.054 Y21.770
G1 X34.243 Y21.627
G1 X34.481 Y21.580
G1 X34.386 Y21.675
G1 X34.149 Y22.149
G1 X33.864 Y22.576
G1 X33.722 Y22.718
G1 X33.627 Y22.908
G1 X33.532 Y22.955
G1 X33.579 Y22.623
G1 X33.105 Y22.149
G1 X32.299 Y21.580
G1 X32.204 Y21.580
G1 X31.872 Y21.912
G1 X31.161 Y22.955
G1 X31.113 Y23.145
G1 X31.445 Y23.477
G1 X32.441 Y24.189
G1 X32.631 Y24.141
G1 X32.868 Y23.951
G1 X32.631 Y24.331
G1 X32.251 Y24.758
G1 X31.919 Y25.232
G1 X31.919 Y24.947
M5
G0 X31.825 Y25.374 F2500
M3 S320
G1 F1000
G1 X31.872 Y24.947
G1 X31.303 Y24.378
G1 X30.022 Y23.525
G1 X29.026 Y22.766
G1 X28.837 Y22.671
G1 X28.457 Y22.671
G1 X28.315 Y22.766
G1 X28.173 Y22.766
G1 X28.362 Y22.434
G1 X29.121 Y21.390
G1 X29.263 Y21.485
G1 X29.169 Y21.627
G1 X29.216 Y21.722
G1 X29.595 Y22.102
G1 X30.686 Y22.908
G1 X30.781 Y22.908
G1 X31.113 Y22.576
G1 X31.825 Y21.533
G1 X31.872 Y21.390
G1 X31.540 Y21.058
G1 X31.255 Y20.916
G1 X30.544 Y20.394
G1 X30.259 Y20.252
G1 X30.022 Y20.394
G1 X29.880 Y20.394
G1 X29.927 Y20.252
G1 X30.781 Y18.971
G1 X30.829 Y19.114
G1 X30.781 Y19.161
G1 X30.781 Y19.256
G1 X30.829 Y19.351
G1 X31.445 Y19.967
G1 X33.437 Y21.295
G1 X33.911 Y21.675
G1 X34.054 Y21.722
G1 X34.433 Y21.485
G1 X34.528 Y21.533
G1 X34.291 Y21.912
G1 X34.196 Y22.149
G1 X33.769 Y22.718
G1 X33.674 Y22.908
G1 X33.485 Y22.908
G1 X33.532 Y22.623
G1 X33.105 Y22.197
G1 X32.299 Y21.627
G1 X32.204 Y21.627
G1 X31.919 Y21.912
G1 X31.208 Y22.955
G1 X31.161 Y23.145
G1 X31.445 Y23.430
G1 X32.441 Y24.141
G1 X32.631 Y24.094
G1 X32.773 Y23.951
G1 X32.915 Y23.951
G1 X32.678 Y24.331
G1 X32.299 Y24.758
G1 X31.919 Y25.327
G1 X31.825 Y25.374
G1 X31.872 Y24.947
M5
G0 X31.872 Y25.422 F2500
M3 S320
G1 F1000
G1 X31.777 Y25.327
G1 X31.825 Y24.947
G1 X31.303 Y24.426
G1 X30.022 Y23.572
G1 X29.026 Y22.813
G1 X28.837 Y22.718
G1 X28.457 Y22.718
G1 X28.315 Y22.813
G1 X28.125 Y22.766
G1 X28.315 Y22.434
G1 X29.074 Y21.390
G1 X29.216 Y21.343
G1 X29.311 Y21.390
G1 X29.311 Y21.485
G1 X29.216 Y21.627
G1 X29.263 Y21.722
G1 X29.595 Y22.054
G1 X30.686 Y22.861
G1 X30.781 Y22.861
G1 X31.066 Y22.576
G1 X31.777 Y21.533
G1 X31.825 Y21.390
G1 X31.540 Y21.106
G1 X31.255 Y20.963
G1 X30.544 Y20.442
G1 X30.259 Y20.299
G1 X30.022 Y20.442
G1 X29.833 Y20.442
G1 X29.880 Y20.252
G1 X30.165 Y19.873
G1 X30.734 Y18.924
G1 X30.876 Y18.971
G1 X30.829 Y19.161
G1 X30.876 Y19.351
G1 X31.635 Y20.062
G1 X33.437 Y21.248
G1 X33.911 Y21.627
G1 X34.054 Y21.675
G1 X34.433 Y21.438
G1 X34.528 Y21.485
G1 X34.575 Y21.580
G1 X34.481 Y21.675
G1 X34.243 Y22.149
G1 X33.722 Y22.908
G1 X33.532 Y23.050
G1 X33.437 Y23.003
G1 X33.485 Y22.623
G1 X32.915 Y22.102
G1 X32.299 Y21.675
G1 X32.204 Y21.675
G1 X31.967 Y21.912
G1 X31.255 Y22.955
G1 X31.208 Y23.145
G1 X31.445 Y23.382
G1 X32.441 Y24.094
G1 X32.631 Y24.046
G1 X32.868 Y23.857
G1 X32.963 Y23.904
G1 X32.726 Y24.331
G1 X32.346 Y24.758
G1 X31.872 Y25.422
G1 X31.777 Y25.327
M5
G0 X31.825 Y25.517 F2500
M3 S320
G1 F1000
G1 X31.730 Y25.469
G1 X31.682 Y25.327
G1 X31.730 Y24.947
G1 X31.303 Y24.521
G1 X30.022 Y23.667
G1 X29.026 Y22.908
G1 X28.837 Y22.813
G1 X28.457 Y22.813
G1 X28.315 Y22.908
G1 X28.173 Y22.908
G1 X28.030 Y22.813
G1 X28.220 Y22.434
G1 X29.121 Y21.248
G1 X29.216 Y21.248
G1 X29.453 Y21.390
G1 X29.311 Y21.627
G1 X29.358 Y21.722
G1 X30.022 Y22.291
G1 X30.686 Y22.766
G1 X30.781 Y22.766
G1 X30.971 Y22.576
G1 X31.682 Y21.533
G1 X31.730 Y21.390
G1 X31.540 Y21.201
G1 X31.255 Y21.058
G1 X30.544 Y20.537
G1 X30.259 Y20.394
G1 X30.022 Y20.537
G1 X29.833 Y20.537
G1 X29.690 Y20.442
G1 X30.497 Y19.209
G1 X30.639 Y18.924
G1 X30.829 Y18.877
G1 X31.018 Y18.924
G1 X30.923 Y19.161
G1 X30.971 Y19.351
G1 X31.445 Y19.825
G1 X33.437 Y21.153
G1 X33.911 Y21.533
G1 X34.054 Y21.580
G1 X34.433 Y21.343
G1 X34.718 Y21.485
G1 X34.054 Y22.576
G1 X33.674 Y23.098
G1 X33.532 Y23.145
G1 X33.342 Y23.050
G1 X33.390 Y22.623
G1 X33.105 Y22.339
G1 X32.299 Y21.770
G1 X32.204 Y21.770
G1 X32.062 Y21.912
G1 X31.350 Y22.955
G1 X31.303 Y23.145
G1 X32.441 Y23.999
G1 X32.631 Y23.951
G1 X32.868 Y23.762
G1 X32.963 Y23.809
G1 X33.058 Y23.951
G1 X32.821 Y24.331
G1 X32.299 Y24.947
G1 X31.967 Y25.469
G1 X31.825 Y25.517
G1 X31.730 Y25.469
M5
G0 X31.919 Y25.469 F2500
M3 S320
G1 F1000
G1 X31.730 Y25.422
G1 X31.777 Y24.947
G1 X31.303 Y24.473
G1 X30.022 Y23.619
G1 X29.026 Y22.861
G1 X28.837 Y22.766
G1 X28.457 Y22.766
G1 X28.315 Y22.861
G1 X28.173 Y22.861
G1 X28.078 Y22.766
G1 X28.267 Y22.434
G1 X29.121 Y21.295
G1 X29.216 Y21.295
G1 X29.406 Y21.390
G1 X29.263 Y21.627
G1 X29.595 Y22.007
G1 X30.686 Y22.813
G1 X30.781 Y22.813
G1 X31.018 Y22.576
G1 X31.730 Y21.533
G1 X31.777 Y21.390
G1 X31.540 Y21.153
G1 X31.255 Y21.011
G1 X30.544 Y20.489
G1 X30.259 Y20.347
G1 X30.022 Y20.489
G1 X29.738 Y20.442
G1 X30.686 Y18.924
G1 X30.781 Y18.877
G1 X30.923 Y18.924
G1 X30.876 Y19.161
G1 X30.923 Y19.351
G1 X31.445 Y19.873
G1 X33.437 Y21.201
G1 X33.911 Y21.580
G1 X34.054 Y21.627
G1 X34.433 Y21.390
G1 X34.623 Y21.485
G1 X34.623 Y21.580
G1 X34.291 Y22.149
G1 X33.627 Y23.098
G1 X33.437 Y23.050
G1 X33.390 Y22.908
G1 X33.437 Y22.623
G1 X33.105 Y22.291
G1 X32.299 Y21.722
G1 X32.204 Y21.722
G1 X32.014 Y21.912
G1 X31.303 Y22.955
G1 X31.255 Y23.145
G1 X31.445 Y23.335
G1 X32.441 Y24.046
G1 X32.631 Y23.999
G1 X32.868 Y23.809
G1 X32.963 Y23.857
G1 X33.010 Y23.951
G1 X32.773 Y24.331
G1 X32.251 Y24.947
G1 X31.919 Y25.469
G1 X31.730 Y25.422
M5
G0 X31.919 Y25.564 F2500
M3 S320
G1 F1000
G1 X31.825 Y25.564
G1 X31.635 Y25.422
G1 X31.682 Y24.947
G1 X31.303 Y24.568
G1 X30.022 Y23.714
G1 X29.026 Y22.955
G1 X28.837 Y22.861
G1 X28.457 Y22.861
G1 X28.315 Y22.955
G1 X28.173 Y22.955
G1 X28.030 Y22.861
G1 X27.983 Y22.766
G1 X28.173 Y22.434
G1 X28.931 Y21.390
G1 X29.121 Y21.201
G1 X29.216 Y21.201
G1 X29.501 Y21.390
G1 X29.358 Y21.627
G1 X29.595 Y21.912
G1 X30.686 Y22.718
G1 X30.781 Y22.718
G1 X30.923 Y22.576
G1 X31.635 Y21.533
G1 X31.682 Y21.390
G1 X31.540 Y21.248
G1 X31.398 Y21.201
G1 X30.544 Y20.584
G1 X30.259 Y20.442
G1 X30.022 Y20.584
G1 X29.833 Y20.584
G1 X29.643 Y20.489
G1 X29.738 Y20.252
G1 X30.686 Y18.782
G1 X30.923 Y18.829
G1 X31.066 Y18.924
G1 X30.971 Y19.256
G1 X31.018 Y19.351
G1 X31.445 Y19.778
G1 X33.437 Y21.106
G1 X33.911 Y21.485
G1 X34.054 Y21.533
G1 X34.433 Y21.295
G1 X34.765 Y21.485
G1 X34.481 Y21.912
G1 X34.386 Y22.149
G1 X33.627 Y23.193
G1 X33.532 Y23.193
G1 X33.342 Y23.098
G1 X33.295 Y22.908
G1 X33.342 Y22.623
G1 X33.105 Y22.386
G1 X32.299 Y21.817
G1 X32.204 Y21.817
G1 X32.109 Y21.912
G1 X31.825 Y22.386
G1 X31.398 Y22.955
G1 X31.350 Y23.145
G1 X32.441 Y23.951
G1 X32.631 Y23.904
G1 X32.868 Y23.714
G1 X32.963 Y23.762
G1 X33.105 Y23.951
G1 X32.868 Y24.331
G1 X32.489 Y24.758
G1 X31.919 Y25.564
G1 X31.825 Y25.564
M5
G0 X30.449 Y26.797 F2500
M3 S320
G1 F1000
G1 X30.449 Y26.465
G1 X30.497 Y26.560
G1 X30.449 Y26.797
G1 X30.449 Y26.465
M5
G0 X30.259 Y27.129 F2500
M3 S320
G1 F1000
G1 X30.402 Y26.845
G1 X30.354 Y26.275
G1 X30.544 Y26.513
G1 X30.591 Y26.655
G1 X30.259 Y27.129
G1 X30.402 Y26.845
M5
G0 X28.647 Y28.267 F2500
M3 S320
G1 F1000
G1 X28.030 Y28.315
G1 X27.509 Y28.220
G1 X27.034 Y28.030
G1 X26.560 Y27.698
G1 X26.181 Y27.129
G1 X25.991 Y26.607
G1 X25.943 Y25.991
G1 X26.086 Y25.374
G1 X26.086 Y25.754
G1 X26.181 Y26.086
G1 X26.323 Y26.370
G1 X26.797 Y27.034
G1 X27.746 Y27.935
G1 X28.267 Y28.220
G1 X28.647 Y28.267
G1 X28.030 Y28.315
M5
G0 X28.125 Y28.220 F2500
M3 S320
G1 F1000
G1 X27.509 Y28.125
G1 X27.129 Y27.983
G1 X26.750 Y27.746
G1 X26.513 Y27.509
G1 X26.228 Y27.034
G1 X26.086 Y26.607
G1 X26.038 Y26.323
G1 X26.086 Y25.991
G1 X26.086 Y26.086
G1 X26.228 Y26.370
G1 X26.702 Y27.034
G1 X27.509 Y27.841
G1 X27.888 Y28.125
G1 X28.125 Y28.220
G1 X27.509 Y28.125
M5
G0 X27.841 Y28.125 F2500
M3 S320
G1 F1000
G1 X27.509 Y28.078
G1 X27.129 Y27.935
G1 X26.750 Y27.698
G1 X26.560 Y27.509
G1 X26.275 Y27.034
G1 X26.133 Y26.607
G1 X26.086 Y26.133
G1 X26.181 Y26.370
G1 X26.655 Y27.034
G1 X27.509 Y27.888
G1 X27.841 Y28.125
G1 X27.509 Y28.078
M5
G0 X28.267 Y28.267 F2500
M3 S320
G1 F1000
G1 X28.030 Y28.267
G1 X27.983 Y28.220
G1 X27.746 Y28.220
G1 X27.366 Y28.125
G1 X27.034 Y27.983
G1 X26.607 Y27.698
G1 X26.228 Y27.129
G1 X26.038 Y26.607
G1 X25.991 Y26.323
G1 X26.038 Y25.659
G1 X26.086 Y25.943
G1 X26.275 Y26.370
G1 X26.750 Y27.034
G1 X27.509 Y27.793
G1 X27.888 Y28.078
G1 X28.267 Y28.267
G1 X28.030 Y28.267
M5
G0 X28.647 Y28.315 F2500
M3 S320
G1 F1000
G1 X28.030 Y28.362
G1 X27.509 Y28.267
G1 X27.034 Y28.078
G1 X26.607 Y27.793
G1 X26.370 Y27.509
G1 X26.086 Y27.034
G1 X25.943 Y26.607
G1 X25.896 Y26.323
G1 X25.943 Y25.659
G1 X26.133 Y25.090
G1 X26.275 Y24.805
G1 X26.655 Y24.331
G1 X27.319 Y23.857
G1 X27.603 Y23.714
G1 X27.698 Y23.714
G1 X27.888 Y23.809
G1 X27.651 Y23.809
G1 X27.177 Y23.951
G1 X26.370 Y24.710
G1 X26.133 Y25.232
G1 X26.133 Y25.754
G1 X26.228 Y26.086
G1 X26.655 Y26.797
G1 X27.509 Y27.698
G1 X27.888 Y27.983
G1 X28.267 Y28.173
G1 X28.457 Y28.220
G1 X28.979 Y28.220
G1 X29.074 Y28.173
G1 X28.647 Y28.315
G1 X28.030 Y28.362
M5
G0 X28.647 Y28.362 F2500
M3 S320
G1 F1000
G1 X28.030 Y28.410
G1 X27.509 Y28.315
G1 X27.034 Y28.125
G1 X26.465 Y27.698
G1 X26.086 Y27.129
G1 X25.896 Y26.607
G1 X25.849 Y26.323
G1 X25.896 Y25.659
G1 X26.086 Y25.090
G1 X26.228 Y24.805
G1 X26.655 Y24.283
G1 X27.319 Y23.809
G1 X27.603 Y23.667
G1 X27.841 Y23.714
G1 X28.173 Y23.904
G1 X28.030 Y23.904
G1 X27.983 Y23.857
G1 X27.651 Y23.857
G1 X27.177 Y23.999
G1 X26.418 Y24.710
G1 X26.181 Y25.232
G1 X26.181 Y25.754
G1 X26.275 Y26.086
G1 X26.418 Y26.370
G1 X26.892 Y27.034
G1 X27.509 Y27.651
G1 X27.888 Y27.935
G1 X28.267 Y28.125
G1 X28.457 Y28.173
G1 X28.979 Y28.173
G1 X29.169 Y28.125
G1 X29.453 Y27.983
G1 X30.165 Y27.271
G1 X30.354 Y26.845
G1 X30.354 Y26.323
G1 X30.259 Y26.086
G1 X30.497 Y26.370
G1 X30.639 Y26.655
G1 X30.402 Y27.034
G1 X29.880 Y27.698
G1 X29.358 Y28.078
G1 X28.979 Y28.267
G1 X28.647 Y28.362
G1 X28.030 Y28.410
M5
G0 X28.647 Y28.410 F2500
M3 S320
G1 F1000
G1 X28.030 Y28.457
G1 X27.509 Y28.362
G1 X27.034 Y28.173
G1 X26.607 Y27.888
G1 X26.418 Y27.698
G1 X26.038 Y27.129
G1 X25.849 Y26.607
G1 X25.801 Y26.323
G1 X25.849 Y25.659
G1 X26.038 Y25.090
G1 X26.181 Y24.805
G1 X26.655 Y24.236
G1 X27.319 Y23.762
G1 X27.603 Y23.619
G1 X27.841 Y23.667
G1 X28.457 Y24.046
G1 X27.983 Y23.904
G1 X27.651 Y23.904
G1 X27.177 Y24.046
G1 X26.465 Y24.710
G1 X26.228 Y25.232
G1 X26.228 Y25.754
G1 X26.323 Y26.086
G1 X26.465 Y26.370
G1 X26.939 Y27.034
G1 X27.509 Y27.603
G1 X27.888 Y27.888
G1 X28.267 Y28.078
G1 X28.457 Y28.125
G1 X28.979 Y28.125
G1 X29.169 Y28.078
G1 X29.453 Y27.935
G1 X30.117 Y27.271
G1 X30.307 Y26.845
G1 X30.307 Y26.323
G1 X30.165 Y25.943
G1 X30.259 Y25.991
G1 X30.544 Y26.370
G1 X30.686 Y26.655
G1 X30.449 Y27.034
G1 X29.880 Y27.746
G1 X29.358 Y28.125
G1 X28.979 Y28.315
G1 X28.647 Y28.410
G1 X28.030 Y28.457
M5
G0 X28.647 Y28.457 F2500
M3 S320
G1 F1000
G1 X28.030 Y28.505
G1 X27.509 Y28.410
G1 X27.034 Y28.220
G1 X26.607 Y27.935
G1 X26.370 Y27.698
G1 X25.991 Y27.129
G1 X25.801 Y26.607
G1 X25.754 Y26.323
G1 X25.801 Y25.659
G1 X25.991 Y25.090
G1 X26.133 Y24.805
G1 X26.655 Y24.189
G1 X27.319 Y23.714
G1 X27.603 Y23.572
G1 X27.841 Y23.619
G1 X28.457 Y23.999
G1 X28.505 Y24.094
G1 X27.983 Y23.951
G1 X27.651 Y23.951
G1 X27.177 Y24.094
G1 X26.513 Y24.710
G1 X26.275 Y25.232
G1 X26.275 Y25.754
G1 X26.370 Y26.086
G1 X26.513 Y26.370
G1 X26.987 Y27.034
G1 X27.509 Y27.556
G1 X27.888 Y27.841
G1 X28.267 Y28.030
G1 X28.457 Y28.078
G1 X28.979 Y28.078
G1 X29.453 Y27.888
G1 X30.070 Y27.271
G1 X30.259 Y26.845
G1 X30.259 Y26.323
G1 X30.070 Y25.849
G1 X30.212 Y25.896
G1 X30.686 Y26.513
G1 X30.734 Y26.655
G1 X30.497 Y27.034
G1 X29.880 Y27.793
G1 X29.358 Y28.173
G1 X28.979 Y28.362
G1 X28.647 Y28.457
G1 X28.030 Y28.505
M5
G0 X28.647 Y28.505 F2500
M3 S320
G1 F1000
G1 X28.030 Y28.552
G1 X27.509 Y28.457
G1 X27.034 Y28.267
G1 X26.607 Y27.983
G1 X26.323 Y27.698
G1 X25.943 Y27.129
G1 X25.754 Y26.607
G1 X25.706 Y26.323
G1 X25.754 Y25.659
G1 X25.943 Y25.090
G1 X26.086 Y24.805
G1 X26.370 Y24.426
G1 X26.655 Y24.141
G1 X27.319 Y23.667
G1 X27.603 Y23.525
G1 X27.841 Y23.572
G1 X28.457 Y23.951
G1 X28.552 Y24.046
G1 X28.552 Y24.141
G1 X28.410 Y24.141
G1 X28.220 Y24.046
G1 X27.983 Y23.999
G1 X27.651 Y23.999
G1 X27.271 Y24.094
G1 X27.034 Y24.236
G1 X26.560 Y24.710
G1 X26.323 Y25.232
G1 X26.323 Y25.754
G1 X26.418 Y26.086
G1 X26.560 Y26.370
G1 X27.034 Y27.034
G1 X27.509 Y27.509
G1 X27.888 Y27.793
G1 X28.267 Y27.983
G1 X28.457 Y28.030
G1 X28.979 Y28.030
G1 X29.453 Y27.841
G1 X30.022 Y27.271
G1 X30.212 Y26.845
G1 X30.212 Y26.323
G1 X30.022 Y25.849
G1 X30.117 Y25.801
G1 X30.354 Y25.991
G1 X30.734 Y26.513
G1 X30.781 Y26.655
G1 X30.259 Y27.414
G1 X29.880 Y27.841
G1 X29.358 Y28.220
G1 X28.979 Y28.410
G1 X28.647 Y28.505
G1 X28.030 Y28.552
M5
G0 X28.647 Y28.552 F2500
M3 S320
G1 F1000
G1 X28.030 Y28.599
G1 X27.509 Y28.505
G1 X27.034 Y28.315
G1 X26.607 Y28.030
G1 X26.275 Y27.698
G1 X25.896 Y27.129
G1 X25.706 Y26.607
G1 X25.659 Y26.323
G1 X25.706 Y25.659
G1 X25.896 Y25.090
G1 X26.038 Y24.805
G1 X26.323 Y24.426
G1 X26.655 Y24.094
G1 X27.319 Y23.619
G1 X27.603 Y23.477
G1 X27.841 Y23.525
G1 X28.599 Y23.999
G1 X28.599 Y24.189
G1 X28.410 Y24.189
G1 X28.220 Y24.094
G1 X27.983 Y24.046
G1 X27.651 Y24.046
G1 X27.271 Y24.141
G1 X27.034 Y24.283
G1 X26.607 Y24.710
G1 X26.370 Y25.232
G1 X26.370 Y25.754
G1 X26.465 Y26.086
G1 X26.607 Y26.370
G1 X27.082 Y27.034
G1 X27.509 Y27.461
G1 X27.888 Y27.746
G1 X28.267 Y27.935
G1 X28.457 Y27.983
G1 X28.979 Y27.983
G1 X29.453 Y27.793
G1 X29.975 Y27.271
G1 X30.165 Y26.845
G1 X30.165 Y26.323
G1 X29.975 Y25.801
G1 X30.117 Y25.754
G1 X30.402 Y25.991
G1 X30.781 Y26.513
G1 X30.829 Y26.655
G1 X30.307 Y27.414
G1 X29.880 Y27.888
G1 X29.358 Y28.267
G1 X28.979 Y28.457
G1 X28.647 Y28.552
G1 X28.030 Y28.599
M5
G0 X28.647 Y28.599 F2500
M3 S320
G1 F1000
G1 X28.030 Y28.647
G1 X27.509 Y28.552
G1 X27.034 Y28.362
G1 X26.607 Y28.078
G1 X26.228 Y27.698
G1 X25.849 Y27.129
G1 X25.659 Y26.607
G1 X25.611 Y26.323
G1 X25.659 Y25.659
G1 X25.849 Y25.090
G1 X25.991 Y24.805
G1 X26.275 Y24.426
G1 X26.655 Y24.046
G1 X27.319 Y23.572
G1 X27.603 Y23.430
G1 X27.841 Y23.477
G1 X28.599 Y23.951
G1 X28.599 Y24.236
G1 X28.410 Y24.236
G1 X28.220 Y24.141
G1 X27.983 Y24.094
G1 X27.651 Y24.094
G1 X27.271 Y24.189
G1 X27.034 Y24.331
G1 X26.655 Y24.710
G1 X26.418 Y25.232
G1 X26.418 Y25.754
G1 X26.513 Y26.086
G1 X26.939 Y26.797
G1 X27.509 Y27.414
G1 X27.888 Y27.698
G1 X28.267 Y27.888
G1 X28.457 Y27.935
G1 X28.979 Y27.935
G1 X29.453 Y27.746
G1 X29.927 Y27.271
G1 X30.117 Y26.845
G1 X30.117 Y26.323
G1 X29.975 Y25.896
G1 X29.975 Y25.754
G1 X30.117 Y25.706
G1 X30.449 Y25.991
G1 X30.829 Y26.513
G1 X30.876 Y26.655
G1 X30.354 Y27.414
G1 X29.880 Y27.935
G1 X29.358 Y28.315
G1 X28.979 Y28.505
G1 X28.647 Y28.599
G1 X28.030 Y28.647
M5
G0 X28.647 Y28.647 F2500
M3 S320
G1 F1000
G1 X28.030 Y28.694
G1 X27.509 Y28.599
G1 X27.034 Y28.410
G1 X26.607 Y28.125
G1 X26.181 Y27.698
G1 X25.754 Y27.034
G1 X25.611 Y26.607
G1 X25.564 Y26.323
G1 X25.611 Y25.659
G1 X25.801 Y25.090
G1 X25.943 Y24.805
G1 X26.228 Y24.426
G1 X26.655 Y23.999
G1 X27.319 Y23.525
G1 X27.603 Y23.382
G1 X27.841 Y23.430
G1 X28.599 Y23.904
G1 X28.694 Y23.999
G1 X28.694 Y24.189
G1 X28.647 Y24.283
G1 X28.410 Y24.283
G1 X28.220 Y24.189
G1 X27.983 Y24.141
G1 X27.651 Y24.141
G1 X27.271 Y24.236
G1 X27.034 Y24.378
G1 X26.702 Y24.710
G1 X26.465 Y25.232
G1 X26.465 Y25.754
G1 X26.560 Y26.086
G1 X26.987 Y26.797
G1 X27.509 Y27.366
G1 X27.888 Y27.651
G1 X28.267 Y27.841
G1 X28.457 Y27.888
G1 X28.979 Y27.888
G1 X29.453 Y27.698
G1 X29.880 Y27.271
G1 X30.070 Y26.845
G1 X30.070 Y26.323
G1 X29.880 Y25.801
G1 X29.975 Y25.706
G1 X30.117 Y25.659
G1 X30.497 Y25.991
G1 X30.876 Y26.513
G1 X30.923 Y26.655
G1 X30.402 Y27.414
G1 X29.880 Y27.983
G1 X29.358 Y28.362
G1 X28.979 Y28.552
G1 X28.647 Y28.647
G1 X28.030 Y28.694
M5
G0 X28.647 Y28.694 F2500
M3 S320
G1 F1000
G1 X28.030 Y28.742
G1 X27.509 Y28.647
G1 X27.034 Y28.457
G1 X26.607 Y28.173
G1 X25.991 Y27.509
G1 X25.706 Y27.034
G1 X25.564 Y26.607
G1 X25.517 Y26.323
G1 X25.564 Y25.659
G1 X25.754 Y25.090
G1 X25.896 Y24.805
G1 X26.181 Y24.426
G1 X26.655 Y23.951
G1 X27.319 Y23.477
G1 X27.603 Y23.335
G1 X27.841 Y23.382
G1 X28.599 Y23.857
G1 X28.742 Y23.999
G1 X28.742 Y24.189
G1 X28.694 Y24.283
G1 X28.410 Y24.331
G1 X28.220 Y24.236
G1 X27.983 Y24.189
G1 X27.651 Y24.189
G1 X27.271 Y24.283
G1 X27.034 Y24.426
G1 X26.750 Y24.710
G1 X26.513 Y25.232
G1 X26.513 Y25.754
G1 X26.607 Y26.086
G1 X27.034 Y26.797
G1 X27.509 Y27.319
G1 X27.888 Y27.603
G1 X28.267 Y27.793
G1 X28.457 Y27.841
G1 X28.979 Y27.841
G1 X29.453 Y27.651
G1 X29.833 Y27.271
G1 X30.022 Y26.845
G1 X30.022 Y26.323
G1 X29.833 Y25.801
G1 X29.975 Y25.659
G1 X30.117 Y25.611
G1 X30.544 Y25.991
G1 X30.923 Y26.513
G1 X30.971 Y26.655
G1 X30.449 Y27.414
G1 X29.880 Y28.030
G1 X29.358 Y28.410
G1 X28.979 Y28.599
G1 X28.647 Y28.694
G1 X28.030 Y28.742
M5
G0 X-34.813 Y-20.631 F2500
M3 S320
G1 F1000
G1 X-34.575 Y-20.726
G1 X-33.390 Y-21.533
G1 X-32.157 Y-22.149
G1 X-31.303 Y-22.481
G1 X-30.402 Y-22.718
G1 X-29.595 Y-22.861
G1 X-29.453 Y-22.813
G1 X-29.169 Y-23.003
G1 X-29.406 Y-22.861
G1 X-29.501 Y-22.576
G1 X-29.785 Y-22.149
G1 X-30.402 Y-20.869
G1 X-30.781 Y-19.825
G1 X-31.066 Y-18.497
G1 X-31.161 Y-17.596
G1 X-31.161 Y-16.600
G1 X-30.923 Y-16.553
G1 X-30.497 Y-17.311
G1 X-29.690 Y-18.307
G1 X-29.121 Y-18.877
G1 X-28.125 Y-19.730
G1 X-26.892 Y-20.584
G1 X-25.232 Y-21.533
G1 X-23.809 Y-22.197
G1 X-21.817 Y-23.003
G1 X-20.631 Y-23.619
G1 X-20.347 Y-23.809
G1 X-19.683 Y-24.473
G1 X-19.398 Y-24.995
G1 X-19.351 Y-25.517
G1 X-19.446 Y-25.611
G1 X-19.683 Y-25.659
G1 X-19.825 Y-25.754
G1 X-20.110 Y-25.706
G1 X-20.110 Y-25.517
G1 X-20.205 Y-25.279
G1 X-20.774 Y-24.615
G1 X-21.390 Y-24.189
G1 X-22.339 Y-23.714
G1 X-22.623 Y-23.619
G1 X-21.485 Y-24.141
G1 X-20.631 Y-24.758
G1 X-20.157 Y-25.374
G1 X-20.110 Y-25.517
G1 X-20.157 Y-25.801
G1 X-20.347 Y-25.801
G1 X-20.442 Y-25.706
G1 X-20.537 Y-25.422
G1 X-21.106 Y-24.853
G1 X-21.533 Y-24.568
G1 X-22.481 Y-24.094
G1 X-22.766 Y-23.999
G1 X-21.722 Y-24.473
G1 X-21.058 Y-24.900
G1 X-20.537 Y-25.422
G1 X-20.442 Y-25.611
G1 X-20.489 Y-25.754
G1 X-20.963 Y-25.611
G1 X-21.295 Y-25.374
G1 X-21.390 Y-25.374
G1 X-22.102 Y-24.853
G1 X-22.197 Y-24.853
G1 X-22.244 Y-24.758
G1 X-22.386 Y-24.710
G1 X-22.576 Y-24.521
G1 X-22.671 Y-24.521
G1 X-22.718 Y-24.426
G1 X-22.908 Y-24.378
G1 X-23.287 Y-24.141
G1 X-23.951 Y-24.141
G1 X-24.046 Y-23.999
G1 X-24.710 Y-23.714
G1 X-24.141 Y-23.951
G1 X-23.951 Y-24.141
G1 X-23.951 Y-24.236
G1 X-24.094 Y-24.378
G1 X-24.331 Y-24.426
G1 X-24.426 Y-24.331
G1 X-24.900 Y-24.141
G1 X-24.426 Y-24.331
G1 X-24.331 Y-24.426
G1 X-24.473 Y-24.568
G1 X-24.521 Y-24.710
G1 X-24.758 Y-24.710
G1 X-25.469 Y-24.378
G1 X-24.615 Y-24.758
G1 X-24.615 Y-24.853
G1 X-24.853 Y-25.232
G1 X-24.995 Y-25.090
G1 X-25.564 Y-24.853
G1 X-24.947 Y-25.137
G1 X-24.853 Y-25.279
G1 X-25.090 Y-25.659
G1 X-25.706 Y-25.327
G1 X-25.185 Y-25.564
G1 X-25.090 Y-25.706
G1 X-25.327 Y-26.086
G1 X-25.469 Y-25.943
G1 X-26.323 Y-25.564
G1 X-25.422 Y-25.991
G1 X-25.327 Y-26.133
G1 X-25.611 Y-26.513
G1 X-26.939 Y-25.801
G1 X-25.706 Y-26.418
G1 X-25.611 Y-26.513
G1 X-25.706 Y-26.750
G1 X-25.991 Y-26.797
G1 X-26.750 Y-26.418
G1 X-25.896 Y-26.797
G1 X-25.801 Y-26.892
G1 X-26.086 Y-27.271
G1 X-26.275 Y-27.129
G1 X-27.556 Y-26.513
G1 X-26.181 Y-27.177
G1 X-26.086 Y-27.319
G1 X-26.228 Y-27.556
G1 X-26.323 Y-27.603
G1 X-26.513 Y-27.461
G1 X-27.698 Y-26.939
G1 X-28.837 Y-26.228
G1 X-27.793 Y-26.892
G1 X-26.370 Y-27.556
G1 X-26.275 Y-27.651
G1 X-26.513 Y-27.935
G1 X-26.655 Y-27.793
G1 X-27.366 Y-27.509
G1 X-28.552 Y-26.892
G1 X-29.880 Y-26.038
G1 X-30.212 Y-25.754
G1 X-29.548 Y-26.275
G1 X-28.647 Y-26.845
G1 X-26.607 Y-27.841
G1 X-26.513 Y-27.935
G1 X-26.607 Y-28.173
G1 X-26.892 Y-28.220
G1 X-29.406 Y-26.939
G1 X-30.402 Y-26.275
G1 X-31.682 Y-25.232
G1 X-32.631 Y-24.283
G1 X-33.722 Y-22.908
G1 X-34.433 Y-21.722
G1 X-34.481 Y-21.533
G1 X-34.338 Y-21.438
G1 X-33.959 Y-21.865
G1 X-34.338 Y-21.438
G1 X-34.575 Y-21.438
G1 X-34.860 Y-20.869
M5
G0 X-34.860 Y-20.631 F2500
M3 S320
G1 F1000
G1 X-34.813 Y-21.011
G1 X-34.575 Y-21.485
G1 X-34.481 Y-21.533
G1 X-34.481 Y-21.675
G1 X-33.532 Y-23.193
G1 X-32.821 Y-24.094
G1 X-31.445 Y-25.469
G1 X-29.927 Y-26.607
G1 X-28.931 Y-27.224
G1 X-27.461 Y-27.983
G1 X-26.750 Y-28.267
G1 X-26.750 Y-28.410
G1 X-27.556 Y-29.785
G1 X-27.556 Y-30.591
G1 X-27.271 Y-31.113
G1 X-26.513 Y-31.872
G1 X-25.517 Y-32.631
G1 X-22.197 Y-34.860
G1 X-19.588 Y-36.330
G1 X-17.643 Y-37.279
G1 X-15.889 Y-38.038
G1 X-12.284 Y-39.318
G1 X-9.628 Y-40.030
G1 X-7.541 Y-40.457
G1 X-4.553 Y-40.883
G1 X-1.755 Y-41.073
G1 X1.802 Y-41.073
G1 X3.510 Y-40.978
G1 X6.403 Y-40.646
G1 X9.438 Y-40.077
G1 X12.142 Y-39.366
G1 X15.604 Y-38.133
G1 X18.307 Y-36.947
G1 X20.584 Y-35.761
G1 X23.145 Y-34.243
G1 X25.042 Y-32.963
G1 X26.607 Y-31.777
G1 X27.224 Y-31.161
G1 X27.509 Y-30.686
G1 X27.556 Y-30.022
G1 X27.509 Y-29.785
G1 X27.224 Y-29.216
G1 X26.797 Y-28.552
G1 X26.750 Y-28.410
G1 X26.797 Y-28.267
G1 X28.599 Y-27.414
G1 X29.501 Y-26.892
G1 X30.544 Y-26.181
G1 X31.493 Y-25.422
G1 X32.631 Y-24.283
G1 X33.390 Y-23.382
G1 X34.054 Y-22.386
G1 X34.860 Y-20.821
G1 X34.860 Y-20.584
G1 X34.623 Y-20.631
G1 X34.054 Y-21.106
G1 X33.295 Y-21.580
G1 X32.583 Y-21.959
G1 X31.682 Y-22.339
G1 X30.022 Y-22.813
G1 X29.738 Y-22.861
G1 X29.453 Y-22.718
G1 X29.453 Y-22.623
G1 X29.738 Y-22.197
G1 X30.402 Y-20.821
G1 X30.876 Y-19.446
G1 X31.066 Y-18.545
G1 X31.161 Y-17.691
G1 X31.161 Y-16.695
G1 X31.066 Y-16.505
G1 X30.829 Y-16.647
G1 X30.544 Y-17.169
G1 X29.785 Y-18.165
G1 X28.837 Y-19.114
G1 X27.651 Y-20.062
G1 X26.228 Y-20.963
G1 X25.185 Y-21.533
G1 X24.094 Y-22.054
G1 X21.485 Y-23.145
G1 X20.679 Y-23.572
G1 X20.015 Y-24.046
G1 X19.446 Y-24.758
G1 X19.351 Y-25.090
G1 X19.351 Y-25.896
G1 X19.920 Y-27.129
G1 X19.967 Y-27.366
G1 X20.157 Y-27.746
G1 X20.157 Y-27.888
G1 X20.062 Y-28.030
G1 X18.070 Y-29.169
G1 X15.604 Y-30.402
G1 X13.422 Y-31.303
G1 X11.146 Y-32.109
G1 X8.347 Y-32.868
G1 X5.929 Y-33.342
G1 X3.415 Y-33.674
G1 X1.138 Y-33.817
G1 X-1.138 Y-33.817
G1 X-3.367 Y-33.674
G1 X-5.644 Y-33.390
G1 X-8.727 Y-32.773
G1 X-10.671 Y-32.251
G1 X-13.090 Y-31.445
G1 X-15.177 Y-30.591
G1 X-17.454 Y-29.501
G1 X-19.446 Y-28.410
G1 X-20.205 Y-27.888
G1 X-19.398 Y-25.991
G1 X-19.351 Y-25.517
G1 X-19.398 Y-24.995
G1 X-19.730 Y-24.378
G1 X-20.205 Y-23.904
G1 X-21.011 Y-23.382
G1 X-22.102 Y-22.861
G1 X-24.094 Y-22.054
G1 X-25.564 Y-21.343
G1 X-26.797 Y-20.631
G1 X-27.793 Y-19.967
G1 X-28.742 Y-19.209
G1 X-29.595 Y-18.402
G1 X-30.497 Y-17.264
G1 X-30.876 Y-16.553
G1 X-30.971 Y-16.553
G1 X-31.066 Y-16.410
G1 X-31.161 Y-16.600
G1 X-31.161 Y-17.596
G1 X-31.066 Y-18.497
G1 X-30.876 Y-19.446
G1 X-30.354 Y-21.011
G1 X-29.785 Y-22.197
G1 X-29.453 Y-22.718
G1 X-29.501 Y-22.861
G1 X-30.781 Y-22.623
G1 X-32.157 Y-22.149
G1 X-33.390 Y-21.533
G1 X-34.575 Y-20.726
M5
M5 ; Laser OFF
G0 X0 Y0 F1500 ; Return to Center Origin
M2 ; End of Program
