; --- Creality Falcon 5W Optimized Keychain Engraving ---
; Diameter: 35.0 mm | Centered at (X0, Y0)
; Feedrate: 1800 mm/min | Engrave Power: S380 (38%)
G21 ; Metric (mm)
G90 ; Absolute coordinates
G92 X0 Y0 ; Current head position is Center (0, 0)
M5 ; Laser OFF
M4 ; Dynamic Laser Mode (GRBL)
G0 F1800
G0 X-3.200 Y17.500
G1 X-1.700 Y17.500 S0 F1800
G1 X1.600 S380
G1 X3.100 S0
G0 X3.900 Y17.400
G1 X2.400 Y17.400 S0 F1800
G1 X1.200 S380
G1 X-1.200 S0
G1 X-2.500 S380
G1 X-4.000 S0
G0 X-4.600 Y17.300
G1 X-3.100 Y17.300 S0 F1800
G1 X-2.300 S380
G1 X2.100 S0
G1 X3.000 S380
G1 X4.500 S0
G0 X5.000 Y17.200
G1 X3.500 Y17.200 S0 F1800
G1 X2.900 S380
G1 X1.000 S0
G1 X-1.000 S380
G1 X-2.800 S0
G1 X-3.600 S380
G1 X-5.100 S0
G0 X-5.600 Y17.100
G1 X-4.100 Y17.100 S0 F1800
G1 X-3.500 S380
G1 X-2.100 S0
G1 X2.100 S380
G1 X3.300 S0
G1 X4.000 S380
G1 X5.500 S0
G0 X5.900 Y17.000
G1 X4.400 Y17.000 S0 F1800
G1 X3.900 S380
G1 X2.900 S0
G1 X1.500 S380
G1 X1.100 S0
G1 X0.800 S380
G1 X0.200 S0
G1 X0.000 S380
G1 X-0.500 S0
G1 X-0.700 S380
G1 X-1.200 S0
G1 X-1.400 S380
G1 X-1.800 S0
G1 X-2.800 S380
G1 X-3.900 S0
G1 X-4.400 S380
G1 X-5.900 S0
G0 X-6.300 Y16.900
G1 X-4.800 Y16.900 S0 F1800
G1 X-4.400 S380
G1 X-3.400 S0
G1 X-2.600 S380
G1 X-2.300 S0
G1 X-2.100 S380
G1 X-1.700 S0
G1 X-1.400 S380
G1 X-1.000 S0
G1 X-0.700 S380
G1 X-0.300 S0
G1 X0.000 S380
G1 X0.500 S0
G1 X0.800 S380
G1 X1.300 S0
G1 X1.600 S380
G1 X2.200 S0
G1 X3.300 S380
G1 X4.200 S0
G1 X4.700 S380
G1 X6.200 S0
G0 X6.600 Y16.800
G1 X5.100 Y16.800 S0 F1800
G1 X4.600 S380
G1 X3.800 S0
G1 X3.000 S380
G1 X2.400 S0
G1 X2.100 S380
G1 X1.500 S0
G1 X1.300 S380
G1 X0.700 S0
G1 X0.400 S380
G1 X0.000 S0
G1 X-0.300 S380
G1 X-0.800 S0
G1 X-1.000 S380
G1 X-1.400 S0
G1 X-1.700 S380
G1 X-2.100 S0
G1 X-2.300 S380
G1 X-2.700 S0
G1 X-2.900 S380
G1 X-3.200 S0
G1 X-3.900 S380
G1 X-4.600 S0
G1 X-5.100 S380
G1 X-6.600 S0
G0 X-6.900 Y16.700
G1 X-5.400 Y16.700 S0 F1800
G1 X-5.100 S380
G1 X-4.300 S0
G1 X-3.500 S380
G1 X-3.100 S0
G1 X-2.900 S380
G1 X-2.500 S0
G1 X-2.300 S380
G1 X-1.900 S0
G1 X-1.600 S380
G1 X-1.200 S0
G1 X-1.000 S380
G1 X-0.600 S0
G1 X-0.200 S380
G1 X0.100 S0
G1 X0.500 S380
G1 X1.000 S0
G1 X1.300 S380
G1 X1.800 S0
G1 X2.200 S380
G1 X2.700 S0
G1 X3.100 S380
G1 X3.600 S0
G1 X4.100 S380
G1 X4.900 S0
G1 X5.400 S380
G1 X6.900 S0
G0 X7.200 Y16.600
G1 X5.700 Y16.600 S0 F1800
G1 X5.300 S380
G1 X4.600 S0
G1 X3.700 S380
G1 X3.000 S0
G1 X2.700 S380
G1 X2.100 S0
G1 X1.600 S380
G1 X1.300 S0
G1 X-1.500 S380
G1 X-1.600 S0
G1 X-1.900 S380
G1 X-2.300 S0
G1 X-2.500 S380
G1 X-2.900 S0
G1 X-3.200 S380
G1 X-3.500 S0
G1 X-3.700 S380
G1 X-4.000 S0
G1 X-4.600 S380
G1 X-5.300 S0
G1 X-5.700 S380
G1 X-7.200 S0
G0 X-7.500 Y16.500
G1 X-6.000 Y16.500 S0 F1800
G1 X-5.700 S380
G1 X-5.000 S0
G1 X-4.600 S380
G1 X-4.500 S0
G1 X-4.300 S380
G1 X-3.900 S0
G1 X-3.700 S380
G1 X-3.300 S0
G1 X-3.100 S380
G1 X-2.800 S0
G1 X2.700 S380
G1 X3.400 S0
G1 X3.800 S380
G1 X4.300 S0
G1 X4.800 S380
G1 X5.500 S0
G1 X5.900 S380
G1 X7.400 S0
G0 X7.700 Y16.400
G1 X6.200 Y16.400 S0 F1800
G1 X5.900 S380
G1 X5.300 S0
G1 X4.400 S380
G1 X3.700 S0
G1 X3.200 S380
G1 X3.000 S0
G1 X1.800 S380
G1 X-1.800 S0
G1 X-3.000 S380
G1 X-3.100 S0
G1 X-3.300 S380
G1 X-3.700 S0
G1 X-3.900 S380
G1 X-4.300 S0
G1 X-4.500 S380
G1 X-4.700 S0
G1 X-5.300 S380
G1 X-5.900 S0
G1 X-6.300 S380
G1 X-7.800 S0
G0 X-8.000 Y16.300
G1 X-6.500 Y16.300 S0 F1800
G1 X-6.200 S380
G1 X-5.600 S0
G1 X-5.000 S380
G1 X-4.600 S0
G1 X-4.400 S380
G1 X-4.100 S0
G1 X-3.800 S380
G1 X-3.600 S0
G1 X-2.600 S380
G1 X-0.600 S0
G1 X0.500 S380
G1 X2.500 S0
G1 X3.400 S380
G1 X4.000 S0
G1 X4.500 S380
G1 X5.100 S0
G1 X5.400 S380
G1 X6.000 S0
G1 X6.400 S380
G1 X7.900 S0
G0 X8.200 Y16.200
G1 X6.700 Y16.200 S0 F1800
G1 X6.400 S380
G1 X5.800 S0
G1 X5.100 S380
G1 X4.300 S0
G1 X3.100 S380
G1 X2.000 S0
G1 X-1.900 S380
G1 X-3.000 S0
G1 X-4.100 S380
G1 X-4.400 S0
G1 X-4.600 S380
G1 X-4.900 S0
G1 X-5.100 S380
G1 X-5.400 S0
G1 X-5.800 S380
G1 X-6.400 S0
G1 X-6.800 S380
G1 X-8.300 S0
G0 X-8.500 Y16.100
G1 X-7.000 Y16.100 S0 F1800
G1 X-6.700 S380
G1 X-6.200 S0
G1 X-5.600 S380
G1 X-5.300 S0
G1 X-5.100 S380
G1 X-4.800 S0
G1 X-4.600 S380
G1 X-4.400 S0
G1 X-3.600 S380
G1 X-2.700 S0
G1 X-1.500 S380
G1 X1.400 S0
G1 X2.600 S380
G1 X3.500 S0
G1 X4.100 S380
G1 X4.700 S0
G1 X5.300 S380
G1 X5.600 S0
G1 X6.000 S380
G1 X6.500 S0
G1 X6.900 S380
G1 X8.400 S0
G0 X8.600 Y16.000
G1 X7.100 Y16.000 S0 F1800
G1 X6.900 S380
G1 X6.300 S0
G1 X5.900 S380
G1 X5.100 S0
G1 X4.000 S380
G1 X3.200 S0
G1 X2.300 S380
G1 X-2.300 S0
G1 X-3.200 S380
G1 X-3.900 S0
G1 X-4.800 S380
G1 X-5.100 S0
G1 X-5.300 S380
G1 X-5.600 S0
G1 X-5.800 S380
G1 X-6.000 S0
G1 X-6.300 S380
G1 X-6.900 S0
G1 X-7.200 S380
G1 X-8.700 S0
G0 X-8.900 Y15.900
G1 X-7.400 Y15.900 S0 F1800
G1 X-7.200 S380
G1 X-6.700 S0
G1 X-6.200 S380
G1 X-6.000 S0
G1 X-5.800 S380
G1 X-5.500 S0
G1 X-5.300 S380
G1 X-5.100 S0
G1 X-4.400 S380
G1 X-3.700 S0
G1 X-3.000 S380
G1 X2.800 S0
G1 X3.500 S380
G1 X4.300 S0
G1 X4.800 S380
G1 X5.500 S0
G1 X6.500 S380
G1 X7.000 S0
G1 X7.300 S380
G1 X8.800 S0
G0 X9.000 Y15.800
G1 X7.500 Y15.800 S0 F1800
G1 X7.300 S380
G1 X6.800 S0
G1 X6.500 S380
G1 X5.900 S0
G1 X4.700 S380
G1 X4.100 S0
G1 X3.400 S380
G1 X-3.400 S0
G1 X-4.000 S380
G1 X-4.700 S0
G1 X-5.400 S380
G1 X-5.800 S0
G1 X-6.000 S380
G1 X-6.200 S0
G1 X-6.800 S380
G1 X-7.300 S0
G1 X-7.600 S380
G1 X-9.100 S0
G0 X-9.300 Y15.700
G1 X-7.800 Y15.700 S0 F1800
G1 X-7.600 S380
G1 X-7.100 S0
G1 X-6.800 S380
G1 X-6.600 S0
G1 X-6.400 S380
G1 X-6.100 S0
G1 X-5.900 S380
G1 X-5.700 S0
G1 X-5.100 S380
G1 X-4.500 S0
G1 X-3.900 S380
G1 X0.100 S0
G1 X0.300 S380
G1 X3.700 S0
G1 X4.300 S380
G1 X4.900 S0
G1 X5.500 S380
G1 X6.500 S0
G1 X6.900 S380
G1 X7.400 S0
G1 X7.700 S380
G1 X9.200 S0
G0 X9.400 Y15.600
G1 X7.900 Y15.600 S0 F1800
G1 X7.700 S380
G1 X7.200 S0
G1 X5.300 S380
G1 X4.700 S0
G1 X4.200 S380
G1 X0.800 S0
G1 X-0.200 S380
G1 X-1.200 S0
G1 X-1.800 S380
G1 X-4.200 S0
G1 X-4.700 S380
G1 X-5.300 S0
G1 X-5.800 S380
G1 X-5.900 S0
G1 X-6.100 S380
G1 X-6.400 S0
G1 X-6.600 S380
G1 X-6.800 S0
G1 X-7.200 S380
G1 X-7.700 S0
G1 X-8.000 S380
G1 X-9.500 S0
G0 X-9.700 Y15.500
G1 X-8.200 Y15.500 S0 F1800
G1 X-8.000 S380
G1 X-7.500 S0
G1 X-7.000 S380
G1 X-6.700 S0
G1 X-6.500 S380
G1 X-6.300 S0
G1 X-5.700 S380
G1 X-5.100 S0
G1 X-4.600 S380
G1 X-2.200 S0
G1 X-1.200 S380
G1 X-0.400 S0
G1 X0.800 S380
G1 X1.500 S0
G1 X2.200 S380
G1 X4.500 S0
G1 X4.900 S380
G1 X5.500 S0
G1 X6.400 S380
G1 X7.000 S0
G1 X7.400 S380
G1 X7.800 S0
G1 X8.100 S380
G1 X9.600 S0
G0 X9.800 Y15.400
G1 X8.300 Y15.400 S0 F1800
G1 X8.100 S380
G1 X7.600 S0
G1 X7.300 S380
G1 X6.300 S0
G1 X5.900 S380
G1 X5.300 S0
G1 X4.900 S380
G1 X2.500 S0
G1 X1.600 S380
G1 X1.000 S0
G1 X0.500 S380
G1 X0.100 S0
G1 X-0.400 S380
G1 X-1.100 S0
G1 X-2.300 S380
G1 X-4.900 S0
G1 X-5.300 S380
G1 X-5.800 S0
G1 X-6.300 S380
G1 X-6.500 S0
G1 X-6.700 S380
G1 X-7.000 S0
G1 X-7.200 S380
G1 X-7.400 S0
G1 X-7.600 S380
G1 X-8.100 S0
G1 X-8.400 S380
G1 X-9.900 S0
G0 X-10.100 Y15.300
G1 X-8.600 Y15.300 S0 F1800
G1 X-8.400 S380
G1 X-7.900 S0
G1 X-7.600 S380
G1 X-7.300 S0
G1 X-7.200 S380
G1 X-6.800 S0
G1 X-6.200 S380
G1 X-5.700 S0
G1 X-5.300 S380
G1 X-2.500 S0
G1 X-2.000 S380
G1 X-1.500 S0
G1 X-1.100 S380
G1 X-0.600 S0
G1 X-0.100 S380
G1 X0.500 S0
G1 X1.000 S380
G1 X1.700 S0
G1 X2.400 S380
G1 X5.100 S0
G1 X5.500 S380
G1 X6.000 S0
G1 X6.400 S380
G1 X6.700 S0
G1 X7.700 S380
G1 X8.200 S0
G1 X8.500 S380
G1 X10.000 S0
G0 X10.100 Y15.200
G1 X8.600 Y15.200 S0 F1800
G1 X8.500 S380
G1 X8.000 S0
G1 X7.700 S380
G1 X7.200 S0
G1 X6.300 S380
G1 X5.900 S0
G1 X5.400 S380
G1 X3.800 S0
G1 X3.300 S380
G1 X2.300 S0
G1 X1.800 S380
G1 X1.200 S0
G1 X0.600 S380
G1 X-0.100 S0
G1 X-0.600 S380
G1 X-1.000 S0
G1 X-1.300 S380
G1 X-2.000 S0
G1 X-2.500 S380
G1 X-3.900 S0
G1 X-4.000 S380
G1 X-5.400 S0
G1 X-5.900 S380
G1 X-6.300 S0
G1 X-6.800 S380
G1 X-7.100 S0
G1 X-7.300 S380
G1 X-7.600 S0
G1 X-8.000 S380
G1 X-8.500 S0
G1 X-8.700 S380
G1 X-10.200 S0
G0 X-10.400 Y15.100
G1 X-8.900 Y15.100 S0 F1800
G1 X-8.700 S380
G1 X-8.300 S0
G1 X-8.000 S380
G1 X-7.900 S0
G1 X-7.700 S380
G1 X-7.400 S0
G1 X-7.300 S380
G1 X-7.100 S0
G1 X-6.600 S380
G1 X-6.200 S0
G1 X-5.800 S380
G1 X-4.300 S0
G1 X-3.900 S380
G1 X-2.700 S0
G1 X-2.200 S380
G1 X-1.300 S0
G1 X-1.100 S380
G1 X-0.700 S0
G1 X-0.200 S380
G1 X0.600 S0
G1 X1.100 S380
G1 X1.600 S0
G1 X2.200 S380
G1 X3.300 S0
G1 X4.100 S380
G1 X5.600 S0
G1 X6.000 S380
G1 X6.500 S0
G1 X6.900 S380
G1 X7.800 S0
G1 X8.100 S380
G1 X8.500 S0
G1 X8.800 S380
G1 X10.300 S0
G0 X10.500 Y15.000
G1 X9.000 Y15.000 S0 F1800
G1 X8.800 S380
G1 X8.400 S0
G1 X7.600 S380
G1 X7.400 S0
G1 X6.800 S380
G1 X6.300 S0
G1 X6.000 S380
G1 X4.200 S0
G1 X3.500 S380
G1 X2.200 S0
G1 X1.700 S380
G1 X1.200 S0
G1 X0.700 S380
G1 X-0.100 S0
G1 X-0.700 S380
G1 X-1.000 S0
G1 X-1.200 S380
G1 X-2.100 S0
G1 X-2.600 S380
G1 X-3.800 S0
G1 X-4.500 S380
G1 X-6.000 S0
G1 X-6.300 S380
G1 X-6.800 S0
G1 X-7.100 S380
G1 X-7.200 S0
G1 X-7.400 S380
G1 X-7.700 S0
G1 X-7.900 S380
G1 X-8.100 S0
G1 X-8.400 S380
G1 X-8.800 S0
G1 X-9.100 S380
G1 X-10.600 S0
G0 X-10.700 Y14.900
G1 X-9.200 Y14.900 S0 F1800
G1 X-9.100 S380
G1 X-8.700 S0
G1 X-8.300 S380
G1 X-8.000 S0
G1 X-7.800 S380
G1 X-7.700 S0
G1 X-7.100 S380
G1 X-6.700 S0
G1 X-6.300 S380
G1 X-4.900 S0
G1 X-3.900 S380
G1 X-2.800 S0
G1 X-2.300 S380
G1 X-0.800 S0
G1 X-0.300 S380
G1 X0.600 S0
G1 X1.200 S380
G1 X1.600 S0
G1 X2.100 S380
G1 X3.300 S0
G1 X3.900 S380
G1 X6.100 S0
G1 X6.500 S380
G1 X6.900 S0
G1 X8.500 S380
G1 X8.900 S0
G1 X9.100 S380
G1 X10.600 S0
G0 X10.800 Y14.800
G1 X9.300 Y14.800 S0 F1800
G1 X9.100 S380
G1 X8.700 S0
G1 X8.500 S380
G1 X7.600 S0
G1 X7.200 S380
G1 X6.800 S0
G1 X6.400 S380
G1 X3.900 S0
G1 X3.400 S380
G1 X2.200 S0
G1 X1.700 S380
G1 X1.300 S0
G1 X0.700 S380
G1 X-0.200 S0
G1 X-0.700 S380
G1 X-2.200 S0
G1 X-2.700 S380
G1 X-3.700 S0
G1 X-4.100 S380
G1 X-4.300 S0
G1 X-5.100 S380
G1 X-6.400 S0
G1 X-6.800 S380
G1 X-7.200 S0
G1 X-7.700 S380
G1 X-7.800 S0
G1 X-7.900 S380
G1 X-8.200 S0
G1 X-8.400 S380
G1 X-8.500 S0
G1 X-8.700 S380
G1 X-9.100 S0
G1 X-9.400 S380
G1 X-10.900 S0
G0 X-11.000 Y14.700
G1 X-9.500 Y14.700 S0 F1800
G1 X-9.400 S380
G1 X-9.000 S0
G1 X-8.700 S380
G1 X-8.600 S0
G1 X-8.400 S380
G1 X-8.100 S0
G1 X-7.900 S380
G1 X-7.800 S0
G1 X-7.500 S380
G1 X-7.100 S0
G1 X-6.700 S380
G1 X-5.600 S0
G1 X-4.500 S380
G1 X-4.100 S0
G1 X-3.800 S380
G1 X-2.800 S0
G1 X-2.300 S380
G1 X-0.800 S0
G1 X-0.300 S380
G1 X0.600 S0
G1 X1.200 S380
G1 X1.600 S0
G1 X2.100 S380
G1 X3.300 S0
G1 X3.800 S380
G1 X4.900 S0
G1 X5.300 S380
G1 X6.600 S0
G1 X6.900 S380
G1 X7.300 S0
G1 X7.700 S380
G1 X8.500 S0
G1 X8.800 S380
G1 X9.200 S0
G1 X9.400 S380
G1 X10.900 S0
G0 X11.100 Y14.600
G1 X9.600 Y14.600 S0 F1800
G1 X9.400 S380
G1 X9.000 S0
G1 X7.600 S380
G1 X7.200 S0
G1 X6.900 S380
G1 X5.600 S0
G1 X5.000 S380
G1 X3.900 S0
G1 X3.400 S380
G1 X2.200 S0
G1 X1.700 S380
G1 X1.300 S0
G1 X0.700 S380
G1 X-0.200 S0
G1 X-0.700 S380
G1 X-2.200 S0
G1 X-2.700 S380
G1 X-3.800 S0
G1 X-3.900 S380
G1 X-4.300 S0
G1 X-4.800 S380
G1 X-4.900 S0
G1 X-5.500 S380
G1 X-6.900 S0
G1 X-7.200 S380
G1 X-7.600 S0
G1 X-8.000 S380
G1 X-8.300 S0
G1 X-8.500 S380
G1 X-8.700 S0
G1 X-9.100 S380
G1 X-9.400 S0
G1 X-9.700 S380
G1 X-11.200 S0
G0 X-11.300 Y14.500
G1 X-9.800 Y14.500 S0 F1800
G1 X-9.700 S380
G1 X-9.300 S0
G1 X-8.900 S380
G1 X-8.600 S0
G1 X-8.500 S380
G1 X-8.200 S0
G1 X-7.900 S380
G1 X-7.500 S0
G1 X-7.200 S380
G1 X-6.000 S0
G1 X-5.800 S380
G1 X-5.500 S0
G1 X-5.200 S380
G1 X-4.900 S0
G1 X-4.400 S380
G1 X-2.800 S0
G1 X-2.300 S380
G1 X-0.800 S0
G1 X-0.300 S380
G1 X0.600 S0
G1 X1.200 S380
G1 X1.600 S0
G1 X2.100 S380
G1 X3.200 S0
G1 X3.800 S380
G1 X5.000 S0
G1 X5.800 S380
G1 X7.000 S0
G1 X7.300 S380
G1 X7.700 S0
G1 X8.300 S380
G1 X8.800 S0
G1 X9.100 S380
G1 X9.500 S0
G1 X9.700 S380
G1 X11.200 S0
G0 X11.400 Y14.400
G1 X9.900 Y14.400 S0 F1800
G1 X9.700 S380
G1 X9.400 S0
G1 X9.100 S380
G1 X8.300 S0
G1 X8.000 S380
G1 X7.600 S0
G1 X7.300 S380
G1 X6.200 S0
G1 X5.100 S380
G1 X3.800 S0
G1 X3.300 S380
G1 X2.100 S0
G1 X1.600 S380
G1 X1.300 S0
G1 X0.700 S380
G1 X-0.100 S0
G1 X-0.700 S380
G1 X-2.100 S0
G1 X-2.700 S380
G1 X-4.300 S0
G1 X-4.800 S380
G1 X-5.100 S0
G1 X-5.400 S380
G1 X-5.700 S0
G1 X-6.100 S380
G1 X-7.200 S0
G1 X-7.600 S380
G1 X-7.900 S0
G1 X-8.300 S380
G1 X-8.400 S0
G1 X-8.600 S380
G1 X-8.900 S0
G1 X-9.000 S380
G1 X-9.100 S0
G1 X-9.400 S380
G1 X-9.700 S0
G1 X-10.000 S380
G1 X-11.500 S0
G0 X-11.600 Y14.300
G1 X-10.100 Y14.300 S0 F1800
G1 X-10.000 S380
G1 X-9.600 S0
G1 X-9.400 S380
G1 X-9.200 S0
G1 X-9.000 S380
G1 X-8.700 S0
G1 X-8.200 S380
G1 X-7.800 S0
G1 X-7.500 S380
G1 X-6.400 S0
G1 X-5.800 S380
G1 X-5.500 S0
G1 X-5.200 S380
G1 X-4.800 S0
G1 X-4.300 S380
G1 X-2.800 S0
G1 X-2.200 S380
G1 X-1.200 S0
G1 X-1.000 S380
G1 X-0.700 S0
G1 X-0.200 S380
G1 X0.600 S0
G1 X1.100 S380
G1 X1.500 S0
G1 X2.000 S380
G1 X3.200 S0
G1 X3.700 S380
G1 X4.900 S0
G1 X5.500 S380
G1 X5.600 S0
G1 X6.200 S380
G1 X7.400 S0
G1 X7.700 S380
G1 X8.000 S0
G1 X8.400 S380
G1 X9.100 S0
G1 X9.400 S380
G1 X9.800 S0
G1 X10.000 S380
G1 X11.500 S0
G0 X11.600 Y14.200
G1 X10.100 Y14.200 S0 F1800
G1 X10.000 S380
G1 X9.600 S0
G1 X8.300 S380
G1 X7.900 S0
G1 X7.700 S380
G1 X6.300 S0
G1 X5.900 S380
G1 X5.500 S0
G1 X5.000 S380
G1 X3.800 S0
G1 X3.300 S380
G1 X2.100 S0
G1 X1.600 S380
G1 X1.200 S0
G1 X0.700 S380
G1 X-0.100 S0
G1 X-0.600 S380
G1 X-0.900 S0
G1 X-1.100 S380
G1 X-2.100 S0
G1 X-2.600 S380
G1 X-4.200 S0
G1 X-4.700 S380
G1 X-5.100 S0
G1 X-5.300 S380
G1 X-5.800 S0
G1 X-6.400 S380
G1 X-7.600 S0
G1 X-7.900 S380
G1 X-8.300 S0
G1 X-8.700 S380
G1 X-8.900 S0
G1 X-9.100 S380
G1 X-9.400 S0
G1 X-9.600 S380
G1 X-10.000 S0
G1 X-10.200 S380
G1 X-11.700 S0
G0 X-11.900 Y14.100
G1 X-10.400 Y14.100 S0 F1800
G1 X-10.300 S380
G1 X-9.900 S0
G1 X-9.500 S380
G1 X-9.300 S0
G1 X-9.100 S380
G1 X-8.800 S0
G1 X-8.500 S380
G1 X-8.200 S0
G1 X-7.900 S380
G1 X-6.400 S0
G1 X-6.300 S380
G1 X-6.200 S0
G1 X-5.800 S380
G1 X-4.800 S0
G1 X-4.300 S380
G1 X-2.700 S0
G1 X-2.100 S380
G1 X-1.300 S0
G1 X-1.000 S380
G1 X-0.600 S0
G1 X-0.100 S380
G1 X0.500 S0
G1 X1.000 S380
G1 X1.500 S0
G1 X2.000 S380
G1 X3.100 S0
G1 X3.700 S380
G1 X4.900 S0
G1 X5.400 S380
G1 X5.900 S0
G1 X6.200 S380
G1 X7.700 S0
G1 X8.000 S380
G1 X8.400 S0
G1 X9.000 S380
G1 X9.400 S0
G1 X9.700 S380
G1 X10.100 S0
G1 X10.300 S380
G1 X11.800 S0
G0 X11.900 Y14.000
G1 X10.400 Y14.000 S0 F1800
G1 X10.300 S380
G1 X9.900 S0
G1 X9.700 S380
G1 X9.000 S0
G1 X8.600 S380
G1 X8.300 S0
G1 X8.000 S380
G1 X6.200 S0
G1 X6.000 S380
G1 X5.500 S0
G1 X4.900 S380
G1 X3.700 S0
G1 X3.200 S380
G1 X2.900 S0
G1 X2.700 S380
G1 X2.100 S0
G1 X1.600 S380
G1 X1.000 S0
G1 X0.500 S380
G1 X0.100 S0
G1 X-0.500 S380
G1 X-0.900 S0
G1 X-1.200 S380
G1 X-1.900 S0
G1 X-2.500 S380
G1 X-4.100 S0
G1 X-4.700 S380
G1 X-5.700 S0
G1 X-6.000 S380
G1 X-8.000 S0
G1 X-8.300 S380
G1 X-8.600 S0
G1 X-8.900 S380
G1 X-9.000 S0
G1 X-9.200 S380
G1 X-9.500 S0
G1 X-9.600 S380
G1 X-9.700 S0
G1 X-9.900 S380
G1 X-10.300 S0
G1 X-10.500 S380
G1 X-12.000 S0
G0 X-12.100 Y13.900
G1 X-10.600 Y13.900 S0 F1800
G1 X-10.500 S380
G1 X-10.200 S0
G1 X-10.000 S380
G1 X-9.800 S0
G1 X-9.600 S380
G1 X-9.300 S0
G1 X-8.900 S380
G1 X-8.500 S0
G1 X-8.300 S380
G1 X-7.200 S0
G1 X-7.100 S380
G1 X-6.100 S0
G1 X-5.700 S380
G1 X-4.700 S0
G1 X-4.200 S380
G1 X-2.600 S0
G1 X-1.900 S380
G1 X-1.500 S0
G1 X-1.000 S380
G1 X-0.500 S0
G1 X0.800 S380
G1 X1.300 S0
G1 X2.000 S380
G1 X2.500 S0
G1 X2.800 S380
G1 X3.100 S0
G1 X3.600 S380
G1 X4.800 S0
G1 X5.300 S380
G1 X5.900 S0
G1 X6.100 S380
G1 X8.100 S0
G1 X8.300 S380
G1 X8.700 S0
G1 X9.100 S380
G1 X9.700 S0
G1 X10.000 S380
G1 X10.300 S0
G1 X10.500 S380
G1 X12.000 S0
G0 X12.200 Y13.800
G1 X10.700 Y13.800 S0 F1800
G1 X10.600 S380
G1 X10.200 S0
G1 X8.900 S380
G1 X8.600 S0
G1 X8.300 S380
G1 X7.300 S0
G1 X7.000 S380
G1 X6.000 S0
G1 X5.700 S380
G1 X5.600 S0
G1 X4.800 S380
G1 X3.700 S0
G1 X3.100 S380
G1 X2.900 S0
G1 X1.300 S380
G1 X0.800 S0
G1 X-0.200 S380
G1 X-0.900 S0
G1 X-2.300 S380
G1 X-4.100 S0
G1 X-4.600 S380
G1 X-5.600 S0
G1 X-5.900 S380
G1 X-6.700 S0
G1 X-7.300 S380
G1 X-8.300 S0
G1 X-8.600 S380
G1 X-8.900 S0
G1 X-9.300 S380
G1 X-9.500 S0
G1 X-9.700 S380
G1 X-9.900 S0
G1 X-10.200 S380
G1 X-10.600 S0
G1 X-10.800 S380
G1 X-12.300 S0
G0 X-12.400 Y13.700
G1 X-10.900 Y13.700 S0 F1800
G1 X-10.800 S380
G1 X-10.400 S0
G1 X-10.100 S380
G1 X-9.800 S0
G1 X-9.700 S380
G1 X-9.500 S0
G1 X-9.200 S380
G1 X-8.800 S0
G1 X-8.600 S380
G1 X-7.600 S0
G1 X-6.600 S380
G1 X-6.000 S0
G1 X-5.700 S380
G1 X-4.700 S0
G1 X-4.100 S380
G1 X-2.300 S0
G1 X-1.200 S380
G1 X0.000 S0
G1 X0.400 S380
G1 X1.300 S0
G1 X2.700 S380
G1 X3.000 S0
G1 X3.500 S380
G1 X4.700 S0
G1 X5.900 S380
G1 X6.600 S0
G1 X7.500 S380
G1 X8.400 S0
G1 X8.700 S380
G1 X9.000 S0
G1 X9.500 S380
G1 X9.900 S0
G1 X10.200 S380
G1 X10.600 S0
G1 X10.800 S380
G1 X12.300 S0
G0 X12.400 Y13.600
G1 X10.900 Y13.600 S0 F1800
G1 X10.800 S380
G1 X10.500 S0
G1 X10.300 S380
G1 X9.600 S0
G1 X9.200 S380
G1 X8.900 S0
G1 X8.700 S380
G1 X7.800 S0
G1 X6.500 S380
G1 X5.900 S0
G1 X4.800 S380
G1 X4.500 S0
G1 X4.200 S380
G1 X3.600 S0
G1 X2.900 S380
G1 X2.800 S0
G1 X2.000 S380
G1 X-1.500 S0
G1 X-1.900 S380
G1 X-4.000 S0
G1 X-4.500 S380
G1 X-5.500 S0
G1 X-5.800 S380
G1 X-6.300 S0
G1 X-7.500 S380
G1 X-8.600 S0
G1 X-8.900 S380
G1 X-9.200 S0
G1 X-9.500 S380
G1 X-9.600 S0
G1 X-9.800 S380
G1 X-10.000 S0
G1 X-10.200 S380
G1 X-10.300 S0
G1 X-10.500 S380
G1 X-10.800 S0
G1 X-11.000 S380
G1 X-12.500 S0
G0 X-12.600 Y13.500
G1 X-11.100 Y13.500 S0 F1800
G1 X-11.000 S380
G1 X-10.700 S0
G1 X-10.500 S380
G1 X-10.300 S0
G1 X-10.200 S380
G1 X-9.900 S0
G1 X-9.500 S380
G1 X-9.100 S0
G1 X-8.900 S380
G1 X-7.400 S0
G1 X-6.200 S380
G1 X-5.900 S0
G1 X-5.600 S380
G1 X-4.600 S0
G1 X-4.000 S380
G1 X2.500 S0
G1 X2.600 S380
G1 X2.800 S0
G1 X3.600 S380
G1 X4.000 S0
G1 X4.300 S380
G1 X4.600 S0
G1 X5.200 S380
G1 X5.400 S0
G1 X5.800 S380
G1 X6.300 S0
G1 X7.800 S380
G1 X8.700 S0
G1 X9.000 S380
G1 X9.300 S0
G1 X9.600 S380
G1 X10.300 S0
G1 X10.500 S380
G1 X10.800 S0
G1 X11.000 S380
G1 X12.500 S0
G0 X12.700 Y13.400
G1 X11.200 Y13.400 S0 F1800
G1 X11.000 S380
G1 X10.700 S0
G1 X9.500 S380
G1 X9.200 S0
G1 X9.000 S380
G1 X8.100 S0
G1 X7.600 S380
G1 X7.100 S0
G1 X6.400 S380
G1 X5.900 S0
G1 X5.600 S380
G1 X5.200 S0
G1 X4.700 S380
G1 X4.400 S0
G1 X3.100 S380
G1 X-3.700 S0
G1 X-4.500 S380
G1 X-5.400 S0
G1 X-5.700 S380
G1 X-5.900 S0
G1 X-7.200 S380
G1 X-7.900 S0
G1 X-8.000 S380
G1 X-8.900 S0
G1 X-9.200 S380
G1 X-9.500 S0
G1 X-9.800 S380
G1 X-10.100 S0
G1 X-10.300 S380
G1 X-10.500 S0
G1 X-10.700 S380
G1 X-11.000 S0
G1 X-11.200 S380
G1 X-12.700 S0
G0 X-12.900 Y13.300
G1 X-11.400 Y13.300 S0 F1800
G1 X-11.300 S380
G1 X-10.900 S0
G1 X-10.600 S380
G1 X-10.400 S0
G1 X-10.200 S380
G1 X-10.000 S0
G1 X-9.700 S380
G1 X-9.400 S0
G1 X-9.200 S380
G1 X-8.300 S0
G1 X-7.900 S380
G1 X-7.200 S0
G1 X-5.500 S380
G1 X-4.600 S0
G1 X-3.800 S380
G1 X3.400 S0
G1 X4.300 S380
G1 X4.500 S0
G1 X5.100 S380
G1 X5.500 S0
G1 X5.700 S380
G1 X6.200 S0
G1 X6.800 S380
G1 X7.600 S0
G1 X8.100 S380
G1 X9.000 S0
G1 X9.200 S380
G1 X9.600 S0
G1 X10.700 S380
G1 X11.100 S0
G1 X11.300 S380
G1 X12.800 S0
G0 X12.900 Y13.200
G1 X11.400 Y13.200 S0 F1800
G1 X11.300 S380
G1 X11.000 S0
G1 X10.700 S380
G1 X10.000 S0
G1 X9.800 S380
G1 X9.500 S0
G1 X9.200 S380
G1 X8.200 S0
G1 X7.800 S380
G1 X6.900 S0
G1 X6.200 S380
G1 X5.200 S0
G1 X3.800 S380
G1 X0.100 S0
G1 X-0.100 S380
G1 X-3.800 S0
G1 X-4.600 S380
G1 X-5.300 S0
G1 X-6.600 S380
G1 X-6.800 S0
G1 X-7.100 S380
G1 X-7.700 S0
G1 X-8.300 S380
G1 X-9.200 S0
G1 X-9.500 S380
G1 X-9.800 S0
G1 X-10.000 S380
G1 X-10.100 S0
G1 X-10.300 S380
G1 X-10.600 S0
G1 X-11.000 S380
G1 X-11.300 S0
G1 X-11.500 S380
G1 X-13.000 S0
G0 X-13.100 Y13.100
G1 X-11.600 Y13.100 S0 F1800
G1 X-11.500 S380
G1 X-11.200 S0
G1 X-11.000 S380
G1 X-10.800 S0
G1 X-10.700 S380
G1 X-10.400 S0
G1 X-10.000 S380
G1 X-9.700 S0
G1 X-9.500 S380
G1 X-8.600 S0
G1 X-7.800 S380
G1 X-7.100 S0
G1 X-6.800 S380
G1 X-6.500 S0
G1 X-5.400 S380
G1 X-4.700 S0
G1 X-4.200 S380
G1 X-0.300 S0
G1 X0.100 S380
G1 X4.200 S0
G1 X5.000 S380
G1 X6.100 S0
G1 X6.700 S380
G1 X7.700 S0
G1 X8.100 S380
G1 X9.300 S0
G1 X9.500 S380
G1 X9.800 S0
G1 X10.200 S380
G1 X10.800 S0
G1 X11.000 S380
G1 X11.300 S0
G1 X11.500 S380
G1 X13.000 S0
G0 X13.100 Y13.000
G1 X11.600 Y13.000 S0 F1800
G1 X11.500 S380
G1 X11.200 S0
G1 X11.000 S380
G1 X10.800 S0
G1 X10.100 S380
G1 X9.800 S0
G1 X9.500 S380
G1 X8.100 S0
G1 X7.800 S380
G1 X6.700 S0
G1 X6.200 S380
G1 X6.000 S0
G1 X5.700 S380
G1 X5.200 S0
G1 X4.500 S380
G1 X0.300 S0
G1 X0.100 S380
G1 X-0.100 S0
G1 X-0.300 S380
G1 X-4.400 S0
G1 X-4.600 S380
G1 X-5.200 S0
G1 X-6.100 S380
G1 X-6.700 S0
G1 X-7.000 S380
G1 X-7.600 S0
G1 X-7.900 S380
G1 X-8.200 S0
G1 X-8.600 S380
G1 X-9.500 S0
G1 X-9.700 S380
G1 X-10.000 S0
G1 X-10.400 S380
G1 X-10.600 S0
G1 X-10.800 S380
G1 X-11.000 S0
G1 X-11.200 S380
G1 X-11.500 S0
G1 X-11.700 S380
G1 X-13.200 S0
G0 X-13.300 Y12.900
G1 X-11.800 Y12.900 S0 F1800
G1 X-11.700 S380
G1 X-11.400 S0
G1 X-11.100 S380
G1 X-10.900 S0
G1 X-10.700 S380
G1 X-10.500 S0
G1 X-10.300 S380
G1 X-10.000 S0
G1 X-9.700 S380
G1 X-8.900 S0
G1 X-8.400 S380
G1 X-7.900 S0
G1 X-7.800 S380
G1 X-7.000 S0
G1 X-6.700 S380
G1 X-6.000 S0
G1 X-5.300 S380
G1 X-0.500 S0
G1 X-0.200 S380
G1 X0.100 S0
G1 X0.300 S380
G1 X4.700 S0
G1 X5.900 S380
G1 X6.100 S0
G1 X6.600 S380
G1 X7.700 S0
G1 X8.000 S380
G1 X8.500 S0
G1 X8.700 S380
G1 X9.600 S0
G1 X9.800 S380
G1 X10.100 S0
G1 X11.200 S380
G1 X11.500 S0
G1 X11.700 S380
G1 X13.200 S0
G0 X13.300 Y12.800
G1 X11.800 Y12.800 S0 F1800
G1 X11.700 S380
G1 X11.400 S0
G1 X11.100 S380
G1 X10.500 S0
G1 X10.300 S380
G1 X10.000 S0
G1 X9.800 S380
G1 X9.000 S0
G1 X8.600 S380
G1 X8.000 S0
G1 X7.900 S380
G1 X7.300 S0
G1 X7.200 S380
G1 X6.700 S0
G1 X6.100 S380
G1 X5.900 S0
G1 X5.000 S380
G1 X0.500 S0
G1 X0.300 S380
G1 X-0.200 S0
G1 X-0.500 S380
G1 X-5.200 S0
G1 X-5.700 S380
G1 X-6.600 S0
G1 X-6.900 S380
G1 X-7.700 S0
G1 X-7.900 S380
G1 X-8.300 S0
G1 X-8.900 S380
G1 X-9.800 S0
G1 X-10.000 S380
G1 X-10.300 S0
G1 X-10.500 S380
G1 X-10.600 S0
G1 X-10.800 S380
G1 X-11.100 S0
G1 X-11.400 S380
G1 X-11.700 S0
G1 X-11.900 S380
G1 X-13.400 S0
G0 X-13.500 Y12.700
G1 X-12.000 Y12.700 S0 F1800
G1 X-11.900 S380
G1 X-11.600 S0
G1 X-11.500 S380
G1 X-11.400 S0
G1 X-11.200 S380
G1 X-11.000 S0
G1 X-10.800 S380
G1 X-10.700 S0
G1 X-10.500 S380
G1 X-10.200 S0
G1 X-10.000 S380
G1 X-9.100 S0
G1 X-8.400 S380
G1 X-8.000 S0
G1 X-7.700 S380
G1 X-7.000 S0
G1 X-6.600 S380
G1 X-5.600 S0
G1 X-5.300 S380
G1 X-0.700 S0
G1 X-0.500 S380
G1 X0.300 S0
G1 X0.500 S380
G1 X5.100 S0
G1 X5.800 S380
G1 X6.100 S0
G1 X6.500 S380
G1 X7.000 S0
G1 X7.300 S380
G1 X8.600 S0
G1 X9.000 S380
G1 X9.800 S0
G1 X10.000 S380
G1 X10.300 S0
G1 X10.600 S380
G1 X11.200 S0
G1 X11.400 S380
G1 X11.700 S0
G1 X11.900 S380
G1 X13.400 S0
G0 X13.500 Y12.600
G1 X12.000 Y12.600 S0 F1800
G1 X11.900 S380
G1 X11.600 S0
G1 X11.500 S380
G1 X10.800 S0
G1 X10.500 S380
G1 X10.300 S0
G1 X10.000 S380
G1 X9.300 S0
G1 X8.600 S380
G1 X7.600 S0
G1 X7.200 S380
G1 X6.600 S0
G1 X6.200 S380
G1 X5.800 S0
G1 X5.500 S380
G1 X0.700 S0
G1 X0.500 S380
G1 X0.100 S0
G1 X-0.100 S380
G1 X-0.500 S0
G1 X-0.700 S380
G1 X-6.500 S0
G1 X-6.800 S380
G1 X-7.500 S0
G1 X-7.900 S380
G1 X-8.200 S0
G1 X-9.000 S380
G1 X-10.000 S0
G1 X-10.200 S380
G1 X-10.500 S0
G1 X-10.900 S380
G1 X-11.200 S0
G1 X-11.300 S380
G1 X-11.500 S0
G1 X-11.600 S380
G1 X-11.900 S0
G1 X-12.100 S380
G1 X-13.600 S0
G0 X-13.700 Y12.500
G1 X-12.200 Y12.500 S0 F1800
G1 X-12.100 S380
G1 X-11.800 S0
G1 X-11.600 S380
G1 X-11.400 S0
G1 X-11.300 S380
G1 X-11.000 S0
G1 X-10.700 S380
G1 X-10.500 S0
G1 X-10.200 S380
G1 X-8.900 S0
G1 X-8.200 S380
G1 X-8.100 S0
G1 X-7.600 S380
G1 X-6.900 S0
G1 X-6.500 S380
G1 X-0.900 S0
G1 X-0.700 S380
G1 X-0.300 S0
G1 X-0.200 S380
G1 X0.000 S0
G1 X0.100 S380
G1 X0.500 S0
G1 X0.700 S380
G1 X6.100 S0
G1 X6.500 S380
G1 X7.100 S0
G1 X7.700 S380
G1 X8.400 S0
G1 X9.300 S380
G1 X10.000 S0
G1 X10.300 S380
G1 X10.600 S0
G1 X11.600 S380
G1 X11.900 S0
G1 X12.100 S380
G1 X13.600 S0
G0 X13.700 Y12.400
G1 X12.200 Y12.400 S0 F1800
G1 X12.100 S380
G1 X11.900 S0
G1 X10.800 S380
G1 X10.500 S0
G1 X10.300 S380
G1 X9.500 S0
G1 X8.500 S380
G1 X8.000 S0
G1 X7.200 S380
G1 X6.700 S0
G1 X6.200 S380
G1 X0.900 S0
G1 X0.700 S380
G1 X0.300 S0
G1 X0.200 S380
G1 X-0.200 S0
G1 X-0.300 S380
G1 X-0.700 S0
G1 X-0.900 S380
G1 X-6.100 S0
G1 X-6.700 S380
G1 X-7.400 S0
G1 X-8.700 S380
G1 X-9.400 S0
G1 X-9.500 S380
G1 X-10.300 S0
G1 X-10.500 S380
G1 X-10.700 S0
G1 X-11.000 S380
G1 X-11.200 S0
G1 X-11.300 S380
G1 X-11.600 S0
G1 X-11.900 S380
G1 X-12.100 S0
G1 X-12.300 S380
G1 X-13.800 S0
G0 X-13.900 Y12.300
G1 X-12.400 Y12.300 S0 F1800
G1 X-12.400 S380
G1 X-12.100 S0
G1 X-11.700 S380
G1 X-11.500 S0
G1 X-11.300 S380
G1 X-11.200 S0
G1 X-11.000 S380
G1 X-10.700 S0
G1 X-10.500 S380
G1 X-9.700 S0
G1 X-9.400 S380
G1 X-8.700 S0
G1 X-7.900 S380
G1 X-7.800 S0
G1 X-7.500 S380
G1 X-7.300 S0
G1 X-7.100 S380
G1 X-6.800 S0
G1 X-6.200 S380
G1 X-1.200 S0
G1 X-0.900 S380
G1 X-0.500 S0
G1 X-0.400 S380
G1 X0.200 S0
G1 X0.300 S380
G1 X0.700 S0
G1 X1.000 S380
G1 X6.200 S0
G1 X6.600 S380
G1 X7.100 S0
G1 X7.900 S380
G1 X8.300 S0
G1 X8.900 S380
G1 X9.100 S0
G1 X9.500 S380
G1 X10.300 S0
G1 X10.500 S380
G1 X10.800 S0
G1 X11.000 S380
G1 X11.500 S0
G1 X11.900 S380
G1 X12.100 S0
G1 X12.300 S380
G1 X13.800 S0
G0 X13.900 Y12.200
G1 X12.400 Y12.200 S0 F1800
G1 X12.300 S380
G1 X12.100 S0
G1 X11.800 S380
G1 X11.200 S0
G1 X11.000 S380
G1 X10.700 S0
G1 X10.500 S380
G1 X9.700 S0
G1 X9.300 S380
G1 X8.900 S0
G1 X8.300 S380
G1 X7.700 S0
G1 X7.100 S380
G1 X6.800 S0
G1 X6.400 S380
G1 X1.200 S0
G1 X1.000 S380
G1 X0.500 S0
G1 X0.400 S380
G1 X0.200 S0
G1 X-0.200 S380
G1 X-0.400 S0
G1 X-0.500 S380
G1 X-1.000 S0
G1 X-1.200 S380
G1 X-6.300 S0
G1 X-6.800 S380
G1 X-7.000 S0
G1 X-7.200 S380
G1 X-7.900 S0
G1 X-8.600 S380
G1 X-9.400 S0
G1 X-9.700 S380
G1 X-10.500 S0
G1 X-10.700 S380
G1 X-11.000 S0
G1 X-11.400 S380
G1 X-11.600 S0
G1 X-11.800 S380
G1 X-11.900 S0
G1 X-12.100 S380
G1 X-12.400 S0
G1 X-12.500 S380
G1 X-14.000 S0
G0 X-14.100 Y12.100
G1 X-12.600 Y12.100 S0 F1800
G1 X-12.500 S380
G1 X-12.300 S0
G1 X-12.100 S380
G1 X-11.900 S0
G1 X-11.800 S380
G1 X-11.500 S0
G1 X-11.200 S380
G1 X-10.900 S0
G1 X-10.700 S380
G1 X-9.900 S0
G1 X-9.400 S380
G1 X-8.600 S0
G1 X-8.000 S380
G1 X-7.300 S0
G1 X-7.000 S380
G1 X-6.900 S0
G1 X-6.500 S380
G1 X-1.500 S0
G1 X-1.200 S380
G1 X-0.700 S0
G1 X-0.600 S380
G1 X-0.400 S0
G1 X-0.200 S380
G1 X0.000 S0
G1 X0.200 S380
G1 X0.400 S0
G1 X0.600 S380
G1 X1.000 S0
G1 X1.300 S380
G1 X6.400 S0
G1 X6.800 S380
G1 X7.000 S0
G1 X7.600 S380
G1 X8.100 S0
G1 X8.800 S380
G1 X9.300 S0
G1 X9.600 S380
G1 X10.500 S0
G1 X10.700 S380
G1 X11.000 S0
G1 X11.600 S380
G1 X11.900 S0
G1 X12.100 S380
G1 X12.300 S0
G1 X12.500 S380
G1 X14.000 S0
G0 X14.100 Y12.000
G1 X12.600 Y12.000 S0 F1800
G1 X12.500 S380
G1 X12.300 S0
G1 X11.200 S380
G1 X10.900 S0
G1 X10.700 S380
G1 X9.600 S0
G1 X9.300 S380
G1 X8.800 S0
G1 X8.200 S380
G1 X7.600 S0
G1 X6.600 S380
G1 X1.500 S0
G1 X1.300 S380
G1 X0.800 S0
G1 X0.600 S380
G1 X0.400 S0
G1 X0.200 S380
G1 X-0.100 S0
G1 X-0.400 S380
G1 X-0.600 S0
G1 X-0.800 S380
G1 X-1.200 S0
G1 X-1.500 S380
G1 X-6.600 S0
G1 X-6.800 S380
G1 X-6.900 S0
G1 X-7.200 S380
G1 X-7.800 S0
G1 X-8.400 S380
G1 X-9.300 S0
G1 X-9.900 S380
G1 X-10.700 S0
G1 X-10.900 S380
G1 X-11.200 S0
G1 X-11.500 S380
G1 X-11.700 S0
G1 X-11.800 S380
G1 X-12.000 S0
G1 X-12.200 S380
G1 X-12.500 S0
G1 X-12.700 S380
G1 X-14.200 S0
G0 X-14.300 Y11.900
G1 X-12.800 Y11.900 S0 F1800
G1 X-12.700 S380
G1 X-12.400 S0
G1 X-12.200 S380
G1 X-11.900 S0
G1 X-11.800 S380
G1 X-11.600 S0
G1 X-11.400 S380
G1 X-11.100 S0
G1 X-10.900 S380
G1 X-10.000 S0
G1 X-9.300 S380
G1 X-8.500 S0
G1 X-7.900 S380
G1 X-7.400 S0
G1 X-7.000 S380
G1 X-1.800 S0
G1 X-1.500 S380
G1 X-1.000 S0
G1 X-0.900 S380
G1 X-0.600 S0
G1 X-0.200 S380
G1 X0.000 S0
G1 X0.400 S380
G1 X0.700 S0
G1 X0.800 S380
G1 X1.300 S0
G1 X1.600 S380
G1 X6.600 S0
G1 X7.500 S380
G1 X8.000 S0
G1 X8.800 S380
G1 X9.200 S0
G1 X9.500 S380
G1 X10.700 S0
G1 X10.900 S380
G1 X11.200 S0
G1 X11.500 S380
G1 X11.700 S0
G1 X12.300 S380
G1 X12.500 S0
G1 X12.700 S380
G1 X14.200 S0
G0 X14.300 Y11.800
G1 X12.800 Y11.800 S0 F1800
G1 X12.700 S380
G1 X12.500 S0
G1 X12.200 S380
G1 X11.600 S0
G1 X11.400 S380
G1 X11.100 S0
G1 X10.900 S380
G1 X9.500 S0
G1 X9.400 S380
G1 X9.300 S0
G1 X8.000 S380
G1 X7.500 S0
G1 X6.900 S380
G1 X1.900 S0
G1 X1.600 S380
G1 X1.000 S0
G1 X0.900 S380
G1 X0.600 S0
G1 X0.400 S380
G1 X0.300 S0
G1 X0.100 S380
G1 X-0.100 S0
G1 X-0.300 S380
G1 X-0.400 S0
G1 X-0.600 S380
G1 X-0.900 S0
G1 X-1.000 S380
G1 X-1.600 S0
G1 X-1.900 S380
G1 X-7.000 S0
G1 X-7.400 S380
G1 X-7.700 S0
G1 X-8.300 S380
G1 X-9.100 S0
G1 X-9.800 S380
G1 X-10.900 S0
G1 X-11.100 S380
G1 X-11.400 S0
G1 X-11.600 S380
G1 X-11.700 S0
G1 X-11.900 S380
G1 X-12.100 S0
G1 X-12.400 S380
G1 X-12.700 S0
G1 X-12.900 S380
G1 X-14.400 S0
G0 X-14.500 Y11.700
G1 X-13.000 Y11.700 S0 F1800
G1 X-12.900 S380
G1 X-12.600 S0
G1 X-12.500 S380
G1 X-12.400 S0
G1 X-12.200 S380
G1 X-12.000 S0
G1 X-11.600 S380
G1 X-11.300 S0
G1 X-11.100 S380
G1 X-9.900 S0
G1 X-9.100 S380
G1 X-8.400 S0
G1 X-7.200 S380
G1 X-2.200 S0
G1 X-1.900 S380
G1 X-0.900 S0
G1 X-0.600 S380
G1 X-0.400 S0
G1 X-0.200 S380
G1 X0.000 S0
G1 X0.200 S380
G1 X0.400 S0
G1 X0.700 S380
G1 X1.000 S0
G1 X1.100 S380
G1 X1.700 S0
G1 X2.000 S380
G1 X7.100 S0
G1 X7.400 S380
G1 X7.800 S0
G1 X8.500 S380
G1 X8.600 S0
G1 X9.200 S380
G1 X10.900 S0
G1 X11.100 S380
G1 X11.400 S0
G1 X11.700 S380
G1 X12.300 S0
G1 X12.400 S380
G1 X12.700 S0
G1 X12.900 S380
G1 X14.400 S0
G0 X14.500 Y11.600
G1 X13.000 Y11.600 S0 F1800
G1 X12.900 S380
G1 X12.600 S0
G1 X12.400 S380
G1 X12.200 S0
G1 X11.600 S380
G1 X11.400 S0
G1 X11.100 S380
G1 X9.200 S0
G1 X8.800 S380
G1 X8.500 S0
G1 X7.600 S380
G1 X2.300 S0
G1 X2.000 S380
G1 X1.300 S0
G1 X1.200 S380
G1 X0.900 S0
G1 X0.700 S380
G1 X0.300 S0
G1 X0.100 S380
G1 X-0.100 S0
G1 X-0.300 S380
G1 X-0.700 S0
G1 X-0.900 S380
G1 X-1.200 S0
G1 X-1.300 S380
G1 X-2.000 S0
G1 X-2.300 S380
G1 X-7.300 S0
G1 X-8.200 S380
G1 X-8.900 S0
G1 X-9.800 S380
G1 X-11.100 S0
G1 X-11.300 S380
G1 X-11.600 S0
G1 X-11.900 S380
G1 X-12.100 S0
G1 X-12.300 S380
G1 X-12.500 S0
G1 X-12.600 S380
G1 X-12.900 S0
G1 X-13.100 S380
G1 X-14.600 S0
G0 X-14.700 Y11.500
G1 X-13.200 Y11.500 S0 F1800
G1 X-13.100 S380
G1 X-12.800 S0
G1 X-12.600 S380
G1 X-12.400 S0
G1 X-12.200 S380
G1 X-12.100 S0
G1 X-11.800 S380
G1 X-11.500 S0
G1 X-11.300 S380
G1 X-9.900 S0
G1 X-8.900 S380
G1 X-8.200 S0
G1 X-7.500 S380
G1 X-2.600 S0
G1 X-2.300 S380
G1 X-1.600 S0
G1 X-1.500 S380
G1 X-1.100 S0
G1 X-0.900 S380
G1 X-0.400 S0
G1 X-0.200 S380
G1 X0.000 S0
G1 X0.200 S380
G1 X0.700 S0
G1 X1.000 S380
G1 X1.300 S0
G1 X1.400 S380
G1 X2.100 S0
G1 X2.400 S380
G1 X7.500 S0
G1 X8.300 S380
G1 X8.700 S0
G1 X9.000 S380
G1 X11.200 S0
G1 X11.400 S380
G1 X11.600 S0
G1 X12.600 S380
G1 X12.900 S0
G1 X13.100 S380
G1 X14.600 S0
G0 X14.700 Y11.400
G1 X13.200 Y11.400 S0 F1800
G1 X13.100 S380
G1 X12.800 S0
G1 X12.400 S380
G1 X12.000 S0
G1 X11.800 S380
G1 X11.600 S0
G1 X11.400 S380
G1 X9.100 S0
G1 X8.800 S380
G1 X8.300 S0
G1 X7.700 S380
G1 X2.800 S0
G1 X2.400 S380
G1 X1.700 S0
G1 X1.500 S380
G1 X1.200 S0
G1 X1.000 S380
G1 X0.300 S0
G1 X0.100 S380
G1 X-0.100 S0
G1 X-0.300 S380
G1 X-1.000 S0
G1 X-1.200 S380
G1 X-1.600 S0
G1 X-1.700 S380
G1 X-2.400 S0
G1 X-2.800 S380
G1 X-7.600 S0
G1 X-8.100 S380
G1 X-8.700 S0
G1 X-9.700 S380
G1 X-11.300 S0
G1 X-11.500 S380
G1 X-11.800 S0
G1 X-12.000 S380
G1 X-12.100 S0
G1 X-12.300 S380
G1 X-12.600 S0
G1 X-12.800 S380
G1 X-13.100 S0
G1 X-13.300 S380
G1 X-14.800 S0
G0 X-14.800 Y11.300
G1 X-13.300 Y11.300 S0 F1800
G1 X-13.300 S380
G1 X-13.000 S0
G1 X-12.700 S380
G1 X-12.400 S0
G1 X-12.000 S380
G1 X-11.700 S0
G1 X-11.500 S380
G1 X-10.800 S0
G1 X-10.500 S380
G1 X-9.800 S0
G1 X-9.500 S380
G1 X-9.400 S0
G1 X-8.700 S380
G1 X-8.200 S0
G1 X-7.800 S380
G1 X-3.200 S0
G1 X-2.700 S380
G1 X-2.000 S0
G1 X-1.800 S380
G1 X-1.500 S0
G1 X-1.200 S380
G1 X-0.400 S0
G1 X-0.200 S380
G1 X0.000 S0
G1 X0.200 S380
G1 X1.000 S0
G1 X1.300 S380
G1 X1.600 S0
G1 X1.800 S380
G1 X2.500 S0
G1 X3.000 S380
G1 X7.700 S0
G1 X8.200 S380
G1 X11.400 S0
G1 X11.500 S380
G1 X11.800 S0
G1 X12.000 S380
G1 X12.500 S0
G1 X12.800 S380
G1 X13.100 S0
G1 X13.300 S380
G1 X14.800 S0
G0 X14.800 Y11.200
G1 X13.300 Y11.200 S0 F1800
G1 X13.300 S380
G1 X13.000 S0
G1 X12.800 S380
G1 X12.300 S0
G1 X12.000 S380
G1 X11.700 S0
G1 X11.600 S380
G1 X8.400 S0
G1 X7.900 S380
G1 X3.500 S0
G1 X2.900 S380
G1 X2.100 S0
G1 X1.900 S380
G1 X1.600 S0
G1 X1.300 S380
G1 X0.300 S0
G1 X0.100 S380
G1 X-0.100 S0
G1 X-0.300 S380
G1 X-1.300 S0
G1 X-1.600 S380
G1 X-2.000 S0
G1 X-2.100 S380
G1 X-2.900 S0
G1 X-3.500 S380
G1 X-7.900 S0
G1 X-8.200 S380
G1 X-8.500 S0
G1 X-9.200 S380
G1 X-9.400 S0
G1 X-9.700 S380
G1 X-10.200 S0
G1 X-10.800 S380
G1 X-11.500 S0
G1 X-11.700 S380
G1 X-12.000 S0
G1 X-12.400 S380
G1 X-12.600 S0
G1 X-12.700 S380
G1 X-12.800 S0
G1 X-13.000 S380
G1 X-13.300 S0
G1 X-13.400 S380
G1 X-14.900 S0
G0 X-15.000 Y11.100
G1 X-13.500 Y11.100 S0 F1800
G1 X-13.400 S380
G1 X-13.200 S0
G1 X-13.000 S380
G1 X-12.900 S0
G1 X-12.700 S380
G1 X-12.600 S0
G1 X-12.200 S380
G1 X-11.900 S0
G1 X-11.700 S380
G1 X-11.000 S0
G1 X-10.100 S380
G1 X-9.800 S0
G1 X-9.400 S380
G1 X-9.300 S0
G1 X-8.300 S380
G1 X-8.200 S0
G1 X-8.100 S380
G1 X-7.500 S0
G1 X-7.400 S380
G1 X-4.000 S0
G1 X-3.300 S380
G1 X-2.400 S0
G1 X-2.300 S380
G1 X-1.900 S0
G1 X-1.600 S380
G1 X-0.400 S0
G1 X-0.200 S380
G1 X0.000 S0
G1 X0.200 S380
G1 X1.400 S0
G1 X1.700 S380
G1 X2.100 S0
G1 X2.200 S380
G1 X3.100 S0
G1 X3.800 S380
G1 X7.200 S0
G1 X7.300 S380
G1 X8.000 S0
G1 X8.400 S380
G1 X8.800 S0
G1 X8.900 S380
G1 X11.600 S0
G1 X11.700 S380
G1 X12.000 S0
G1 X12.700 S380
G1 X12.800 S0
G1 X13.000 S380
G1 X13.200 S0
G1 X13.400 S380
G1 X14.900 S0
G0 X15.000 Y11.000
G1 X13.500 Y11.000 S0 F1800
G1 X13.400 S380
G1 X13.200 S0
G1 X12.200 S380
G1 X11.900 S0
G1 X11.700 S380
G1 X9.100 S0
G1 X8.200 S380
G1 X7.500 S0
G1 X6.700 S380
G1 X4.500 S0
G1 X3.600 S380
G1 X2.000 S0
G1 X1.700 S380
G1 X0.300 S0
G1 X0.100 S380
G1 X-0.100 S0
G1 X-0.300 S380
G1 X-1.700 S0
G1 X-2.000 S380
G1 X-2.400 S0
G1 X-2.500 S380
G1 X-3.600 S0
G1 X-4.400 S380
G1 X-6.700 S0
G1 X-7.500 S380
G1 X-8.200 S0
G1 X-9.100 S380
G1 X-9.300 S0
G1 X-9.600 S380
G1 X-9.800 S0
G1 X-11.000 S380
G1 X-11.700 S0
G1 X-11.900 S380
G1 X-12.200 S0
G1 X-12.400 S380
G1 X-12.600 S0
G1 X-12.800 S380
G1 X-13.000 S0
G1 X-13.100 S380
G1 X-13.400 S0
G1 X-13.600 S380
G1 X-15.100 S0
G0 X-15.200 Y10.900
G1 X-13.700 Y10.900 S0 F1800
G1 X-13.600 S380
G1 X-13.300 S0
G1 X-13.100 S380
G1 X-12.900 S0
G1 X-12.700 S380
G1 X-12.600 S0
G1 X-12.400 S380
G1 X-12.100 S0
G1 X-11.900 S380
G1 X-11.200 S0
G1 X-9.400 S380
G1 X-9.100 S0
G1 X-8.400 S380
G1 X-7.700 S0
G1 X-7.500 S380
G1 X-7.200 S0
G1 X-4.200 S380
G1 X-2.900 S0
G1 X-2.800 S380
G1 X-2.300 S0
G1 X-2.000 S380
G1 X-0.400 S0
G1 X-0.200 S380
G1 X0.000 S0
G1 X0.200 S380
G1 X1.800 S0
G1 X2.100 S380
G1 X2.600 S0
G1 X2.700 S380
G1 X4.000 S0
G1 X7.000 S380
G1 X7.300 S0
G1 X7.500 S380
G1 X8.200 S0
G1 X8.900 S380
G1 X10.200 S0
G1 X11.000 S380
G1 X11.700 S0
G1 X11.900 S380
G1 X12.200 S0
G1 X12.400 S380
G1 X12.800 S0
G1 X13.100 S380
G1 X13.400 S0
G1 X13.600 S380
G1 X15.100 S0
G0 X15.200 Y10.800
G1 X13.700 Y10.800 S0 F1800
G1 X13.600 S380
G1 X13.300 S0
G1 X13.100 S380
G1 X12.600 S0
G1 X12.400 S380
G1 X12.100 S0
G1 X11.900 S380
G1 X11.300 S0
G1 X10.100 S380
G1 X8.900 S0
G1 X8.400 S380
G1 X7.600 S0
G1 X7.500 S380
G1 X6.400 S0
G1 X4.900 S380
G1 X2.500 S0
G1 X2.100 S380
G1 X0.300 S0
G1 X0.100 S380
G1 X-0.100 S0
G1 X-0.300 S380
G1 X-2.100 S0
G1 X-2.500 S380
G1 X-4.900 S0
G1 X-6.300 S380
G1 X-7.500 S0
G1 X-7.600 S380
G1 X-8.400 S0
G1 X-8.900 S380
G1 X-9.300 S0
G1 X-10.800 S380
G1 X-11.900 S0
G1 X-12.100 S380
G1 X-12.300 S0
G1 X-12.500 S380
G1 X-12.600 S0
G1 X-12.800 S380
G1 X-13.000 S0
G1 X-13.300 S380
G1 X-13.600 S0
G1 X-13.800 S380
G1 X-15.300 S0
G0 X-15.300 Y10.700
G1 X-13.800 Y10.700 S0 F1800
G1 X-13.800 S380
G1 X-13.500 S0
G1 X-13.400 S380
G1 X-13.300 S0
G1 X-13.100 S380
G1 X-12.900 S0
G1 X-12.500 S380
G1 X-12.300 S0
G1 X-12.100 S380
G1 X-10.800 S0
G1 X-9.300 S380
G1 X-9.000 S0
G1 X-8.700 S380
G1 X-7.800 S0
G1 X-7.600 S380
G1 X-2.900 S0
G1 X-2.400 S380
G1 X-0.400 S0
G1 X-0.200 S380
G1 X0.000 S0
G1 X0.200 S380
G1 X2.200 S0
G1 X2.700 S380
G1 X7.400 S0
G1 X7.600 S380
G1 X8.500 S0
G1 X8.700 S380
G1 X9.900 S0
G1 X11.300 S380
G1 X11.900 S0
G1 X12.100 S380
G1 X12.300 S0
G1 X12.600 S380
G1 X13.100 S0
G1 X13.300 S380
G1 X13.600 S0
G1 X13.700 S380
G1 X15.200 S0
G0 X15.300 Y10.600
G1 X13.800 Y10.600 S0 F1800
G1 X13.700 S380
G1 X13.500 S0
G1 X13.300 S380
G1 X13.200 S0
G1 X12.500 S380
G1 X12.300 S0
G1 X12.100 S380
G1 X11.500 S0
G1 X9.900 S380
G1 X7.800 S0
G1 X7.600 S380
G1 X7.300 S0
G1 X6.900 S380
G1 X3.100 S0
G1 X2.600 S380
G1 X0.300 S0
G1 X0.100 S380
G1 X-0.100 S0
G1 X-0.300 S380
G1 X-2.600 S0
G1 X-3.100 S380
G1 X-6.800 S0
G1 X-7.300 S380
G1 X-7.600 S0
G1 X-7.700 S380
G1 X-8.700 S0
G1 X-8.900 S380
G1 X-9.200 S0
G1 X-10.100 S380
G1 X-10.300 S0
G1 X-10.600 S380
G1 X-12.100 S0
G1 X-12.300 S380
G1 X-12.500 S0
G1 X-12.800 S380
G1 X-13.000 S0
G1 X-13.200 S380
G1 X-13.300 S0
G1 X-13.500 S380
G1 X-13.800 S0
G1 X-13.900 S380
G1 X-15.400 S0
G0 X-15.500 Y10.500
G1 X-14.000 Y10.500 S0 F1800
G1 X-13.900 S380
G1 X-13.700 S0
G1 X-13.500 S380
G1 X-13.300 S0
G1 X-13.100 S380
G1 X-12.900 S0
G1 X-12.700 S380
G1 X-12.500 S0
G1 X-12.300 S380
G1 X-11.600 S0
G1 X-11.400 S380
G1 X-10.600 S0
G1 X-10.300 S380
G1 X-10.100 S0
G1 X-9.300 S380
G1 X-7.900 S0
G1 X-7.700 S380
G1 X-6.700 S0
G1 X-6.100 S380
G1 X-3.600 S0
G1 X-3.000 S380
G1 X-0.400 S0
G1 X-0.200 S380
G1 X0.000 S0
G1 X0.200 S380
G1 X2.800 S0
G1 X3.400 S380
G1 X4.500 S0
G1 X4.600 S380
G1 X5.700 S0
G1 X6.200 S380
G1 X7.200 S0
G1 X7.300 S380
G1 X7.500 S0
G1 X7.700 S380
G1 X9.800 S0
G1 X10.500 S380
G1 X11.100 S0
G1 X11.500 S380
G1 X12.100 S0
G1 X12.300 S380
G1 X12.500 S0
G1 X13.500 S380
G1 X13.700 S0
G1 X13.900 S380
G1 X15.400 S0
G0 X15.500 Y10.400
G1 X14.000 Y10.400 S0 F1800
G1 X13.900 S380
G1 X13.600 S0
G1 X13.200 S380
G1 X12.900 S0
G1 X12.700 S380
G1 X12.500 S0
G1 X12.300 S380
G1 X11.700 S0
G1 X11.300 S380
G1 X10.500 S0
G1 X9.800 S380
G1 X7.900 S0
G1 X7.700 S380
G1 X7.400 S0
G1 X7.300 S380
G1 X4.000 S0
G1 X3.300 S380
G1 X0.300 S0
G1 X0.100 S380
G1 X-0.100 S0
G1 X-0.300 S380
G1 X-3.300 S0
G1 X-4.000 S380
G1 X-7.700 S0
G1 X-7.900 S380
G1 X-9.100 S0
G1 X-9.700 S380
G1 X-10.100 S0
G1 X-10.400 S380
G1 X-11.300 S0
G1 X-11.600 S380
G1 X-12.300 S0
G1 X-12.500 S380
G1 X-12.700 S0
G1 X-12.900 S380
G1 X-13.000 S0
G1 X-13.200 S380
G1 X-13.400 S0
G1 X-13.600 S380
G1 X-13.900 S0
G1 X-14.100 S380
G1 X-15.600 S0
G0 X-15.600 Y10.300
G1 X-14.100 Y10.300 S0 F1800
G1 X-14.100 S380
G1 X-13.800 S0
G1 X-13.500 S380
G1 X-13.300 S0
G1 X-12.900 S380
G1 X-12.600 S0
G1 X-12.500 S380
G1 X-11.800 S0
G1 X-11.400 S380
G1 X-10.500 S0
G1 X-10.100 S380
G1 X-9.600 S0
G1 X-9.200 S380
G1 X-8.000 S0
G1 X-7.900 S380
G1 X-7.300 S0
G1 X-6.400 S380
G1 X-4.900 S0
G1 X-3.800 S380
G1 X-0.400 S0
G1 X-0.200 S380
G1 X0.000 S0
G1 X0.200 S380
G1 X3.600 S0
G1 X4.700 S380
G1 X6.300 S0
G1 X7.100 S380
G1 X7.300 S0
G1 X7.400 S380
G1 X7.700 S0
G1 X7.800 S380
G1 X9.600 S0
G1 X10.300 S380
G1 X11.300 S0
G1 X11.600 S380
G1 X12.300 S0
G1 X12.400 S380
G1 X12.700 S0
G1 X12.900 S380
G1 X13.400 S0
G1 X13.600 S380
G1 X13.900 S0
G1 X14.000 S380
G1 X15.500 S0
G0 X15.600 Y10.200
G1 X14.100 Y10.200 S0 F1800
G1 X14.100 S380
G1 X13.800 S0
G1 X13.600 S380
G1 X13.200 S0
G1 X12.900 S380
G1 X12.600 S0
G1 X12.400 S380
G1 X11.800 S0
G1 X11.400 S380
G1 X10.300 S0
G1 X9.700 S380
G1 X8.000 S0
G1 X7.800 S380
G1 X7.300 S0
G1 X7.100 S380
G1 X6.800 S0
G1 X4.300 S380
G1 X0.300 S0
G1 X0.100 S380
G1 X-0.100 S0
G1 X-0.300 S380
G1 X-4.400 S0
G1 X-6.800 S380
G1 X-7.100 S0
G1 X-7.200 S380
G1 X-7.800 S0
G1 X-8.000 S380
G1 X-9.100 S0
G1 X-9.300 S380
G1 X-9.900 S0
G1 X-10.300 S380
G1 X-11.200 S0
G1 X-11.800 S380
G1 X-12.400 S0
G1 X-12.600 S380
G1 X-12.900 S0
G1 X-13.200 S380
G1 X-13.400 S0
G1 X-13.800 S380
G1 X-14.000 S0
G1 X-14.200 S380
G1 X-15.700 S0
G0 X-15.800 Y10.100
G1 X-14.300 Y10.100 S0 F1800
G1 X-14.200 S380
G1 X-14.000 S0
G1 X-13.800 S380
G1 X-13.700 S0
G1 X-13.600 S380
G1 X-13.300 S0
G1 X-13.000 S380
G1 X-12.800 S0
G1 X-12.600 S380
G1 X-11.900 S0
G1 X-11.200 S380
G1 X-10.300 S0
G1 X-9.900 S380
G1 X-8.200 S0
G1 X-8.000 S380
G1 X-7.700 S0
G1 X-7.600 S380
G1 X-7.400 S0
G1 X-7.300 S380
G1 X-0.400 S0
G1 X-0.200 S380
G1 X0.000 S0
G1 X0.200 S380
G1 X7.100 S0
G1 X7.200 S380
G1 X7.400 S0
G1 X7.500 S380
G1 X7.800 S0
G1 X8.000 S380
G1 X9.600 S0
G1 X10.100 S380
G1 X11.300 S0
G1 X11.700 S380
G1 X12.400 S0
G1 X12.600 S380
G1 X12.800 S0
G1 X13.300 S380
G1 X13.600 S0
G1 X13.800 S380
G1 X14.000 S0
G1 X14.200 S380
G1 X15.700 S0
G0 X15.800 Y10.000
G1 X14.300 Y10.000 S0 F1800
G1 X14.200 S380
G1 X13.900 S0
G1 X13.800 S380
G1 X13.700 S0
G1 X13.000 S380
G1 X12.800 S0
G1 X12.600 S380
G1 X11.700 S0
G1 X11.400 S380
G1 X10.200 S0
G1 X9.700 S380
G1 X8.100 S0
G1 X8.000 S380
G1 X7.400 S0
G1 X7.200 S380
G1 X0.300 S0
G1 X0.100 S380
G1 X-0.100 S0
G1 X-0.300 S380
G1 X-7.200 S0
G1 X-7.400 S380
G1 X-7.600 S0
G1 X-7.700 S380
G1 X-8.000 S0
G1 X-8.100 S380
G1 X-9.500 S0
G1 X-10.200 S380
G1 X-11.000 S0
G1 X-11.400 S380
G1 X-11.700 S0
G1 X-11.800 S380
G1 X-12.600 S0
G1 X-12.800 S380
G1 X-13.000 S0
G1 X-13.300 S380
G1 X-13.500 S0
G1 X-13.600 S380
G1 X-13.800 S0
G1 X-13.900 S380
G1 X-14.200 S0
G1 X-14.400 S380
G1 X-15.900 S0
G0 X-15.900 Y9.900
G1 X-14.400 Y9.900 S0 F1800
G1 X-14.400 S380
G1 X-14.100 S0
G1 X-13.900 S380
G1 X-13.700 S0
G1 X-13.500 S380
G1 X-13.400 S0
G1 X-13.200 S380
G1 X-13.000 S0
G1 X-12.800 S380
G1 X-11.400 S0
G1 X-11.000 S380
G1 X-10.200 S0
G1 X-9.600 S380
G1 X-8.300 S0
G1 X-8.100 S380
G1 X-7.800 S0
G1 X-7.700 S380
G1 X-7.500 S0
G1 X-7.400 S380
G1 X-0.400 S0
G1 X-0.200 S380
G1 X0.000 S0
G1 X0.200 S380
G1 X4.000 S0
G1 X4.200 S380
G1 X7.200 S0
G1 X7.300 S380
G1 X7.900 S0
G1 X8.100 S380
G1 X9.600 S0
G1 X10.000 S380
G1 X11.200 S0
G1 X11.500 S380
G1 X12.600 S0
G1 X12.800 S380
G1 X13.000 S0
G1 X13.200 S380
G1 X13.500 S0
G1 X13.900 S380
G1 X14.200 S0
G1 X14.300 S380
G1 X15.800 S0
G0 X15.900 Y9.800
G1 X14.400 Y9.800 S0 F1800
G1 X14.300 S380
G1 X14.100 S0
G1 X13.800 S380
G1 X13.400 S0
G1 X13.200 S380
G1 X12.900 S0
G1 X12.800 S380
G1 X11.500 S0
G1 X11.400 S380
G1 X10.100 S0
G1 X9.700 S380
G1 X8.300 S0
G1 X8.100 S380
G1 X7.800 S0
G1 X7.700 S380
G1 X7.500 S0
G1 X7.300 S380
G1 X5.400 S0
G1 X5.200 S380
G1 X4.200 S0
G1 X3.900 S380
G1 X1.800 S0
G1 X1.600 S380
G1 X0.300 S0
G1 X0.100 S380
G1 X-0.100 S0
G1 X-0.300 S380
G1 X-7.300 S0
G1 X-7.500 S380
G1 X-7.700 S0
G1 X-7.800 S380
G1 X-8.100 S0
G1 X-8.300 S380
G1 X-9.600 S0
G1 X-10.000 S380
G1 X-10.700 S0
G1 X-11.200 S380
G1 X-12.800 S0
G1 X-12.900 S380
G1 X-13.200 S0
G1 X-13.300 S380
G1 X-13.400 S0
G1 X-13.600 S380
G1 X-13.800 S0
G1 X-14.100 S380
G1 X-14.300 S0
G1 X-14.500 S380
G1 X-16.000 S0
G0 X-16.100 Y9.700
G1 X-14.600 Y9.700 S0 F1800
G1 X-14.500 S380
G1 X-14.200 S0
G1 X-13.900 S380
G1 X-13.700 S0
G1 X-13.300 S380
G1 X-13.100 S0
G1 X-12.900 S380
G1 X-11.100 S0
G1 X-10.700 S380
G1 X-10.100 S0
G1 X-9.800 S380
G1 X-8.500 S0
G1 X-8.300 S380
G1 X-8.000 S0
G1 X-7.900 S380
G1 X-7.700 S0
G1 X-7.500 S380
G1 X-0.400 S0
G1 X-0.200 S380
G1 X0.000 S0
G1 X0.200 S380
G1 X1.600 S0
G1 X1.800 S380
G1 X3.700 S0
G1 X4.000 S380
G1 X4.800 S0
G1 X5.200 S380
G1 X7.300 S0
G1 X7.500 S380
G1 X7.700 S0
G1 X7.800 S380
G1 X8.100 S0
G1 X8.300 S380
G1 X9.600 S0
G1 X10.000 S380
G1 X11.900 S0
G1 X12.100 S380
G1 X12.700 S0
G1 X12.900 S380
G1 X13.100 S0
G1 X13.400 S380
G1 X13.800 S0
G1 X14.000 S380
G1 X14.300 S0
G1 X14.500 S380
G1 X16.000 S0
G0 X16.000 Y9.600
G1 X14.500 Y9.600 S0 F1800
G1 X14.500 S380
G1 X14.200 S0
G1 X14.000 S380
G1 X13.700 S0
G1 X13.300 S380
G1 X13.100 S0
G1 X12.900 S380
G1 X12.300 S0
G1 X12.000 S380
G1 X10.100 S0
G1 X9.800 S380
G1 X8.400 S0
G1 X8.300 S380
G1 X7.900 S0
G1 X7.800 S380
G1 X7.600 S0
G1 X7.500 S380
G1 X5.200 S0
G1 X4.700 S380
G1 X4.000 S0
G1 X3.700 S380
G1 X1.900 S0
G1 X1.700 S380
G1 X0.300 S0
G1 X0.100 S380
G1 X-0.100 S0
G1 X-0.300 S380
G1 X-7.500 S0
G1 X-7.600 S380
G1 X-7.800 S0
G1 X-7.900 S380
G1 X-8.300 S0
G1 X-8.400 S380
G1 X-9.800 S0
G1 X-10.000 S380
G1 X-10.500 S0
G1 X-10.900 S380
G1 X-12.900 S0
G1 X-13.100 S380
G1 X-13.300 S0
G1 X-13.600 S380
G1 X-13.800 S0
G1 X-14.000 S380
G1 X-14.100 S0
G1 X-14.200 S380
G1 X-14.500 S0
G1 X-14.600 S380
G1 X-16.100 S0
G0 X-16.200 Y9.500
G1 X-14.700 Y9.500 S0 F1800
G1 X-14.600 S380
G1 X-14.400 S0
G1 X-14.200 S380
G1 X-14.100 S0
G1 X-13.900 S380
G1 X-13.700 S0
G1 X-13.500 S380
G1 X-13.300 S0
G1 X-13.100 S380
G1 X-12.400 S0
G1 X-10.500 S380
G1 X-10.100 S0
G1 X-10.000 S380
G1 X-8.600 S0
G1 X-8.400 S380
G1 X-8.100 S0
G1 X-8.000 S380
G1 X-7.800 S0
G1 X-7.600 S380
G1 X-0.400 S0
G1 X-0.200 S380
G1 X0.000 S0
G1 X0.200 S380
G1 X1.700 S0
G1 X1.900 S380
G1 X3.500 S0
G1 X3.600 S380
G1 X3.700 S0
G1 X3.800 S380
G1 X4.500 S0
G1 X4.600 S380
G1 X4.700 S0
G1 X4.900 S380
G1 X7.400 S0
G1 X7.600 S380
G1 X7.800 S0
G1 X7.900 S380
G1 X8.200 S0
G1 X8.400 S380
G1 X9.700 S0
G1 X10.100 S380
G1 X11.900 S0
G1 X12.300 S380
G1 X12.900 S0
G1 X13.100 S380
G1 X13.300 S0
G1 X13.900 S380
G1 X14.000 S0
G1 X14.200 S380
G1 X14.400 S0
G1 X14.600 S380
G1 X16.100 S0
G0 X16.200 Y9.400
G1 X14.700 Y9.400 S0 F1800
G1 X14.600 S380
G1 X14.300 S0
G1 X13.700 S380
G1 X13.600 S0
G1 X13.500 S380
G1 X13.200 S0
G1 X13.100 S380
G1 X12.400 S0
G1 X11.900 S380
G1 X10.300 S0
G1 X9.900 S380
G1 X8.600 S0
G1 X8.400 S380
G1 X8.100 S0
G1 X8.000 S380
G1 X7.800 S0
G1 X7.600 S380
G1 X6.600 S0
G1 X6.400 S380
G1 X6.000 S0
G1 X5.700 S380
G1 X4.900 S0
G1 X4.700 S380
G1 X4.600 S0
G1 X4.400 S380
G1 X3.800 S0
G1 X3.700 S380
G1 X3.600 S0
G1 X3.400 S380
G1 X2.100 S0
G1 X2.000 S380
G1 X1.900 S0
G1 X1.800 S380
G1 X0.300 S0
G1 X0.100 S380
G1 X-0.100 S0
G1 X-0.300 S380
G1 X-7.600 S0
G1 X-7.800 S380
G1 X-8.000 S0
G1 X-8.100 S380
G1 X-8.400 S0
G1 X-8.600 S380
G1 X-10.200 S0
G1 X-12.400 S380
G1 X-13.100 S0
G1 X-13.200 S380
G1 X-13.500 S0
G1 X-13.700 S380
G1 X-13.800 S0
G1 X-14.000 S380
G1 X-14.200 S0
G1 X-14.300 S380
G1 X-14.600 S0
G1 X-14.700 S380
G1 X-16.200 S0
G0 X-16.300 Y9.300
G1 X-14.800 Y9.300 S0 F1800
G1 X-14.800 S380
G1 X-14.500 S0
G1 X-14.300 S380
G1 X-14.100 S0
G1 X-13.900 S380
G1 X-13.800 S0
G1 X-13.600 S380
G1 X-13.400 S0
G1 X-13.200 S380
G1 X-12.600 S0
G1 X-10.200 S380
G1 X-8.800 S0
G1 X-8.600 S380
G1 X-7.900 S0
G1 X-7.800 S380
G1 X-0.400 S0
G1 X-0.200 S380
G1 X0.000 S0
G1 X0.200 S380
G1 X1.800 S0
G1 X2.000 S380
G1 X3.300 S0
G1 X3.400 S380
G1 X3.500 S0
G1 X3.600 S380
G1 X4.200 S0
G1 X4.300 S380
G1 X4.500 S0
G1 X4.700 S380
G1 X5.200 S0
G1 X5.600 S380
G1 X5.700 S0
G1 X5.900 S380
G1 X6.200 S0
G1 X6.400 S380
G1 X7.600 S0
G1 X7.800 S380
G1 X8.000 S0
G1 X8.100 S380
G1 X8.400 S0
G1 X8.600 S380
G1 X9.900 S0
G1 X10.300 S380
G1 X10.600 S0
G1 X10.800 S380
G1 X11.600 S0
G1 X12.400 S380
G1 X13.000 S0
G1 X13.200 S380
G1 X13.400 S0
G1 X13.600 S380
G1 X14.000 S0
G1 X14.300 S380
G1 X14.600 S0
G1 X14.700 S380
G1 X16.200 S0
G0 X16.300 Y9.200
G1 X14.800 Y9.200 S0 F1800
G1 X14.700 S380
G1 X14.500 S0
G1 X14.200 S380
G1 X13.900 S0
G1 X13.600 S380
G1 X13.400 S0
G1 X13.200 S380
G1 X12.600 S0
G1 X11.600 S380
G1 X11.000 S0
G1 X10.100 S380
G1 X8.800 S0
G1 X8.600 S380
G1 X8.200 S0
G1 X8.100 S380
G1 X7.900 S0
G1 X7.800 S380
G1 X6.400 S0
G1 X6.000 S380
G1 X5.900 S0
G1 X5.700 S380
G1 X5.500 S0
G1 X5.300 S380
G1 X5.200 S0
G1 X5.000 S380
G1 X4.700 S0
G1 X4.500 S380
G1 X4.300 S0
G1 X4.100 S380
G1 X3.700 S0
G1 X3.500 S380
G1 X3.400 S0
G1 X3.300 S380
G1 X2.200 S0
G1 X2.100 S380
G1 X2.000 S0
G1 X1.900 S380
G1 X0.300 S0
G1 X0.100 S380
G1 X-0.100 S0
G1 X-0.300 S380
G1 X-7.800 S0
G1 X-7.900 S380
G1 X-8.100 S0
G1 X-8.200 S380
G1 X-8.600 S0
G1 X-8.800 S380
G1 X-10.100 S0
G1 X-12.600 S380
G1 X-13.200 S0
G1 X-13.400 S380
G1 X-13.600 S0
G1 X-14.000 S380
G1 X-14.200 S0
G1 X-14.500 S380
G1 X-14.700 S0
G1 X-14.900 S380
G1 X-16.400 S0
G0 X-16.400 Y9.100
G1 X-14.900 Y9.100 S0 F1800
G1 X-14.900 S380
G1 X-14.600 S0
G1 X-14.300 S380
G1 X-14.100 S0
G1 X-13.800 S380
G1 X-13.500 S0
G1 X-13.400 S380
G1 X-12.700 S0
G1 X-10.300 S380
G1 X-8.900 S0
G1 X-8.800 S380
G1 X-8.400 S0
G1 X-8.300 S380
G1 X-8.100 S0
G1 X-7.900 S380
G1 X-0.400 S0
G1 X-0.200 S380
G1 X0.000 S0
G1 X0.200 S380
G1 X1.800 S0
G1 X1.900 S380
G1 X3.100 S0
G1 X3.200 S380
G1 X3.400 S0
G1 X3.500 S380
G1 X3.900 S0
G1 X4.100 S380
G1 X4.300 S0
G1 X4.400 S380
G1 X4.700 S0
G1 X4.800 S380
G1 X4.900 S0
G1 X5.000 S380
G1 X5.100 S0
G1 X5.300 S380
G1 X5.500 S0
G1 X6.000 S380
G1 X7.700 S0
G1 X7.900 S380
G1 X8.100 S0
G1 X8.200 S380
G1 X8.600 S0
G1 X8.800 S380
G1 X10.100 S0
G1 X10.800 S380
G1 X11.300 S0
G1 X12.200 S380
G1 X12.300 S0
G1 X12.500 S380
G1 X13.200 S0
G1 X13.300 S380
G1 X13.500 S0
G1 X13.900 S380
G1 X14.300 S0
G1 X14.400 S380
G1 X14.700 S0
G1 X14.800 S380
G1 X16.300 S0
G0 X16.400 Y9.000
G1 X14.900 Y9.000 S0 F1800
G1 X14.800 S380
G1 X14.600 S0
G1 X14.400 S380
G1 X14.200 S0
G1 X13.700 S380
G1 X13.500 S0
G1 X13.300 S380
G1 X12.200 S0
G1 X11.300 S380
G1 X10.700 S0
G1 X10.300 S380
G1 X8.900 S0
G1 X8.700 S380
G1 X8.400 S0
G1 X8.300 S380
G1 X8.100 S0
G1 X7.900 S380
G1 X5.900 S0
G1 X5.500 S380
G1 X5.300 S0
G1 X5.200 S380
G1 X5.000 S0
G1 X4.900 S380
G1 X4.800 S0
G1 X4.600 S380
G1 X4.400 S0
G1 X4.300 S380
G1 X4.000 S0
G1 X3.900 S380
G1 X3.500 S0
G1 X3.400 S380
G1 X3.200 S0
G1 X3.100 S380
G1 X2.300 S0
G1 X2.200 S380
G1 X2.100 S0
G1 X2.000 S380
G1 X0.300 S0
G1 X0.100 S380
G1 X-0.100 S0
G1 X-0.300 S380
G1 X-3.200 S0
G1 X-3.700 S380
G1 X-5.200 S0
G1 X-5.500 S380
G1 X-7.900 S0
G1 X-8.100 S380
G1 X-8.300 S0
G1 X-8.400 S380
G1 X-8.700 S0
G1 X-8.900 S380
G1 X-11.800 S0
G1 X-12.200 S380
G1 X-12.500 S0
G1 X-12.600 S380
G1 X-13.300 S0
G1 X-13.500 S380
G1 X-13.700 S0
G1 X-14.000 S380
G1 X-14.200 S0
G1 X-14.600 S380
G1 X-14.800 S0
G1 X-15.000 S380
G1 X-16.500 S0
G0 X-16.600 Y8.900
G1 X-15.100 Y8.900 S0 F1800
G1 X-15.000 S380
G1 X-14.800 S0
G1 X-14.600 S380
G1 X-14.500 S0
G1 X-14.300 S380
G1 X-14.100 S0
G1 X-13.900 S380
G1 X-13.700 S0
G1 X-13.500 S380
G1 X-12.200 S0
G1 X-11.800 S380
G1 X-9.100 S0
G1 X-8.900 S380
G1 X-8.600 S0
G1 X-8.500 S380
G1 X-8.300 S0
G1 X-8.100 S380
G1 X-6.200 S0
G1 X-5.600 S380
G1 X-5.400 S0
G1 X-5.000 S380
G1 X-4.100 S0
G1 X-3.700 S380
G1 X-3.400 S0
G1 X-2.900 S380
G1 X-0.400 S0
G1 X-0.200 S380
G1 X0.000 S0
G1 X0.200 S380
G1 X1.900 S0
G1 X2.000 S380
G1 X2.100 S0
G1 X2.200 S380
G1 X2.900 S0
G1 X3.100 S380
G1 X3.300 S0
G1 X3.400 S380
G1 X3.700 S0
G1 X3.800 S380
G1 X4.100 S0
G1 X4.200 S380
G1 X4.300 S0
G1 X4.600 S380
G1 X4.700 S0
G1 X4.900 S380
G1 X5.000 S0
G1 X6.300 S380
G1 X6.400 S0
G1 X6.600 S380
G1 X7.900 S0
G1 X8.100 S380
G1 X8.300 S0
G1 X8.400 S380
G1 X8.700 S0
G1 X8.900 S380
G1 X10.400 S0
G1 X10.500 S380
G1 X11.100 S0
G1 X11.900 S380
G1 X13.300 S0
G1 X13.500 S380
G1 X13.700 S0
G1 X14.300 S380
G1 X14.400 S0
G1 X14.600 S380
G1 X14.800 S0
G1 X15.000 S380
G1 X16.500 S0
G0 X16.500 Y8.800
G1 X15.000 Y8.800 S0 F1800
G1 X15.000 S380
G1 X14.700 S0
G1 X14.200 S380
G1 X14.000 S0
G1 X13.800 S380
G1 X13.600 S0
G1 X13.500 S380
G1 X12.900 S0
G1 X12.600 S380
G1 X12.000 S0
G1 X11.000 S380
G1 X10.800 S0
G1 X10.700 S380
G1 X9.100 S0
G1 X8.900 S380
G1 X8.600 S0
G1 X8.500 S380
G1 X8.300 S0
G1 X8.100 S380
G1 X7.100 S0
G1 X6.600 S380
G1 X6.300 S0
G1 X6.000 S380
G1 X5.900 S0
G1 X5.700 S380
G1 X5.600 S0
G1 X5.300 S380
G1 X5.200 S0
G1 X5.100 S380
G1 X4.700 S0
G1 X4.100 S380
G1 X3.800 S0
G1 X3.700 S380
G1 X3.400 S0
G1 X3.300 S380
G1 X3.100 S0
G1 X3.000 S380
G1 X2.400 S0
G1 X2.300 S380
G1 X2.100 S0
G1 X2.000 S380
G1 X0.300 S0
G1 X0.100 S380
G1 X-0.100 S0
G1 X-0.300 S380
G1 X-1.800 S0
G1 X-2.800 S380
G1 X-4.000 S0
G1 X-4.200 S380
G1 X-4.700 S0
G1 X-4.900 S380
G1 X-6.000 S0
G1 X-7.000 S380
G1 X-8.100 S0
G1 X-8.200 S380
G1 X-8.500 S0
G1 X-8.600 S380
G1 X-8.900 S0
G1 X-9.100 S380
G1 X-11.500 S0
G1 X-12.000 S380
G1 X-13.500 S0
G1 X-13.600 S380
G1 X-13.800 S0
G1 X-14.000 S380
G1 X-14.200 S0
G1 X-14.400 S380
G1 X-14.500 S0
G1 X-14.700 S380
G1 X-15.000 S0
G1 X-15.100 S380
G1 X-16.600 S0
G0 X-16.700 Y8.700
G1 X-15.200 Y8.700 S0 F1800
G1 X-15.100 S380
G1 X-14.900 S0
G1 X-14.600 S380
G1 X-14.500 S0
G1 X-14.300 S380
G1 X-14.200 S0
G1 X-14.000 S380
G1 X-13.800 S0
G1 X-13.600 S380
G1 X-12.000 S0
G1 X-11.500 S380
G1 X-9.300 S0
G1 X-9.100 S380
G1 X-8.800 S0
G1 X-8.700 S380
G1 X-8.400 S0
G1 X-8.300 S380
G1 X-7.200 S0
G1 X-7.000 S380
G1 X-4.800 S0
G1 X-4.600 S380
G1 X-4.400 S0
G1 X-4.200 S380
G1 X-2.000 S0
G1 X-1.900 S380
G1 X-0.400 S0
G1 X-0.200 S380
G1 X0.000 S0
G1 X0.200 S380
G1 X1.900 S0
G1 X2.000 S380
G1 X2.200 S0
G1 X2.300 S380
G1 X2.800 S0
G1 X2.900 S380
G1 X3.100 S0
G1 X3.300 S380
G1 X3.500 S0
G1 X3.600 S380
G1 X3.900 S0
G1 X4.200 S380
G1 X4.300 S0
G1 X4.500 S380
G1 X4.700 S0
G1 X4.900 S380
G1 X5.100 S0
G1 X6.100 S380
G1 X6.200 S0
G1 X6.400 S380
G1 X6.900 S0
G1 X7.100 S380
G1 X8.100 S0
G1 X8.200 S380
G1 X8.500 S0
G1 X8.600 S380
G1 X8.900 S0
G1 X9.100 S380
G1 X10.500 S0
G1 X11.900 S380
G1 X12.500 S0
G1 X12.800 S380
G1 X13.400 S0
G1 X13.600 S380
G1 X13.800 S0
G1 X14.000 S380
G1 X14.300 S0
G1 X14.700 S380
G1 X14.900 S0
G1 X15.100 S380
G1 X16.600 S0
G0 X16.600 Y8.600
G1 X15.100 Y8.600 S0 F1800
G1 X15.100 S380
G1 X14.800 S0
G1 X14.600 S380
G1 X14.200 S0
G1 X14.000 S380
G1 X13.800 S0
G1 X13.600 S380
G1 X13.000 S0
G1 X12.600 S380
G1 X12.100 S0
G1 X11.700 S380
G1 X11.600 S0
G1 X10.700 S380
G1 X9.300 S0
G1 X9.100 S380
G1 X8.800 S0
G1 X8.600 S380
G1 X8.400 S0
G1 X8.300 S380
G1 X7.500 S0
G1 X7.300 S380
G1 X7.000 S0
G1 X6.500 S380
G1 X6.400 S0
G1 X6.200 S380
G1 X6.000 S0
G1 X4.800 S380
G1 X4.500 S0
G1 X4.300 S380
G1 X4.200 S0
G1 X3.900 S380
G1 X3.600 S0
G1 X3.500 S380
G1 X3.300 S0
G1 X3.200 S380
G1 X3.000 S0
G1 X2.800 S380
G1 X2.400 S0
G1 X2.300 S380
G1 X2.200 S0
G1 X2.100 S380
G1 X1.500 S0
G1 X1.300 S380
G1 X0.300 S0
G1 X0.100 S380
G1 X-0.100 S0
G1 X-0.300 S380
G1 X-1.700 S0
G1 X-1.900 S380
G1 X-4.300 S0
G1 X-4.600 S380
G1 X-7.000 S0
G1 X-7.200 S380
G1 X-8.200 S0
G1 X-8.400 S380
G1 X-8.600 S0
G1 X-8.700 S380
G1 X-9.100 S0
G1 X-9.300 S380
G1 X-11.300 S0
G1 X-11.700 S380
G1 X-13.600 S0
G1 X-13.800 S380
G1 X-14.000 S0
G1 X-14.400 S380
G1 X-14.600 S0
G1 X-14.800 S380
G1 X-15.100 S0
G1 X-15.200 S380
G1 X-16.700 S0
G0 X-16.800 Y8.500
G1 X-15.300 Y8.500 S0 F1800
G1 X-15.200 S380
G1 X-15.000 S0
G1 X-14.700 S380
G1 X-14.400 S0
G1 X-14.100 S380
G1 X-13.900 S0
G1 X-13.700 S380
G1 X-11.700 S0
G1 X-10.900 S380
G1 X-9.500 S0
G1 X-9.300 S380
G1 X-8.900 S0
G1 X-8.800 S380
G1 X-8.600 S0
G1 X-8.400 S380
G1 X-7.400 S0
G1 X-7.200 S380
G1 X-4.600 S0
G1 X-4.500 S380
G1 X-2.000 S0
G1 X-1.700 S380
G1 X-0.400 S0
G1 X-0.200 S380
G1 X0.000 S0
G1 X0.200 S380
G1 X1.300 S0
G1 X1.500 S380
G1 X2.000 S0
G1 X2.100 S380
G1 X2.200 S0
G1 X2.400 S380
G1 X2.700 S0
G1 X2.800 S380
G1 X3.100 S0
G1 X3.200 S380
G1 X3.300 S0
G1 X3.400 S380
G1 X3.700 S0
G1 X3.900 S380
G1 X4.000 S0
G1 X4.300 S380
G1 X4.400 S0
G1 X6.000 S380
G1 X6.200 S0
G1 X6.300 S380
G1 X6.500 S0
G1 X6.700 S380
G1 X6.800 S0
G1 X7.500 S380
G1 X8.200 S0
G1 X8.400 S380
G1 X8.600 S0
G1 X8.800 S380
G1 X9.100 S0
G1 X9.300 S380
G1 X10.600 S0
G1 X11.400 S380
G1 X11.700 S0
G1 X12.100 S380
G1 X12.400 S0
G1 X13.000 S380
G1 X13.500 S0
G1 X13.700 S380
G1 X13.900 S0
G1 X14.200 S380
G1 X14.600 S0
G1 X14.800 S380
G1 X15.000 S0
G1 X15.200 S380
G1 X16.700 S0
G0 X16.800 Y8.400
G1 X15.300 Y8.400 S0 F1800
G1 X15.200 S380
G1 X15.000 S0
G1 X14.800 S380
G1 X14.600 S0
G1 X14.100 S380
G1 X13.900 S0
G1 X13.700 S380
G1 X13.100 S0
G1 X12.300 S380
G1 X12.200 S0
G1 X11.900 S380
G1 X11.300 S0
G1 X10.800 S380
G1 X9.500 S0
G1 X9.300 S380
G1 X9.000 S0
G1 X8.800 S380
G1 X8.600 S0
G1 X8.400 S380
G1 X7.700 S0
G1 X7.000 S380
G1 X6.800 S0
G1 X5.500 S380
G1 X5.400 S0
G1 X4.400 S380
G1 X4.100 S0
G1 X4.000 S380
G1 X3.900 S0
G1 X3.700 S380
G1 X3.200 S0
G1 X3.100 S380
G1 X2.800 S0
G1 X2.700 S380
G1 X2.500 S0
G1 X2.400 S380
G1 X2.200 S0
G1 X2.100 S380
G1 X1.700 S0
G1 X1.500 S380
G1 X0.300 S0
G1 X0.100 S380
G1 X-0.100 S0
G1 X-0.300 S380
G1 X-1.200 S0
G1 X-1.600 S380
G1 X-1.800 S0
G1 X-1.900 S380
G1 X-4.400 S0
G1 X-4.500 S380
G1 X-7.000 S0
G1 X-7.100 S380
G1 X-7.200 S0
G1 X-7.600 S380
G1 X-8.400 S0
G1 X-8.600 S380
G1 X-8.800 S0
G1 X-8.900 S380
G1 X-9.300 S0
G1 X-9.500 S380
G1 X-10.800 S0
G1 X-11.500 S380
G1 X-12.600 S0
G1 X-12.900 S380
G1 X-13.700 S0
G1 X-13.900 S380
G1 X-14.100 S0
G1 X-14.300 S380
G1 X-14.600 S0
G1 X-14.700 S380
G1 X-14.800 S0
G1 X-14.900 S380
G1 X-15.200 S0
G1 X-15.300 S380
G1 X-16.800 S0
G0 X-16.900 Y8.300
G1 X-15.400 Y8.300 S0 F1800
G1 X-15.300 S380
G1 X-15.100 S0
G1 X-14.900 S380
G1 X-14.800 S0
G1 X-14.600 S380
G1 X-14.500 S0
G1 X-14.300 S380
G1 X-14.000 S0
G1 X-13.900 S380
G1 X-13.200 S0
G1 X-12.500 S380
G1 X-11.500 S0
G1 X-11.000 S380
G1 X-9.700 S0
G1 X-9.500 S380
G1 X-9.200 S0
G1 X-9.000 S380
G1 X-8.800 S0
G1 X-8.600 S380
G1 X-7.800 S0
G1 X-7.700 S380
G1 X-7.600 S0
G1 X-7.400 S380
G1 X-7.200 S0
G1 X-7.100 S380
G1 X-4.600 S0
G1 X-4.500 S380
G1 X-2.000 S0
G1 X-1.800 S380
G1 X-1.600 S0
G1 X-1.500 S380
G1 X-1.400 S0
G1 X-1.300 S380
G1 X-0.400 S0
G1 X-0.200 S380
G1 X0.000 S0
G1 X0.200 S380
G1 X1.400 S0
G1 X1.700 S380
G1 X2.000 S0
G1 X2.100 S380
G1 X2.300 S0
G1 X2.400 S380
G1 X2.600 S0
G1 X2.700 S380
G1 X3.000 S0
G1 X3.100 S380
G1 X3.200 S0
G1 X3.300 S380
G1 X3.500 S0
G1 X3.700 S380
G1 X3.800 S0
G1 X4.000 S380
G1 X4.100 S0
G1 X4.800 S380
G1 X5.000 S0
G1 X5.100 S380
G1 X5.300 S0
G1 X5.500 S380
G1 X5.900 S0
G1 X6.900 S380
G1 X7.000 S0
G1 X7.100 S380
G1 X7.200 S0
G1 X7.300 S380
G1 X7.600 S0
G1 X7.800 S380
G1 X8.400 S0
G1 X8.600 S380
G1 X8.800 S0
G1 X9.000 S380
G1 X9.300 S0
G1 X9.500 S380
G1 X10.800 S0
G1 X11.100 S380
G1 X11.800 S0
G1 X13.100 S380
G1 X13.700 S0
G1 X13.800 S380
G1 X14.100 S0
G1 X14.700 S380
G1 X14.800 S0
G1 X14.900 S380
G1 X15.200 S0
G1 X15.300 S380
G1 X16.800 S0
G0 X16.900 Y8.200
G1 X15.400 Y8.200 S0 F1800
G1 X15.300 S380
G1 X15.100 S0
G1 X14.600 S380
G1 X14.400 S0
G1 X14.200 S380
G1 X14.000 S0
G1 X13.800 S380
G1 X13.200 S0
G1 X12.000 S380
G1 X11.200 S0
G1 X11.000 S380
G1 X9.800 S0
G1 X9.500 S380
G1 X9.200 S0
G1 X9.000 S380
G1 X8.800 S0
G1 X8.600 S380
G1 X7.900 S0
G1 X7.500 S380
G1 X7.300 S0
G1 X6.900 S380
G1 X6.600 S0
G1 X6.400 S380
G1 X5.800 S0
G1 X5.700 S380
G1 X5.600 S0
G1 X5.400 S380
G1 X5.100 S0
G1 X5.000 S380
G1 X4.800 S0
G1 X3.900 S380
G1 X3.800 S0
G1 X3.500 S380
G1 X3.300 S0
G1 X3.000 S380
G1 X2.500 S0
G1 X2.400 S380
G1 X2.200 S0
G1 X2.100 S380
G1 X1.800 S0
G1 X1.700 S380
G1 X0.300 S0
G1 X0.100 S380
G1 X-0.100 S0
G1 X-0.300 S380
G1 X-1.100 S0
G1 X-1.500 S380
G1 X-1.700 S0
G1 X-1.900 S380
G1 X-4.400 S0
G1 X-4.500 S380
G1 X-7.000 S0
G1 X-7.100 S380
G1 X-7.400 S0
G1 X-7.700 S380
G1 X-8.600 S0
G1 X-8.800 S380
G1 X-9.000 S0
G1 X-9.200 S380
G1 X-9.500 S0
G1 X-9.800 S380
G1 X-10.900 S0
G1 X-11.300 S380
G1 X-12.300 S0
G1 X-13.200 S380
G1 X-13.800 S0
G1 X-14.000 S380
G1 X-14.200 S0
G1 X-14.400 S380
G1 X-14.500 S0
G1 X-14.700 S380
G1 X-14.900 S0
G1 X-15.100 S380
G1 X-15.300 S0
G1 X-15.500 S380
G1 X-17.000 S0
G0 X-17.000 Y8.100
G1 X-15.500 Y8.100 S0 F1800
G1 X-15.500 S380
G1 X-15.200 S0
G1 X-15.000 S380
G1 X-14.800 S0
G1 X-14.600 S380
G1 X-14.500 S0
G1 X-14.400 S380
G1 X-14.200 S0
G1 X-14.000 S380
G1 X-13.400 S0
G1 X-12.400 S380
G1 X-11.400 S0
G1 X-11.100 S380
G1 X-10.000 S0
G1 X-9.800 S380
G1 X-9.400 S0
G1 X-9.200 S380
G1 X-9.000 S0
G1 X-8.800 S380
G1 X-7.800 S0
G1 X-7.500 S380
G1 X-7.200 S0
G1 X-7.100 S380
G1 X-4.600 S0
G1 X-4.500 S380
G1 X-2.000 S0
G1 X-1.800 S380
G1 X-1.600 S0
G1 X-1.200 S380
G1 X-0.400 S0
G1 X-0.200 S380
G1 X0.000 S0
G1 X0.200 S380
G1 X1.500 S0
G1 X1.600 S380
G1 X1.700 S0
G1 X1.800 S380
G1 X2.000 S0
G1 X2.100 S380
G1 X2.300 S0
G1 X2.400 S380
G1 X2.500 S0
G1 X2.600 S380
G1 X2.900 S0
G1 X3.100 S380
G1 X3.300 S0
G1 X3.500 S380
G1 X3.600 S0
G1 X3.700 S380
G1 X3.900 S0
G1 X4.300 S380
G1 X4.400 S0
G1 X4.600 S380
G1 X4.700 S0
G1 X5.400 S380
G1 X5.600 S0
G1 X5.800 S380
G1 X5.900 S0
G1 X6.300 S380
G1 X6.500 S0
G1 X6.700 S380
G1 X7.000 S0
G1 X7.400 S380
G1 X7.600 S0
G1 X7.900 S380
G1 X8.600 S0
G1 X8.800 S380
G1 X9.000 S0
G1 X9.200 S380
G1 X9.600 S0
G1 X9.800 S380
G1 X10.900 S0
G1 X11.100 S380
G1 X11.800 S0
G1 X12.700 S380
G1 X13.800 S0
G1 X14.000 S380
G1 X14.200 S0
G1 X14.400 S380
G1 X14.700 S0
G1 X15.000 S380
G1 X15.300 S0
G1 X15.400 S380
G1 X16.900 S0
G0 X17.000 Y8.000
G1 X15.500 Y8.000 S0 F1800
G1 X15.400 S380
G1 X15.200 S0
G1 X15.000 S380
G1 X14.600 S0
G1 X14.300 S380
G1 X14.100 S0
G1 X13.900 S380
G1 X12.700 S0
G1 X11.800 S380
G1 X10.000 S0
G1 X9.800 S380
G1 X9.400 S0
G1 X9.300 S380
G1 X9.000 S0
G1 X8.800 S380
G1 X8.200 S0
G1 X7.700 S380
G1 X7.600 S0
G1 X7.400 S380
G1 X6.900 S0
G1 X6.600 S380
G1 X6.500 S0
G1 X6.300 S380
G1 X6.000 S0
G1 X4.500 S380
G1 X4.300 S0
G1 X3.600 S380
G1 X3.500 S0
G1 X3.300 S380
G1 X3.200 S0
G1 X3.000 S380
G1 X2.700 S0
G1 X2.400 S380
G1 X2.200 S0
G1 X2.100 S380
G1 X2.000 S0
G1 X1.900 S380
G1 X0.900 S0
G1 X0.700 S380
G1 X0.300 S0
G1 X0.100 S380
G1 X-0.100 S0
G1 X-0.300 S380
G1 X-1.100 S0
G1 X-1.400 S380
G1 X-1.700 S0
G1 X-1.800 S380
G1 X-4.400 S0
G1 X-4.500 S380
G1 X-7.000 S0
G1 X-7.100 S380
G1 X-7.400 S0
G1 X-7.800 S380
G1 X-8.800 S0
G1 X-9.000 S380
G1 X-9.200 S0
G1 X-9.400 S380
G1 X-9.800 S0
G1 X-10.000 S380
G1 X-11.100 S0
G1 X-11.300 S380
G1 X-12.200 S0
G1 X-13.300 S380
G1 X-13.900 S0
G1 X-14.100 S380
G1 X-14.300 S0
G1 X-14.700 S380
G1 X-14.900 S0
G1 X-15.200 S380
G1 X-15.400 S0
G1 X-15.600 S380
G1 X-17.100 S0
G0 X-17.100 Y7.900
G1 X-15.600 Y7.900 S0 F1800
G1 X-15.600 S380
G1 X-15.300 S0
G1 X-15.200 S380
G1 X-15.100 S0
G1 X-15.000 S380
G1 X-14.800 S0
G1 X-14.500 S380
G1 X-14.300 S0
G1 X-14.100 S380
G1 X-13.500 S0
G1 X-13.200 S380
G1 X-12.800 S0
G1 X-12.300 S380
G1 X-11.500 S0
G1 X-11.300 S380
G1 X-10.200 S0
G1 X-10.000 S380
G1 X-9.600 S0
G1 X-9.500 S380
G1 X-9.200 S0
G1 X-9.000 S380
G1 X-7.900 S0
G1 X-7.500 S380
G1 X-4.600 S0
G1 X-4.500 S380
G1 X-1.900 S0
G1 X-1.800 S380
G1 X-1.500 S0
G1 X-1.400 S380
G1 X-1.300 S0
G1 X-1.200 S380
G1 X-0.400 S0
G1 X-0.200 S380
G1 X0.000 S0
G1 X0.200 S380
G1 X0.700 S0
G1 X1.000 S380
G1 X1.600 S0
G1 X1.700 S380
G1 X1.800 S0
G1 X1.900 S380
G1 X2.000 S0
G1 X2.100 S380
G1 X2.400 S0
G1 X2.500 S380
G1 X2.800 S0
G1 X3.000 S380
G1 X3.100 S0
G1 X3.900 S380
G1 X4.000 S0
G1 X4.200 S380
G1 X4.400 S0
G1 X5.400 S380
G1 X5.500 S0
G1 X6.700 S380
G1 X6.900 S0
G1 X7.000 S380
G1 X7.500 S0
G1 X7.600 S380
G1 X7.700 S0
G1 X7.800 S380
G1 X7.900 S0
G1 X8.100 S380
G1 X8.800 S0
G1 X9.000 S380
G1 X9.300 S0
G1 X9.400 S380
G1 X9.800 S0
G1 X10.000 S380
G1 X11.200 S0
G1 X11.300 S380
G1 X11.500 S0
G1 X12.400 S380
G1 X13.900 S0
G1 X14.100 S380
G1 X14.300 S0
G1 X14.600 S380
G1 X14.900 S0
G1 X15.100 S380
G1 X15.400 S0
G1 X15.500 S380
G1 X17.000 S0
G0 X17.100 Y7.800
G1 X15.600 Y7.800 S0 F1800
G1 X15.500 S380
G1 X15.300 S0
G1 X15.100 S380
G1 X14.900 S0
G1 X14.400 S380
G1 X14.200 S0
G1 X14.100 S380
G1 X13.500 S0
G1 X13.300 S380
G1 X12.400 S0
G1 X11.300 S380
G1 X10.200 S0
G1 X10.000 S380
G1 X9.700 S0
G1 X9.500 S380
G1 X9.200 S0
G1 X9.000 S380
G1 X8.200 S0
G1 X8.100 S380
G1 X8.000 S0
G1 X7.700 S380
G1 X7.200 S0
G1 X6.800 S380
G1 X6.700 S0
G1 X6.000 S380
G1 X5.800 S0
G1 X5.400 S380
G1 X5.100 S0
G1 X4.900 S380
G1 X4.600 S0
G1 X4.300 S380
G1 X4.200 S0
G1 X4.100 S380
G1 X3.900 S0
G1 X3.700 S380
G1 X3.500 S0
G1 X3.200 S380
G1 X3.000 S0
G1 X2.900 S380
G1 X2.600 S0
G1 X2.500 S380
G1 X2.200 S0
G1 X2.100 S380
G1 X2.000 S0
G1 X1.900 S380
G1 X1.800 S0
G1 X1.700 S380
G1 X1.200 S0
G1 X0.900 S380
G1 X0.300 S0
G1 X0.100 S380
G1 X-0.100 S0
G1 X-0.300 S380
G1 X-1.100 S0
G1 X-1.400 S380
G1 X-1.700 S0
G1 X-1.800 S380
G1 X-4.400 S0
G1 X-4.500 S380
G1 X-7.400 S0
G1 X-7.800 S380
G1 X-9.000 S0
G1 X-9.200 S380
G1 X-9.500 S0
G1 X-9.600 S380
G1 X-10.000 S0
G1 X-10.200 S380
G1 X-11.300 S0
G1 X-12.600 S380
G1 X-13.100 S0
G1 X-13.500 S380
G1 X-14.100 S0
G1 X-14.200 S380
G1 X-14.400 S0
G1 X-14.700 S380
G1 X-14.900 S0
G1 X-15.000 S380
G1 X-15.100 S0
G1 X-15.300 S380
G1 X-15.500 S0
G1 X-15.700 S380
G1 X-17.200 S0
G0 X-17.200 Y7.700
G1 X-15.700 Y7.700 S0 F1800
G1 X-15.700 S380
G1 X-15.400 S0
G1 X-15.300 S380
G1 X-15.100 S0
G1 X-14.900 S380
G1 X-14.800 S0
G1 X-14.600 S380
G1 X-14.400 S0
G1 X-14.200 S380
G1 X-13.600 S0
G1 X-13.200 S380
G1 X-12.700 S0
G1 X-11.400 S380
G1 X-10.500 S0
G1 X-10.200 S380
G1 X-9.800 S0
G1 X-9.700 S380
G1 X-9.400 S0
G1 X-9.200 S380
G1 X-7.900 S0
G1 X-7.800 S380
G1 X-7.700 S0
G1 X-7.600 S380
G1 X-7.300 S0
G1 X-7.200 S380
G1 X-4.600 S0
G1 X-4.500 S380
G1 X-1.900 S0
G1 X-1.800 S380
G1 X-1.500 S0
G1 X-1.200 S380
G1 X-0.400 S0
G1 X-0.200 S380
G1 X0.000 S0
G1 X0.200 S380
G1 X1.000 S0
G1 X1.300 S380
G1 X1.600 S0
G1 X1.700 S380
G1 X1.900 S0
G1 X2.100 S380
G1 X2.400 S0
G1 X2.500 S380
G1 X2.700 S0
G1 X2.900 S380
G1 X3.000 S0
G1 X3.200 S380
G1 X3.500 S0
G1 X3.800 S380
G1 X3.900 S0
G1 X4.100 S380
G1 X4.200 S0
G1 X5.900 S380
G1 X6.000 S0
G1 X6.200 S380
G1 X6.300 S0
G1 X6.400 S380
G1 X6.500 S0
G1 X7.200 S380
G1 X7.600 S0
G1 X8.000 S380
G1 X8.100 S0
G1 X8.200 S380
G1 X9.000 S0
G1 X9.200 S380
G1 X9.500 S0
G1 X9.700 S380
G1 X10.000 S0
G1 X10.300 S380
G1 X11.200 S0
G1 X12.100 S380
G1 X13.200 S0
G1 X13.400 S380
G1 X14.000 S0
G1 X14.200 S380
G1 X14.400 S0
G1 X15.000 S380
G1 X15.100 S0
G1 X15.200 S380
G1 X15.500 S0
G1 X15.600 S380
G1 X17.100 S0
G0 X17.200 Y7.600
G1 X15.700 Y7.600 S0 F1800
G1 X15.600 S380
G1 X15.400 S0
G1 X14.900 S380
G1 X14.700 S0
G1 X14.500 S380
G1 X14.300 S0
G1 X14.200 S380
G1 X13.600 S0
G1 X13.200 S380
G1 X12.100 S0
G1 X11.400 S380
G1 X10.500 S0
G1 X10.300 S380
G1 X9.900 S0
G1 X9.700 S380
G1 X9.500 S0
G1 X9.200 S380
G1 X8.300 S0
G1 X8.000 S380
G1 X7.400 S0
G1 X7.200 S380
G1 X7.100 S0
G1 X7.000 S380
G1 X6.900 S0
G1 X6.700 S380
G1 X6.600 S0
G1 X6.500 S380
G1 X6.400 S0
G1 X5.900 S380
G1 X5.200 S0
G1 X5.100 S380
G1 X4.900 S0
G1 X4.200 S380
G1 X4.000 S0
G1 X3.900 S380
G1 X3.800 S0
G1 X3.400 S380
G1 X3.300 S0
G1 X3.000 S380
G1 X2.900 S0
G1 X2.800 S380
G1 X2.600 S0
G1 X2.500 S380
G1 X2.200 S0
G1 X2.000 S380
G1 X1.900 S0
G1 X1.800 S380
G1 X1.500 S0
G1 X1.400 S380
G1 X1.300 S0
G1 X1.100 S380
G1 X0.300 S0
G1 X0.100 S380
G1 X-0.100 S0
G1 X-0.300 S380
G1 X-1.000 S0
G1 X-1.400 S380
G1 X-1.700 S0
G1 X-1.800 S380
G1 X-4.400 S0
G1 X-4.500 S380
G1 X-7.100 S0
G1 X-7.200 S380
G1 X-7.500 S0
G1 X-7.600 S380
G1 X-7.700 S0
G1 X-7.800 S380
G1 X-9.200 S0
G1 X-9.400 S380
G1 X-9.700 S0
G1 X-9.800 S380
G1 X-10.300 S0
G1 X-10.500 S380
G1 X-11.400 S0
G1 X-12.600 S380
G1 X-12.900 S0
G1 X-13.600 S380
G1 X-14.200 S0
G1 X-14.300 S380
G1 X-14.500 S0
G1 X-14.700 S380
G1 X-14.800 S0
G1 X-15.000 S380
G1 X-15.200 S0
G1 X-15.400 S380
G1 X-15.600 S0
G1 X-15.800 S380
G1 X-17.300 S0
G0 X-17.300 Y7.500
G1 X-15.800 Y7.500 S0 F1800
G1 X-15.800 S380
G1 X-15.500 S0
G1 X-15.300 S380
G1 X-15.100 S0
G1 X-14.700 S380
G1 X-14.500 S0
G1 X-14.300 S380
G1 X-13.700 S0
G1 X-12.800 S380
G1 X-12.700 S0
G1 X-11.500 S380
G1 X-10.700 S0
G1 X-10.500 S380
G1 X-10.100 S0
G1 X-9.900 S380
G1 X-9.700 S0
G1 X-9.500 S380
G1 X-7.900 S0
G1 X-7.600 S380
G1 X-7.300 S0
G1 X-7.200 S380
G1 X-6.800 S0
G1 X-6.700 S380
G1 X-5.700 S0
G1 X-5.600 S380
G1 X-4.600 S0
G1 X-4.500 S380
G1 X-1.900 S0
G1 X-1.800 S380
G1 X-1.500 S0
G1 X-1.100 S380
G1 X-0.400 S0
G1 X-0.200 S380
G1 X0.000 S0
G1 X0.200 S380
G1 X1.100 S0
G1 X1.200 S380
G1 X1.300 S0
G1 X1.500 S380
G1 X1.700 S0
G1 X1.800 S380
G1 X1.900 S0
G1 X2.100 S380
G1 X2.300 S0
G1 X2.500 S380
G1 X2.600 S0
G1 X2.800 S380
G1 X2.900 S0
G1 X3.000 S380
G1 X3.100 S0
G1 X3.500 S380
G1 X3.700 S0
G1 X3.800 S380
G1 X4.000 S0
G1 X4.300 S380
G1 X4.700 S0
G1 X4.900 S380
G1 X5.100 S0
G1 X6.600 S380
G1 X6.700 S0
G1 X6.900 S380
G1 X7.000 S0
G1 X7.400 S380
G1 X8.100 S0
G1 X8.200 S380
G1 X9.300 S0
G1 X9.500 S380
G1 X9.700 S0
G1 X9.900 S380
G1 X10.300 S0
G1 X10.500 S380
G1 X11.300 S0
G1 X11.800 S380
G1 X12.900 S0
G1 X13.500 S380
G1 X14.100 S0
G1 X14.300 S380
G1 X14.500 S0
G1 X14.700 S380
G1 X15.000 S0
G1 X15.300 S380
G1 X15.600 S0
G1 X15.700 S380
G1 X17.200 S0
G0 X17.300 Y7.400
G1 X15.800 Y7.400 S0 F1800
G1 X15.700 S380
G1 X15.500 S0
G1 X15.200 S380
G1 X14.900 S0
G1 X14.600 S380
G1 X14.400 S0
G1 X14.300 S380
G1 X13.700 S0
G1 X12.800 S380
G1 X11.800 S0
G1 X11.500 S380
G1 X10.600 S0
G1 X10.400 S380
G1 X10.300 S0
G1 X10.200 S380
G1 X10.000 S0
G1 X9.900 S380
G1 X9.700 S0
G1 X9.500 S380
G1 X7.600 S0
G1 X7.500 S380
G1 X7.300 S0
G1 X7.200 S380
G1 X7.100 S0
G1 X7.000 S380
G1 X6.800 S0
G1 X6.400 S380
G1 X6.300 S0
G1 X4.300 S380
G1 X4.200 S0
G1 X3.700 S380
G1 X3.500 S0
G1 X2.700 S380
G1 X2.600 S0
G1 X2.400 S380
G1 X2.200 S0
G1 X2.100 S380
G1 X1.900 S0
G1 X1.800 S380
G1 X1.600 S0
G1 X1.500 S380
G1 X1.400 S0
G1 X1.300 S380
G1 X0.300 S0
G1 X0.100 S380
G1 X-0.100 S0
G1 X-0.300 S380
G1 X-1.000 S0
G1 X-1.100 S380
G1 X-1.200 S0
G1 X-1.300 S380
G1 X-1.700 S0
G1 X-1.800 S380
G1 X-4.400 S0
G1 X-4.500 S380
G1 X-7.100 S0
G1 X-7.200 S380
G1 X-7.500 S0
G1 X-7.900 S380
G1 X-9.500 S0
G1 X-9.700 S380
G1 X-9.900 S0
G1 X-10.000 S380
G1 X-10.400 S0
G1 X-10.600 S380
G1 X-11.500 S0
G1 X-13.700 S380
G1 X-14.300 S0
G1 X-14.400 S380
G1 X-14.600 S0
G1 X-14.900 S380
G1 X-15.200 S0
G1 X-15.500 S380
G1 X-15.700 S0
G1 X-15.900 S380
G1 X-17.400 S0
G0 X-17.400 Y7.300
G1 X-15.900 Y7.300 S0 F1800
G1 X-15.900 S380
G1 X-15.600 S0
G1 X-15.500 S380
G1 X-15.400 S0
G1 X-15.300 S380
G1 X-15.100 S0
G1 X-14.800 S380
G1 X-14.600 S0
G1 X-14.400 S380
G1 X-13.800 S0
G1 X-12.500 S380
G1 X-10.600 S0
G1 X-10.400 S380
G1 X-10.100 S0
G1 X-9.900 S380
G1 X-9.700 S0
G1 X-9.600 S380
G1 X-8.000 S0
G1 X-7.900 S380
G1 X-7.800 S0
G1 X-7.700 S380
G1 X-7.300 S0
G1 X-7.200 S380
G1 X-6.800 S0
G1 X-6.700 S380
G1 X-4.600 S0
G1 X-4.500 S380
G1 X-1.900 S0
G1 X-1.700 S380
G1 X-1.400 S0
G1 X-1.300 S380
G1 X-1.200 S0
G1 X-1.100 S380
G1 X-0.400 S0
G1 X-0.200 S380
G1 X0.000 S0
G1 X0.200 S380
G1 X1.300 S0
G1 X1.400 S380
G1 X1.500 S0
G1 X1.600 S380
G1 X1.700 S0
G1 X1.800 S380
G1 X2.000 S0
G1 X2.100 S380
G1 X2.300 S0
G1 X2.700 S380
G1 X2.800 S0
G1 X3.300 S380
G1 X3.400 S0
G1 X3.700 S380
G1 X3.800 S0
G1 X4.700 S380
G1 X4.900 S0
G1 X5.400 S380
G1 X5.600 S0
G1 X5.700 S380
G1 X6.100 S0
G1 X6.300 S380
G1 X6.400 S0
G1 X6.800 S380
G1 X7.000 S0
G1 X7.600 S380
G1 X9.400 S0
G1 X9.500 S380
G1 X9.700 S0
G1 X9.900 S380
G1 X10.000 S0
G1 X10.100 S380
G1 X10.200 S0
G1 X10.400 S380
G1 X11.500 S0
G1 X11.700 S380
G1 X12.500 S0
G1 X13.700 S380
G1 X14.200 S0
G1 X14.400 S380
G1 X14.600 S0
G1 X14.900 S380
G1 X15.200 S0
G1 X15.400 S380
G1 X15.700 S0
G1 X15.800 S380
G1 X17.300 S0
G0 X17.400 Y7.200
G1 X15.900 Y7.200 S0 F1800
G1 X15.800 S380
G1 X15.600 S0
G1 X15.400 S380
G1 X15.200 S0
G1 X14.700 S380
G1 X14.500 S0
G1 X14.400 S380
G1 X13.800 S0
G1 X12.500 S380
G1 X11.800 S0
G1 X11.600 S380
G1 X10.400 S0
G1 X10.200 S380
G1 X9.900 S0
G1 X9.700 S380
G1 X9.600 S0
G1 X9.400 S380
G1 X7.700 S0
G1 X7.200 S380
G1 X7.100 S0
G1 X6.800 S380
G1 X6.700 S0
G1 X6.600 S380
G1 X6.500 S0
G1 X6.000 S380
G1 X5.900 S0
G1 X5.200 S380
G1 X5.100 S0
G1 X4.900 S380
G1 X4.800 S0
G1 X4.600 S380
G1 X4.200 S0
G1 X3.400 S380
G1 X3.300 S0
G1 X3.000 S380
G1 X2.800 S0
G1 X2.400 S380
G1 X2.200 S0
G1 X2.100 S380
G1 X1.900 S0
G1 X1.700 S380
G1 X1.500 S0
G1 X1.400 S380
G1 X0.300 S0
G1 X0.100 S380
G1 X-0.100 S0
G1 X-0.300 S380
G1 X-1.000 S0
G1 X-1.300 S380
G1 X-1.600 S0
G1 X-1.700 S380
G1 X-4.400 S0
G1 X-4.500 S380
G1 X-7.100 S0
G1 X-7.200 S380
G1 X-7.600 S0
G1 X-7.700 S380
G1 X-7.800 S0
G1 X-7.900 S380
G1 X-9.400 S0
G1 X-9.600 S380
G1 X-9.700 S0
G1 X-9.900 S380
G1 X-10.200 S0
G1 X-10.400 S380
G1 X-12.200 S0
G1 X-13.200 S380
G1 X-14.400 S0
G1 X-14.500 S380
G1 X-14.700 S0
G1 X-15.000 S380
G1 X-15.100 S0
G1 X-15.300 S380
G1 X-15.400 S0
G1 X-15.600 S380
G1 X-15.800 S0
G1 X-15.900 S380
G1 X-17.400 S0
G0 X-17.500 Y7.100
G1 X-16.000 Y7.100 S0 F1800
G1 X-15.900 S380
G1 X-15.700 S0
G1 X-15.500 S380
G1 X-15.400 S0
G1 X-15.200 S380
G1 X-15.100 S0
G1 X-14.900 S380
G1 X-14.700 S0
G1 X-14.500 S380
G1 X-13.200 S0
G1 X-12.200 S380
G1 X-12.000 S0
G1 X-11.900 S380
G1 X-10.400 S0
G1 X-10.200 S380
G1 X-9.900 S0
G1 X-9.800 S380
G1 X-9.600 S0
G1 X-9.400 S380
G1 X-8.000 S0
G1 X-7.900 S380
G1 X-7.800 S0
G1 X-7.700 S380
G1 X-4.600 S0
G1 X-4.500 S380
G1 X-1.800 S0
G1 X-1.700 S380
G1 X-1.400 S0
G1 X-1.000 S380
G1 X-0.400 S0
G1 X-0.200 S380
G1 X0.000 S0
G1 X0.200 S380
G1 X1.400 S0
G1 X1.500 S380
G1 X1.600 S0
G1 X1.800 S380
G1 X2.000 S0
G1 X2.100 S380
G1 X2.300 S0
G1 X2.600 S380
G1 X2.800 S0
G1 X3.100 S380
G1 X3.200 S0
G1 X3.800 S380
G1 X4.000 S0
G1 X4.500 S380
G1 X4.700 S0
G1 X4.800 S380
G1 X4.900 S0
G1 X5.200 S380
G1 X5.400 S0
G1 X5.800 S380
G1 X5.900 S0
G1 X6.600 S380
G1 X6.800 S0
G1 X7.300 S380
G1 X7.400 S0
G1 X7.500 S380
G1 X7.600 S0
G1 X7.700 S380
G1 X9.200 S0
G1 X9.400 S380
G1 X9.600 S0
G1 X9.700 S380
G1 X10.000 S0
G1 X10.200 S380
G1 X12.200 S0
G1 X13.200 S380
G1 X14.300 S0
G1 X14.500 S380
G1 X14.700 S0
G1 X15.300 S380
G1 X15.400 S0
G1 X15.500 S380
G1 X15.800 S0
G1 X15.900 S380
G1 X17.400 S0
G0 X17.400 Y7.000
G1 X15.900 Y7.000 S0 F1800
G1 X15.900 S380
G1 X15.700 S0
G1 X15.200 S380
G1 X15.000 S0
G1 X14.800 S380
G1 X14.600 S0
G1 X14.500 S380
G1 X13.100 S0
G1 X12.100 S380
G1 X12.000 S0
G1 X11.800 S380
G1 X10.200 S0
G1 X10.000 S380
G1 X9.800 S0
G1 X9.600 S380
G1 X9.400 S0
G1 X9.300 S380
G1 X7.900 S0
G1 X7.600 S380
G1 X7.400 S0
G1 X6.900 S380
G1 X6.800 S0
G1 X6.600 S380
G1 X6.400 S0
G1 X6.300 S380
G1 X6.200 S0
G1 X5.700 S380
G1 X5.600 S0
G1 X5.500 S380
G1 X5.300 S0
G1 X5.200 S380
G1 X5.000 S0
G1 X3.200 S380
G1 X3.100 S0
G1 X2.700 S380
G1 X2.600 S0
G1 X2.400 S380
G1 X2.200 S0
G1 X2.100 S380
G1 X1.900 S0
G1 X1.800 S380
G1 X1.600 S0
G1 X1.500 S380
G1 X0.300 S0
G1 X0.100 S380
G1 X-0.100 S0
G1 X-0.300 S380
G1 X-0.900 S0
G1 X-1.300 S380
G1 X-1.600 S0
G1 X-1.700 S380
G1 X-4.400 S0
G1 X-4.500 S380
G1 X-7.600 S0
G1 X-7.700 S380
G1 X-7.800 S0
G1 X-7.900 S380
G1 X-9.300 S0
G1 X-9.400 S380
G1 X-9.600 S0
G1 X-9.800 S380
G1 X-10.000 S0
G1 X-10.200 S380
G1 X-11.700 S0
G1 X-12.900 S380
G1 X-14.500 S0
G1 X-14.600 S380
G1 X-14.800 S0
G1 X-15.000 S380
G1 X-15.100 S0
G1 X-15.300 S380
G1 X-15.500 S0
G1 X-15.700 S380
G1 X-15.900 S0
G1 X-16.000 S380
G1 X-17.500 S0
G0 X-17.600 Y6.900
G1 X-16.100 Y6.900 S0 F1800
G1 X-16.000 S380
G1 X-15.800 S0
G1 X-15.600 S380
G1 X-15.400 S0
G1 X-15.000 S380
G1 X-14.800 S0
G1 X-14.600 S380
G1 X-12.800 S0
G1 X-11.900 S380
G1 X-10.200 S0
G1 X-10.100 S380
G1 X-9.800 S0
G1 X-9.700 S380
G1 X-9.500 S0
G1 X-9.300 S380
G1 X-8.100 S0
G1 X-7.700 S380
G1 X-7.400 S0
G1 X-7.300 S380
G1 X-4.600 S0
G1 X-4.500 S380
G1 X-4.200 S0
G1 X-4.100 S380
G1 X-1.800 S0
G1 X-1.700 S380
G1 X-1.300 S0
G1 X-1.000 S380
G1 X-0.400 S0
G1 X-0.200 S380
G1 X0.000 S0
G1 X0.200 S380
G1 X1.400 S0
G1 X1.600 S380
G1 X1.700 S0
G1 X1.900 S380
G1 X2.000 S0
G1 X2.100 S380
G1 X2.300 S0
G1 X2.500 S380
G1 X2.600 S0
G1 X2.900 S380
G1 X3.000 S0
G1 X5.600 S380
G1 X5.700 S0
G1 X6.200 S380
G1 X6.300 S0
G1 X6.900 S380
G1 X7.000 S0
G1 X7.900 S380
G1 X9.100 S0
G1 X9.300 S380
G1 X9.500 S0
G1 X9.600 S380
G1 X9.900 S0
G1 X10.100 S380
G1 X11.700 S0
G1 X12.900 S380
G1 X13.700 S0
G1 X13.900 S380
G1 X14.400 S0
G1 X14.600 S380
G1 X14.800 S0
G1 X15.000 S380
G1 X15.300 S0
G1 X15.600 S380
G1 X15.800 S0
G1 X16.000 S380
G1 X17.500 S0
G0 X17.500 Y6.800
G1 X16.000 Y6.800 S0 F1800
G1 X16.000 S380
G1 X15.700 S0
G1 X15.500 S380
G1 X15.200 S0
G1 X14.900 S380
G1 X14.700 S0
G1 X14.600 S380
G1 X14.000 S0
G1 X13.600 S380
G1 X12.800 S0
G1 X11.900 S380
G1 X10.100 S0
G1 X9.900 S380
G1 X9.600 S0
G1 X9.500 S380
G1 X9.300 S0
G1 X9.200 S380
G1 X8.000 S0
G1 X7.400 S380
G1 X7.300 S0
G1 X7.200 S380
G1 X7.100 S0
G1 X6.400 S380
G1 X6.300 S0
G1 X6.100 S380
G1 X5.700 S0
G1 X4.100 S380
G1 X4.000 S0
G1 X3.000 S380
G1 X2.900 S0
G1 X2.400 S380
G1 X2.200 S0
G1 X2.100 S380
G1 X2.000 S0
G1 X1.800 S380
G1 X1.700 S0
G1 X1.600 S380
G1 X0.300 S0
G1 X0.100 S380
G1 X-0.100 S0
G1 X-0.300 S380
G1 X-0.900 S0
G1 X-1.000 S380
G1 X-1.100 S0
G1 X-1.200 S380
G1 X-1.600 S0
G1 X-1.700 S380
G1 X-4.400 S0
G1 X-4.500 S380
G1 X-7.200 S0
G1 X-7.300 S380
G1 X-7.600 S0
G1 X-8.000 S380
G1 X-9.200 S0
G1 X-9.300 S380
G1 X-9.500 S0
G1 X-9.600 S380
G1 X-9.900 S0
G1 X-10.100 S380
G1 X-11.800 S0
G1 X-12.600 S380
G1 X-13.700 S0
G1 X-14.000 S380
G1 X-14.600 S0
G1 X-14.700 S380
G1 X-14.900 S0
G1 X-15.300 S380
G1 X-15.400 S0
G1 X-15.700 S380
G1 X-16.000 S0
G1 X-16.100 S380
G1 X-17.600 S0
G0 X-17.700 Y6.700
G1 X-16.200 Y6.700 S0 F1800
G1 X-16.100 S380
G1 X-15.900 S0
G1 X-15.800 S380
G1 X-15.700 S0
G1 X-15.500 S380
G1 X-15.300 S0
G1 X-15.100 S380
G1 X-14.900 S0
G1 X-14.700 S380
G1 X-14.100 S0
G1 X-13.600 S380
G1 X-12.500 S0
G1 X-12.000 S380
G1 X-10.100 S0
G1 X-9.900 S380
G1 X-9.700 S0
G1 X-9.600 S380
G1 X-9.400 S0
G1 X-9.200 S380
G1 X-8.100 S0
G1 X-8.000 S380
G1 X-7.900 S0
G1 X-7.800 S380
G1 X-7.400 S0
G1 X-7.300 S380
G1 X-6.500 S0
G1 X-6.400 S380
G1 X-4.600 S0
G1 X-4.500 S380
G1 X-1.300 S0
G1 X-1.000 S380
G1 X-0.400 S0
G1 X-0.200 S380
G1 X0.000 S0
G1 X0.200 S380
G1 X1.500 S0
G1 X1.600 S380
G1 X1.700 S0
G1 X1.900 S380
G1 X2.000 S0
G1 X2.200 S380
G1 X2.300 S0
G1 X2.700 S380
G1 X2.800 S0
G1 X3.200 S380
G1 X3.300 S0
G1 X3.900 S380
G1 X4.100 S0
G1 X4.300 S380
G1 X4.400 S0
G1 X4.600 S380
G1 X4.700 S0
G1 X5.400 S380
G1 X5.500 S0
G1 X6.000 S380
G1 X6.100 S0
G1 X6.300 S380
G1 X6.400 S0
G1 X6.500 S380
G1 X6.700 S0
G1 X7.000 S380
G1 X7.100 S0
G1 X7.200 S380
G1 X7.300 S0
G1 X7.400 S380
G1 X7.600 S0
G1 X7.700 S380
G1 X7.800 S0
G1 X7.900 S380
G1 X9.000 S0
G1 X9.200 S380
G1 X9.700 S0
G1 X9.900 S380
G1 X11.800 S0
G1 X12.500 S380
G1 X13.400 S0
G1 X14.000 S380
G1 X14.500 S0
G1 X14.700 S380
G1 X14.900 S0
G1 X15.200 S380
G1 X15.500 S0
G1 X15.700 S380
G1 X15.900 S0
G1 X16.100 S380
G1 X17.600 S0
G0 X17.600 Y6.600
G1 X16.100 Y6.600 S0 F1800
G1 X16.100 S380
G1 X15.800 S0
G1 X15.700 S380
G1 X15.400 S0
G1 X15.000 S380
G1 X14.800 S0
G1 X14.700 S380
G1 X14.100 S0
G1 X13.500 S380
G1 X12.400 S0
G1 X12.000 S380
G1 X10.000 S0
G1 X9.800 S380
G1 X9.500 S0
G1 X9.400 S380
G1 X9.200 S0
G1 X9.000 S380
G1 X8.100 S0
G1 X8.000 S380
G1 X7.900 S0
G1 X7.700 S380
G1 X7.600 S0
G1 X7.400 S380
G1 X7.300 S0
G1 X7.200 S380
G1 X7.100 S0
G1 X6.500 S380
G1 X6.400 S0
G1 X5.800 S380
G1 X5.600 S0
G1 X4.900 S380
G1 X4.700 S0
G1 X3.200 S380
G1 X3.100 S0
G1 X2.800 S380
G1 X2.700 S0
G1 X2.300 S380
G1 X2.200 S0
G1 X2.100 S380
G1 X2.000 S0
G1 X1.900 S380
G1 X1.700 S0
G1 X1.600 S380
G1 X0.300 S0
G1 X0.100 S380
G1 X-0.100 S0
G1 X-0.300 S380
G1 X-0.800 S0
G1 X-1.200 S380
G1 X-1.500 S0
G1 X-1.600 S380
G1 X-4.400 S0
G1 X-4.500 S380
G1 X-5.600 S0
G1 X-5.700 S380
G1 X-7.200 S0
G1 X-7.300 S380
G1 X-7.700 S0
G1 X-7.800 S380
G1 X-7.900 S0
G1 X-8.000 S380
G1 X-9.000 S0
G1 X-9.200 S380
G1 X-9.400 S0
G1 X-9.500 S380
G1 X-9.800 S0
G1 X-10.000 S380
G1 X-12.000 S0
G1 X-12.300 S380
G1 X-13.500 S0
G1 X-14.000 S380
G1 X-14.700 S0
G1 X-14.800 S380
G1 X-15.000 S0
G1 X-15.200 S380
G1 X-15.400 S0
G1 X-15.500 S380
G1 X-15.700 S0
G1 X-15.800 S380
G1 X-16.100 S0
G1 X-16.200 S380
G1 X-17.700 S0
G0 X-17.700 Y6.500
G1 X-16.200 Y6.500 S0 F1800
G1 X-16.200 S380
G1 X-16.000 S0
G1 X-15.800 S380
G1 X-15.600 S0
G1 X-15.500 S380
G1 X-15.300 S0
G1 X-15.200 S380
G1 X-15.000 S0
G1 X-14.800 S380
G1 X-14.200 S0
G1 X-13.900 S380
G1 X-13.600 S0
G1 X-13.400 S380
G1 X-12.400 S0
G1 X-12.100 S380
G1 X-10.000 S0
G1 X-9.800 S380
G1 X-9.500 S0
G1 X-9.400 S380
G1 X-9.200 S0
G1 X-9.100 S380
G1 X-8.100 S0
G1 X-8.000 S380
G1 X-7.900 S0
G1 X-7.800 S380
G1 X-7.400 S0
G1 X-7.300 S380
G1 X-4.600 S0
G1 X-4.500 S380
G1 X-1.700 S0
G1 X-1.600 S380
G1 X-1.300 S0
G1 X-0.900 S380
G1 X-0.400 S0
G1 X-0.200 S380
G1 X0.000 S0
G1 X0.200 S380
G1 X1.500 S0
G1 X1.600 S380
G1 X1.800 S0
G1 X1.900 S380
G1 X2.000 S0
G1 X2.100 S380
G1 X2.200 S0
G1 X2.600 S380
G1 X2.700 S0
G1 X2.900 S380
G1 X3.000 S0
G1 X3.400 S380
G1 X3.500 S0
G1 X3.800 S380
G1 X4.200 S0
G1 X4.700 S380
G1 X4.900 S0
G1 X5.700 S380
G1 X6.100 S0
G1 X6.400 S380
G1 X6.500 S0
G1 X6.900 S380
G1 X7.000 S0
G1 X8.000 S380
G1 X8.900 S0
G1 X9.100 S380
G1 X9.200 S0
G1 X9.300 S380
G1 X9.600 S0
G1 X9.800 S380
G1 X11.900 S0
G1 X12.200 S380
G1 X13.700 S0
G1 X14.000 S380
G1 X14.600 S0
G1 X14.800 S380
G1 X15.000 S0
G1 X15.500 S380
G1 X15.600 S0
G1 X15.800 S380
G1 X16.000 S0
G1 X16.200 S380
G1 X17.700 S0
G0 X17.700 Y6.400
G1 X16.200 Y6.400 S0 F1800
G1 X16.200 S380
G1 X15.900 S0
G1 X15.800 S380
G1 X15.700 S0
G1 X15.500 S380
G1 X15.300 S0
G1 X15.100 S380
G1 X14.900 S0
G1 X14.700 S380
G1 X14.200 S0
G1 X13.900 S380
G1 X12.300 S0
G1 X12.100 S380
G1 X9.900 S0
G1 X9.700 S380
G1 X9.400 S0
G1 X9.300 S380
G1 X9.100 S0
G1 X8.900 S380
G1 X8.200 S0
G1 X7.800 S380
G1 X7.700 S0
G1 X7.600 S380
G1 X7.500 S0
G1 X7.200 S380
G1 X7.100 S0
G1 X5.900 S380
G1 X5.800 S0
G1 X5.400 S380
G1 X5.100 S0
G1 X4.600 S380
G1 X4.400 S0
G1 X3.000 S380
G1 X2.900 S0
G1 X2.700 S380
G1 X2.600 S0
G1 X2.100 S380
G1 X2.000 S0
G1 X1.900 S380
G1 X0.300 S0
G1 X0.100 S380
G1 X-0.100 S0
G1 X-0.300 S380
G1 X-0.800 S0
G1 X-0.900 S380
G1 X-1.000 S0
G1 X-1.100 S380
G1 X-1.500 S0
G1 X-1.600 S380
G1 X-3.200 S0
G1 X-3.300 S380
G1 X-3.400 S0
G1 X-3.600 S380
G1 X-4.400 S0
G1 X-4.500 S380
G1 X-5.600 S0
G1 X-5.700 S380
G1 X-7.300 S0
G1 X-7.400 S380
G1 X-7.700 S0
G1 X-8.000 S380
G1 X-8.900 S0
G1 X-9.100 S380
G1 X-9.300 S0
G1 X-9.400 S380
G1 X-9.700 S0
G1 X-9.800 S380
G1 X-12.100 S0
G1 X-12.300 S380
G1 X-12.500 S0
G1 X-12.700 S380
G1 X-13.100 S0
G1 X-13.500 S380
G1 X-13.900 S0
G1 X-14.100 S380
G1 X-14.700 S0
G1 X-14.900 S380
G1 X-15.100 S0
G1 X-15.500 S380
G1 X-15.700 S0
G1 X-15.900 S380
G1 X-16.100 S0
G1 X-16.300 S380
G1 X-17.800 S0
G0 X-17.800 Y6.300
G1 X-16.300 Y6.300 S0 F1800
G1 X-16.300 S380
G1 X-16.100 S0
G1 X-15.800 S380
G1 X-15.600 S0
G1 X-15.300 S380
G1 X-15.000 S0
G1 X-14.900 S380
G1 X-14.300 S0
G1 X-14.000 S380
G1 X-13.600 S0
G1 X-13.000 S380
G1 X-12.800 S0
G1 X-12.400 S380
G1 X-9.900 S0
G1 X-9.700 S380
G1 X-9.400 S0
G1 X-9.300 S380
G1 X-9.200 S0
G1 X-9.000 S380
G1 X-8.200 S0
G1 X-7.800 S380
G1 X-7.500 S0
G1 X-7.400 S380
G1 X-4.600 S0
G1 X-4.500 S380
G1 X-1.700 S0
G1 X-1.600 S380
G1 X-1.200 S0
G1 X-1.100 S380
G1 X-1.000 S0
G1 X-0.900 S380
G1 X-0.400 S0
G1 X-0.200 S380
G1 X0.000 S0
G1 X0.200 S380
G1 X1.600 S0
G1 X1.700 S380
G1 X1.800 S0
G1 X2.400 S380
G1 X2.500 S0
G1 X2.700 S380
G1 X2.800 S0
G1 X3.400 S380
G1 X4.000 S0
G1 X5.100 S380
G1 X5.200 S0
G1 X5.300 S380
G1 X5.500 S0
G1 X6.600 S380
G1 X6.700 S0
G1 X6.800 S380
G1 X6.900 S0
G1 X7.000 S380
G1 X7.300 S0
G1 X7.400 S380
G1 X7.500 S0
G1 X8.100 S380
G1 X8.800 S0
G1 X9.000 S380
G1 X9.100 S0
G1 X9.200 S380
G1 X9.500 S0
G1 X9.700 S380
G1 X13.800 S0
G1 X14.100 S380
G1 X14.700 S0
G1 X14.900 S380
G1 X15.100 S0
G1 X15.300 S380
G1 X15.500 S0
G1 X15.900 S380
G1 X16.100 S0
G1 X16.200 S380
G1 X17.700 S0
G0 X17.800 Y6.200
G1 X16.300 Y6.200 S0 F1800
G1 X16.200 S380
G1 X16.000 S0
G1 X15.800 S380
G1 X15.400 S0
G1 X15.200 S380
G1 X15.000 S0
G1 X14.800 S380
G1 X14.300 S0
G1 X13.700 S380
G1 X9.800 S0
G1 X9.600 S380
G1 X9.300 S0
G1 X9.200 S380
G1 X9.000 S0
G1 X8.800 S380
G1 X8.000 S0
G1 X7.600 S380
G1 X7.500 S0
G1 X7.400 S380
G1 X7.200 S0
G1 X7.100 S380
G1 X7.000 S0
G1 X6.800 S380
G1 X6.700 S0
G1 X6.500 S380
G1 X6.300 S0
G1 X6.100 S380
G1 X6.000 S0
G1 X5.900 S380
G1 X5.800 S0
G1 X5.700 S380
G1 X5.500 S0
G1 X5.100 S380
G1 X4.700 S0
G1 X4.500 S380
G1 X3.200 S0
G1 X1.900 S380
G1 X1.800 S0
G1 X1.700 S380
G1 X0.300 S0
G1 X0.100 S380
G1 X-0.100 S0
G1 X-0.300 S380
G1 X-0.800 S0
G1 X-1.100 S380
G1 X-1.500 S0
G1 X-1.600 S380
G1 X-4.400 S0
G1 X-4.500 S380
G1 X-7.300 S0
G1 X-7.400 S380
G1 X-7.800 S0
G1 X-7.900 S380
G1 X-8.000 S0
G1 X-8.100 S380
G1 X-8.800 S0
G1 X-9.000 S380
G1 X-9.200 S0
G1 X-9.300 S380
G1 X-9.600 S0
G1 X-9.700 S380
G1 X-12.200 S0
G1 X-12.600 S380
G1 X-12.900 S0
G1 X-13.400 S380
G1 X-13.900 S0
G1 X-14.200 S380
G1 X-14.800 S0
G1 X-15.000 S380
G1 X-15.200 S0
G1 X-15.400 S380
G1 X-15.700 S0
G1 X-16.000 S380
G1 X-16.200 S0
G1 X-16.400 S380
G1 X-17.900 S0
G0 X-17.900 Y6.100
G1 X-16.400 Y6.100 S0 F1800
G1 X-16.400 S380
G1 X-16.100 S0
G1 X-16.000 S380
G1 X-15.900 S0
G1 X-15.800 S380
G1 X-15.500 S0
G1 X-15.300 S380
G1 X-15.100 S0
G1 X-15.000 S380
G1 X-14.400 S0
G1 X-13.900 S380
G1 X-13.500 S0
G1 X-13.100 S380
G1 X-12.700 S0
G1 X-12.300 S380
G1 X-9.800 S0
G1 X-9.600 S380
G1 X-9.300 S0
G1 X-9.200 S380
G1 X-9.100 S0
G1 X-8.900 S380
G1 X-8.200 S0
G1 X-8.100 S380
G1 X-8.000 S0
G1 X-7.900 S380
G1 X-7.500 S0
G1 X-7.400 S380
G1 X-4.600 S0
G1 X-4.500 S380
G1 X-1.700 S0
G1 X-1.600 S380
G1 X-1.200 S0
G1 X-0.900 S380
G1 X-0.400 S0
G1 X-0.200 S380
G1 X0.000 S0
G1 X0.200 S380
G1 X1.600 S0
G1 X1.700 S380
G1 X1.800 S0
G1 X2.900 S380
G1 X3.200 S0
G1 X4.300 S380
G1 X4.500 S0
G1 X4.700 S380
G1 X5.100 S0
G1 X5.800 S380
G1 X5.900 S0
G1 X6.000 S380
G1 X6.100 S0
G1 X6.300 S380
G1 X6.500 S0
G1 X7.100 S380
G1 X7.300 S0
G1 X7.700 S380
G1 X7.800 S0
G1 X7.900 S380
G1 X8.700 S0
G1 X8.900 S380
G1 X9.000 S0
G1 X9.100 S380
G1 X9.400 S0
G1 X9.600 S380
G1 X13.400 S0
G1 X14.200 S380
G1 X14.800 S0
G1 X14.900 S380
G1 X15.100 S0
G1 X15.400 S380
G1 X15.700 S0
G1 X15.900 S380
G1 X16.200 S0
G1 X16.300 S380
G1 X17.800 S0
G0 X17.900 Y6.000
G1 X16.400 Y6.000 S0 F1800
G1 X16.300 S380
G1 X16.100 S0
G1 X15.900 S380
G1 X15.600 S0
G1 X15.300 S380
G1 X15.100 S0
G1 X14.900 S380
G1 X14.400 S0
G1 X13.200 S380
G1 X9.700 S0
G1 X9.500 S380
G1 X9.200 S0
G1 X9.100 S380
G1 X8.900 S0
G1 X8.800 S380
G1 X8.100 S0
G1 X7.500 S380
G1 X7.200 S0
G1 X7.000 S380
G1 X6.900 S0
G1 X6.600 S380
G1 X6.500 S0
G1 X6.200 S380
G1 X6.100 S0
G1 X6.000 S380
G1 X5.900 S0
G1 X5.600 S380
G1 X5.500 S0
G1 X5.300 S380
G1 X4.900 S0
G1 X4.800 S380
G1 X4.600 S0
G1 X4.200 S380
G1 X3.800 S0
G1 X3.100 S380
G1 X2.800 S0
G1 X2.400 S380
G1 X2.300 S0
G1 X1.900 S380
G1 X1.800 S0
G1 X1.700 S380
G1 X0.300 S0
G1 X0.100 S380
G1 X-0.100 S0
G1 X-0.300 S380
G1 X-0.700 S0
G1 X-1.100 S380
G1 X-1.400 S0
G1 X-1.500 S380
G1 X-3.000 S0
G1 X-3.500 S380
G1 X-4.400 S0
G1 X-4.500 S380
G1 X-5.400 S0
G1 X-5.800 S380
G1 X-7.300 S0
G1 X-7.400 S380
G1 X-7.800 S0
G1 X-7.900 S380
G1 X-8.000 S0
G1 X-8.100 S380
G1 X-8.800 S0
G1 X-8.900 S380
G1 X-9.100 S0
G1 X-9.200 S380
G1 X-9.500 S0
G1 X-9.600 S380
G1 X-12.200 S0
G1 X-12.500 S380
G1 X-13.200 S0
G1 X-13.500 S380
G1 X-13.600 S0
G1 X-14.300 S380
G1 X-14.900 S0
G1 X-15.100 S380
G1 X-15.300 S0
G1 X-15.500 S380
G1 X-15.600 S0
G1 X-15.800 S380
G1 X-15.900 S0
G1 X-16.100 S380
G1 X-16.300 S0
G1 X-16.400 S380
G1 X-17.900 S0
G0 X-18.000 Y5.900
G1 X-16.500 Y5.900 S0 F1800
G1 X-16.400 S380
G1 X-16.200 S0
G1 X-16.000 S380
G1 X-15.900 S0
G1 X-15.700 S380
G1 X-15.600 S0
G1 X-15.400 S380
G1 X-15.200 S0
G1 X-15.000 S380
G1 X-14.500 S0
G1 X-13.300 S380
G1 X-12.700 S0
G1 X-12.400 S380
G1 X-9.700 S0
G1 X-9.500 S380
G1 X-9.300 S0
G1 X-9.200 S380
G1 X-9.000 S0
G1 X-8.800 S380
G1 X-8.200 S0
G1 X-7.900 S380
G1 X-7.600 S0
G1 X-7.400 S380
G1 X-6.400 S0
G1 X-5.700 S380
G1 X-5.600 S0
G1 X-5.100 S380
G1 X-4.600 S0
G1 X-4.500 S380
G1 X-3.900 S0
G1 X-3.500 S380
G1 X-3.400 S0
G1 X-2.700 S380
G1 X-1.600 S0
G1 X-1.500 S380
G1 X-1.100 S0
G1 X-0.800 S380
G1 X-0.400 S0
G1 X-0.200 S380
G1 X0.000 S0
G1 X0.200 S380
G1 X1.600 S0
G1 X1.700 S380
G1 X1.800 S0
G1 X2.600 S380
G1 X2.800 S0
G1 X3.100 S380
G1 X3.200 S0
G1 X3.400 S380
G1 X4.400 S0
G1 X4.700 S380
G1 X4.800 S0
G1 X4.900 S380
G1 X5.300 S0
G1 X5.400 S380
G1 X5.500 S0
G1 X5.600 S380
G1 X5.800 S0
G1 X6.200 S380
G1 X6.300 S0
G1 X6.600 S380
G1 X6.700 S0
G1 X6.900 S380
G1 X7.000 S0
G1 X7.100 S380
G1 X7.400 S0
G1 X8.000 S380
G1 X8.600 S0
G1 X8.800 S380
G1 X9.300 S0
G1 X9.500 S380
G1 X12.900 S0
G1 X14.300 S380
G1 X14.900 S0
G1 X15.000 S380
G1 X15.200 S0
G1 X15.700 S380
G1 X15.900 S0
G1 X16.000 S380
G1 X16.200 S0
G1 X16.400 S380
G1 X17.900 S0
G0 X17.900 Y5.800
G1 X16.400 Y5.800 S0 F1800
G1 X16.400 S380
G1 X16.200 S0
G1 X15.700 S380
G1 X15.500 S0
G1 X15.400 S380
G1 X15.200 S0
G1 X15.000 S380
G1 X14.400 S0
G1 X14.100 S380
G1 X14.000 S0
G1 X12.800 S380
G1 X12.600 S0
G1 X12.400 S380
G1 X9.600 S0
G1 X9.400 S380
G1 X9.100 S0
G1 X9.000 S380
G1 X8.800 S0
G1 X8.700 S380
G1 X8.100 S0
G1 X7.600 S380
G1 X7.200 S0
G1 X7.100 S380
G1 X7.000 S0
G1 X6.900 S380
G1 X6.700 S0
G1 X6.600 S380
G1 X6.500 S0
G1 X6.400 S380
G1 X6.300 S0
G1 X6.100 S380
G1 X5.900 S0
G1 X5.500 S380
G1 X5.100 S0
G1 X5.000 S380
G1 X4.900 S0
G1 X4.700 S380
G1 X4.200 S0
G1 X3.600 S380
G1 X3.400 S0
G1 X3.100 S380
G1 X3.000 S0
G1 X2.700 S380
G1 X2.600 S0
G1 X1.900 S380
G1 X1.800 S0
G1 X1.700 S380
G1 X0.300 S0
G1 X0.100 S380
G1 X-0.100 S0
G1 X-0.300 S380
G1 X-0.700 S0
G1 X-0.800 S380
G1 X-0.900 S0
G1 X-1.000 S380
G1 X-1.400 S0
G1 X-1.500 S380
G1 X-2.200 S0
G1 X-2.700 S380
G1 X-2.900 S0
G1 X-3.600 S380
G1 X-3.800 S0
G1 X-4.000 S380
G1 X-4.400 S0
G1 X-4.500 S380
G1 X-4.800 S0
G1 X-6.000 S380
G1 X-6.200 S0
G1 X-6.700 S380
G1 X-7.300 S0
G1 X-7.500 S380
G1 X-7.800 S0
G1 X-8.200 S380
G1 X-8.700 S0
G1 X-8.800 S380
G1 X-9.000 S0
G1 X-9.100 S380
G1 X-9.400 S0
G1 X-9.600 S380
G1 X-12.300 S0
G1 X-12.600 S380
G1 X-13.200 S0
G1 X-14.400 S380
G1 X-15.000 S0
G1 X-15.100 S380
G1 X-15.300 S0
G1 X-15.500 S380
G1 X-15.600 S0
G1 X-15.700 S380
G1 X-15.900 S0
G1 X-16.100 S380
G1 X-16.400 S0
G1 X-16.500 S380
G1 X-18.000 S0
G0 X-18.100 Y5.700
G1 X-16.600 Y5.700 S0 F1800
G1 X-16.500 S380
G1 X-16.300 S0
G1 X-16.000 S380
G1 X-15.800 S0
G1 X-15.500 S380
G1 X-15.300 S0
G1 X-15.100 S380
G1 X-14.500 S0
G1 X-13.000 S380
G1 X-12.700 S0
G1 X-12.500 S380
G1 X-9.600 S0
G1 X-9.400 S380
G1 X-9.200 S0
G1 X-9.100 S380
G1 X-8.900 S0
G1 X-8.700 S380
G1 X-8.300 S0
G1 X-7.900 S380
G1 X-7.600 S0
G1 X-6.700 S380
G1 X-6.300 S0
G1 X-4.800 S380
G1 X-4.600 S0
G1 X-4.500 S380
G1 X-4.300 S0
G1 X-4.100 S380
G1 X-3.900 S0
G1 X-2.800 S380
G1 X-2.400 S0
G1 X-1.400 S380
G1 X-1.100 S0
G1 X-1.000 S380
G1 X-0.900 S0
G1 X-0.800 S380
G1 X-0.400 S0
G1 X-0.200 S380
G1 X0.000 S0
G1 X0.200 S380
G1 X1.600 S0
G1 X1.700 S380
G1 X1.800 S0
G1 X2.000 S380
G1 X2.100 S0
G1 X2.300 S380
G1 X2.500 S0
G1 X2.700 S380
G1 X2.900 S0
G1 X3.500 S380
G1 X4.000 S0
G1 X4.400 S380
G1 X4.700 S0
G1 X4.900 S380
G1 X5.000 S0
G1 X5.100 S380
G1 X5.400 S0
G1 X5.600 S380
G1 X5.700 S0
G1 X5.900 S380
G1 X6.100 S0
G1 X6.200 S380
G1 X6.300 S0
G1 X6.500 S380
G1 X6.600 S0
G1 X6.700 S380
G1 X6.900 S0
G1 X7.100 S380
G1 X7.500 S0
G1 X7.700 S380
G1 X7.800 S0
G1 X8.000 S380
G1 X8.500 S0
G1 X8.700 S380
G1 X8.900 S0
G1 X9.000 S380
G1 X9.300 S0
G1 X9.400 S380
G1 X12.300 S0
G1 X13.700 S380
G1 X14.100 S0
G1 X14.400 S380
G1 X14.900 S0
G1 X15.100 S380
G1 X15.300 S0
G1 X15.500 S380
G1 X15.700 S0
G1 X16.100 S380
G1 X16.300 S0
G1 X16.500 S380
G1 X18.000 S0
G0 X18.000 Y5.600
G1 X16.500 Y5.600 S0 F1800
G1 X16.400 S380
G1 X16.200 S0
G1 X16.000 S380
G1 X15.600 S0
G1 X15.400 S380
G1 X15.200 S0
G1 X15.100 S380
G1 X14.500 S0
G1 X14.100 S380
G1 X13.600 S0
G1 X12.400 S380
G1 X9.500 S0
G1 X9.300 S380
G1 X8.800 S0
G1 X8.600 S380
G1 X8.100 S0
G1 X7.900 S380
G1 X7.800 S0
G1 X7.700 S380
G1 X7.200 S0
G1 X7.100 S380
G1 X6.900 S0
G1 X6.300 S380
G1 X6.100 S0
G1 X5.900 S380
G1 X5.800 S0
G1 X5.600 S380
G1 X5.200 S0
G1 X4.900 S380
G1 X4.700 S0
G1 X4.400 S380
G1 X3.200 S0
G1 X2.800 S380
G1 X2.700 S0
G1 X2.500 S380
G1 X2.300 S0
G1 X1.600 S380
G1 X0.300 S0
G1 X0.100 S380
G1 X-0.100 S0
G1 X-0.300 S380
G1 X-0.700 S0
G1 X-0.800 S380
G1 X-0.900 S0
G1 X-1.000 S380
G1 X-1.300 S0
G1 X-1.400 S380
G1 X-3.300 S0
G1 X-4.000 S380
G1 X-4.100 S0
G1 X-4.300 S380
G1 X-4.400 S0
G1 X-4.500 S380
G1 X-4.600 S0
G1 X-5.400 S380
G1 X-7.400 S0
G1 X-7.600 S380
G1 X-7.900 S0
G1 X-8.200 S380
G1 X-8.600 S0
G1 X-8.800 S380
G1 X-9.300 S0
G1 X-9.500 S380
G1 X-12.400 S0
G1 X-14.000 S380
G1 X-15.100 S0
G1 X-15.200 S380
G1 X-15.400 S0
G1 X-15.700 S380
G1 X-15.900 S0
G1 X-16.200 S380
G1 X-16.400 S0
G1 X-16.600 S380
G1 X-18.100 S0
G0 X-18.100 Y5.500
G1 X-16.600 Y5.500 S0 F1800
G1 X-16.600 S380
G1 X-16.400 S0
G1 X-16.200 S380
G1 X-16.100 S0
G1 X-16.000 S380
G1 X-15.800 S0
G1 X-15.600 S380
G1 X-15.400 S0
G1 X-15.200 S380
G1 X-13.900 S0
G1 X-12.600 S380
G1 X-9.500 S0
G1 X-9.400 S380
G1 X-8.800 S0
G1 X-8.700 S380
G1 X-8.300 S0
G1 X-8.000 S380
G1 X-7.800 S0
G1 X-7.300 S380
G1 X-6.200 S0
G1 X-6.100 S380
G1 X-5.500 S0
G1 X-5.100 S380
G1 X-4.700 S0
G1 X-4.300 S380
G1 X-4.200 S0
G1 X-3.600 S380
G1 X-3.000 S0
G1 X-2.800 S380
G1 X-1.500 S0
G1 X-1.200 S380
G1 X-1.100 S0
G1 X-0.700 S380
G1 X-0.400 S0
G1 X-0.200 S380
G1 X0.000 S0
G1 X0.200 S380
G1 X1.400 S0
G1 X2.100 S380
G1 X2.200 S0
G1 X2.500 S380
G1 X2.600 S0
G1 X2.900 S380
G1 X3.200 S0
G1 X4.400 S380
G1 X4.500 S0
G1 X4.700 S380
G1 X4.900 S0
G1 X5.200 S380
G1 X5.600 S0
G1 X5.800 S380
G1 X5.900 S0
G1 X6.000 S380
G1 X6.200 S0
G1 X6.400 S380
G1 X6.500 S0
G1 X6.800 S380
G1 X7.700 S0
G1 X7.900 S380
G1 X8.500 S0
G1 X8.600 S380
G1 X8.800 S0
G1 X8.900 S380
G1 X9.200 S0
G1 X9.300 S380
G1 X12.400 S0
G1 X13.300 S380
G1 X14.000 S0
G1 X14.500 S380
G1 X15.000 S0
G1 X15.200 S380
G1 X15.400 S0
G1 X15.600 S380
G1 X16.000 S0
G1 X16.200 S380
G1 X16.400 S0
G1 X16.500 S380
G1 X18.000 S0
G0 X18.100 Y5.400
G1 X16.600 Y5.400 S0 F1800
G1 X16.500 S380
G1 X16.300 S0
G1 X16.100 S380
G1 X15.800 S0
G1 X15.500 S380
G1 X15.300 S0
G1 X15.100 S380
G1 X14.600 S0
G1 X14.000 S380
G1 X13.100 S0
G1 X12.500 S380
G1 X9.400 S0
G1 X9.200 S380
G1 X8.700 S0
G1 X8.500 S380
G1 X8.100 S0
G1 X8.000 S380
G1 X7.900 S0
G1 X7.800 S380
G1 X6.900 S0
G1 X6.600 S380
G1 X6.500 S0
G1 X6.400 S380
G1 X6.100 S0
G1 X5.700 S380
G1 X5.300 S0
G1 X5.100 S380
G1 X4.900 S0
G1 X4.800 S380
G1 X4.700 S0
G1 X4.100 S380
G1 X3.500 S0
G1 X3.000 S380
G1 X2.800 S0
G1 X2.600 S380
G1 X2.500 S0
G1 X1.500 S380
G1 X0.300 S0
G1 X0.100 S380
G1 X-0.100 S0
G1 X-0.300 S380
G1 X-0.600 S0
G1 X-1.300 S380
G1 X-1.400 S0
G1 X-1.900 S380
G1 X-2.800 S0
G1 X-3.600 S380
G1 X-4.300 S0
G1 X-4.600 S380
G1 X-5.000 S0
G1 X-6.000 S380
G1 X-7.000 S0
G1 X-8.200 S380
G1 X-8.500 S0
G1 X-8.700 S380
G1 X-9.200 S0
G1 X-9.400 S380
G1 X-12.500 S0
G1 X-13.500 S380
G1 X-15.100 S0
G1 X-15.300 S380
G1 X-15.500 S0
G1 X-15.700 S380
G1 X-15.800 S0
G1 X-16.000 S380
G1 X-16.100 S0
G1 X-16.300 S380
G1 X-16.500 S0
G1 X-16.700 S380
G1 X-18.200 S0
G0 X-18.200 Y5.300
G1 X-16.700 Y5.300 S0 F1800
G1 X-16.600 S380
G1 X-16.400 S0
G1 X-16.200 S380
G1 X-16.100 S0
G1 X-15.900 S380
G1 X-15.800 S0
G1 X-15.600 S380
G1 X-15.400 S0
G1 X-15.300 S380
G1 X-14.700 S0
G1 X-14.500 S380
G1 X-13.400 S0
G1 X-12.600 S380
G1 X-9.500 S0
G1 X-9.300 S380
G1 X-8.700 S0
G1 X-8.600 S380
G1 X-8.400 S0
G1 X-7.400 S380
G1 X-6.700 S0
G1 X-5.100 S380
G1 X-4.900 S0
G1 X-4.100 S380
G1 X-4.000 S0
G1 X-2.400 S380
G1 X-1.600 S0
G1 X-0.700 S380
G1 X-0.400 S0
G1 X-0.200 S380
G1 X0.000 S0
G1 X0.200 S380
G1 X1.400 S0
G1 X2.000 S380
G1 X2.100 S0
G1 X2.300 S380
G1 X2.400 S0
G1 X2.600 S380
G1 X2.700 S0
G1 X3.000 S380
G1 X4.300 S0
G1 X4.600 S380
G1 X4.800 S0
G1 X4.900 S380
G1 X5.100 S0
G1 X5.200 S380
G1 X5.600 S0
G1 X5.800 S380
G1 X5.900 S0
G1 X6.000 S380
G1 X6.300 S0
G1 X6.400 S380
G1 X6.500 S0
G1 X6.800 S380
G1 X7.800 S0
G1 X7.900 S380
G1 X8.400 S0
G1 X8.500 S380
G1 X8.700 S0
G1 X8.800 S380
G1 X9.100 S0
G1 X9.300 S380
G1 X12.500 S0
G1 X12.800 S380
G1 X13.900 S0
G1 X14.300 S380
G1 X15.100 S0
G1 X15.200 S380
G1 X15.400 S0
G1 X15.900 S380
G1 X16.100 S0
G1 X16.200 S380
G1 X16.400 S0
G1 X16.600 S380
G1 X18.100 S0
G0 X18.100 Y5.200
G1 X16.600 Y5.200 S0 F1800
G1 X16.600 S380
G1 X16.400 S0
G1 X16.200 S380
G1 X16.100 S0
G1 X15.800 S380
G1 X15.700 S0
G1 X15.600 S380
G1 X15.400 S0
G1 X15.200 S380
G1 X12.900 S0
G1 X12.600 S380
G1 X9.300 S0
G1 X9.200 S380
G1 X8.900 S0
G1 X8.800 S380
G1 X8.600 S0
G1 X8.500 S380
G1 X8.000 S0
G1 X7.900 S380
G1 X6.900 S0
G1 X6.800 S380
G1 X6.700 S0
G1 X6.400 S380
G1 X6.100 S0
G1 X6.000 S380
G1 X5.900 S0
G1 X5.700 S380
G1 X5.100 S0
G1 X4.900 S380
G1 X4.800 S0
G1 X4.500 S380
G1 X2.900 S0
G1 X2.600 S380
G1 X2.500 S0
G1 X2.400 S380
G1 X2.300 S0
G1 X1.400 S380
G1 X0.300 S0
G1 X0.100 S380
G1 X-0.100 S0
G1 X-0.300 S380
G1 X-0.600 S0
G1 X-1.000 S380
G1 X-1.100 S0
G1 X-8.300 S380
G1 X-8.500 S0
G1 X-8.600 S380
G1 X-9.200 S0
G1 X-9.300 S380
G1 X-12.600 S0
G1 X-13.100 S380
G1 X-14.400 S0
G1 X-14.600 S380
G1 X-15.200 S0
G1 X-15.400 S380
G1 X-15.600 S0
G1 X-15.900 S380
G1 X-16.100 S0
G1 X-16.300 S380
G1 X-16.600 S0
G1 X-16.700 S380
G1 X-18.200 S0
G0 X-18.200 Y5.100
G1 X-16.700 Y5.100 S0 F1800
G1 X-16.700 S380
G1 X-16.500 S0
G1 X-16.200 S380
G1 X-16.000 S0
G1 X-15.700 S380
G1 X-15.500 S0
G1 X-15.300 S380
G1 X-14.800 S0
G1 X-14.400 S380
G1 X-13.000 S0
G1 X-12.700 S380
G1 X-9.400 S0
G1 X-9.200 S380
G1 X-8.700 S0
G1 X-8.500 S380
G1 X-8.400 S0
G1 X-6.800 S380
G1 X-5.100 S0
G1 X-4.000 S380
G1 X-3.800 S0
G1 X-3.700 S380
G1 X-2.300 S0
G1 X-0.900 S380
G1 X-0.800 S0
G1 X-0.700 S380
G1 X-0.400 S0
G1 X-0.200 S380
G1 X0.000 S0
G1 X0.200 S380
G1 X1.300 S0
G1 X2.600 S380
G1 X4.600 S0
G1 X4.800 S380
G1 X4.900 S0
G1 X5.100 S380
G1 X5.700 S0
G1 X5.800 S380
G1 X5.900 S0
G1 X6.000 S380
G1 X6.400 S0
G1 X6.700 S380
G1 X6.800 S0
G1 X6.900 S380
G1 X8.300 S0
G1 X8.500 S380
G1 X9.000 S0
G1 X9.200 S380
G1 X12.600 S0
G1 X12.700 S380
G1 X14.400 S0
G1 X14.600 S380
G1 X15.100 S0
G1 X15.300 S380
G1 X15.500 S0
G1 X15.700 S380
G1 X15.900 S0
G1 X16.300 S380
G1 X16.500 S0
G1 X16.700 S380
G1 X18.200 S0
G0 X18.200 Y5.000
G1 X16.700 Y5.000 S0 F1800
G1 X16.600 S380
G1 X16.400 S0
G1 X16.100 S380
G1 X15.800 S0
G1 X15.600 S380
G1 X15.400 S0
G1 X15.300 S380
G1 X14.700 S0
G1 X14.200 S380
G1 X9.300 S0
G1 X9.100 S380
G1 X8.800 S0
G1 X8.700 S380
G1 X8.600 S0
G1 X8.400 S380
G1 X7.000 S0
G1 X6.500 S380
G1 X6.100 S0
G1 X5.800 S380
G1 X5.200 S0
G1 X5.100 S380
G1 X4.900 S0
G1 X4.800 S380
G1 X2.600 S0
G1 X1.300 S380
G1 X0.300 S0
G1 X0.100 S380
G1 X-0.100 S0
G1 X-0.300 S380
G1 X-0.600 S0
G1 X-8.300 S380
G1 X-8.400 S0
G1 X-8.600 S380
G1 X-9.100 S0
G1 X-9.300 S380
G1 X-12.700 S0
G1 X-12.900 S380
G1 X-14.200 S0
G1 X-14.700 S380
G1 X-15.300 S0
G1 X-15.400 S380
G1 X-15.600 S0
G1 X-15.900 S380
G1 X-16.100 S0
G1 X-16.200 S380
G1 X-16.300 S0
G1 X-16.400 S380
G1 X-16.600 S0
G1 X-16.800 S380
G1 X-18.300 S0
G0 X-18.300 Y4.900
G1 X-16.800 Y4.900 S0 F1800
G1 X-16.800 S380
G1 X-16.500 S0
G1 X-16.400 S380
G1 X-16.300 S0
G1 X-16.100 S380
G1 X-16.000 S0
G1 X-15.800 S380
G1 X-15.600 S0
G1 X-15.400 S380
G1 X-14.800 S0
G1 X-14.200 S380
G1 X-13.000 S0
G1 X-12.800 S380
G1 X-9.300 S0
G1 X-9.200 S380
G1 X-8.900 S0
G1 X-8.800 S380
G1 X-8.600 S0
G1 X-8.500 S380
G1 X-8.300 S0
G1 X-6.400 S380
G1 X-5.100 S0
G1 X-3.900 S380
G1 X-2.600 S0
G1 X-0.700 S380
G1 X-0.400 S0
G1 X-0.200 S380
G1 X0.000 S0
G1 X0.200 S380
G1 X1.100 S0
G1 X2.400 S380
G1 X4.800 S0
G1 X4.900 S380
G1 X5.100 S0
G1 X5.200 S380
G1 X5.800 S0
G1 X5.900 S380
G1 X6.400 S0
G1 X6.600 S380
G1 X6.700 S0
G1 X6.900 S380
G1 X8.300 S0
G1 X8.400 S380
G1 X8.600 S0
G1 X8.700 S380
G1 X9.000 S0
G1 X9.100 S380
G1 X14.100 S0
G1 X14.700 S380
G1 X15.200 S0
G1 X15.400 S380
G1 X15.600 S0
G1 X15.800 S380
G1 X16.100 S0
G1 X16.300 S380
G1 X16.600 S0
G1 X16.700 S380
G1 X18.200 S0
G0 X18.300 Y4.800
G1 X16.800 Y4.800 S0 F1800
G1 X16.700 S380
G1 X16.500 S0
G1 X16.300 S380
G1 X16.000 S0
G1 X15.700 S380
G1 X15.500 S0
G1 X15.300 S380
G1 X14.800 S0
G1 X14.400 S380
G1 X9.200 S0
G1 X9.000 S380
G1 X8.800 S0
G1 X8.700 S380
G1 X8.500 S0
G1 X8.400 S380
G1 X7.000 S0
G1 X6.800 S380
G1 X6.700 S0
G1 X6.600 S380
G1 X5.400 S0
G1 X5.200 S380
G1 X5.100 S0
G1 X5.000 S380
G1 X2.400 S0
G1 X1.800 S380
G1 X1.700 S0
G1 X1.600 S380
G1 X1.500 S0
G1 X1.300 S380
G1 X1.200 S0
G1 X1.100 S380
G1 X0.300 S0
G1 X0.100 S380
G1 X-0.100 S0
G1 X-0.300 S380
G1 X-4.100 S0
G1 X-4.800 S380
G1 X-8.400 S0
G1 X-8.500 S380
G1 X-9.000 S0
G1 X-9.200 S380
G1 X-13.900 S0
G1 X-14.400 S380
G1 X-14.500 S0
G1 X-14.700 S380
G1 X-15.300 S0
G1 X-15.500 S380
G1 X-15.700 S0
G1 X-15.900 S380
G1 X-16.000 S0
G1 X-16.200 S380
G1 X-16.300 S0
G1 X-16.500 S380
G1 X-16.700 S0
G1 X-16.800 S380
G1 X-18.300 S0
G0 X-18.400 Y4.700
G1 X-16.900 Y4.700 S0 F1800
G1 X-16.800 S380
G1 X-16.600 S0
G1 X-16.400 S380
G1 X-16.200 S0
G1 X-15.800 S380
G1 X-15.600 S0
G1 X-15.500 S380
G1 X-14.300 S0
G1 X-13.900 S380
G1 X-9.300 S0
G1 X-9.100 S380
G1 X-8.600 S0
G1 X-8.400 S380
G1 X-0.400 S0
G1 X-0.200 S380
G1 X0.000 S0
G1 X0.200 S380
G1 X0.900 S0
G1 X1.000 S380
G1 X1.100 S0
G1 X1.300 S380
G1 X1.500 S0
G1 X1.600 S380
G1 X1.700 S0
G1 X2.200 S380
G1 X4.900 S0
G1 X5.100 S380
G1 X5.200 S0
G1 X5.400 S380
G1 X6.500 S0
G1 X6.600 S380
G1 X6.700 S0
G1 X6.800 S380
G1 X8.200 S0
G1 X8.400 S380
G1 X8.500 S0
G1 X8.600 S380
G1 X8.900 S0
G1 X9.100 S380
G1 X14.400 S0
G1 X14.700 S380
G1 X15.300 S0
G1 X15.400 S380
G1 X15.600 S0
G1 X16.100 S380
G1 X16.300 S0
G1 X16.400 S380
G1 X16.600 S0
G1 X16.800 S380
G1 X18.300 S0
G0 X18.300 Y4.600
G1 X16.800 Y4.600 S0 F1800
G1 X16.800 S380
G1 X16.500 S0
G1 X16.400 S380
G1 X16.300 S0
G1 X16.000 S380
G1 X15.900 S0
G1 X15.800 S380
G1 X15.600 S0
G1 X15.400 S380
G1 X14.800 S0
G1 X14.600 S380
G1 X9.200 S0
G1 X9.000 S380
G1 X8.700 S0
G1 X8.600 S380
G1 X8.500 S0
G1 X8.300 S380
G1 X6.900 S0
G1 X6.700 S380
G1 X5.600 S0
G1 X5.100 S380
G1 X2.200 S0
G1 X1.700 S380
G1 X1.600 S0
G1 X1.500 S380
G1 X1.400 S0
G1 X1.100 S380
G1 X1.000 S0
G1 X0.900 S380
G1 X0.300 S0
G1 X0.100 S380
G1 X-0.100 S0
G1 X-0.300 S380
G1 X-8.300 S0
G1 X-8.500 S380
G1 X-8.600 S0
G1 X-8.700 S380
G1 X-9.000 S0
G1 X-9.100 S380
G1 X-13.700 S0
G1 X-14.100 S380
G1 X-15.400 S0
G1 X-15.600 S380
G1 X-15.800 S0
G1 X-16.100 S380
G1 X-16.300 S0
G1 X-16.500 S380
G1 X-16.700 S0
G1 X-16.900 S380
G1 X-18.400 S0
G0 X-18.400 Y4.500
G1 X-16.900 Y4.500 S0 F1800
G1 X-16.900 S380
G1 X-16.700 S0
G1 X-16.400 S380
G1 X-16.100 S0
G1 X-15.900 S380
G1 X-15.700 S0
G1 X-15.500 S380
G1 X-14.100 S0
G1 X-13.600 S380
G1 X-9.200 S0
G1 X-9.100 S380
G1 X-8.800 S0
G1 X-8.700 S380
G1 X-8.500 S0
G1 X-8.400 S380
G1 X-0.400 S0
G1 X-0.200 S380
G1 X0.000 S0
G1 X0.200 S380
G1 X0.700 S0
G1 X0.800 S380
G1 X1.000 S0
G1 X1.300 S380
G1 X1.400 S0
G1 X1.700 S380
G1 X1.800 S0
G1 X2.100 S380
G1 X5.200 S0
G1 X5.600 S380
G1 X6.600 S0
G1 X6.800 S380
G1 X8.200 S0
G1 X8.300 S380
G1 X8.500 S0
G1 X8.600 S380
G1 X8.900 S0
G1 X9.000 S380
G1 X14.400 S0
G1 X14.800 S380
G1 X15.300 S0
G1 X15.500 S380
G1 X15.700 S0
G1 X15.900 S380
G1 X16.100 S0
G1 X16.500 S380
G1 X16.700 S0
G1 X16.800 S380
G1 X18.300 S0
G0 X18.400 Y4.400
G1 X16.900 Y4.400 S0 F1800
G1 X16.800 S380
G1 X16.600 S0
G1 X16.300 S380
G1 X16.000 S0
G1 X15.800 S380
G1 X15.600 S0
G1 X15.500 S380
G1 X14.900 S0
G1 X14.100 S380
G1 X9.100 S0
G1 X8.900 S380
G1 X8.400 S0
G1 X8.300 S380
G1 X6.900 S0
G1 X6.800 S380
G1 X5.900 S0
G1 X5.400 S380
G1 X2.200 S0
G1 X1.400 S380
G1 X1.300 S0
G1 X1.200 S380
G1 X1.100 S0
G1 X1.000 S380
G1 X0.800 S0
G1 X0.700 S380
G1 X0.300 S0
G1 X0.100 S380
G1 X-0.100 S0
G1 X-0.300 S380
G1 X-8.300 S0
G1 X-8.400 S380
G1 X-8.900 S0
G1 X-9.100 S380
G1 X-13.400 S0
G1 X-13.800 S380
G1 X-15.500 S0
G1 X-15.600 S380
G1 X-15.800 S0
G1 X-16.000 S380
G1 X-16.200 S0
G1 X-16.400 S380
G1 X-16.500 S0
G1 X-16.600 S380
G1 X-16.800 S0
G1 X-16.900 S380
G1 X-18.400 S0
G0 X-18.500 Y4.300
G1 X-17.000 Y4.300 S0 F1800
G1 X-16.900 S380
G1 X-16.700 S0
G1 X-16.600 S380
G1 X-16.500 S0
G1 X-16.300 S380
G1 X-16.100 S0
G1 X-15.900 S380
G1 X-15.700 S0
G1 X-15.600 S380
G1 X-15.000 S0
G1 X-14.800 S380
G1 X-13.900 S0
G1 X-13.400 S380
G1 X-9.200 S0
G1 X-9.000 S380
G1 X-8.500 S0
G1 X-8.300 S380
G1 X-0.400 S0
G1 X-0.200 S380
G1 X0.000 S0
G1 X0.200 S380
G1 X0.500 S0
G1 X0.600 S380
G1 X0.800 S0
G1 X0.900 S380
G1 X1.000 S0
G1 X1.100 S380
G1 X1.200 S0
G1 X1.600 S380
G1 X1.700 S0
G1 X1.800 S380
G1 X1.900 S0
G1 X2.000 S380
G1 X5.600 S0
G1 X5.900 S380
G1 X8.100 S0
G1 X8.300 S380
G1 X8.800 S0
G1 X9.000 S380
G1 X13.700 S0
G1 X14.800 S380
G1 X15.400 S0
G1 X15.600 S380
G1 X15.700 S0
G1 X16.000 S380
G1 X16.300 S0
G1 X16.500 S380
G1 X16.700 S0
G1 X16.900 S380
G1 X18.400 S0
G0 X18.400 Y4.200
G1 X16.900 Y4.200 S0 F1800
G1 X16.900 S380
G1 X16.600 S0
G1 X16.500 S380
G1 X16.200 S0
G1 X15.900 S380
G1 X15.700 S0
G1 X15.500 S380
G1 X15.000 S0
G1 X13.500 S380
G1 X13.200 S0
G1 X13.000 S380
G1 X9.100 S0
G1 X8.900 S380
G1 X8.400 S0
G1 X8.200 S380
G1 X2.100 S0
G1 X2.000 S380
G1 X1.900 S0
G1 X1.300 S380
G1 X1.200 S0
G1 X1.100 S380
G1 X0.900 S0
G1 X0.700 S380
G1 X0.600 S0
G1 X0.500 S380
G1 X0.300 S0
G1 X0.100 S380
G1 X-0.100 S0
G1 X-0.300 S380
G1 X-8.200 S0
G1 X-8.400 S380
G1 X-8.500 S0
G1 X-8.600 S380
G1 X-8.900 S0
G1 X-9.100 S380
G1 X-13.200 S0
G1 X-14.900 S380
G1 X-15.500 S0
G1 X-15.700 S380
G1 X-15.900 S0
G1 X-16.000 S380
G1 X-16.200 S0
G1 X-16.300 S380
G1 X-16.500 S0
G1 X-16.600 S380
G1 X-16.900 S0
G1 X-17.000 S380
G1 X-18.500 S0
G0 X-18.500 Y4.100
G1 X-17.000 Y4.100 S0 F1800
G1 X-17.000 S380
G1 X-16.800 S0
G1 X-16.600 S380
G1 X-16.400 S0
G1 X-16.000 S380
G1 X-15.800 S0
G1 X-15.600 S380
G1 X-15.000 S0
G1 X-13.100 S380
G1 X-9.100 S0
G1 X-9.000 S380
G1 X-8.400 S0
G1 X-8.300 S380
G1 X-0.400 S0
G1 X-0.200 S380
G1 X0.000 S0
G1 X0.200 S380
G1 X0.400 S0
G1 X0.800 S380
G1 X0.900 S0
G1 X1.000 S380
G1 X1.100 S0
G1 X1.500 S380
G1 X1.600 S0
G1 X2.000 S380
G1 X8.100 S0
G1 X8.200 S380
G1 X8.400 S0
G1 X8.500 S380
G1 X8.800 S0
G1 X8.900 S380
G1 X12.900 S0
G1 X14.900 S380
G1 X15.500 S0
G1 X15.600 S380
G1 X15.800 S0
G1 X16.200 S380
G1 X16.400 S0
G1 X16.600 S380
G1 X16.800 S0
G1 X16.900 S380
G1 X18.400 S0
G0 X18.500 Y4.000
G1 X17.000 Y4.000 S0 F1800
G1 X16.900 S380
G1 X16.700 S0
G1 X16.500 S380
G1 X16.400 S0
G1 X16.200 S380
G1 X16.100 S0
G1 X15.900 S380
G1 X15.700 S0
G1 X15.600 S380
G1 X15.000 S0
G1 X14.700 S380
G1 X14.600 S0
G1 X13.000 S380
G1 X9.000 S0
G1 X8.900 S380
G1 X8.600 S0
G1 X8.500 S380
G1 X8.300 S0
G1 X8.200 S380
G1 X2.000 S0
G1 X1.900 S380
G1 X1.800 S0
G1 X1.700 S380
G1 X1.600 S0
G1 X1.400 S380
G1 X1.300 S0
G1 X1.200 S380
G1 X1.000 S0
G1 X0.900 S380
G1 X0.800 S0
G1 X0.700 S380
G1 X0.300 S0
G1 X0.100 S380
G1 X-0.100 S0
G1 X-0.300 S380
G1 X-8.200 S0
G1 X-8.300 S380
G1 X-8.900 S0
G1 X-9.000 S380
G1 X-13.000 S0
G1 X-15.000 S380
G1 X-15.600 S0
G1 X-15.700 S380
G1 X-15.900 S0
G1 X-16.200 S380
G1 X-16.500 S0
G1 X-16.700 S380
G1 X-16.900 S0
G1 X-17.100 S380
G1 X-18.600 S0
G0 X-18.600 Y3.900
G1 X-17.100 Y3.900 S0 F1800
G1 X-17.000 S380
G1 X-16.800 S0
G1 X-16.500 S380
G1 X-16.300 S0
G1 X-16.000 S380
G1 X-15.900 S0
G1 X-15.700 S380
G1 X-15.100 S0
G1 X-13.100 S380
G1 X-9.100 S0
G1 X-8.900 S380
G1 X-8.400 S0
G1 X-8.300 S380
G1 X-0.400 S0
G1 X-0.200 S380
G1 X0.000 S0
G1 X0.200 S380
G1 X0.500 S0
G1 X0.600 S380
G1 X0.800 S0
G1 X0.900 S380
G1 X1.000 S0
G1 X1.700 S380
G1 X1.800 S0
G1 X1.900 S380
G1 X8.100 S0
G1 X8.200 S380
G1 X8.700 S0
G1 X8.900 S380
G1 X12.900 S0
G1 X14.100 S380
G1 X14.600 S0
G1 X14.900 S380
G1 X15.500 S0
G1 X15.700 S380
G1 X15.800 S0
G1 X16.000 S380
G1 X16.200 S0
G1 X16.600 S380
G1 X16.800 S0
G1 X17.000 S380
G1 X18.500 S0
G0 X18.500 Y3.800
G1 X17.000 Y3.800 S0 F1800
G1 X17.000 S380
G1 X16.700 S0
G1 X16.400 S380
G1 X16.200 S0
G1 X16.000 S380
G1 X15.800 S0
G1 X15.600 S380
G1 X15.100 S0
G1 X14.700 S380
G1 X13.900 S0
G1 X13.100 S380
G1 X9.000 S0
G1 X8.800 S380
G1 X8.300 S0
G1 X0.100 S380
G1 X-0.100 S0
G1 X-8.300 S380
G1 X-8.800 S0
G1 X-9.000 S380
G1 X-13.500 S0
G1 X-15.000 S380
G1 X-15.600 S0
G1 X-15.800 S380
G1 X-16.000 S0
G1 X-16.200 S380
G1 X-16.400 S0
G1 X-16.500 S380
G1 X-16.600 S0
G1 X-16.700 S380
G1 X-17.000 S0
G1 X-17.100 S380
G1 X-18.600 S0
G0 X-18.600 Y3.700
G1 X-17.100 Y3.700 S0 F1800
G1 X-17.100 S380
G1 X-16.900 S0
G1 X-16.700 S380
G1 X-16.600 S0
G1 X-16.400 S380
G1 X-16.300 S0
G1 X-16.100 S380
G1 X-15.900 S0
G1 X-15.700 S380
G1 X-15.100 S0
G1 X-14.600 S380
G1 X-9.100 S0
G1 X-8.900 S380
G1 X-8.300 S0
G1 X-0.300 S380
G1 X0.100 S0
G1 X8.200 S380
G1 X8.700 S0
G1 X8.900 S380
G1 X13.000 S0
G1 X13.500 S380
G1 X14.500 S0
G1 X15.000 S380
G1 X15.600 S0
G1 X15.700 S380
G1 X15.900 S0
G1 X16.100 S380
G1 X16.400 S0
G1 X16.700 S380
G1 X16.900 S0
G1 X17.000 S380
G1 X18.500 S0
G0 X18.600 Y3.600
G1 X17.100 Y3.600 S0 F1800
G1 X17.000 S380
G1 X16.800 S0
G1 X16.600 S380
G1 X16.300 S0
G1 X16.000 S380
G1 X15.800 S0
G1 X15.700 S380
G1 X15.100 S0
G1 X14.500 S380
G1 X13.400 S0
G1 X13.100 S380
G1 X9.000 S0
G1 X8.800 S380
G1 X8.500 S0
G1 X8.400 S380
G1 X-8.800 S0
G1 X-8.900 S380
G1 X-14.800 S0
G1 X-15.000 S380
G1 X-15.700 S0
G1 X-15.800 S380
G1 X-16.000 S0
G1 X-16.200 S380
G1 X-16.300 S0
G1 X-16.500 S380
G1 X-16.600 S0
G1 X-16.800 S380
G1 X-17.000 S0
G1 X-17.100 S380
G1 X-18.600 S0
G0 X-18.700 Y3.500
G1 X-17.200 Y3.500 S0 F1800
G1 X-17.100 S380
G1 X-16.900 S0
G1 X-16.700 S380
G1 X-16.500 S0
G1 X-16.100 S380
G1 X-15.900 S0
G1 X-15.800 S380
G1 X-9.000 S0
G1 X-8.900 S380
G1 X8.300 S0
G1 X8.400 S380
G1 X8.700 S0
G1 X8.800 S380
G1 X13.000 S0
G1 X13.300 S380
G1 X14.400 S0
G1 X14.900 S380
G1 X15.600 S0
G1 X15.800 S380
G1 X15.900 S0
G1 X16.300 S380
G1 X16.500 S0
G1 X16.700 S380
G1 X16.900 S0
G1 X17.100 S380
G1 X18.600 S0
G0 X18.600 Y3.400
G1 X17.100 Y3.400 S0 F1800
G1 X17.000 S380
G1 X16.800 S0
G1 X16.700 S380
G1 X16.500 S0
G1 X16.100 S380
G1 X15.900 S0
G1 X15.700 S380
G1 X8.900 S0
G1 X8.800 S380
G1 X8.500 S0
G1 X8.400 S380
G1 X8.200 S0
G1 X-8.200 S380
G1 X-8.400 S0
G1 X-8.500 S380
G1 X-8.800 S0
G1 X-8.900 S380
G1 X-15.700 S0
G1 X-15.900 S380
G1 X-16.100 S0
G1 X-16.400 S380
G1 X-16.600 S0
G1 X-16.800 S380
G1 X-17.000 S0
G1 X-17.200 S380
G1 X-18.700 S0
G0 X-18.700 Y3.300
G1 X-17.200 Y3.300 S0 F1800
G1 X-17.200 S380
G1 X-17.000 S0
G1 X-16.600 S380
G1 X-16.400 S0
G1 X-16.200 S380
G1 X-16.000 S0
G1 X-15.800 S380
G1 X-14.600 S0
G1 X-14.300 S380
G1 X-9.000 S0
G1 X-8.900 S380
G1 X-8.600 S0
G1 X-8.500 S380
G1 X-8.300 S0
G1 X8.100 S380
G1 X8.300 S0
G1 X8.400 S380
G1 X8.700 S0
G1 X8.800 S380
G1 X15.600 S0
G1 X15.800 S380
G1 X16.000 S0
G1 X16.200 S380
G1 X16.300 S0
G1 X16.500 S380
G1 X16.600 S0
G1 X16.700 S380
G1 X17.000 S0
G1 X17.100 S380
G1 X18.600 S0
G0 X18.600 Y3.200
G1 X17.100 Y3.200 S0 F1800
G1 X17.100 S380
G1 X16.900 S0
G1 X16.500 S380
G1 X16.300 S0
G1 X16.100 S380
G1 X15.900 S0
G1 X15.800 S380
G1 X15.200 S0
G1 X15.000 S380
G1 X8.900 S0
G1 X8.800 S380
G1 X8.500 S0
G1 X8.400 S380
G1 X8.200 S0
G1 X8.100 S380
G1 X-8.100 S0
G1 X-8.200 S380
G1 X-8.700 S0
G1 X-8.900 S380
G1 X-13.900 S0
G1 X-14.800 S380
G1 X-15.800 S0
G1 X-15.900 S380
G1 X-16.100 S0
G1 X-16.300 S380
G1 X-16.500 S0
G1 X-16.900 S380
G1 X-17.100 S0
G1 X-17.200 S380
G1 X-18.700 S0
G0 X-18.700 Y3.100
G1 X-17.200 Y3.100 S0 F1800
G1 X-17.200 S380
G1 X-17.000 S0
G1 X-16.900 S380
G1 X-16.700 S0
G1 X-16.600 S380
G1 X-16.400 S0
G1 X-16.200 S380
G1 X-16.000 S0
G1 X-15.900 S380
G1 X-15.100 S0
G1 X-13.800 S380
G1 X-9.000 S0
G1 X-8.800 S380
G1 X-8.300 S0
G1 X-8.200 S380
G1 X8.000 S0
G1 X8.100 S380
G1 X8.600 S0
G1 X8.800 S380
G1 X14.800 S0
G1 X15.100 S380
G1 X15.700 S0
G1 X15.800 S380
G1 X16.000 S0
G1 X16.200 S380
G1 X16.500 S0
G1 X16.800 S380
G1 X17.000 S0
G1 X17.200 S380
G1 X18.700 S0
G0 X18.700 Y3.000
G1 X17.200 Y3.000 S0 F1800
G1 X17.100 S380
G1 X16.900 S0
G1 X16.700 S380
G1 X16.400 S0
G1 X16.100 S380
G1 X16.000 S0
G1 X15.800 S380
G1 X15.200 S0
G1 X14.400 S380
G1 X8.900 S0
G1 X8.700 S380
G1 X8.200 S0
G1 X8.100 S380
G1 X0.800 S0
G1 X-0.700 S380
G1 X-8.100 S0
G1 X-8.200 S380
G1 X-8.700 S0
G1 X-8.900 S380
G1 X-13.600 S0
G1 X-15.100 S380
G1 X-15.800 S0
G1 X-15.900 S380
G1 X-16.100 S0
G1 X-16.300 S380
G1 X-16.400 S0
G1 X-16.600 S380
G1 X-16.800 S0
G1 X-16.900 S380
G1 X-17.100 S0
G1 X-17.300 S380
G1 X-18.800 S0
G0 X-18.800 Y2.900
G1 X-17.300 Y2.900 S0 F1800
G1 X-17.200 S380
G1 X-17.000 S0
G1 X-16.800 S380
G1 X-16.600 S0
G1 X-16.300 S380
G1 X-16.100 S0
G1 X-15.900 S380
G1 X-15.300 S0
G1 X-13.600 S380
G1 X-9.000 S0
G1 X-8.800 S380
G1 X-8.300 S0
G1 X-8.200 S380
G1 X-1.600 S0
G1 X-0.200 S380
G1 X0.000 S0
G1 X1.400 S380
G1 X8.000 S0
G1 X8.100 S380
G1 X8.600 S0
G1 X8.800 S380
G1 X13.800 S0
G1 X15.100 S380
G1 X15.700 S0
G1 X15.900 S380
G1 X16.100 S0
G1 X16.400 S380
G1 X16.600 S0
G1 X16.800 S380
G1 X17.000 S0
G1 X17.200 S380
G1 X18.700 S0
G0 X18.700 Y2.800
G1 X17.200 Y2.800 S0 F1800
G1 X17.200 S380
G1 X16.900 S0
G1 X16.800 S380
G1 X16.600 S0
G1 X16.200 S380
G1 X16.000 S0
G1 X15.800 S380
G1 X15.200 S0
G1 X13.700 S380
G1 X8.900 S0
G1 X8.700 S380
G1 X8.200 S0
G1 X8.100 S380
G1 X2.000 S0
G1 X1.400 S380
G1 X-1.400 S0
G1 X-2.000 S380
G1 X-8.000 S0
G1 X-8.200 S380
G1 X-8.700 S0
G1 X-8.900 S380
G1 X-13.500 S0
G1 X-15.200 S380
G1 X-15.800 S0
G1 X-16.000 S380
G1 X-16.200 S0
G1 X-16.500 S380
G1 X-16.700 S0
G1 X-16.900 S380
G1 X-17.100 S0
G1 X-17.300 S380
G1 X-18.800 S0
G0 X-18.800 Y2.700
G1 X-17.300 Y2.700 S0 F1800
G1 X-17.300 S380
G1 X-17.000 S0
G1 X-16.700 S380
G1 X-16.500 S0
G1 X-16.300 S380
G1 X-16.100 S0
G1 X-16.000 S380
G1 X-15.400 S0
G1 X-14.900 S380
G1 X-14.100 S0
G1 X-13.500 S380
G1 X-9.000 S0
G1 X-8.800 S380
G1 X-8.300 S0
G1 X-8.100 S380
G1 X-2.500 S0
G1 X-2.000 S380
G1 X-1.000 S0
G1 X0.900 S380
G1 X1.900 S0
G1 X2.300 S380
G1 X7.900 S0
G1 X8.100 S380
G1 X8.600 S0
G1 X8.800 S380
G1 X13.500 S0
G1 X15.200 S380
G1 X15.800 S0
G1 X15.900 S380
G1 X16.100 S0
G1 X16.200 S380
G1 X16.400 S0
G1 X16.600 S380
G1 X16.700 S0
G1 X16.800 S380
G1 X17.100 S0
G1 X17.200 S380
G1 X18.700 S0
G0 X18.700 Y2.600
G1 X17.200 Y2.600 S0 F1800
G1 X17.200 S380
G1 X17.000 S0
G1 X16.600 S380
G1 X16.400 S0
G1 X16.200 S380
G1 X16.000 S0
G1 X15.900 S380
G1 X15.300 S0
G1 X13.500 S380
G1 X8.900 S0
G1 X8.700 S380
G1 X8.200 S0
G1 X8.000 S380
G1 X2.800 S0
G1 X2.300 S380
G1 X1.600 S0
G1 X-1.600 S380
G1 X-2.300 S0
G1 X-2.800 S380
G1 X-8.000 S0
G1 X-8.200 S380
G1 X-8.700 S0
G1 X-8.900 S380
G1 X-13.400 S0
G1 X-13.800 S380
G1 X-14.900 S0
G1 X-15.300 S380
G1 X-15.900 S0
G1 X-16.000 S380
G1 X-16.200 S0
G1 X-16.400 S380
G1 X-16.600 S0
G1 X-17.000 S380
G1 X-17.200 S0
G1 X-17.300 S380
G1 X-18.800 S0
G0 X-18.800 Y2.500
G1 X-17.300 Y2.500 S0 F1800
G1 X-17.300 S380
G1 X-17.100 S0
G1 X-16.900 S380
G1 X-16.800 S0
G1 X-16.600 S380
G1 X-16.500 S0
G1 X-16.300 S380
G1 X-16.100 S0
G1 X-16.000 S380
G1 X-15.400 S0
G1 X-15.100 S380
G1 X-13.800 S0
G1 X-13.500 S380
G1 X-9.000 S0
G1 X-8.800 S380
G1 X-8.300 S0
G1 X-8.100 S380
G1 X-3.200 S0
G1 X-2.800 S380
G1 X-2.100 S0
G1 X0.100 S380
G1 X0.200 S0
G1 X1.900 S380
G1 X2.600 S0
G1 X3.000 S380
G1 X7.900 S0
G1 X8.100 S380
G1 X8.600 S0
G1 X8.800 S380
G1 X13.400 S0
G1 X14.500 S380
G1 X15.000 S0
G1 X15.200 S380
G1 X15.800 S0
G1 X15.900 S380
G1 X16.100 S0
G1 X16.300 S380
G1 X16.600 S0
G1 X16.900 S380
G1 X17.100 S0
G1 X17.300 S380
G1 X18.800 S0
G0 X18.800 Y2.400
G1 X17.300 Y2.400 S0 F1800
G1 X17.200 S380
G1 X17.000 S0
G1 X16.800 S380
G1 X16.500 S0
G1 X16.300 S380
G1 X16.100 S0
G1 X15.900 S380
G1 X14.000 S0
G1 X13.400 S380
G1 X8.900 S0
G1 X8.700 S380
G1 X8.200 S0
G1 X8.000 S380
G1 X3.400 S0
G1 X3.000 S380
G1 X2.500 S0
G1 X1.400 S380
G1 X1.300 S0
G1 X1.100 S380
G1 X0.900 S0
G1 X0.800 S380
G1 X0.300 S0
G1 X-0.300 S380
G1 X-0.900 S0
G1 X-1.000 S380
G1 X-1.100 S0
G1 X-1.300 S380
G1 X-1.400 S0
G1 X-2.400 S380
G1 X-3.000 S0
G1 X-3.300 S380
G1 X-8.000 S0
G1 X-8.200 S380
G1 X-8.700 S0
G1 X-8.900 S380
G1 X-13.300 S0
G1 X-13.600 S380
G1 X-15.100 S0
G1 X-15.300 S380
G1 X-15.900 S0
G1 X-16.000 S380
G1 X-16.200 S0
G1 X-16.400 S380
G1 X-16.500 S0
G1 X-16.700 S380
G1 X-16.800 S0
G1 X-17.000 S380
G1 X-17.200 S0
G1 X-17.400 S380
G1 X-18.900 S0
G0 X-18.900 Y2.300
G1 X-17.400 Y2.300 S0 F1800
G1 X-17.300 S380
G1 X-17.100 S0
G1 X-16.900 S380
G1 X-16.700 S0
G1 X-16.400 S380
G1 X-16.200 S0
G1 X-16.000 S380
G1 X-15.400 S0
G1 X-15.200 S380
G1 X-13.700 S0
G1 X-13.400 S380
G1 X-9.000 S0
G1 X-8.800 S380
G1 X-8.300 S0
G1 X-8.100 S380
G1 X-3.700 S0
G1 X-3.400 S380
G1 X-2.900 S0
G1 X-2.100 S380
G1 X-1.600 S0
G1 X-1.200 S380
G1 X-0.400 S0
G1 X0.200 S380
G1 X1.000 S0
G1 X1.400 S380
G1 X1.900 S0
G1 X2.700 S380
G1 X3.200 S0
G1 X3.500 S380
G1 X7.900 S0
G1 X8.100 S380
G1 X8.600 S0
G1 X8.800 S380
G1 X13.300 S0
G1 X13.700 S380
G1 X15.800 S0
G1 X16.000 S380
G1 X16.200 S0
G1 X16.500 S380
G1 X16.700 S0
G1 X16.900 S380
G1 X17.100 S0
G1 X17.300 S380
G1 X18.800 S0
G0 X18.800 Y2.200
G1 X17.300 Y2.200 S0 F1800
G1 X17.200 S380
G1 X17.000 S0
G1 X16.900 S380
G1 X16.700 S0
G1 X16.300 S380
G1 X16.100 S0
G1 X15.900 S380
G1 X13.800 S0
G1 X13.400 S380
G1 X8.900 S0
G1 X8.700 S380
G1 X8.200 S0
G1 X8.000 S380
G1 X3.800 S0
G1 X3.500 S380
G1 X3.100 S0
G1 X2.400 S380
G1 X1.800 S0
G1 X1.100 S380
G1 X0.800 S0
G1 X0.700 S380
G1 X0.600 S0
G1 X-0.600 S380
G1 X-0.700 S0
G1 X-0.800 S380
G1 X-1.100 S0
G1 X-1.800 S380
G1 X-2.300 S0
G1 X-3.100 S380
G1 X-3.500 S0
G1 X-3.800 S380
G1 X-8.000 S0
G1 X-8.200 S380
G1 X-8.700 S0
G1 X-8.900 S380
G1 X-13.300 S0
G1 X-13.600 S380
G1 X-15.000 S0
G1 X-15.300 S380
G1 X-15.900 S0
G1 X-16.100 S380
G1 X-16.300 S0
G1 X-16.500 S380
G1 X-16.800 S0
G1 X-17.000 S380
G1 X-17.200 S0
G1 X-17.400 S380
G1 X-18.900 S0
G0 X-18.900 Y2.100
G1 X-17.400 Y2.100 S0 F1800
G1 X-17.300 S380
G1 X-17.100 S0
G1 X-16.800 S380
G1 X-16.600 S0
G1 X-16.400 S380
G1 X-16.200 S0
G1 X-16.000 S380
G1 X-15.400 S0
G1 X-15.100 S380
G1 X-13.800 S0
G1 X-13.500 S380
G1 X-9.000 S0
G1 X-8.800 S380
G1 X-8.300 S0
G1 X-8.100 S380
G1 X-4.000 S0
G1 X-3.800 S380
G1 X-3.400 S0
G1 X-2.700 S380
G1 X-2.400 S0
G1 X-1.900 S380
G1 X-1.600 S0
G1 X-1.200 S380
G1 X-1.100 S0
G1 X-0.900 S380
G1 X-0.800 S0
G1 X0.000 S380
G1 X0.100 S0
G1 X0.600 S380
G1 X0.700 S0
G1 X1.400 S380
G1 X1.700 S0
G1 X2.200 S380
G1 X2.600 S0
G1 X3.300 S380
G1 X3.700 S0
G1 X3.900 S380
G1 X8.000 S0
G1 X8.100 S380
G1 X8.600 S0
G1 X8.800 S380
G1 X13.300 S0
G1 X13.700 S380
G1 X15.800 S0
G1 X16.000 S380
G1 X16.200 S0
G1 X16.700 S380
G1 X16.800 S0
G1 X16.900 S380
G1 X17.200 S0
G1 X17.300 S380
G1 X18.800 S0
G0 X18.800 Y2.000
G1 X17.300 Y2.000 S0 F1800
G1 X17.300 S380
G1 X17.100 S0
G1 X16.700 S380
G1 X16.500 S0
G1 X16.300 S380
G1 X16.100 S0
G1 X16.000 S380
G1 X15.300 S0
G1 X15.200 S380
G1 X13.800 S0
G1 X13.400 S380
G1 X8.900 S0
G1 X8.700 S380
G1 X8.200 S0
G1 X8.100 S380
G1 X4.000 S0
G1 X3.800 S380
G1 X3.700 S0
G1 X2.900 S380
G1 X2.600 S0
G1 X2.200 S380
G1 X1.800 S0
G1 X1.400 S380
G1 X1.300 S0
G1 X0.900 S380
G1 X0.800 S0
G1 X0.200 S380
G1 X0.100 S0
G1 X-0.400 S380
G1 X-0.500 S0
G1 X-0.800 S380
G1 X-1.100 S0
G1 X-1.800 S380
G1 X-2.200 S0
G1 X-2.600 S380
G1 X-2.900 S0
G1 X-3.700 S380
G1 X-3.800 S0
G1 X-4.000 S380
G1 X-8.100 S0
G1 X-8.200 S380
G1 X-8.700 S0
G1 X-8.900 S380
G1 X-13.400 S0
G1 X-13.800 S380
G1 X-14.800 S0
G1 X-15.300 S380
G1 X-16.000 S0
G1 X-16.100 S380
G1 X-16.300 S0
G1 X-16.500 S380
G1 X-16.700 S0
G1 X-16.800 S380
G1 X-16.900 S0
G1 X-17.100 S380
G1 X-17.300 S0
G1 X-17.400 S380
G1 X-18.900 S0
G0 X-18.900 Y1.900
G1 X-17.400 Y1.900 S0 F1800
G1 X-17.400 S380
G1 X-17.200 S0
G1 X-17.000 S380
G1 X-16.900 S0
G1 X-16.700 S380
G1 X-16.600 S0
G1 X-16.400 S380
G1 X-16.200 S0
G1 X-16.100 S380
G1 X-15.300 S0
G1 X-14.700 S380
G1 X-14.000 S0
G1 X-13.500 S380
G1 X-9.000 S0
G1 X-8.800 S380
G1 X-8.300 S0
G1 X-8.200 S380
G1 X-4.000 S0
G1 X-3.300 S380
G1 X-3.000 S0
G1 X-2.700 S380
G1 X-2.300 S0
G1 X-1.200 S380
G1 X-1.000 S0
G1 X-0.600 S380
G1 X-0.500 S0
G1 X-0.200 S380
G1 X-0.100 S0
G1 X0.300 S380
G1 X0.400 S0
G1 X0.800 S380
G1 X0.900 S0
G1 X1.100 S380
G1 X1.300 S0
G1 X1.400 S380
G1 X1.500 S0
G1 X2.100 S380
G1 X2.500 S0
G1 X2.900 S380
G1 X3.100 S0
G1 X3.900 S380
G1 X8.000 S0
G1 X8.100 S380
G1 X8.600 S0
G1 X8.800 S380
G1 X13.300 S0
G1 X13.700 S380
G1 X15.000 S0
G1 X15.300 S380
G1 X15.900 S0
G1 X16.000 S380
G1 X16.200 S0
G1 X16.400 S380
G1 X16.700 S0
G1 X17.000 S380
G1 X17.200 S0
G1 X17.300 S380
G1 X18.800 S0
G0 X18.800 Y1.800
G1 X17.300 Y1.800 S0 F1800
G1 X17.300 S380
G1 X17.100 S0
G1 X16.800 S380
G1 X16.500 S0
G1 X16.300 S380
G1 X16.100 S0
G1 X16.000 S380
G1 X15.400 S0
G1 X15.000 S380
G1 X13.900 S0
G1 X13.500 S380
G1 X8.900 S0
G1 X8.700 S380
G1 X8.200 S0
G1 X8.100 S380
G1 X3.900 S0
G1 X3.700 S380
G1 X3.600 S0
G1 X3.400 S380
G1 X3.300 S0
G1 X2.900 S380
G1 X2.600 S0
G1 X2.000 S380
G1 X1.900 S0
G1 X1.600 S380
G1 X1.500 S0
G1 X1.400 S380
G1 X1.200 S0
G1 X0.300 S380
G1 X0.200 S0
G1 X0.100 S380
G1 X-0.100 S0
G1 X-0.200 S380
G1 X-0.300 S0
G1 X-0.400 S380
G1 X-0.500 S0
G1 X-1.300 S380
G1 X-1.400 S0
G1 X-1.500 S380
G1 X-1.600 S0
G1 X-1.800 S380
G1 X-2.000 S0
G1 X-2.600 S380
G1 X-2.900 S0
G1 X-3.300 S380
G1 X-3.400 S0
G1 X-3.800 S380
G1 X-8.100 S0
G1 X-8.200 S380
G1 X-8.700 S0
G1 X-8.900 S380
G1 X-13.500 S0
G1 X-15.200 S380
G1 X-16.000 S0
G1 X-16.100 S380
G1 X-16.300 S0
G1 X-16.700 S380
G1 X-16.900 S0
G1 X-17.100 S380
G1 X-17.300 S0
G1 X-17.400 S380
G1 X-18.900 S0
G0 X-18.900 Y1.700
G1 X-17.400 Y1.700 S0 F1800
G1 X-17.400 S380
G1 X-17.200 S0
G1 X-17.000 S380
G1 X-16.700 S0
G1 X-16.400 S380
G1 X-16.200 S0
G1 X-16.100 S380
G1 X-15.200 S0
G1 X-13.600 S380
G1 X-9.000 S0
G1 X-8.800 S380
G1 X-8.300 S0
G1 X-8.200 S380
G1 X-3.700 S0
G1 X-3.500 S380
G1 X-3.400 S0
G1 X-3.300 S380
G1 X-3.000 S0
G1 X-2.300 S380
G1 X-1.900 S0
G1 X-1.700 S380
G1 X-1.600 S0
G1 X-1.500 S380
G1 X-1.400 S0
G1 X-0.700 S380
G1 X-0.600 S0
G1 X-0.400 S380
G1 X-0.300 S0
G1 X-0.200 S380
G1 X0.000 S0
G1 X0.100 S380
G1 X0.200 S0
G1 X0.400 S380
G1 X0.500 S0
G1 X0.600 S380
G1 X0.700 S0
G1 X1.000 S380
G1 X1.300 S0
G1 X1.400 S380
G1 X1.500 S0
G1 X1.800 S380
G1 X2.200 S0
G1 X2.800 S380
G1 X3.000 S0
G1 X3.200 S380
G1 X3.300 S0
G1 X3.500 S380
G1 X8.000 S0
G1 X8.100 S380
G1 X8.600 S0
G1 X8.800 S380
G1 X13.400 S0
G1 X15.300 S380
G1 X15.900 S0
G1 X16.000 S380
G1 X16.200 S0
G1 X16.500 S380
G1 X16.800 S0
G1 X17.000 S380
G1 X17.200 S0
G1 X17.400 S380
G1 X18.900 S0
G0 X18.900 Y1.600
G1 X17.400 Y1.600 S0 F1800
G1 X17.300 S380
G1 X17.100 S0
G1 X16.900 S380
G1 X16.700 S0
G1 X16.300 S380
G1 X16.200 S0
G1 X16.000 S380
G1 X15.400 S0
G1 X13.600 S380
G1 X8.900 S0
G1 X8.800 S380
G1 X8.200 S0
G1 X8.100 S380
G1 X7.500 S0
G1 X7.100 S380
G1 X3.600 S0
G1 X3.400 S380
G1 X3.300 S0
G1 X2.800 S380
G1 X2.500 S0
G1 X2.100 S380
G1 X1.900 S0
G1 X1.600 S380
G1 X1.500 S0
G1 X1.400 S380
G1 X1.200 S0
G1 X0.900 S380
G1 X0.800 S0
G1 X0.600 S380
G1 X0.500 S0
G1 X0.400 S380
G1 X0.300 S0
G1 X0.100 S380
G1 X-0.100 S0
G1 X-0.300 S380
G1 X-0.400 S0
G1 X-0.500 S380
G1 X-0.600 S0
G1 X-0.800 S380
G1 X-0.900 S0
G1 X-1.300 S380
G1 X-1.400 S0
G1 X-1.500 S380
G1 X-1.600 S0
G1 X-1.800 S380
G1 X-2.100 S0
G1 X-2.500 S380
G1 X-2.700 S0
G1 X-3.300 S380
G1 X-3.400 S0
G1 X-3.600 S380
G1 X-8.100 S0
G1 X-8.200 S380
G1 X-8.700 S0
G1 X-8.900 S380
G1 X-13.600 S0
G1 X-15.000 S380
G1 X-16.000 S0
G1 X-16.100 S380
G1 X-16.300 S0
G1 X-16.600 S380
G1 X-16.800 S0
G1 X-17.100 S380
G1 X-17.300 S0
G1 X-17.400 S380
G1 X-18.900 S0
G0 X-19.000 Y1.500
G1 X-17.500 Y1.500 S0 F1800
G1 X-17.400 S380
G1 X-17.200 S0
G1 X-16.900 S380
G1 X-16.600 S0
G1 X-16.500 S380
G1 X-16.300 S0
G1 X-16.100 S380
G1 X-15.000 S0
G1 X-13.800 S380
G1 X-9.000 S0
G1 X-8.900 S380
G1 X-8.300 S0
G1 X-8.200 S380
G1 X-3.700 S0
G1 X-3.500 S380
G1 X-3.400 S0
G1 X-2.900 S380
G1 X-2.700 S0
G1 X-2.400 S380
G1 X-2.300 S0
G1 X-2.100 S380
G1 X-1.900 S0
G1 X-1.700 S380
G1 X-1.600 S0
G1 X-1.500 S380
G1 X-1.400 S0
G1 X-1.000 S380
G1 X-0.900 S0
G1 X-0.700 S380
G1 X-0.600 S0
G1 X-0.500 S380
G1 X-0.400 S0
G1 X-0.300 S380
G1 X0.100 S0
G1 X0.200 S380
G1 X0.300 S0
G1 X0.400 S380
G1 X0.500 S0
G1 X0.700 S380
G1 X0.800 S0
G1 X1.100 S380
G1 X1.300 S0
G1 X1.800 S380
G1 X1.900 S0
G1 X2.200 S380
G1 X2.300 S0
G1 X2.500 S380
G1 X2.700 S0
G1 X3.200 S380
G1 X3.300 S0
G1 X3.500 S380
G1 X6.600 S0
G1 X7.600 S380
G1 X8.000 S0
G1 X8.100 S380
G1 X8.700 S0
G1 X8.800 S380
G1 X13.700 S0
G1 X15.300 S380
G1 X15.900 S0
G1 X16.100 S380
G1 X16.300 S0
G1 X16.400 S380
G1 X16.500 S0
G1 X16.700 S380
G1 X16.900 S0
G1 X17.000 S380
G1 X17.200 S0
G1 X17.400 S380
G1 X18.900 S0
G0 X18.900 Y1.400
G1 X17.400 Y1.400 S0 F1800
G1 X17.300 S380
G1 X17.100 S0
G1 X17.000 S380
G1 X16.900 S0
G1 X16.700 S380
G1 X16.500 S0
G1 X16.400 S380
G1 X16.200 S0
G1 X16.000 S380
G1 X15.400 S0
G1 X15.200 S380
G1 X8.900 S0
G1 X8.800 S380
G1 X8.300 S0
G1 X8.100 S380
G1 X7.800 S0
G1 X7.600 S380
G1 X7.500 S0
G1 X7.400 S380
G1 X7.300 S0
G1 X7.100 S380
G1 X6.800 S0
G1 X6.500 S380
G1 X3.700 S0
G1 X3.400 S380
G1 X3.300 S0
G1 X3.200 S380
G1 X3.100 S0
G1 X2.800 S380
G1 X2.700 S0
G1 X2.500 S380
G1 X2.200 S0
G1 X2.000 S380
G1 X1.900 S0
G1 X1.600 S380
G1 X1.500 S0
G1 X1.400 S380
G1 X1.200 S0
G1 X0.900 S380
G1 X0.800 S0
G1 X0.700 S380
G1 X0.600 S0
G1 X0.400 S380
G1 X0.300 S0
G1 X0.200 S380
G1 X-0.200 S0
G1 X-0.300 S380
G1 X-0.400 S0
G1 X-0.600 S380
G1 X-0.700 S0
G1 X-1.300 S380
G1 X-1.400 S0
G1 X-1.500 S380
G1 X-1.600 S0
G1 X-1.800 S380
G1 X-2.000 S0
G1 X-2.100 S380
G1 X-2.500 S0
G1 X-2.700 S380
G1 X-2.800 S0
G1 X-3.100 S380
G1 X-3.200 S0
G1 X-3.300 S380
G1 X-3.400 S0
G1 X-3.700 S380
G1 X-8.100 S0
G1 X-8.200 S380
G1 X-8.800 S0
G1 X-8.900 S380
G1 X-13.900 S0
G1 X-14.800 S380
G1 X-16.000 S0
G1 X-16.200 S380
G1 X-16.400 S0
G1 X-16.500 S380
G1 X-16.700 S0
G1 X-16.900 S380
G1 X-17.000 S0
G1 X-17.100 S380
G1 X-17.300 S0
G1 X-17.500 S380
G1 X-19.000 S0
G0 X-19.000 Y1.300
G1 X-17.500 Y1.300 S0 F1800
G1 X-17.400 S380
G1 X-17.200 S0
G1 X-17.100 S380
G1 X-16.900 S0
G1 X-16.700 S380
G1 X-16.600 S0
G1 X-16.500 S380
G1 X-16.300 S0
G1 X-16.100 S380
G1 X-14.600 S0
G1 X-14.300 S380
G1 X-9.000 S0
G1 X-8.900 S380
G1 X-8.400 S0
G1 X-8.200 S380
G1 X-3.800 S0
G1 X-3.500 S380
G1 X-3.400 S0
G1 X-3.300 S380
G1 X-3.200 S0
G1 X-2.700 S380
G1 X-2.200 S0
G1 X-2.000 S380
G1 X-1.900 S0
G1 X-1.700 S380
G1 X-1.600 S0
G1 X-1.500 S380
G1 X-1.400 S0
G1 X-1.100 S380
G1 X-1.000 S0
G1 X-0.800 S380
G1 X-0.700 S0
G1 X-0.600 S380
G1 X-0.500 S0
G1 X-0.300 S380
G1 X0.100 S0
G1 X0.300 S380
G1 X0.400 S0
G1 X0.500 S380
G1 X0.600 S0
G1 X0.700 S380
G1 X0.900 S0
G1 X1.200 S380
G1 X1.300 S0
G1 X1.400 S380
G1 X1.500 S0
G1 X1.700 S380
G1 X1.800 S0
G1 X2.000 S380
G1 X2.500 S0
G1 X3.000 S380
G1 X3.100 S0
G1 X3.200 S380
G1 X3.300 S0
G1 X3.400 S380
G1 X3.500 S0
G1 X3.600 S380
G1 X6.200 S0
G1 X6.500 S380
G1 X7.000 S0
G1 X7.400 S380
G1 X7.600 S0
G1 X7.800 S380
G1 X8.000 S0
G1 X8.200 S380
G1 X8.300 S0
G1 X8.400 S380
G1 X8.700 S0
G1 X8.800 S380
G1 X15.900 S0
G1 X16.100 S380
G1 X16.300 S0
G1 X16.500 S380
G1 X16.700 S0
G1 X17.000 S380
G1 X17.200 S0
G1 X17.400 S380
G1 X18.900 S0
G0 X18.900 Y1.200
G1 X17.400 Y1.200 S0 F1800
G1 X17.300 S380
G1 X17.100 S0
G1 X16.900 S380
G1 X16.600 S0
G1 X16.400 S380
G1 X16.200 S0
G1 X16.000 S380
G1 X9.000 S0
G1 X8.800 S380
G1 X8.500 S0
G1 X8.400 S380
G1 X8.300 S0
G1 X8.100 S380
G1 X7.900 S0
G1 X7.700 S380
G1 X7.500 S0
G1 X7.100 S380
G1 X6.400 S0
G1 X6.200 S380
G1 X3.800 S0
G1 X3.600 S380
G1 X3.500 S0
G1 X3.400 S380
G1 X3.300 S0
G1 X3.200 S380
G1 X3.100 S0
G1 X2.600 S380
G1 X2.000 S0
G1 X1.400 S380
G1 X1.300 S0
G1 X1.000 S380
G1 X0.900 S0
G1 X0.800 S380
G1 X0.600 S0
G1 X0.500 S380
G1 X0.400 S0
G1 X0.300 S380
G1 X-0.300 S0
G1 X-0.400 S380
G1 X-0.500 S0
G1 X-0.700 S380
G1 X-0.800 S0
G1 X-0.900 S380
G1 X-1.000 S0
G1 X-1.300 S380
G1 X-1.400 S0
G1 X-1.500 S380
G1 X-1.600 S0
G1 X-2.000 S380
G1 X-2.600 S0
G1 X-3.100 S380
G1 X-3.200 S0
G1 X-3.300 S380
G1 X-3.400 S0
G1 X-3.500 S380
G1 X-3.600 S0
G1 X-3.700 S380
G1 X-8.100 S0
G1 X-8.300 S380
G1 X-8.800 S0
G1 X-8.900 S380
G1 X-16.000 S0
G1 X-16.200 S380
G1 X-16.400 S0
G1 X-16.500 S380
G1 X-16.600 S0
G1 X-16.700 S380
G1 X-17.000 S0
G1 X-17.100 S380
G1 X-17.300 S0
G1 X-17.500 S380
G1 X-19.000 S0
G0 X-19.000 Y1.100
G1 X-17.500 Y1.100 S0 F1800
G1 X-17.400 S380
G1 X-17.200 S0
G1 X-17.000 S380
G1 X-16.800 S0
G1 X-16.500 S380
G1 X-16.300 S0
G1 X-16.100 S380
G1 X-14.600 S0
G1 X-14.400 S380
G1 X-9.100 S0
G1 X-8.900 S380
G1 X-8.400 S0
G1 X-8.200 S380
G1 X-4.000 S0
G1 X-3.800 S380
G1 X-3.700 S0
G1 X-3.500 S380
G1 X-3.400 S0
G1 X-3.300 S380
G1 X-3.200 S0
G1 X-2.800 S380
G1 X-2.100 S0
G1 X-1.700 S380
G1 X-1.600 S0
G1 X-1.500 S380
G1 X-1.400 S0
G1 X-0.900 S380
G1 X-0.800 S0
G1 X-0.700 S380
G1 X-0.600 S0
G1 X-0.400 S380
G1 X0.200 S0
G1 X0.400 S380
G1 X0.500 S0
G1 X0.600 S380
G1 X0.700 S0
G1 X1.200 S380
G1 X1.300 S0
G1 X1.400 S380
G1 X1.500 S0
G1 X1.900 S380
G1 X2.600 S0
G1 X3.000 S380
G1 X3.100 S0
G1 X3.200 S380
G1 X3.300 S0
G1 X3.500 S380
G1 X3.600 S0
G1 X3.800 S380
G1 X6.000 S0
G1 X6.200 S380
G1 X6.600 S0
G1 X6.900 S380
G1 X7.000 S0
G1 X7.800 S380
G1 X8.000 S0
G1 X8.200 S380
G1 X8.700 S0
G1 X8.900 S380
G1 X15.900 S0
G1 X16.100 S380
G1 X16.300 S0
G1 X16.600 S380
G1 X16.800 S0
G1 X17.000 S380
G1 X17.200 S0
G1 X17.400 S380
G1 X18.900 S0
G0 X18.900 Y1.000
G1 X17.400 Y1.000 S0 F1800
G1 X17.400 S380
G1 X17.100 S0
G1 X17.000 S380
G1 X16.800 S0
G1 X16.400 S380
G1 X16.200 S0
G1 X16.100 S380
G1 X15.500 S0
G1 X15.300 S380
G1 X13.800 S0
G1 X13.600 S380
G1 X9.000 S0
G1 X8.800 S380
G1 X8.300 S0
G1 X8.200 S380
G1 X7.800 S0
G1 X6.600 S380
G1 X6.200 S0
G1 X6.000 S380
G1 X3.900 S0
G1 X3.800 S380
G1 X3.700 S0
G1 X3.400 S380
G1 X3.300 S0
G1 X3.200 S380
G1 X3.100 S0
G1 X2.700 S380
G1 X2.000 S0
G1 X1.400 S380
G1 X1.300 S0
G1 X0.600 S380
G1 X0.500 S0
G1 X0.400 S380
G1 X-0.400 S0
G1 X-1.300 S380
G1 X-1.400 S0
G1 X-1.500 S380
G1 X-1.600 S0
G1 X-2.000 S380
G1 X-2.700 S0
G1 X-3.100 S380
G1 X-3.200 S0
G1 X-3.300 S380
G1 X-3.400 S0
G1 X-3.700 S380
G1 X-3.800 S0
G1 X-3.900 S380
G1 X-8.200 S0
G1 X-8.300 S380
G1 X-8.800 S0
G1 X-9.000 S380
G1 X-13.700 S0
G1 X-14.500 S380
G1 X-14.900 S0
G1 X-15.200 S380
G1 X-16.000 S0
G1 X-16.200 S380
G1 X-16.400 S0
G1 X-16.600 S380
G1 X-16.900 S0
G1 X-17.100 S380
G1 X-17.300 S0
G1 X-17.500 S380
G1 X-19.000 S0
G0 X-19.000 Y0.900
G1 X-17.500 Y0.900 S0 F1800
G1 X-17.500 S380
G1 X-17.200 S0
G1 X-16.900 S380
G1 X-16.700 S0
G1 X-16.500 S380
G1 X-16.300 S0
G1 X-16.200 S380
G1 X-15.500 S0
G1 X-14.900 S380
G1 X-14.600 S0
G1 X-13.700 S380
G1 X-9.100 S0
G1 X-8.900 S380
G1 X-8.400 S0
G1 X-8.300 S380
G1 X-4.200 S0
G1 X-3.500 S380
G1 X-3.400 S0
G1 X-3.300 S380
G1 X-3.200 S0
G1 X-2.900 S380
G1 X-2.000 S0
G1 X-1.700 S380
G1 X-1.600 S0
G1 X-1.500 S380
G1 X-1.400 S0
G1 X-1.000 S380
G1 X-0.900 S0
G1 X-0.800 S380
G1 X-0.700 S0
G1 X-0.600 S380
G1 X0.400 S0
G1 X0.500 S380
G1 X0.600 S0
G1 X0.700 S380
G1 X0.800 S0
G1 X1.200 S380
G1 X1.300 S0
G1 X1.400 S380
G1 X1.500 S0
G1 X1.800 S380
G1 X2.700 S0
G1 X3.000 S380
G1 X3.100 S0
G1 X3.200 S380
G1 X3.300 S0
G1 X4.000 S380
G1 X5.800 S0
G1 X6.000 S380
G1 X6.400 S0
G1 X7.000 S380
G1 X7.100 S0
G1 X7.600 S380
G1 X8.100 S0
G1 X8.200 S380
G1 X8.700 S0
G1 X8.900 S380
G1 X13.500 S0
G1 X13.800 S380
G1 X15.100 S0
G1 X15.400 S380
G1 X16.000 S0
G1 X16.100 S380
G1 X16.300 S0
G1 X16.400 S380
G1 X16.500 S0
G1 X16.800 S380
G1 X16.900 S0
G1 X17.100 S380
G1 X17.300 S0
G1 X17.400 S380
G1 X18.900 S0
G0 X18.900 Y0.800
G1 X17.400 Y0.800 S0 F1800
G1 X17.400 S380
G1 X17.200 S0
G1 X16.700 S380
G1 X16.600 S0
G1 X16.400 S380
G1 X16.200 S0
G1 X16.100 S380
G1 X15.500 S0
G1 X13.600 S380
G1 X9.000 S0
G1 X8.900 S380
G1 X8.600 S0
G1 X8.500 S380
G1 X8.300 S0
G1 X8.200 S380
G1 X6.900 S0
G1 X6.400 S380
G1 X6.000 S0
G1 X5.200 S380
G1 X4.400 S0
G1 X4.000 S380
G1 X3.900 S0
G1 X3.700 S380
G1 X3.600 S0
G1 X3.400 S380
G1 X3.300 S0
G1 X3.200 S380
G1 X3.100 S0
G1 X2.800 S380
G1 X1.900 S0
G1 X1.600 S380
G1 X1.500 S0
G1 X1.400 S380
G1 X1.300 S0
G1 X0.800 S380
G1 X0.700 S0
G1 X0.600 S380
G1 X-0.500 S0
G1 X-0.700 S380
G1 X-0.800 S0
G1 X-1.300 S380
G1 X-1.400 S0
G1 X-1.500 S380
G1 X-1.600 S0
G1 X-1.900 S380
G1 X-2.800 S0
G1 X-3.100 S380
G1 X-3.200 S0
G1 X-3.300 S380
G1 X-3.400 S0
G1 X-3.600 S380
G1 X-3.700 S0
G1 X-3.900 S380
G1 X-4.000 S0
G1 X-4.400 S380
G1 X-5.900 S0
G1 X-6.300 S380
G1 X-6.600 S0
G1 X-6.900 S380
G1 X-8.200 S0
G1 X-8.300 S380
G1 X-8.900 S0
G1 X-9.000 S380
G1 X-13.600 S0
G1 X-14.500 S380
G1 X-14.900 S0
G1 X-15.400 S380
G1 X-16.100 S0
G1 X-16.200 S380
G1 X-16.400 S0
G1 X-16.600 S380
G1 X-16.800 S0
G1 X-16.900 S380
G1 X-17.000 S0
G1 X-17.200 S380
G1 X-17.400 S0
G1 X-17.500 S380
G1 X-19.000 S0
G0 X-19.000 Y0.700
G1 X-17.500 Y0.700 S0 F1800
G1 X-17.500 S380
G1 X-17.300 S0
G1 X-17.100 S380
G1 X-17.000 S0
G1 X-16.800 S380
G1 X-16.600 S0
G1 X-16.500 S380
G1 X-16.300 S0
G1 X-16.200 S380
G1 X-15.500 S0
G1 X-15.200 S380
G1 X-14.600 S0
G1 X-13.600 S380
G1 X-9.100 S0
G1 X-9.000 S380
G1 X-8.400 S0
G1 X-8.300 S380
G1 X-7.200 S0
G1 X-3.500 S380
G1 X-3.400 S0
G1 X-3.300 S380
G1 X-3.200 S0
G1 X-2.900 S380
G1 X-2.800 S0
G1 X-2.700 S380
G1 X-2.000 S0
G1 X-1.700 S380
G1 X-1.600 S0
G1 X-1.500 S380
G1 X-1.400 S0
G1 X-0.700 S380
G1 X0.500 S0
G1 X1.200 S380
G1 X1.300 S0
G1 X1.400 S380
G1 X1.500 S0
G1 X1.800 S380
G1 X2.700 S0
G1 X3.000 S380
G1 X3.100 S0
G1 X3.200 S380
G1 X3.300 S0
G1 X5.300 S380
G1 X5.500 S0
G1 X5.700 S380
G1 X6.200 S0
G1 X6.600 S380
G1 X8.100 S0
G1 X8.300 S380
G1 X8.400 S0
G1 X8.500 S380
G1 X8.800 S0
G1 X8.900 S380
G1 X13.500 S0
G1 X15.400 S380
G1 X16.000 S0
G1 X16.100 S380
G1 X16.300 S0
G1 X16.500 S380
G1 X16.700 S0
G1 X17.100 S380
G1 X17.300 S0
G1 X17.400 S380
G1 X18.900 S0
G0 X18.900 Y0.600
G1 X17.400 Y0.600 S0 F1800
G1 X17.400 S380
G1 X17.200 S0
G1 X16.900 S380
G1 X16.600 S0
G1 X16.400 S380
G1 X16.200 S0
G1 X16.100 S380
G1 X15.500 S0
G1 X13.600 S380
G1 X9.100 S0
G1 X8.900 S380
G1 X8.600 S0
G1 X8.500 S380
G1 X8.400 S0
G1 X8.200 S380
G1 X6.600 S0
G1 X6.400 S380
G1 X6.300 S0
G1 X6.100 S380
G1 X5.700 S0
G1 X5.600 S380
G1 X5.400 S0
G1 X5.300 S380
G1 X4.400 S0
G1 X4.000 S380
G1 X3.600 S0
G1 X3.400 S380
G1 X3.300 S0
G1 X3.200 S380
G1 X3.100 S0
G1 X2.800 S380
G1 X1.900 S0
G1 X1.600 S380
G1 X1.500 S0
G1 X1.400 S380
G1 X1.200 S0
G1 X0.700 S380
G1 X-0.700 S0
G1 X-1.300 S380
G1 X-1.400 S0
G1 X-1.500 S380
G1 X-1.600 S0
G1 X-1.900 S380
G1 X-2.800 S0
G1 X-3.100 S380
G1 X-3.200 S0
G1 X-3.300 S380
G1 X-3.400 S0
G1 X-3.600 S380
G1 X-4.000 S0
G1 X-4.100 S380
G1 X-4.200 S0
G1 X-4.400 S380
G1 X-5.900 S0
G1 X-6.000 S380
G1 X-6.200 S0
G1 X-6.300 S380
G1 X-6.600 S0
G1 X-6.700 S380
G1 X-6.800 S0
G1 X-6.900 S380
G1 X-7.000 S0
G1 X-7.200 S380
G1 X-8.200 S0
G1 X-8.400 S380
G1 X-8.900 S0
G1 X-9.100 S380
G1 X-13.500 S0
G1 X-14.500 S380
G1 X-15.200 S0
G1 X-15.500 S380
G1 X-16.100 S0
G1 X-16.200 S380
G1 X-16.400 S0
G1 X-16.800 S380
G1 X-17.000 S0
G1 X-17.200 S380
G1 X-17.400 S0
G1 X-17.500 S380
G1 X-19.000 S0
G0 X-19.000 Y0.500
G1 X-17.500 Y0.500 S0 F1800
G1 X-17.500 S380
G1 X-17.300 S0
G1 X-17.100 S380
G1 X-16.800 S0
G1 X-16.500 S380
G1 X-16.300 S0
G1 X-16.200 S380
G1 X-15.600 S0
G1 X-15.300 S380
G1 X-14.600 S0
G1 X-13.600 S380
G1 X-9.200 S0
G1 X-9.000 S380
G1 X-8.500 S0
G1 X-8.300 S380
G1 X-7.300 S0
G1 X-7.200 S380
G1 X-7.000 S0
G1 X-6.700 S380
G1 X-6.400 S0
G1 X-6.300 S380
G1 X-6.100 S0
G1 X-6.000 S380
G1 X-4.400 S0
G1 X-4.300 S380
G1 X-4.200 S0
G1 X-4.100 S380
G1 X-3.600 S0
G1 X-3.500 S380
G1 X-3.400 S0
G1 X-3.300 S380
G1 X-3.200 S0
G1 X-2.900 S380
G1 X-2.000 S0
G1 X-1.700 S380
G1 X-1.600 S0
G1 X-1.500 S380
G1 X-1.400 S0
G1 X-1.200 S380
G1 X-1.100 S0
G1 X-0.900 S380
G1 X0.700 S0
G1 X0.900 S380
G1 X1.000 S0
G1 X1.200 S380
G1 X1.300 S0
G1 X1.400 S380
G1 X1.500 S0
G1 X1.800 S380
G1 X2.700 S0
G1 X3.000 S380
G1 X3.100 S0
G1 X3.200 S380
G1 X3.300 S0
G1 X3.400 S380
G1 X3.900 S0
G1 X4.000 S380
G1 X4.100 S0
G1 X4.300 S380
G1 X5.200 S0
G1 X5.300 S380
G1 X5.500 S0
G1 X5.600 S380
G1 X5.900 S0
G1 X6.100 S380
G1 X6.200 S0
G1 X6.400 S380
G1 X8.100 S0
G1 X8.300 S380
G1 X8.800 S0
G1 X9.000 S380
G1 X13.500 S0
G1 X15.400 S380
G1 X16.000 S0
G1 X16.100 S380
G1 X16.300 S0
G1 X16.600 S380
G1 X16.900 S0
G1 X17.100 S380
G1 X17.300 S0
G1 X17.400 S380
G1 X18.900 S0
G0 X18.900 Y0.400
G1 X17.400 Y0.400 S0 F1800
G1 X17.400 S380
G1 X17.200 S0
G1 X17.000 S380
G1 X16.800 S0
G1 X16.400 S380
G1 X16.200 S0
G1 X16.100 S380
G1 X15.500 S0
G1 X13.600 S380
G1 X9.100 S0
G1 X9.000 S380
G1 X8.400 S0
G1 X8.300 S380
G1 X6.400 S0
G1 X5.200 S380
G1 X4.400 S0
G1 X4.000 S380
G1 X3.500 S0
G1 X3.400 S380
G1 X3.300 S0
G1 X3.200 S380
G1 X3.100 S0
G1 X2.800 S380
G1 X1.900 S0
G1 X1.600 S380
G1 X1.500 S0
G1 X1.400 S380
G1 X1.300 S0
G1 X1.000 S380
G1 X0.900 S0
G1 X0.800 S380
G1 X-0.800 S0
G1 X-1.300 S380
G1 X-1.400 S0
G1 X-1.500 S380
G1 X-1.600 S0
G1 X-1.800 S380
G1 X-2.800 S0
G1 X-3.100 S380
G1 X-3.200 S0
G1 X-3.300 S380
G1 X-3.400 S0
G1 X-3.500 S380
G1 X-4.000 S0
G1 X-4.500 S380
G1 X-5.900 S0
G1 X-6.300 S380
G1 X-6.600 S0
G1 X-6.900 S380
G1 X-7.100 S0
G1 X-7.200 S380
G1 X-8.300 S0
G1 X-8.400 S380
G1 X-9.000 S0
G1 X-9.100 S380
G1 X-13.500 S0
G1 X-13.800 S380
G1 X-14.300 S0
G1 X-14.500 S380
G1 X-15.200 S0
G1 X-15.500 S380
G1 X-16.100 S0
G1 X-16.200 S380
G1 X-16.400 S0
G1 X-16.700 S380
G1 X-16.900 S0
G1 X-17.200 S380
G1 X-17.400 S0
G1 X-17.500 S380
G1 X-19.000 S0
G0 X-19.000 Y0.300
G1 X-17.500 Y0.300 S0 F1800
G1 X-17.500 S380
G1 X-17.300 S0
G1 X-16.900 S380
G1 X-16.700 S0
G1 X-16.500 S380
G1 X-16.300 S0
G1 X-16.200 S380
G1 X-15.600 S0
G1 X-15.300 S380
G1 X-14.600 S0
G1 X-14.400 S380
G1 X-13.900 S0
G1 X-13.600 S380
G1 X-9.200 S0
G1 X-9.100 S380
G1 X-8.800 S0
G1 X-8.700 S380
G1 X-8.500 S0
G1 X-8.400 S380
G1 X-7.300 S0
G1 X-7.100 S380
G1 X-7.000 S0
G1 X-6.700 S380
G1 X-6.600 S0
G1 X-5.900 S380
G1 X-5.800 S0
G1 X-4.100 S380
G1 X-3.900 S0
G1 X-3.500 S380
G1 X-3.400 S0
G1 X-3.300 S380
G1 X-3.200 S0
G1 X-2.900 S380
G1 X-1.900 S0
G1 X-1.700 S380
G1 X-1.600 S0
G1 X-1.500 S380
G1 X-1.400 S0
G1 X-0.900 S380
G1 X0.700 S0
G1 X1.100 S380
G1 X1.300 S0
G1 X1.400 S380
G1 X1.500 S0
G1 X1.800 S380
G1 X2.700 S0
G1 X3.000 S380
G1 X3.100 S0
G1 X3.200 S380
G1 X3.300 S0
G1 X6.200 S380
G1 X8.200 S0
G1 X8.300 S380
G1 X8.500 S0
G1 X8.600 S380
G1 X8.900 S0
G1 X9.000 S380
G1 X13.500 S0
G1 X13.700 S380
G1 X14.100 S0
G1 X14.500 S380
G1 X15.100 S0
G1 X15.400 S380
G1 X16.000 S0
G1 X16.100 S380
G1 X16.300 S0
G1 X16.800 S380
G1 X16.900 S0
G1 X17.100 S380
G1 X17.300 S0
G1 X17.400 S380
G1 X18.900 S0
G0 X18.900 Y0.200
G1 X17.400 Y0.200 S0 F1800
G1 X17.400 S380
G1 X17.200 S0
G1 X17.000 S380
G1 X16.900 S0
G1 X16.700 S380
G1 X16.600 S0
G1 X16.400 S380
G1 X16.200 S0
G1 X16.100 S380
G1 X15.500 S0
G1 X15.200 S380
G1 X14.600 S0
G1 X14.100 S380
G1 X13.700 S0
G1 X13.600 S380
G1 X9.200 S0
G1 X9.000 S380
G1 X8.700 S0
G1 X8.600 S380
G1 X8.500 S0
G1 X8.300 S380
G1 X6.100 S0
G1 X3.700 S380
G1 X3.600 S0
G1 X3.400 S380
G1 X3.300 S0
G1 X3.200 S380
G1 X3.100 S0
G1 X2.800 S380
G1 X2.100 S0
G1 X2.000 S380
G1 X1.900 S0
G1 X1.600 S380
G1 X1.500 S0
G1 X1.400 S380
G1 X1.300 S0
G1 X0.800 S380
G1 X-0.800 S0
G1 X-1.300 S380
G1 X-1.400 S0
G1 X-1.500 S380
G1 X-1.600 S0
G1 X-1.900 S380
G1 X-2.300 S0
G1 X-2.400 S380
G1 X-2.800 S0
G1 X-3.100 S380
G1 X-3.200 S0
G1 X-3.300 S380
G1 X-3.400 S0
G1 X-3.600 S380
G1 X-3.800 S0
G1 X-7.100 S380
G1 X-8.300 S0
G1 X-8.500 S380
G1 X-8.600 S0
G1 X-8.700 S380
G1 X-9.000 S0
G1 X-9.200 S380
G1 X-13.500 S0
G1 X-13.800 S380
G1 X-15.200 S0
G1 X-15.500 S380
G1 X-16.100 S0
G1 X-16.200 S380
G1 X-16.400 S0
G1 X-16.600 S380
G1 X-16.800 S0
G1 X-16.900 S380
G1 X-17.000 S0
G1 X-17.200 S380
G1 X-17.400 S0
G1 X-17.500 S380
G1 X-19.000 S0
G0 X-19.000 Y0.100
G1 X-17.500 Y0.100 S0 F1800
G1 X-17.500 S380
G1 X-17.300 S0
G1 X-17.100 S380
G1 X-17.000 S0
G1 X-16.800 S380
G1 X-16.700 S0
G1 X-16.500 S380
G1 X-16.300 S0
G1 X-16.200 S380
G1 X-15.600 S0
G1 X-15.200 S380
G1 X-13.900 S0
G1 X-13.600 S380
G1 X-9.300 S0
G1 X-9.100 S380
G1 X-8.600 S0
G1 X-8.400 S380
G1 X-7.100 S0
G1 X-3.500 S380
G1 X-3.400 S0
G1 X-3.300 S380
G1 X-3.200 S0
G1 X-2.900 S380
G1 X-2.000 S0
G1 X-1.700 S380
G1 X-1.600 S0
G1 X-1.500 S380
G1 X-1.400 S0
G1 X-0.900 S380
G1 X0.700 S0
G1 X1.200 S380
G1 X1.300 S0
G1 X1.400 S380
G1 X1.500 S0
G1 X1.800 S380
G1 X2.700 S0
G1 X3.000 S380
G1 X3.100 S0
G1 X3.200 S380
G1 X3.300 S0
G1 X5.800 S380
G1 X8.200 S0
G1 X8.400 S380
G1 X8.900 S0
G1 X9.100 S380
G1 X13.800 S0
G1 X14.600 S380
G1 X15.000 S0
G1 X15.400 S380
G1 X16.000 S0
G1 X16.100 S380
G1 X16.300 S0
G1 X16.500 S380
G1 X16.700 S0
G1 X17.100 S380
G1 X17.300 S0
G1 X17.400 S380
G1 X18.900 S0
G0 X18.900 Y0.000
G1 X17.400 Y0.000 S0 F1800
G1 X17.400 S380
G1 X17.200 S0
G1 X16.900 S380
G1 X16.600 S0
G1 X16.400 S380
G1 X16.200 S0
G1 X16.100 S380
G1 X15.500 S0
G1 X13.800 S380
G1 X9.200 S0
G1 X9.100 S380
G1 X8.500 S0
G1 X8.400 S380
G1 X5.700 S0
G1 X5.400 S380
G1 X4.400 S0
G1 X3.400 S380
G1 X3.300 S0
G1 X3.200 S380
G1 X3.100 S0
G1 X2.800 S380
G1 X1.900 S0
G1 X1.600 S380
G1 X1.500 S0
G1 X1.400 S380
G1 X1.300 S0
G1 X0.700 S380
G1 X-0.800 S0
G1 X-1.300 S380
G1 X-1.400 S0
G1 X-1.500 S380
G1 X-1.600 S0
G1 X-1.900 S380
G1 X-2.800 S0
G1 X-3.100 S380
G1 X-3.200 S0
G1 X-3.300 S380
G1 X-3.400 S0
G1 X-3.900 S380
G1 X-4.000 S0
G1 X-4.400 S380
G1 X-6.000 S0
G1 X-6.200 S380
G1 X-6.700 S0
G1 X-6.800 S380
G1 X-8.400 S0
G1 X-8.500 S380
G1 X-9.100 S0
G1 X-9.200 S380
G1 X-13.500 S0
G1 X-13.900 S380
G1 X-15.100 S0
G1 X-15.400 S380
G1 X-16.100 S0
G1 X-16.200 S380
G1 X-16.400 S0
G1 X-16.800 S380
G1 X-17.000 S0
G1 X-17.200 S380
G1 X-17.400 S0
G1 X-17.500 S380
G1 X-19.000 S0
G0 X-19.000 Y-0.100
G1 X-17.500 Y-0.100 S0 F1800
G1 X-17.500 S380
G1 X-17.300 S0
G1 X-17.100 S380
G1 X-16.800 S0
G1 X-16.500 S380
G1 X-16.300 S0
G1 X-16.200 S380
G1 X-15.500 S0
G1 X-15.000 S380
G1 X-14.100 S0
G1 X-13.600 S380
G1 X-9.400 S0
G1 X-9.200 S380
G1 X-8.900 S0
G1 X-8.800 S380
G1 X-8.600 S0
G1 X-8.500 S380
G1 X-4.200 S0
G1 X-3.500 S380
G1 X-3.400 S0
G1 X-3.300 S380
G1 X-3.200 S0
G1 X-2.900 S380
G1 X-1.900 S0
G1 X-1.700 S380
G1 X-1.600 S0
G1 X-1.500 S380
G1 X-1.400 S0
G1 X-0.800 S380
G1 X0.600 S0
G1 X0.700 S380
G1 X0.800 S0
G1 X0.900 S380
G1 X1.000 S0
G1 X1.200 S380
G1 X1.300 S0
G1 X1.400 S380
G1 X1.500 S0
G1 X1.800 S380
G1 X2.700 S0
G1 X3.000 S380
G1 X3.100 S0
G1 X3.200 S380
G1 X3.300 S0
G1 X4.000 S380
G1 X8.300 S0
G1 X8.500 S380
G1 X8.600 S0
G1 X8.700 S380
G1 X9.000 S0
G1 X9.200 S380
G1 X13.600 S0
G1 X15.300 S380
G1 X16.000 S0
G1 X16.100 S380
G1 X16.300 S0
G1 X16.600 S380
G1 X16.800 S0
G1 X17.100 S380
G1 X17.300 S0
G1 X17.400 S380
G1 X18.900 S0
G0 X18.900 Y-0.200
G1 X17.400 Y-0.200 S0 F1800
G1 X17.400 S380
G1 X17.200 S0
G1 X17.000 S380
G1 X16.700 S0
G1 X16.400 S380
G1 X16.200 S0
G1 X16.100 S380
G1 X15.400 S0
G1 X13.600 S380
G1 X9.300 S0
G1 X9.100 S380
G1 X8.600 S0
G1 X8.400 S380
G1 X3.900 S0
G1 X3.800 S380
G1 X3.600 S0
G1 X3.400 S380
G1 X3.300 S0
G1 X3.200 S380
G1 X3.100 S0
G1 X2.800 S380
G1 X1.900 S0
G1 X1.600 S380
G1 X1.500 S0
G1 X1.400 S380
G1 X1.300 S0
G1 X1.100 S380
G1 X1.000 S0
G1 X0.900 S380
G1 X0.800 S0
G1 X0.700 S380
G1 X-0.700 S0
G1 X-0.800 S380
G1 X-0.900 S0
G1 X-1.000 S380
G1 X-1.100 S0
G1 X-1.300 S380
G1 X-1.400 S0
G1 X-1.500 S380
G1 X-1.600 S0
G1 X-1.900 S380
G1 X-2.800 S0
G1 X-3.100 S380
G1 X-3.200 S0
G1 X-3.300 S380
G1 X-3.400 S0
G1 X-3.600 S380
G1 X-3.800 S0
G1 X-3.900 S380
G1 X-8.400 S0
G1 X-8.600 S380
G1 X-9.100 S0
G1 X-9.300 S380
G1 X-13.600 S0
G1 X-14.300 S380
G1 X-14.600 S0
G1 X-15.400 S380
G1 X-16.100 S0
G1 X-16.200 S380
G1 X-16.400 S0
G1 X-16.600 S380
G1 X-16.900 S0
G1 X-17.200 S380
G1 X-17.400 S0
G1 X-17.500 S380
G1 X-19.000 S0
G0 X-19.000 Y-0.300
G1 X-17.500 Y-0.300 S0 F1800
G1 X-17.500 S380
G1 X-17.300 S0
G1 X-16.900 S380
G1 X-16.700 S0
G1 X-16.500 S380
G1 X-16.300 S0
G1 X-16.200 S380
G1 X-15.400 S0
G1 X-13.700 S380
G1 X-9.400 S0
G1 X-9.300 S380
G1 X-8.700 S0
G1 X-8.600 S380
G1 X-4.000 S0
G1 X-3.800 S380
G1 X-3.700 S0
G1 X-3.500 S380
G1 X-3.400 S0
G1 X-3.300 S380
G1 X-3.200 S0
G1 X-2.900 S380
G1 X-2.000 S0
G1 X-1.700 S380
G1 X-1.600 S0
G1 X-1.500 S380
G1 X-1.400 S0
G1 X-1.200 S380
G1 X-1.100 S0
G1 X-1.000 S380
G1 X-0.900 S0
G1 X-0.700 S380
G1 X0.500 S0
G1 X0.700 S380
G1 X0.800 S0
G1 X0.900 S380
G1 X1.000 S0
G1 X1.200 S380
G1 X1.300 S0
G1 X1.400 S380
G1 X1.500 S0
G1 X1.800 S380
G1 X2.700 S0
G1 X3.000 S380
G1 X3.100 S0
G1 X3.200 S380
G1 X3.300 S0
G1 X3.500 S380
G1 X3.600 S0
G1 X3.800 S380
G1 X8.400 S0
G1 X8.500 S380
G1 X9.100 S0
G1 X9.200 S380
G1 X13.500 S0
G1 X14.100 S380
G1 X14.400 S0
G1 X15.200 S380
G1 X16.000 S0
G1 X16.100 S380
G1 X16.300 S0
G1 X16.700 S380
G1 X16.900 S0
G1 X17.100 S380
G1 X17.300 S0
G1 X17.400 S380
G1 X18.900 S0
G0 X18.900 Y-0.400
G1 X17.400 Y-0.400 S0 F1800
G1 X17.400 S380
G1 X17.200 S0
G1 X17.000 S380
G1 X16.900 S0
G1 X16.700 S380
G1 X16.600 S0
G1 X16.400 S380
G1 X16.200 S0
G1 X16.100 S380
G1 X15.200 S0
G1 X14.600 S380
G1 X14.100 S0
G1 X13.600 S380
G1 X9.400 S0
G1 X9.200 S380
G1 X8.900 S0
G1 X8.800 S380
G1 X8.600 S0
G1 X8.500 S380
G1 X3.900 S0
G1 X3.400 S380
G1 X3.300 S0
G1 X3.200 S380
G1 X3.100 S0
G1 X2.800 S380
G1 X1.900 S0
G1 X1.600 S380
G1 X1.500 S0
G1 X1.400 S380
G1 X1.300 S0
G1 X0.800 S380
G1 X0.700 S0
G1 X0.600 S380
G1 X-0.600 S0
G1 X-0.700 S380
G1 X-0.800 S0
G1 X-1.000 S380
G1 X-1.100 S0
G1 X-1.300 S380
G1 X-1.400 S0
G1 X-1.500 S380
G1 X-1.600 S0
G1 X-1.900 S380
G1 X-2.800 S0
G1 X-3.100 S380
G1 X-3.200 S0
G1 X-3.300 S380
G1 X-3.400 S0
G1 X-3.900 S380
G1 X-8.500 S0
G1 X-8.600 S380
G1 X-8.800 S0
G1 X-8.900 S380
G1 X-9.200 S0
G1 X-9.400 S380
G1 X-13.700 S0
G1 X-15.200 S380
G1 X-16.100 S0
G1 X-16.200 S380
G1 X-16.400 S0
G1 X-16.600 S380
G1 X-16.700 S0
G1 X-16.900 S380
G1 X-17.000 S0
G1 X-17.200 S380
G1 X-17.400 S0
G1 X-17.500 S380
G1 X-19.000 S0
G0 X-19.000 Y-0.500
G1 X-17.500 Y-0.500 S0 F1800
G1 X-17.500 S380
G1 X-17.300 S0
G1 X-17.100 S380
G1 X-16.900 S0
G1 X-16.500 S380
G1 X-16.300 S0
G1 X-16.200 S380
G1 X-15.200 S0
G1 X-13.900 S380
G1 X-9.500 S0
G1 X-9.300 S380
G1 X-8.800 S0
G1 X-8.600 S380
G1 X-3.800 S0
G1 X-3.700 S380
G1 X-3.600 S0
G1 X-3.500 S380
G1 X-3.400 S0
G1 X-3.300 S380
G1 X-3.200 S0
G1 X-2.900 S380
G1 X-2.000 S0
G1 X-1.700 S380
G1 X-1.600 S0
G1 X-1.500 S380
G1 X-1.400 S0
G1 X-0.900 S380
G1 X-0.800 S0
G1 X-0.700 S380
G1 X0.500 S0
G1 X0.600 S380
G1 X0.700 S0
G1 X1.200 S380
G1 X1.300 S0
G1 X1.400 S380
G1 X1.500 S0
G1 X1.800 S380
G1 X2.700 S0
G1 X3.000 S380
G1 X3.100 S0
G1 X3.200 S380
G1 X3.300 S0
G1 X3.600 S380
G1 X8.400 S0
G1 X8.600 S380
G1 X9.100 S0
G1 X9.300 S380
G1 X13.500 S0
G1 X13.900 S380
G1 X16.000 S0
G1 X16.100 S380
G1 X16.300 S0
G1 X16.500 S380
G1 X16.700 S0
G1 X17.100 S380
G1 X17.300 S0
G1 X17.400 S380
G1 X18.900 S0
G0 X18.900 Y-0.600
G1 X17.400 Y-0.600 S0 F1800
G1 X17.400 S380
G1 X17.200 S0
G1 X16.900 S380
G1 X16.600 S0
G1 X16.400 S380
G1 X16.200 S0
G1 X16.100 S380
G1 X13.800 S0
G1 X13.600 S380
G1 X9.400 S0
G1 X9.300 S380
G1 X9.000 S0
G1 X8.900 S380
G1 X8.700 S0
G1 X8.600 S380
G1 X3.700 S0
G1 X3.400 S380
G1 X3.300 S0
G1 X0.500 S380
G1 X-0.500 S0
G1 X-3.300 S380
G1 X-3.400 S0
G1 X-3.700 S380
G1 X-8.600 S0
G1 X-8.700 S380
G1 X-9.300 S0
G1 X-9.400 S380
G1 X-13.900 S0
G1 X-15.000 S380
G1 X-16.100 S0
G1 X-16.200 S380
G1 X-16.400 S0
G1 X-16.800 S380
G1 X-17.000 S0
G1 X-17.200 S380
G1 X-17.400 S0
G1 X-17.500 S380
G1 X-19.000 S0
G0 X-19.000 Y-0.700
G1 X-17.500 Y-0.700 S0 F1800
G1 X-17.500 S380
G1 X-17.300 S0
G1 X-17.100 S380
G1 X-16.800 S0
G1 X-16.500 S380
G1 X-16.300 S0
G1 X-16.200 S380
G1 X-14.900 S0
G1 X-14.200 S380
G1 X-9.600 S0
G1 X-9.400 S380
G1 X-9.100 S0
G1 X-9.000 S380
G1 X-8.800 S0
G1 X-8.700 S380
G1 X-3.700 S0
G1 X-3.500 S380
G1 X-3.400 S0
G1 X-1.500 S380
G1 X-1.400 S0
G1 X1.100 S380
G1 X1.200 S0
G1 X3.200 S380
G1 X3.300 S0
G1 X3.600 S380
G1 X5.100 S0
G1 X5.300 S380
G1 X8.500 S0
G1 X8.700 S380
G1 X8.800 S0
G1 X8.900 S380
G1 X9.200 S0
G1 X9.400 S380
G1 X13.500 S0
G1 X13.600 S380
G1 X16.000 S0
G1 X16.100 S380
G1 X16.300 S0
G1 X16.600 S380
G1 X16.800 S0
G1 X17.000 S380
G1 X17.300 S0
G1 X17.400 S380
G1 X18.900 S0
G0 X18.900 Y-0.800
G1 X17.400 Y-0.800 S0 F1800
G1 X17.400 S380
G1 X17.100 S0
G1 X17.000 S380
G1 X16.800 S0
G1 X16.400 S380
G1 X16.200 S0
G1 X16.100 S380
G1 X9.500 S0
G1 X9.400 S380
G1 X8.800 S0
G1 X8.600 S380
G1 X5.400 S0
G1 X5.100 S380
G1 X3.600 S0
G1 X3.400 S380
G1 X3.300 S0
G1 X-3.300 S380
G1 X-3.400 S0
G1 X-3.600 S380
G1 X-5.300 S0
G1 X-5.500 S380
G1 X-8.600 S0
G1 X-8.800 S380
G1 X-9.400 S0
G1 X-9.500 S380
G1 X-16.100 S0
G1 X-16.200 S380
G1 X-16.400 S0
G1 X-16.600 S380
G1 X-16.900 S0
G1 X-17.100 S380
G1 X-17.400 S0
G1 X-17.500 S380
G1 X-19.000 S0
G0 X-19.000 Y-0.900
G1 X-17.500 Y-0.900 S0 F1800
G1 X-17.400 S380
G1 X-17.200 S0
G1 X-16.900 S380
G1 X-16.700 S0
G1 X-16.500 S380
G1 X-16.300 S0
G1 X-16.200 S380
G1 X-9.700 S0
G1 X-9.500 S380
G1 X-9.200 S0
G1 X-9.100 S380
G1 X-8.900 S0
G1 X-8.800 S380
G1 X-5.600 S0
G1 X-5.400 S380
G1 X-3.600 S0
G1 X-3.500 S380
G1 X-3.400 S0
G1 X3.200 S380
G1 X3.300 S0
G1 X3.500 S380
G1 X5.000 S0
G1 X5.100 S380
G1 X5.200 S0
G1 X5.400 S380
G1 X8.600 S0
G1 X8.700 S380
G1 X8.900 S0
G1 X9.000 S380
G1 X9.300 S0
G1 X9.500 S380
G1 X16.000 S0
G1 X16.100 S380
G1 X16.300 S0
G1 X16.700 S380
G1 X16.900 S0
G1 X17.000 S380
G1 X17.300 S0
G1 X17.400 S380
G1 X18.900 S0
G0 X18.900 Y-1.000
G1 X17.400 Y-1.000 S0 F1800
G1 X17.400 S380
G1 X17.100 S0
G1 X17.000 S380
G1 X16.900 S0
G1 X16.700 S380
G1 X16.600 S0
G1 X16.400 S380
G1 X16.200 S0
G1 X16.100 S380
G1 X9.600 S0
G1 X9.400 S380
G1 X8.900 S0
G1 X8.700 S380
G1 X5.500 S0
G1 X5.400 S380
G1 X5.200 S0
G1 X5.000 S380
G1 X3.600 S0
G1 X3.400 S380
G1 X3.300 S0
G1 X3.200 S380
G1 X-3.200 S0
G1 X-3.300 S380
G1 X-3.400 S0
G1 X-3.500 S380
G1 X-5.300 S0
G1 X-5.600 S380
G1 X-8.700 S0
G1 X-8.900 S380
G1 X-9.400 S0
G1 X-9.600 S380
G1 X-16.000 S0
G1 X-16.200 S380
G1 X-16.400 S0
G1 X-16.500 S380
G1 X-16.700 S0
G1 X-16.900 S380
G1 X-17.000 S0
G1 X-17.100 S380
G1 X-17.300 S0
G1 X-17.500 S380
G1 X-19.000 S0
G0 X-19.000 Y-1.100
G1 X-17.500 Y-1.100 S0 F1800
G1 X-17.400 S380
G1 X-17.200 S0
G1 X-17.100 S380
G1 X-16.900 S0
G1 X-16.700 S380
G1 X-16.600 S0
G1 X-16.500 S380
G1 X-16.300 S0
G1 X-16.100 S380
G1 X-9.800 S0
G1 X-9.600 S380
G1 X-9.300 S0
G1 X-9.200 S380
G1 X-9.000 S0
G1 X-8.900 S380
G1 X-5.700 S0
G1 X-5.600 S380
G1 X-5.500 S0
G1 X-5.300 S380
G1 X-3.600 S0
G1 X-3.500 S380
G1 X-3.400 S0
G1 X-3.300 S380
G1 X-1.300 S0
G1 X-1.200 S380
G1 X3.100 S0
G1 X3.200 S380
G1 X3.300 S0
G1 X3.500 S380
G1 X4.900 S0
G1 X5.000 S380
G1 X5.300 S0
G1 X5.500 S380
G1 X8.700 S0
G1 X8.800 S380
G1 X9.000 S0
G1 X9.100 S380
G1 X9.400 S0
G1 X9.600 S380
G1 X15.900 S0
G1 X16.100 S380
G1 X16.300 S0
G1 X16.500 S380
G1 X16.700 S0
G1 X17.000 S380
G1 X17.200 S0
G1 X17.400 S380
G1 X18.900 S0
G0 X18.900 Y-1.200
G1 X17.400 Y-1.200 S0 F1800
G1 X17.300 S380
G1 X17.100 S0
G1 X16.800 S380
G1 X16.600 S0
G1 X16.400 S380
G1 X16.200 S0
G1 X16.000 S380
G1 X9.700 S0
G1 X9.500 S380
G1 X9.000 S0
G1 X8.800 S380
G1 X5.600 S0
G1 X5.400 S380
G1 X5.100 S0
G1 X5.000 S380
G1 X3.600 S0
G1 X3.400 S380
G1 X3.300 S0
G1 X-3.300 S380
G1 X-3.400 S0
G1 X-3.500 S380
G1 X-5.100 S0
G1 X-5.300 S380
G1 X-5.600 S0
G1 X-5.700 S380
G1 X-8.800 S0
G1 X-9.000 S380
G1 X-9.500 S0
G1 X-9.700 S380
G1 X-16.000 S0
G1 X-16.200 S380
G1 X-16.400 S0
G1 X-16.700 S380
G1 X-16.900 S0
G1 X-17.100 S380
G1 X-17.300 S0
G1 X-17.500 S380
G1 X-19.000 S0
G0 X-19.000 Y-1.300
G1 X-17.500 Y-1.300 S0 F1800
G1 X-17.400 S380
G1 X-17.200 S0
G1 X-17.000 S380
G1 X-16.700 S0
G1 X-16.500 S380
G1 X-16.300 S0
G1 X-16.100 S380
G1 X-9.900 S0
G1 X-9.700 S380
G1 X-9.400 S0
G1 X-9.300 S380
G1 X-9.100 S0
G1 X-9.000 S380
G1 X-5.800 S0
G1 X-5.700 S380
G1 X-5.400 S0
G1 X-5.200 S380
G1 X-3.600 S0
G1 X-3.500 S380
G1 X3.300 S0
G1 X3.500 S380
G1 X4.900 S0
G1 X5.000 S380
G1 X5.200 S0
G1 X5.500 S380
G1 X8.800 S0
G1 X8.900 S380
G1 X9.100 S0
G1 X9.200 S380
G1 X9.500 S0
G1 X9.700 S380
G1 X15.900 S0
G1 X16.100 S380
G1 X16.300 S0
G1 X16.600 S380
G1 X16.800 S0
G1 X17.000 S380
G1 X17.200 S0
G1 X17.400 S380
G1 X18.900 S0
G0 X18.900 Y-1.400
G1 X17.400 Y-1.400 S0 F1800
G1 X17.300 S380
G1 X17.100 S0
G1 X16.900 S380
G1 X16.700 S0
G1 X16.400 S380
G1 X16.200 S0
G1 X16.000 S380
G1 X9.800 S0
G1 X9.700 S380
G1 X9.400 S0
G1 X9.300 S380
G1 X9.100 S0
G1 X8.900 S380
G1 X5.600 S0
G1 X5.400 S380
G1 X5.100 S0
G1 X5.000 S380
G1 X3.600 S0
G1 X-3.500 S380
G1 X-5.100 S0
G1 X-5.500 S380
G1 X-5.600 S0
G1 X-5.700 S380
G1 X-8.900 S0
G1 X-9.100 S380
G1 X-9.700 S0
G1 X-9.800 S380
G1 X-16.000 S0
G1 X-16.200 S380
G1 X-16.400 S0
G1 X-16.600 S380
G1 X-16.800 S0
G1 X-17.100 S380
G1 X-17.300 S0
G1 X-17.500 S380
G1 X-19.000 S0
G0 X-18.900 Y-1.500
G1 X-17.400 Y-1.500 S0 F1800
G1 X-17.400 S380
G1 X-17.200 S0
G1 X-16.900 S380
G1 X-16.600 S0
G1 X-16.400 S380
G1 X-16.300 S0
G1 X-16.100 S380
G1 X-10.000 S0
G1 X-9.800 S380
G1 X-9.500 S0
G1 X-9.400 S380
G1 X-9.200 S0
G1 X-9.100 S380
G1 X-5.800 S0
G1 X-5.200 S380
G1 X-3.600 S0
G1 X-3.300 S380
G1 X-2.900 S0
G1 X-2.100 S380
G1 X1.200 S0
G1 X1.500 S380
G1 X1.700 S0
G1 X1.800 S380
G1 X1.900 S0
G1 X2.800 S380
G1 X3.100 S0
G1 X3.400 S380
G1 X4.900 S0
G1 X5.100 S380
G1 X5.300 S0
G1 X5.500 S380
G1 X8.900 S0
G1 X9.000 S380
G1 X9.200 S0
G1 X9.300 S380
G1 X9.600 S0
G1 X9.800 S380
G1 X15.900 S0
G1 X16.100 S380
G1 X16.200 S0
G1 X16.400 S380
G1 X16.500 S0
G1 X16.700 S380
G1 X16.800 S0
G1 X17.000 S380
G1 X17.200 S0
G1 X17.400 S380
G1 X18.900 S0
G0 X18.900 Y-1.600
G1 X17.400 Y-1.600 S0 F1800
G1 X17.300 S380
G1 X17.100 S0
G1 X17.000 S380
G1 X16.900 S0
G1 X16.700 S380
G1 X16.500 S0
G1 X16.300 S380
G1 X16.200 S0
G1 X16.000 S380
G1 X10.000 S0
G1 X9.800 S380
G1 X9.500 S0
G1 X9.400 S380
G1 X9.200 S0
G1 X9.000 S380
G1 X5.500 S0
G1 X5.400 S380
G1 X5.200 S0
G1 X5.000 S380
G1 X2.800 S0
G1 X2.500 S380
G1 X2.200 S0
G1 X2.100 S380
G1 X-2.000 S0
G1 X-2.200 S380
G1 X-2.700 S0
G1 X-2.800 S380
G1 X-5.100 S0
G1 X-5.300 S380
G1 X-5.600 S0
G1 X-5.800 S380
G1 X-9.000 S0
G1 X-9.200 S380
G1 X-9.400 S0
G1 X-9.500 S380
G1 X-9.800 S0
G1 X-10.000 S380
G1 X-16.000 S0
G1 X-16.100 S380
G1 X-16.300 S0
G1 X-16.500 S380
G1 X-16.700 S0
G1 X-17.100 S380
G1 X-17.300 S0
G1 X-17.400 S380
G1 X-18.900 S0
G0 X-18.900 Y-1.700
G1 X-17.400 Y-1.700 S0 F1800
G1 X-17.400 S380
G1 X-17.200 S0
G1 X-17.000 S380
G1 X-16.900 S0
G1 X-16.700 S380
G1 X-16.600 S0
G1 X-16.400 S380
G1 X-16.200 S0
G1 X-16.100 S380
G1 X-10.200 S0
G1 X-10.000 S380
G1 X-9.600 S0
G1 X-9.500 S380
G1 X-9.300 S0
G1 X-9.200 S380
G1 X-6.100 S0
G1 X-5.000 S380
G1 X-2.900 S0
G1 X-2.800 S380
G1 X-2.400 S0
G1 X-2.200 S380
G1 X2.000 S0
G1 X2.200 S380
G1 X2.600 S0
G1 X2.800 S380
G1 X4.900 S0
G1 X5.100 S380
G1 X5.300 S0
G1 X5.500 S380
G1 X9.000 S0
G1 X9.200 S380
G1 X9.300 S0
G1 X9.600 S380
G1 X9.800 S0
G1 X10.000 S380
G1 X15.900 S0
G1 X16.000 S380
G1 X16.200 S0
G1 X16.400 S380
G1 X16.600 S0
G1 X17.000 S380
G1 X17.200 S0
G1 X17.300 S380
G1 X18.800 S0
G0 X18.800 Y-1.800
G1 X17.300 Y-1.800 S0 F1800
G1 X17.300 S380
G1 X17.100 S0
G1 X16.800 S380
G1 X16.500 S0
G1 X16.300 S380
G1 X16.100 S0
G1 X16.000 S380
G1 X10.100 S0
G1 X9.900 S380
G1 X9.800 S0
G1 X9.500 S380
G1 X9.300 S0
G1 X9.200 S380
G1 X5.600 S0
G1 X5.400 S380
G1 X5.100 S0
G1 X5.000 S380
G1 X2.900 S0
G1 X2.700 S380
G1 X2.600 S0
G1 X2.500 S380
G1 X2.300 S0
G1 X2.200 S380
G1 X-2.100 S0
G1 X-2.300 S380
G1 X-2.700 S0
G1 X-2.800 S380
G1 X-4.500 S0
G1 X-6.400 S380
G1 X-9.100 S0
G1 X-9.300 S380
G1 X-9.500 S0
G1 X-9.600 S380
G1 X-9.700 S0
G1 X-9.800 S380
G1 X-9.900 S0
G1 X-10.100 S380
G1 X-16.000 S0
G1 X-16.100 S380
G1 X-16.300 S0
G1 X-16.700 S380
G1 X-16.900 S0
G1 X-17.100 S380
G1 X-17.300 S0
G1 X-17.400 S380
G1 X-18.900 S0
G0 X-18.900 Y-1.900
G1 X-17.400 Y-1.900 S0 F1800
G1 X-17.400 S380
G1 X-17.200 S0
G1 X-17.000 S380
G1 X-16.700 S0
G1 X-16.400 S380
G1 X-16.200 S0
G1 X-16.100 S380
G1 X-10.300 S0
G1 X-10.100 S380
G1 X-10.000 S0
G1 X-9.700 S380
G1 X-9.500 S0
G1 X-9.300 S380
G1 X-6.800 S0
G1 X-4.300 S380
G1 X-3.000 S0
G1 X-2.900 S380
G1 X-2.500 S0
G1 X-2.300 S380
G1 X2.100 S0
G1 X2.300 S380
G1 X2.500 S0
G1 X2.600 S380
G1 X2.700 S0
G1 X2.900 S380
G1 X4.800 S0
G1 X5.000 S380
G1 X5.300 S0
G1 X5.500 S380
G1 X9.100 S0
G1 X9.300 S380
G1 X9.500 S0
G1 X9.800 S380
G1 X9.900 S0
G1 X10.100 S380
G1 X15.900 S0
G1 X16.000 S380
G1 X16.200 S0
G1 X16.500 S380
G1 X16.700 S0
G1 X16.900 S380
G1 X17.200 S0
G1 X17.300 S380
G1 X18.800 S0
G0 X18.800 Y-2.000
G1 X17.300 Y-2.000 S0 F1800
G1 X17.300 S380
G1 X17.000 S0
G1 X16.900 S380
G1 X16.700 S0
G1 X16.300 S380
G1 X16.100 S0
G1 X16.000 S380
G1 X10.300 S0
G1 X10.100 S380
G1 X10.000 S0
G1 X9.700 S380
G1 X9.500 S0
G1 X9.300 S380
G1 X5.700 S0
G1 X5.500 S380
G1 X5.100 S0
G1 X4.900 S380
G1 X3.100 S0
G1 X2.900 S380
G1 X2.800 S0
G1 X2.300 S380
G1 X-2.300 S0
G1 X-3.000 S380
G1 X-4.000 S0
G1 X-4.400 S380
G1 X-4.500 S0
G1 X-6.400 S380
G1 X-6.500 S0
G1 X-6.900 S380
G1 X-9.300 S0
G1 X-9.400 S380
G1 X-9.700 S0
G1 X-10.000 S380
G1 X-10.100 S0
G1 X-10.300 S380
G1 X-15.900 S0
G1 X-16.100 S380
G1 X-16.300 S0
G1 X-16.500 S380
G1 X-16.800 S0
G1 X-17.000 S380
G1 X-17.200 S0
G1 X-17.400 S380
G1 X-18.900 S0
G0 X-18.900 Y-2.100
G1 X-17.400 Y-2.100 S0 F1800
G1 X-17.300 S380
G1 X-17.100 S0
G1 X-16.800 S380
G1 X-16.600 S0
G1 X-16.400 S380
G1 X-16.200 S0
G1 X-16.000 S380
G1 X-10.400 S0
G1 X-10.200 S380
G1 X-10.100 S0
G1 X-9.800 S380
G1 X-9.600 S0
G1 X-9.500 S380
G1 X-7.200 S0
G1 X-3.900 S380
G1 X-3.100 S0
G1 X-2.500 S380
G1 X2.300 S0
G1 X2.900 S380
G1 X4.800 S0
G1 X4.900 S380
G1 X5.300 S0
G1 X5.600 S380
G1 X9.300 S0
G1 X9.400 S380
G1 X9.600 S0
G1 X9.900 S380
G1 X10.000 S0
G1 X10.200 S380
G1 X15.800 S0
G1 X16.000 S380
G1 X16.200 S0
G1 X16.300 S380
G1 X16.400 S0
G1 X16.600 S380
G1 X16.800 S0
G1 X16.900 S380
G1 X17.100 S0
G1 X17.300 S380
G1 X18.800 S0
G0 X18.800 Y-2.200
G1 X17.300 Y-2.200 S0 F1800
G1 X17.200 S380
G1 X17.000 S0
G1 X16.900 S380
G1 X16.800 S0
G1 X16.600 S380
G1 X16.400 S0
G1 X16.300 S380
G1 X16.100 S0
G1 X15.900 S380
G1 X10.300 S0
G1 X10.100 S380
G1 X9.900 S0
G1 X9.800 S380
G1 X9.600 S0
G1 X9.400 S380
G1 X5.700 S0
G1 X5.400 S380
G1 X5.000 S0
G1 X4.800 S380
G1 X-3.700 S0
G1 X-4.900 S380
G1 X-5.000 S0
G1 X-5.900 S380
G1 X-6.000 S0
G1 X-7.200 S380
G1 X-9.400 S0
G1 X-9.600 S380
G1 X-9.800 S0
G1 X-9.900 S380
G1 X-10.100 S0
G1 X-10.300 S380
G1 X-15.900 S0
G1 X-16.100 S380
G1 X-16.300 S0
G1 X-16.400 S380
G1 X-16.600 S0
G1 X-16.800 S380
G1 X-16.900 S0
G1 X-17.000 S380
G1 X-17.200 S0
G1 X-17.400 S380
G1 X-18.900 S0
G0 X-18.900 Y-2.300
G1 X-17.400 Y-2.300 S0 F1800
G1 X-17.300 S380
G1 X-17.100 S0
G1 X-16.900 S380
G1 X-16.800 S0
G1 X-16.600 S380
G1 X-16.500 S0
G1 X-16.300 S380
G1 X-16.200 S0
G1 X-16.000 S380
G1 X-10.400 S0
G1 X-10.200 S380
G1 X-10.000 S0
G1 X-9.900 S380
G1 X-9.700 S0
G1 X-9.600 S380
G1 X-7.400 S0
G1 X-6.100 S380
G1 X-6.000 S0
G1 X-5.100 S380
G1 X-4.900 S0
G1 X-3.600 S380
G1 X4.700 S0
G1 X4.800 S380
G1 X5.300 S0
G1 X5.700 S380
G1 X9.400 S0
G1 X9.500 S380
G1 X9.700 S0
G1 X9.800 S380
G1 X10.000 S0
G1 X10.200 S380
G1 X15.800 S0
G1 X16.000 S380
G1 X16.200 S0
G1 X16.300 S380
G1 X16.600 S0
G1 X16.700 S380
G1 X16.800 S0
G1 X16.900 S380
G1 X17.100 S0
G1 X17.300 S380
G1 X18.800 S0
G0 X18.800 Y-2.400
G1 X17.300 Y-2.400 S0 F1800
G1 X17.200 S380
G1 X17.000 S0
G1 X16.700 S380
G1 X16.500 S0
G1 X16.300 S380
G1 X16.100 S0
G1 X15.900 S380
G1 X10.300 S0
G1 X10.100 S380
G1 X9.900 S0
G1 X9.800 S380
G1 X9.600 S0
G1 X9.500 S380
G1 X5.800 S0
G1 X5.700 S380
G1 X5.600 S0
G1 X5.400 S380
G1 X4.900 S0
G1 X4.800 S380
G1 X-3.400 S0
G1 X-4.800 S380
G1 X-4.900 S0
G1 X-5.900 S380
G1 X-6.100 S0
G1 X-7.500 S380
G1 X-9.500 S0
G1 X-9.600 S380
G1 X-9.800 S0
G1 X-9.900 S380
G1 X-10.100 S0
G1 X-10.300 S380
G1 X-15.900 S0
G1 X-16.000 S380
G1 X-16.200 S0
G1 X-16.600 S380
G1 X-16.800 S0
G1 X-17.000 S380
G1 X-17.200 S0
G1 X-17.300 S380
G1 X-18.800 S0
G0 X-18.800 Y-2.500
G1 X-17.300 Y-2.500 S0 F1800
G1 X-17.300 S380
G1 X-17.100 S0
G1 X-16.900 S380
G1 X-16.600 S0
G1 X-16.300 S380
G1 X-16.100 S0
G1 X-16.000 S380
G1 X-10.400 S0
G1 X-10.200 S380
G1 X-10.000 S0
G1 X-9.900 S380
G1 X-9.700 S0
G1 X-9.600 S380
G1 X-7.700 S0
G1 X-6.200 S380
G1 X-6.100 S0
G1 X-5.000 S380
G1 X-4.800 S0
G1 X-3.400 S380
G1 X4.700 S0
G1 X4.800 S380
G1 X5.300 S0
G1 X5.500 S380
G1 X5.600 S0
G1 X5.700 S380
G1 X9.400 S0
G1 X9.500 S380
G1 X9.700 S0
G1 X9.800 S380
G1 X10.000 S0
G1 X10.200 S380
G1 X15.800 S0
G1 X15.900 S380
G1 X16.100 S0
G1 X16.400 S380
G1 X16.700 S0
G1 X16.900 S380
G1 X17.100 S0
G1 X17.200 S380
G1 X18.700 S0
G0 X18.700 Y-2.600
G1 X17.200 Y-2.600 S0 F1800
G1 X17.200 S380
G1 X17.000 S0
G1 X16.800 S380
G1 X16.600 S0
G1 X16.200 S380
G1 X16.000 S0
G1 X15.900 S380
G1 X10.300 S0
G1 X10.100 S380
G1 X9.900 S0
G1 X9.800 S380
G1 X9.600 S0
G1 X9.500 S380
G1 X5.800 S0
G1 X5.300 S380
G1 X5.000 S0
G1 X4.800 S380
G1 X-3.200 S0
G1 X-4.700 S380
G1 X-4.900 S0
G1 X-6.000 S380
G1 X-6.200 S0
G1 X-7.700 S380
G1 X-9.500 S0
G1 X-9.600 S380
G1 X-9.800 S0
G1 X-9.900 S380
G1 X-10.100 S0
G1 X-10.300 S380
G1 X-15.900 S0
G1 X-16.000 S380
G1 X-16.200 S0
G1 X-16.400 S380
G1 X-16.700 S0
G1 X-17.000 S380
G1 X-17.200 S0
G1 X-17.300 S380
G1 X-18.800 S0
G0 X-18.800 Y-2.700
G1 X-17.300 Y-2.700 S0 F1800
G1 X-17.300 S380
G1 X-17.000 S0
G1 X-16.700 S380
G1 X-16.500 S0
G1 X-16.300 S380
G1 X-16.100 S0
G1 X-15.900 S380
G1 X-10.400 S0
G1 X-10.200 S380
G1 X-9.700 S0
G1 X-9.600 S380
G1 X-7.900 S0
G1 X-6.300 S380
G1 X-6.100 S0
G1 X-4.900 S380
G1 X-4.800 S0
G1 X-3.200 S380
G1 X-0.300 S0
G1 X0.100 S380
G1 X4.800 S0
G1 X5.600 S380
G1 X9.400 S0
G1 X9.500 S380
G1 X9.700 S0
G1 X9.800 S380
G1 X10.000 S0
G1 X10.200 S380
G1 X15.800 S0
G1 X15.900 S380
G1 X16.100 S0
G1 X16.200 S380
G1 X16.400 S0
G1 X16.500 S380
G1 X16.700 S0
G1 X16.800 S380
G1 X17.100 S0
G1 X17.200 S380
G1 X18.700 S0
G0 X18.700 Y-2.800
G1 X17.200 Y-2.800 S0 F1800
G1 X17.100 S380
G1 X16.900 S0
G1 X16.800 S380
G1 X16.700 S0
G1 X16.500 S380
G1 X16.300 S0
G1 X16.200 S380
G1 X16.000 S0
G1 X15.800 S380
G1 X10.300 S0
G1 X10.100 S380
G1 X9.900 S0
G1 X9.800 S380
G1 X9.600 S0
G1 X9.500 S380
G1 X5.700 S0
G1 X5.300 S380
G1 X5.100 S0
G1 X4.900 S380
G1 X0.300 S0
G1 X0.100 S380
G1 X-0.100 S0
G1 X-0.300 S380
G1 X-3.000 S0
G1 X-4.600 S380
G1 X-4.800 S0
G1 X-6.100 S380
G1 X-6.200 S0
G1 X-7.000 S380
G1 X-7.100 S0
G1 X-7.800 S380
G1 X-9.400 S0
G1 X-9.600 S380
G1 X-10.100 S0
G1 X-10.200 S380
G1 X-15.800 S0
G1 X-16.000 S380
G1 X-16.200 S0
G1 X-16.300 S380
G1 X-16.500 S0
G1 X-16.700 S380
G1 X-16.800 S0
G1 X-16.900 S380
G1 X-17.100 S0
G1 X-17.300 S380
G1 X-18.800 S0
G0 X-18.800 Y-2.900
G1 X-17.300 Y-2.900 S0 F1800
G1 X-17.200 S380
G1 X-17.000 S0
G1 X-16.800 S380
G1 X-16.700 S0
G1 X-16.500 S380
G1 X-16.400 S0
G1 X-16.300 S380
G1 X-16.100 S0
G1 X-15.900 S380
G1 X-10.300 S0
G1 X-10.200 S380
G1 X-9.700 S0
G1 X-9.500 S380
G1 X-8.000 S0
G1 X-4.900 S380
G1 X-4.700 S0
G1 X-3.000 S380
G1 X-0.500 S0
G1 X0.000 S380
G1 X0.100 S0
G1 X0.300 S380
G1 X4.800 S0
G1 X5.600 S380
G1 X9.400 S0
G1 X9.500 S380
G1 X10.000 S0
G1 X10.200 S380
G1 X15.700 S0
G1 X15.900 S380
G1 X16.100 S0
G1 X16.200 S380
G1 X16.500 S0
G1 X16.800 S380
G1 X17.000 S0
G1 X17.200 S380
G1 X18.700 S0
G0 X18.700 Y-3.000
G1 X17.200 Y-3.000 S0 F1800
G1 X17.100 S380
G1 X16.900 S0
G1 X16.600 S380
G1 X16.400 S0
G1 X16.100 S380
G1 X15.900 S0
G1 X15.800 S380
G1 X10.200 S0
G1 X10.100 S380
G1 X9.800 S0
G1 X9.700 S380
G1 X9.600 S0
G1 X9.400 S380
G1 X6.400 S0
G1 X5.400 S380
G1 X5.000 S0
G1 X4.200 S380
G1 X0.500 S0
G1 X0.300 S380
G1 X-0.300 S0
G1 X-0.500 S380
G1 X-2.900 S0
G1 X-4.600 S380
G1 X-4.800 S0
G1 X-6.100 S380
G1 X-6.300 S0
G1 X-7.100 S380
G1 X-7.200 S0
G1 X-8.000 S380
G1 X-9.400 S0
G1 X-9.600 S380
G1 X-10.100 S0
G1 X-10.200 S380
G1 X-15.800 S0
G1 X-15.900 S380
G1 X-16.100 S0
G1 X-16.500 S380
G1 X-16.700 S0
G1 X-16.900 S380
G1 X-17.100 S0
G1 X-17.200 S380
G1 X-18.700 S0
G0 X-18.700 Y-3.100
G1 X-17.200 Y-3.100 S0 F1800
G1 X-17.200 S380
G1 X-17.000 S0
G1 X-16.800 S380
G1 X-16.500 S0
G1 X-16.200 S380
G1 X-16.000 S0
G1 X-15.900 S380
G1 X-10.300 S0
G1 X-10.200 S380
G1 X-9.900 S0
G1 X-9.800 S380
G1 X-9.700 S0
G1 X-9.500 S380
G1 X-8.200 S0
G1 X-7.400 S380
G1 X-7.300 S0
G1 X-6.400 S380
G1 X-6.200 S0
G1 X-5.300 S380
G1 X-5.100 S0
G1 X-4.900 S380
G1 X-4.600 S0
G1 X-2.900 S380
G1 X-0.600 S0
G1 X-0.500 S380
G1 X-0.400 S0
G1 X0.500 S380
G1 X3.800 S0
G1 X4.900 S380
G1 X5.400 S0
G1 X6.600 S380
G1 X9.300 S0
G1 X9.500 S380
G1 X9.600 S0
G1 X9.700 S380
G1 X10.000 S0
G1 X10.100 S380
G1 X15.700 S0
G1 X15.800 S380
G1 X16.000 S0
G1 X16.300 S380
G1 X16.600 S0
G1 X16.800 S380
G1 X17.000 S0
G1 X17.100 S380
G1 X18.600 S0
G0 X18.600 Y-3.200
G1 X17.100 Y-3.200 S0 F1800
G1 X17.100 S380
G1 X16.900 S0
G1 X16.700 S380
G1 X16.500 S0
G1 X16.100 S380
G1 X15.900 S0
G1 X15.800 S380
G1 X10.200 S0
G1 X10.100 S380
G1 X9.800 S0
G1 X9.700 S380
G1 X9.600 S0
G1 X9.400 S380
G1 X6.700 S0
G1 X6.500 S380
G1 X6.300 S0
G1 X4.400 S380
G1 X4.300 S0
G1 X4.200 S380
G1 X4.100 S0
G1 X3.900 S380
G1 X0.700 S0
G1 X0.500 S380
G1 X-0.300 S0
G1 X-0.600 S380
G1 X-2.700 S0
G1 X-4.500 S380
G1 X-4.600 S0
G1 X-4.700 S380
G1 X-4.800 S0
G1 X-5.200 S380
G1 X-5.700 S0
G1 X-6.000 S380
G1 X-6.400 S0
G1 X-6.500 S380
G1 X-6.600 S0
G1 X-7.200 S380
G1 X-7.300 S0
G1 X-8.100 S380
G1 X-9.400 S0
G1 X-9.600 S380
G1 X-9.700 S0
G1 X-9.800 S380
G1 X-10.100 S0
G1 X-10.200 S380
G1 X-15.700 S0
G1 X-15.900 S380
G1 X-16.100 S0
G1 X-16.300 S380
G1 X-16.600 S0
G1 X-16.800 S380
G1 X-17.100 S0
G1 X-17.200 S380
G1 X-18.700 S0
G0 X-18.700 Y-3.300
G1 X-17.200 Y-3.300 S0 F1800
G1 X-17.100 S380
G1 X-16.900 S0
G1 X-16.600 S380
G1 X-16.400 S0
G1 X-16.200 S380
G1 X-16.000 S0
G1 X-15.800 S380
G1 X-10.300 S0
G1 X-10.200 S380
G1 X-9.900 S0
G1 X-9.800 S380
G1 X-9.700 S0
G1 X-9.500 S380
G1 X-8.300 S0
G1 X-7.400 S380
G1 X-7.300 S0
G1 X-7.100 S380
G1 X-6.600 S0
G1 X-6.500 S380
G1 X-6.400 S0
G1 X-6.100 S380
G1 X-4.900 S0
G1 X-3.800 S380
G1 X-3.700 S0
G1 X-2.800 S380
G1 X-0.900 S0
G1 X-0.700 S380
G1 X0.500 S0
G1 X0.700 S380
G1 X3.900 S0
G1 X6.500 S380
G1 X9.300 S0
G1 X9.500 S380
G1 X9.600 S0
G1 X9.700 S380
G1 X10.000 S0
G1 X10.100 S380
G1 X15.600 S0
G1 X15.800 S380
G1 X16.000 S0
G1 X16.200 S380
G1 X16.300 S0
G1 X16.500 S380
G1 X16.600 S0
G1 X16.700 S380
G1 X17.000 S0
G1 X17.100 S380
G1 X18.600 S0
G0 X18.600 Y-3.400
G1 X17.100 Y-3.400 S0 F1800
G1 X17.000 S380
G1 X16.800 S0
G1 X16.700 S380
G1 X16.600 S0
G1 X16.400 S380
G1 X16.200 S0
G1 X16.100 S380
G1 X15.900 S0
G1 X15.700 S380
G1 X10.200 S0
G1 X10.000 S380
G1 X9.800 S0
G1 X9.700 S380
G1 X9.500 S0
G1 X9.400 S380
G1 X6.500 S0
G1 X4.500 S380
G1 X4.300 S0
G1 X4.100 S380
G1 X0.800 S0
G1 X0.700 S380
G1 X0.500 S0
G1 X-0.200 S380
G1 X-0.700 S0
G1 X-0.800 S380
G1 X-2.600 S0
G1 X-3.800 S380
G1 X-4.500 S0
G1 X-4.700 S380
G1 X-5.100 S0
G1 X-5.800 S380
G1 X-6.200 S0
G1 X-6.300 S380
G1 X-7.200 S0
G1 X-7.500 S380
G1 X-7.600 S0
G1 X-8.000 S380
G1 X-8.100 S0
G1 X-8.200 S380
G1 X-9.400 S0
G1 X-9.500 S380
G1 X-9.700 S0
G1 X-9.800 S380
G1 X-10.000 S0
G1 X-10.200 S380
G1 X-15.700 S0
G1 X-15.900 S380
G1 X-16.000 S0
G1 X-16.200 S380
G1 X-16.400 S0
G1 X-16.800 S380
G1 X-17.000 S0
G1 X-17.200 S380
G1 X-18.700 S0
G0 X-18.700 Y-3.500
G1 X-17.200 Y-3.500 S0 F1800
G1 X-17.100 S380
G1 X-16.900 S0
G1 X-16.700 S380
G1 X-16.600 S0
G1 X-16.400 S380
G1 X-16.300 S0
G1 X-16.100 S380
G1 X-15.900 S0
G1 X-15.800 S380
G1 X-10.300 S0
G1 X-10.100 S380
G1 X-9.900 S0
G1 X-9.800 S380
G1 X-9.600 S0
G1 X-9.500 S380
G1 X-8.400 S0
G1 X-8.000 S380
G1 X-7.700 S0
G1 X-7.400 S380
G1 X-7.100 S0
G1 X-6.600 S380
G1 X-6.400 S0
G1 X-6.300 S380
G1 X-6.200 S0
G1 X-4.900 S380
G1 X-4.700 S0
G1 X-4.600 S380
G1 X-4.500 S0
G1 X-3.900 S380
G1 X-3.700 S0
G1 X-2.700 S380
G1 X-1.000 S0
G1 X-0.800 S380
G1 X-0.700 S0
G1 X-0.200 S380
G1 X0.300 S0
G1 X0.800 S380
G1 X4.100 S0
G1 X4.400 S380
G1 X5.900 S0
G1 X6.300 S380
G1 X9.300 S0
G1 X9.400 S380
G1 X9.600 S0
G1 X9.700 S380
G1 X9.900 S0
G1 X10.100 S380
G1 X15.600 S0
G1 X15.700 S380
G1 X15.900 S0
G1 X16.200 S380
G1 X16.400 S0
G1 X16.700 S380
G1 X16.900 S0
G1 X17.100 S380
G1 X18.600 S0
G0 X18.500 Y-3.600
G1 X17.000 Y-3.600 S0 F1800
G1 X17.000 S380
G1 X16.800 S0
G1 X16.500 S380
G1 X16.300 S0
G1 X16.000 S380
G1 X15.800 S0
G1 X15.700 S380
G1 X10.200 S0
G1 X10.000 S380
G1 X9.800 S0
G1 X9.700 S380
G1 X9.500 S0
G1 X9.400 S380
G1 X6.200 S0
G1 X4.400 S380
G1 X1.000 S0
G1 X0.800 S380
G1 X-0.600 S0
G1 X-0.900 S380
G1 X-2.600 S0
G1 X-2.800 S380
G1 X-3.300 S0
G1 X-3.500 S380
G1 X-3.600 S0
G1 X-7.200 S380
G1 X-7.400 S0
G1 X-7.500 S380
G1 X-8.100 S0
G1 X-8.300 S380
G1 X-9.400 S0
G1 X-9.500 S380
G1 X-9.700 S0
G1 X-9.800 S380
G1 X-10.000 S0
G1 X-10.200 S380
G1 X-15.700 S0
G1 X-15.800 S380
G1 X-16.000 S0
G1 X-16.400 S380
G1 X-16.600 S0
G1 X-16.800 S380
G1 X-17.000 S0
G1 X-17.100 S380
G1 X-18.600 S0
G0 X-18.600 Y-3.700
G1 X-17.100 Y-3.700 S0 F1800
G1 X-17.100 S380
G1 X-16.800 S0
G1 X-16.700 S380
G1 X-16.400 S0
G1 X-16.100 S380
G1 X-15.900 S0
G1 X-15.700 S380
G1 X-10.300 S0
G1 X-10.100 S380
G1 X-9.900 S0
G1 X-9.800 S380
G1 X-9.600 S0
G1 X-9.500 S380
G1 X-8.400 S0
G1 X-8.300 S380
G1 X-8.100 S0
G1 X-2.900 S380
G1 X-2.800 S0
G1 X-2.600 S380
G1 X-1.200 S0
G1 X-0.900 S380
G1 X0.800 S0
G1 X1.000 S380
G1 X4.300 S0
G1 X4.500 S380
G1 X4.600 S0
G1 X6.100 S380
G1 X9.300 S0
G1 X9.400 S380
G1 X9.600 S0
G1 X9.700 S380
G1 X9.900 S0
G1 X10.100 S380
G1 X15.500 S0
G1 X15.700 S380
G1 X15.900 S0
G1 X16.000 S380
G1 X16.100 S0
G1 X16.300 S380
G1 X16.500 S0
G1 X16.600 S380
G1 X16.900 S0
G1 X17.000 S380
G1 X18.500 S0
G0 X18.500 Y-3.800
G1 X17.000 Y-3.800 S0 F1800
G1 X16.900 S380
G1 X16.700 S0
G1 X16.600 S380
G1 X16.400 S0
G1 X16.200 S380
G1 X16.100 S0
G1 X16.000 S380
G1 X15.800 S0
G1 X15.600 S380
G1 X10.200 S0
G1 X10.000 S380
G1 X9.500 S0
G1 X9.300 S380
G1 X6.300 S0
G1 X6.000 S380
G1 X4.500 S0
G1 X4.300 S380
G1 X1.200 S0
G1 X1.000 S380
G1 X-1.000 S0
G1 X-1.200 S380
G1 X-2.500 S0
G1 X-2.600 S380
G1 X-2.700 S0
G1 X-5.400 S380
G1 X-5.500 S0
G1 X-8.200 S380
G1 X-8.300 S0
G1 X-8.400 S380
G1 X-9.300 S0
G1 X-9.500 S380
G1 X-10.000 S0
G1 X-10.200 S380
G1 X-15.600 S0
G1 X-15.800 S380
G1 X-16.000 S0
G1 X-16.200 S380
G1 X-16.500 S0
G1 X-16.700 S380
G1 X-16.900 S0
G1 X-17.100 S380
G1 X-18.600 S0
G0 X-18.600 Y-3.900
G1 X-17.100 Y-3.900 S0 F1800
G1 X-17.000 S380
G1 X-16.800 S0
G1 X-16.500 S380
G1 X-16.200 S0
G1 X-16.000 S380
G1 X-15.800 S0
G1 X-15.700 S380
G1 X-10.200 S0
G1 X-10.100 S380
G1 X-9.600 S0
G1 X-9.400 S380
G1 X-8.500 S0
G1 X-7.000 S380
G1 X-6.900 S0
G1 X-6.600 S380
G1 X-6.500 S0
G1 X-6.200 S380
G1 X-6.100 S0
G1 X-5.600 S380
G1 X-5.500 S0
G1 X-4.900 S380
G1 X-4.800 S0
G1 X-4.600 S380
G1 X-4.500 S0
G1 X-4.200 S380
G1 X-4.100 S0
G1 X-2.500 S380
G1 X-1.300 S0
G1 X-1.200 S380
G1 X-0.100 S0
G1 X0.400 S380
G1 X1.000 S0
G1 X1.100 S380
G1 X4.100 S0
G1 X5.300 S380
G1 X5.400 S0
G1 X6.300 S380
G1 X9.200 S0
G1 X9.400 S380
G1 X9.500 S0
G1 X9.600 S380
G1 X9.900 S0
G1 X10.000 S380
G1 X15.500 S0
G1 X15.600 S380
G1 X15.800 S0
G1 X16.000 S380
G1 X16.200 S0
G1 X16.400 S380
G1 X16.500 S0
G1 X16.600 S380
G1 X16.800 S0
G1 X17.000 S380
G1 X18.500 S0
G0 X18.500 Y-4.000
G1 X17.000 Y-4.000 S0 F1800
G1 X16.900 S380
G1 X16.700 S0
G1 X16.300 S380
G1 X16.100 S0
G1 X15.900 S380
G1 X15.700 S0
G1 X15.600 S380
G1 X10.100 S0
G1 X10.000 S380
G1 X9.700 S0
G1 X9.600 S380
G1 X9.500 S0
G1 X9.300 S380
G1 X6.400 S0
G1 X6.000 S380
G1 X4.600 S0
G1 X4.200 S380
G1 X1.200 S0
G1 X1.100 S380
G1 X1.000 S0
G1 X-0.500 S380
G1 X-1.100 S0
G1 X-1.300 S380
G1 X-2.400 S0
G1 X-3.600 S380
G1 X-3.700 S0
G1 X-4.000 S380
G1 X-4.100 S0
G1 X-4.400 S380
G1 X-4.500 S0
G1 X-4.700 S380
G1 X-4.800 S0
G1 X-5.400 S380
G1 X-5.500 S0
G1 X-6.000 S380
G1 X-6.100 S0
G1 X-6.400 S380
G1 X-6.500 S0
G1 X-6.800 S380
G1 X-6.900 S0
G1 X-7.200 S380
G1 X-7.300 S0
G1 X-8.400 S380
G1 X-9.300 S0
G1 X-9.500 S380
G1 X-9.600 S0
G1 X-9.700 S380
G1 X-10.000 S0
G1 X-10.100 S380
G1 X-15.600 S0
G1 X-15.700 S380
G1 X-15.900 S0
G1 X-16.100 S380
G1 X-16.300 S0
G1 X-16.700 S380
G1 X-16.900 S0
G1 X-17.000 S380
G1 X-18.500 S0
G0 X-18.500 Y-4.100
G1 X-17.000 Y-4.100 S0 F1800
G1 X-17.000 S380
G1 X-16.800 S0
G1 X-16.600 S380
G1 X-16.400 S0
G1 X-16.000 S380
G1 X-15.800 S0
G1 X-15.600 S380
G1 X-10.200 S0
G1 X-10.000 S380
G1 X-9.800 S0
G1 X-9.700 S380
G1 X-9.500 S0
G1 X-9.400 S380
G1 X-8.500 S0
G1 X-8.300 S380
G1 X-8.200 S0
G1 X-8.100 S380
G1 X-8.000 S0
G1 X-7.700 S380
G1 X-7.600 S0
G1 X-7.400 S380
G1 X-7.300 S0
G1 X-7.000 S380
G1 X-6.900 S0
G1 X-6.600 S380
G1 X-6.500 S0
G1 X-6.300 S380
G1 X-6.100 S0
G1 X-4.900 S380
G1 X-4.800 S0
G1 X-4.600 S380
G1 X-4.500 S0
G1 X-4.200 S380
G1 X-4.100 S0
G1 X-3.800 S380
G1 X-3.700 S0
G1 X-3.400 S380
G1 X-3.300 S0
G1 X-3.100 S380
G1 X-3.000 S0
G1 X-2.600 S380
G1 X-1.400 S0
G1 X-1.300 S380
G1 X-1.000 S0
G1 X-0.700 S380
G1 X0.800 S0
G1 X1.200 S380
G1 X4.300 S0
G1 X6.100 S380
G1 X9.200 S0
G1 X9.300 S380
G1 X9.500 S0
G1 X9.600 S380
G1 X9.800 S0
G1 X10.000 S380
G1 X15.400 S0
G1 X15.600 S380
G1 X15.800 S0
G1 X16.000 S380
G1 X16.300 S0
G1 X16.600 S380
G1 X16.800 S0
G1 X16.900 S380
G1 X18.400 S0
G0 X18.400 Y-4.200
G1 X16.900 Y-4.200 S0 F1800
G1 X16.800 S380
G1 X16.600 S0
G1 X16.400 S380
G1 X16.200 S0
G1 X15.900 S380
G1 X15.700 S0
G1 X15.500 S380
G1 X10.100 S0
G1 X9.900 S380
G1 X9.700 S0
G1 X9.600 S380
G1 X9.400 S0
G1 X9.300 S380
G1 X5.700 S0
G1 X4.900 S380
G1 X1.400 S0
G1 X1.200 S380
G1 X-0.900 S0
G1 X-1.100 S380
G1 X-1.200 S0
G1 X-1.300 S380
G1 X-2.500 S0
G1 X-2.900 S380
G1 X-3.000 S0
G1 X-3.200 S380
G1 X-3.400 S0
G1 X-3.500 S380
G1 X-3.700 S0
G1 X-7.200 S380
G1 X-7.300 S0
G1 X-7.500 S380
G1 X-7.700 S0
G1 X-7.900 S380
G1 X-8.000 S0
G1 X-8.100 S380
G1 X-8.200 S0
G1 X-8.400 S380
G1 X-9.300 S0
G1 X-9.400 S380
G1 X-9.600 S0
G1 X-9.700 S380
G1 X-9.900 S0
G1 X-10.100 S380
G1 X-15.500 S0
G1 X-15.700 S380
G1 X-15.900 S0
G1 X-16.200 S380
G1 X-16.500 S0
G1 X-16.600 S380
G1 X-16.800 S0
G1 X-17.000 S380
G1 X-18.500 S0
G0 X-18.500 Y-4.300
G1 X-17.000 Y-4.300 S0 F1800
G1 X-16.900 S380
G1 X-16.700 S0
G1 X-16.500 S380
G1 X-16.200 S0
G1 X-15.900 S380
G1 X-15.700 S0
G1 X-15.600 S380
G1 X-10.200 S0
G1 X-10.000 S380
G1 X-9.500 S0
G1 X-9.400 S380
G1 X-8.500 S0
G1 X-8.100 S380
G1 X-8.000 S0
G1 X-5.600 S380
G1 X-5.500 S0
G1 X-2.800 S380
G1 X-2.700 S0
G1 X-2.600 S380
G1 X-1.500 S0
G1 X-1.200 S380
G1 X1.200 S0
G1 X1.400 S380
G1 X4.800 S0
G1 X5.000 S380
G1 X5.200 S0
G1 X5.600 S380
G1 X9.200 S0
G1 X9.300 S380
G1 X9.800 S0
G1 X10.000 S380
G1 X15.400 S0
G1 X15.500 S380
G1 X15.700 S0
G1 X15.900 S380
G1 X16.000 S0
G1 X16.200 S380
G1 X16.300 S0
G1 X16.500 S380
G1 X16.700 S0
G1 X16.900 S380
G1 X18.400 S0
G0 X18.400 Y-4.400
G1 X16.900 Y-4.400 S0 F1800
G1 X16.800 S380
G1 X16.600 S0
G1 X16.400 S380
G1 X16.300 S0
G1 X16.100 S380
G1 X16.000 S0
G1 X15.800 S380
G1 X15.600 S0
G1 X15.500 S380
G1 X10.100 S0
G1 X9.900 S380
G1 X9.400 S0
G1 X9.200 S380
G1 X5.800 S0
G1 X4.800 S380
G1 X1.600 S0
G1 X1.400 S380
G1 X-1.200 S0
G1 X-1.400 S380
G1 X-2.700 S0
G1 X-2.800 S380
G1 X-2.900 S0
G1 X-3.700 S380
G1 X-3.800 S0
G1 X-5.400 S380
G1 X-5.500 S0
G1 X-7.000 S380
G1 X-7.100 S0
G1 X-7.400 S380
G1 X-7.500 S0
G1 X-7.800 S380
G1 X-7.900 S0
G1 X-8.200 S380
G1 X-8.300 S0
G1 X-8.400 S380
G1 X-9.200 S0
G1 X-9.400 S380
G1 X-9.900 S0
G1 X-10.100 S380
G1 X-15.500 S0
G1 X-15.600 S380
G1 X-15.800 S0
G1 X-16.000 S380
G1 X-16.300 S0
G1 X-16.600 S380
G1 X-16.800 S0
G1 X-16.900 S380
G1 X-18.400 S0
G0 X-18.400 Y-4.500
G1 X-16.900 Y-4.500 S0 F1800
G1 X-16.900 S380
G1 X-16.600 S0
G1 X-16.300 S380
G1 X-16.000 S0
G1 X-15.900 S380
G1 X-15.700 S0
G1 X-15.500 S380
G1 X-10.100 S0
G1 X-10.000 S380
G1 X-9.400 S0
G1 X-9.300 S380
G1 X-8.500 S0
G1 X-8.400 S380
G1 X-8.300 S0
G1 X-8.200 S380
G1 X-8.100 S0
G1 X-8.000 S380
G1 X-7.900 S0
G1 X-7.800 S380
G1 X-7.500 S0
G1 X-7.300 S380
G1 X-7.100 S0
G1 X-6.900 S380
G1 X-6.700 S0
G1 X-5.600 S380
G1 X-5.500 S0
G1 X-4.300 S380
G1 X-4.100 S0
G1 X-3.900 S380
G1 X-3.700 S0
G1 X-3.500 S380
G1 X-3.300 S0
G1 X-3.000 S380
G1 X-2.900 S0
G1 X-2.700 S380
G1 X-2.600 S0
G1 X-2.500 S380
G1 X-1.600 S0
G1 X-1.400 S380
G1 X1.300 S0
G1 X1.500 S380
G1 X4.700 S0
G1 X5.000 S380
G1 X5.200 S0
G1 X5.700 S380
G1 X9.100 S0
G1 X9.300 S380
G1 X9.400 S0
G1 X9.500 S380
G1 X9.800 S0
G1 X9.900 S380
G1 X15.300 S0
G1 X15.500 S380
G1 X15.700 S0
G1 X15.900 S380
G1 X16.100 S0
G1 X16.200 S380
G1 X16.300 S0
G1 X16.400 S380
G1 X16.700 S0
G1 X16.800 S380
G1 X18.300 S0
G0 X18.300 Y-4.600
G1 X16.800 Y-4.600 S0 F1800
G1 X16.700 S380
G1 X16.500 S0
G1 X16.200 S380
G1 X16.000 S0
G1 X15.700 S380
G1 X15.600 S0
G1 X15.400 S380
G1 X10.000 S0
G1 X9.800 S380
G1 X9.600 S0
G1 X9.500 S380
G1 X9.300 S0
G1 X9.200 S380
G1 X5.800 S0
G1 X4.800 S380
G1 X1.700 S0
G1 X1.500 S380
G1 X1.400 S0
G1 X1.300 S380
G1 X-1.400 S0
G1 X-1.600 S380
G1 X-2.500 S0
G1 X-2.800 S380
G1 X-2.900 S0
G1 X-3.000 S380
G1 X-3.400 S0
G1 X-3.600 S380
G1 X-3.800 S0
G1 X-4.000 S380
G1 X-4.200 S0
G1 X-4.400 S380
G1 X-4.600 S0
G1 X-4.800 S380
G1 X-5.000 S0
G1 X-5.200 S380
G1 X-5.300 S0
G1 X-5.600 S380
G1 X-5.700 S0
G1 X-5.800 S380
G1 X-6.100 S0
G1 X-6.300 S380
G1 X-6.500 S0
G1 X-6.600 S380
G1 X-6.800 S0
G1 X-7.000 S380
G1 X-7.200 S0
G1 X-7.400 S380
G1 X-7.600 S0
G1 X-7.700 S380
G1 X-7.800 S0
G1 X-8.000 S380
G1 X-8.100 S0
G1 X-8.400 S380
G1 X-9.200 S0
G1 X-9.300 S380
G1 X-9.800 S0
G1 X-10.000 S380
G1 X-15.400 S0
G1 X-15.500 S380
G1 X-15.700 S0
G1 X-15.900 S380
G1 X-16.100 S0
G1 X-16.300 S380
G1 X-16.400 S0
G1 X-16.500 S380
G1 X-16.700 S0
G1 X-16.900 S380
G1 X-18.400 S0
G0 X-18.400 Y-4.700
G1 X-16.900 Y-4.700 S0 F1800
G1 X-16.800 S380
G1 X-16.600 S0
G1 X-16.400 S380
G1 X-16.300 S0
G1 X-15.800 S380
G1 X-15.600 S0
G1 X-15.500 S380
G1 X-10.100 S0
G1 X-9.900 S380
G1 X-9.400 S0
G1 X-9.200 S380
G1 X-8.200 S0
G1 X-8.100 S380
G1 X-8.000 S0
G1 X-7.900 S380
G1 X-7.400 S0
G1 X-7.300 S380
G1 X-7.000 S0
G1 X-6.900 S380
G1 X-6.700 S0
G1 X-6.500 S380
G1 X-6.400 S0
G1 X-6.200 S380
G1 X-5.900 S0
G1 X-5.600 S380
G1 X-5.500 S0
G1 X-5.100 S380
G1 X-4.800 S0
G1 X-4.700 S380
G1 X-4.500 S0
G1 X-4.300 S380
G1 X-4.100 S0
G1 X-3.900 S380
G1 X-3.600 S0
G1 X-3.500 S380
G1 X-3.300 S0
G1 X-2.800 S380
G1 X-1.800 S0
G1 X-1.600 S380
G1 X1.300 S0
G1 X1.600 S380
G1 X4.800 S0
G1 X5.600 S380
G1 X9.100 S0
G1 X9.200 S380
G1 X9.700 S0
G1 X9.900 S380
G1 X15.300 S0
G1 X15.400 S380
G1 X15.600 S0
G1 X15.900 S380
G1 X16.100 S0
G1 X16.400 S380
G1 X16.600 S0
G1 X16.800 S380
G1 X18.300 S0
G0 X18.200 Y-4.800
G1 X16.700 Y-4.800 S0 F1800
G1 X16.700 S380
G1 X16.500 S0
G1 X16.300 S380
G1 X16.100 S0
G1 X15.900 S380
G1 X15.800 S0
G1 X15.700 S380
G1 X15.500 S0
G1 X15.300 S380
G1 X10.000 S0
G1 X9.800 S380
G1 X9.300 S0
G1 X9.100 S380
G1 X5.700 S0
G1 X5.400 S380
G1 X5.000 S0
G1 X4.900 S380
G1 X1.800 S0
G1 X1.600 S380
G1 X1.300 S0
G1 X1.200 S380
G1 X-1.600 S0
G1 X-1.700 S380
G1 X-3.000 S0
G1 X-3.200 S380
G1 X-3.400 S0
G1 X-3.500 S380
G1 X-3.800 S0
G1 X-4.000 S380
G1 X-4.300 S0
G1 X-4.400 S380
G1 X-5.200 S0
G1 X-5.400 S380
G1 X-5.500 S0
G1 X-5.600 S380
G1 X-6.400 S0
G1 X-6.500 S380
G1 X-6.800 S0
G1 X-6.900 S380
G1 X-7.200 S0
G1 X-7.400 S380
G1 X-7.700 S0
G1 X-7.900 S380
G1 X-9.100 S0
G1 X-9.300 S380
G1 X-9.800 S0
G1 X-10.000 S380
G1 X-15.300 S0
G1 X-15.500 S380
G1 X-15.700 S0
G1 X-16.000 S380
G1 X-16.300 S0
G1 X-16.500 S380
G1 X-16.700 S0
G1 X-16.800 S380
G1 X-18.300 S0
G0 X-18.300 Y-4.900
G1 X-16.800 Y-4.900 S0 F1800
G1 X-16.700 S380
G1 X-16.500 S0
G1 X-16.300 S380
G1 X-16.000 S0
G1 X-15.800 S380
G1 X-15.600 S0
G1 X-15.400 S380
G1 X-10.000 S0
G1 X-9.900 S380
G1 X-9.600 S0
G1 X-9.500 S380
G1 X-9.300 S0
G1 X-9.200 S380
G1 X-7.500 S0
G1 X-7.300 S380
G1 X-7.100 S0
G1 X-6.900 S380
G1 X-6.800 S0
G1 X-6.700 S380
G1 X-6.600 S0
G1 X-6.500 S380
G1 X-5.700 S0
G1 X-5.600 S380
G1 X-5.500 S0
G1 X-5.300 S380
G1 X-4.900 S0
G1 X-4.800 S380
G1 X-4.100 S0
G1 X-3.900 S380
G1 X-3.700 S0
G1 X-3.500 S380
G1 X-1.900 S0
G1 X-1.700 S380
G1 X1.100 S0
G1 X1.300 S380
G1 X1.600 S0
G1 X1.800 S380
G1 X4.800 S0
G1 X4.900 S380
G1 X5.300 S0
G1 X5.600 S380
G1 X9.000 S0
G1 X9.100 S380
G1 X9.300 S0
G1 X9.400 S380
G1 X9.700 S0
G1 X9.800 S380
G1 X15.200 S0
G1 X15.400 S380
G1 X15.600 S0
G1 X15.700 S380
G1 X15.800 S0
G1 X16.000 S380
G1 X16.200 S0
G1 X16.300 S380
G1 X16.600 S0
G1 X16.700 S380
G1 X18.200 S0
G0 X18.200 Y-5.000
G1 X16.700 Y-5.000 S0 F1800
G1 X16.600 S380
G1 X16.400 S0
G1 X16.300 S380
G1 X16.100 S0
G1 X16.000 S380
G1 X15.800 S0
G1 X15.600 S380
G1 X15.400 S0
G1 X15.300 S380
G1 X9.900 S0
G1 X9.700 S380
G1 X9.200 S0
G1 X9.100 S380
G1 X5.700 S0
G1 X5.600 S380
G1 X5.500 S0
G1 X5.400 S380
G1 X5.000 S0
G1 X4.800 S380
G1 X2.000 S0
G1 X1.800 S380
G1 X1.400 S0
G1 X1.200 S380
G1 X-1.600 S0
G1 X-1.800 S380
G1 X-4.200 S0
G1 X-4.400 S380
G1 X-4.600 S0
G1 X-4.800 S380
G1 X-5.000 S0
G1 X-5.100 S380
G1 X-5.200 S0
G1 X-5.400 S380
G1 X-5.500 S0
G1 X-5.600 S380
G1 X-6.100 S0
G1 X-6.300 S380
G1 X-6.500 S0
G1 X-6.700 S380
G1 X-9.100 S0
G1 X-9.200 S380
G1 X-9.700 S0
G1 X-9.900 S380
G1 X-15.300 S0
G1 X-15.400 S380
G1 X-15.600 S0
G1 X-15.800 S380
G1 X-16.100 S0
G1 X-16.400 S380
G1 X-16.600 S0
G1 X-16.800 S380
G1 X-18.300 S0
G0 X-18.200 Y-5.100
G1 X-16.700 Y-5.100 S0 F1800
G1 X-16.700 S380
G1 X-16.500 S0
G1 X-16.100 S380
G1 X-15.900 S0
G1 X-15.700 S380
G1 X-15.500 S0
G1 X-15.300 S380
G1 X-10.000 S0
G1 X-9.800 S380
G1 X-9.500 S0
G1 X-9.400 S380
G1 X-9.300 S0
G1 X-9.100 S380
G1 X-6.300 S0
G1 X-6.200 S380
G1 X-5.900 S0
G1 X-5.800 S380
G1 X-5.700 S0
G1 X-5.600 S380
G1 X-5.500 S0
G1 X-5.200 S380
G1 X-4.800 S0
G1 X-4.700 S380
G1 X-1.900 S0
G1 X-1.800 S380
G1 X1.100 S0
G1 X1.400 S380
G1 X1.800 S0
G1 X2.000 S380
G1 X4.700 S0
G1 X4.900 S380
G1 X5.300 S0
G1 X5.400 S380
G1 X5.500 S0
G1 X5.600 S380
G1 X8.900 S0
G1 X9.100 S380
G1 X9.600 S0
G1 X9.800 S380
G1 X15.100 S0
G1 X15.300 S380
G1 X15.500 S0
G1 X15.700 S380
G1 X15.900 S0
G1 X16.300 S380
G1 X16.500 S0
G1 X16.600 S380
G1 X18.100 S0
G0 X18.100 Y-5.200
G1 X16.600 Y-5.200 S0 F1800
G1 X16.600 S380
G1 X16.400 S0
G1 X16.000 S380
G1 X15.800 S0
G1 X15.600 S380
G1 X15.400 S0
G1 X15.200 S380
G1 X9.800 S0
G1 X9.700 S380
G1 X9.400 S0
G1 X9.300 S380
G1 X9.200 S0
G1 X9.000 S380
G1 X5.700 S0
G1 X5.600 S380
G1 X5.500 S0
G1 X5.400 S380
G1 X5.000 S0
G1 X4.800 S380
G1 X2.100 S0
G1 X1.900 S380
G1 X1.600 S0
G1 X1.200 S380
G1 X0.900 S0
G1 X0.800 S380
G1 X-1.700 S0
G1 X-1.900 S380
G1 X-5.200 S0
G1 X-5.400 S380
G1 X-5.500 S0
G1 X-5.600 S380
G1 X-9.000 S0
G1 X-9.100 S380
G1 X-9.300 S0
G1 X-9.400 S380
G1 X-9.700 S0
G1 X-9.800 S380
G1 X-15.200 S0
G1 X-15.400 S380
G1 X-15.600 S0
G1 X-15.700 S380
G1 X-15.800 S0
G1 X-16.100 S380
G1 X-16.200 S0
G1 X-16.300 S380
G1 X-16.600 S0
G1 X-16.700 S380
G1 X-18.200 S0
G0 X-18.200 Y-5.300
G1 X-16.700 Y-5.300 S0 F1800
G1 X-16.600 S380
G1 X-16.400 S0
G1 X-16.200 S380
G1 X-16.000 S0
G1 X-15.600 S380
G1 X-15.400 S0
G1 X-15.300 S380
G1 X-9.900 S0
G1 X-9.800 S380
G1 X-9.500 S0
G1 X-9.400 S380
G1 X-9.200 S0
G1 X-9.100 S380
G1 X-5.700 S0
G1 X-5.600 S380
G1 X-5.500 S0
G1 X-5.300 S380
G1 X-2.000 S0
G1 X-1.800 S380
G1 X0.700 S0
G1 X0.800 S380
G1 X1.100 S0
G1 X1.600 S380
G1 X1.900 S0
G1 X2.100 S380
G1 X4.700 S0
G1 X4.900 S380
G1 X5.300 S0
G1 X5.400 S380
G1 X5.500 S0
G1 X5.700 S380
G1 X8.900 S0
G1 X9.000 S380
G1 X9.200 S0
G1 X9.300 S380
G1 X9.600 S0
G1 X9.700 S380
G1 X15.100 S0
G1 X15.200 S380
G1 X15.400 S0
G1 X15.700 S380
G1 X16.000 S0
G1 X16.200 S380
G1 X16.400 S0
G1 X16.600 S380
G1 X18.100 S0
G0 X18.100 Y-5.400
G1 X16.600 Y-5.400 S0 F1800
G1 X16.500 S380
G1 X16.300 S0
G1 X16.100 S380
G1 X15.900 S0
G1 X15.700 S380
G1 X15.600 S0
G1 X15.500 S380
G1 X15.300 S0
G1 X15.100 S380
G1 X9.800 S0
G1 X9.600 S380
G1 X9.100 S0
G1 X8.900 S380
G1 X5.800 S0
G1 X5.400 S380
G1 X5.000 S0
G1 X4.800 S380
G1 X2.200 S0
G1 X2.000 S380
G1 X1.700 S0
G1 X1.200 S380
G1 X0.800 S0
G1 X0.700 S380
G1 X-1.700 S0
G1 X-1.900 S380
G1 X-5.200 S0
G1 X-5.400 S380
G1 X-5.500 S0
G1 X-5.600 S380
G1 X-8.900 S0
G1 X-9.100 S380
G1 X-9.200 S0
G1 X-9.300 S380
G1 X-9.600 S0
G1 X-9.800 S380
G1 X-15.100 S0
G1 X-15.300 S380
G1 X-15.500 S0
G1 X-15.800 S380
G1 X-16.100 S0
G1 X-16.300 S380
G1 X-16.500 S0
G1 X-16.600 S380
G1 X-18.100 S0
G0 X-18.100 Y-5.500
G1 X-16.600 Y-5.500 S0 F1800
G1 X-16.600 S380
G1 X-16.300 S0
G1 X-16.100 S380
G1 X-15.800 S0
G1 X-15.600 S380
G1 X-15.300 S0
G1 X-15.200 S380
G1 X-9.800 S0
G1 X-9.700 S380
G1 X-9.400 S0
G1 X-9.300 S380
G1 X-9.100 S0
G1 X-9.000 S380
G1 X-5.700 S0
G1 X-5.600 S380
G1 X-5.500 S0
G1 X-5.300 S380
G1 X-2.000 S0
G1 X-1.800 S380
G1 X0.500 S0
G1 X0.600 S380
G1 X1.000 S0
G1 X1.700 S380
G1 X2.000 S0
G1 X2.100 S380
G1 X4.700 S0
G1 X4.800 S380
G1 X5.400 S0
G1 X5.700 S380
G1 X8.800 S0
G1 X8.900 S380
G1 X9.100 S0
G1 X9.200 S380
G1 X9.500 S0
G1 X9.600 S380
G1 X15.000 S0
G1 X15.200 S380
G1 X15.300 S0
G1 X15.500 S380
G1 X15.700 S0
G1 X15.800 S380
G1 X16.000 S0
G1 X16.200 S380
G1 X16.400 S0
G1 X16.500 S380
G1 X18.000 S0
G0 X18.000 Y-5.600
G1 X16.500 Y-5.600 S0 F1800
G1 X16.400 S380
G1 X16.200 S0
G1 X15.800 S380
G1 X15.600 S0
G1 X15.400 S380
G1 X15.200 S0
G1 X15.100 S380
G1 X9.700 S0
G1 X9.500 S380
G1 X9.000 S0
G1 X8.800 S380
G1 X5.800 S0
G1 X5.500 S380
G1 X4.900 S0
G1 X4.800 S380
G1 X2.200 S0
G1 X2.100 S380
G1 X1.800 S0
G1 X1.100 S380
G1 X0.600 S0
G1 X0.500 S380
G1 X-1.800 S0
G1 X-1.900 S380
G1 X-5.200 S0
G1 X-5.400 S380
G1 X-5.500 S0
G1 X-5.600 S380
G1 X-8.800 S0
G1 X-9.000 S380
G1 X-9.500 S0
G1 X-9.700 S380
G1 X-15.100 S0
G1 X-15.200 S380
G1 X-15.400 S0
G1 X-15.600 S380
G1 X-15.900 S0
G1 X-16.200 S380
G1 X-16.400 S0
G1 X-16.600 S380
G1 X-18.100 S0
G0 X-18.000 Y-5.700
G1 X-16.500 Y-5.700 S0 F1800
G1 X-16.500 S380
G1 X-16.300 S0
G1 X-15.900 S380
G1 X-15.700 S0
G1 X-15.500 S380
G1 X-15.300 S0
G1 X-15.100 S380
G1 X-9.800 S0
G1 X-9.600 S380
G1 X-9.300 S0
G1 X-9.200 S380
G1 X-9.000 S0
G1 X-8.900 S380
G1 X-5.700 S0
G1 X-5.600 S380
G1 X-5.500 S0
G1 X-5.300 S380
G1 X-2.000 S0
G1 X-1.900 S380
G1 X0.300 S0
G1 X0.400 S380
G1 X0.900 S0
G1 X1.700 S380
G1 X2.000 S0
G1 X2.200 S380
G1 X4.700 S0
G1 X4.800 S380
G1 X5.400 S0
G1 X5.500 S380
G1 X5.600 S0
G1 X5.700 S380
G1 X8.700 S0
G1 X8.900 S380
G1 X9.000 S0
G1 X9.100 S380
G1 X9.400 S0
G1 X9.600 S380
G1 X14.900 S0
G1 X15.100 S380
G1 X15.300 S0
G1 X15.500 S380
G1 X15.700 S0
G1 X16.100 S380
G1 X16.300 S0
G1 X16.400 S380
G1 X17.900 S0
G0 X17.900 Y-5.800
G1 X16.400 Y-5.800 S0 F1800
G1 X16.400 S380
G1 X16.100 S0
G1 X15.800 S380
G1 X15.700 S0
G1 X15.300 S380
G1 X15.100 S0
G1 X15.000 S380
G1 X9.600 S0
G1 X9.500 S380
G1 X9.200 S0
G1 X9.100 S380
G1 X8.900 S0
G1 X8.800 S380
G1 X5.800 S0
G1 X5.700 S380
G1 X5.600 S0
G1 X5.500 S380
G1 X4.900 S0
G1 X4.700 S380
G1 X2.300 S0
G1 X2.100 S380
G1 X1.900 S0
G1 X1.700 S380
G1 X1.600 S0
G1 X0.900 S380
G1 X0.400 S0
G1 X0.300 S380
G1 X-1.800 S0
G1 X-1.900 S380
G1 X-5.200 S0
G1 X-5.400 S380
G1 X-5.500 S0
G1 X-5.600 S380
G1 X-8.800 S0
G1 X-8.900 S380
G1 X-9.100 S0
G1 X-9.200 S380
G1 X-9.500 S0
G1 X-9.600 S380
G1 X-15.000 S0
G1 X-15.100 S380
G1 X-15.300 S0
G1 X-15.800 S380
G1 X-16.000 S0
G1 X-16.100 S380
G1 X-16.300 S0
G1 X-16.500 S380
G1 X-18.000 S0
G0 X-18.000 Y-5.900
G1 X-16.500 Y-5.900 S0 F1800
G1 X-16.400 S380
G1 X-16.200 S0
G1 X-16.000 S380
G1 X-15.800 S0
G1 X-15.400 S380
G1 X-15.200 S0
G1 X-15.000 S380
G1 X-9.700 S0
G1 X-9.500 S380
G1 X-9.000 S0
G1 X-8.800 S380
G1 X-5.700 S0
G1 X-5.600 S380
G1 X-5.500 S0
G1 X-5.300 S380
G1 X-2.000 S0
G1 X-1.800 S380
G1 X0.100 S0
G1 X0.200 S380
G1 X0.700 S0
G1 X1.300 S380
G1 X1.600 S0
G1 X1.800 S380
G1 X2.000 S0
G1 X2.200 S380
G1 X4.600 S0
G1 X4.800 S380
G1 X5.400 S0
G1 X5.500 S380
G1 X5.600 S0
G1 X5.700 S380
G1 X8.600 S0
G1 X8.800 S380
G1 X9.300 S0
G1 X9.500 S380
G1 X14.800 S0
G1 X15.000 S380
G1 X15.200 S0
G1 X15.600 S380
G1 X15.800 S0
G1 X16.000 S380
G1 X16.200 S0
G1 X16.400 S380
G1 X17.900 S0
G0 X17.800 Y-6.000
G1 X16.300 Y-6.000 S0 F1800
G1 X16.300 S380
G1 X16.100 S0
G1 X15.900 S380
G1 X15.700 S0
G1 X15.600 S380
G1 X15.400 S0
G1 X15.300 S380
G1 X15.100 S0
G1 X14.900 S380
G1 X9.500 S0
G1 X9.400 S380
G1 X9.100 S0
G1 X9.000 S380
G1 X8.800 S0
G1 X8.700 S380
G1 X5.900 S0
G1 X5.700 S380
G1 X5.600 S0
G1 X5.500 S380
G1 X4.900 S0
G1 X4.700 S380
G1 X2.300 S0
G1 X2.200 S380
G1 X1.900 S0
G1 X1.700 S380
G1 X1.400 S0
G1 X0.800 S380
G1 X0.300 S0
G1 X0.200 S380
G1 X-1.700 S0
G1 X-1.900 S380
G1 X-5.200 S0
G1 X-5.400 S380
G1 X-5.500 S0
G1 X-5.600 S380
G1 X-8.700 S0
G1 X-8.800 S380
G1 X-9.000 S0
G1 X-9.100 S380
G1 X-9.400 S0
G1 X-9.500 S380
G1 X-14.900 S0
G1 X-15.100 S380
G1 X-15.300 S0
G1 X-15.500 S380
G1 X-15.900 S0
G1 X-16.000 S380
G1 X-16.300 S0
G1 X-16.400 S380
G1 X-17.900 S0
G0 X-17.900 Y-6.100
G1 X-16.400 Y-6.100 S0 F1800
G1 X-16.300 S380
G1 X-16.100 S0
G1 X-15.900 S380
G1 X-15.500 S0
G1 X-15.300 S380
G1 X-15.100 S0
G1 X-15.000 S380
G1 X-9.600 S0
G1 X-9.400 S380
G1 X-8.900 S0
G1 X-8.700 S380
G1 X-5.700 S0
G1 X-5.600 S380
G1 X-5.500 S0
G1 X-5.300 S380
G1 X-2.000 S0
G1 X-1.800 S380
G1 X0.000 S0
G1 X0.100 S380
G1 X0.600 S0
G1 X1.000 S380
G1 X1.600 S0
G1 X1.800 S380
G1 X2.100 S0
G1 X2.200 S380
G1 X4.600 S0
G1 X4.700 S380
G1 X5.400 S0
G1 X5.500 S380
G1 X5.600 S0
G1 X5.800 S380
G1 X8.500 S0
G1 X8.700 S380
G1 X9.200 S0
G1 X9.400 S380
G1 X14.800 S0
G1 X14.900 S380
G1 X15.100 S0
G1 X15.300 S380
G1 X15.500 S0
G1 X15.700 S380
G1 X15.800 S0
G1 X15.900 S380
G1 X16.100 S0
G1 X16.300 S380
G1 X17.800 S0
G0 X17.800 Y-6.200
G1 X16.300 Y-6.200 S0 F1800
G1 X16.200 S380
G1 X16.000 S0
G1 X15.600 S380
G1 X15.400 S0
G1 X15.200 S380
G1 X15.000 S0
G1 X14.800 S380
G1 X11.900 S0
G1 X11.700 S380
G1 X9.500 S0
G1 X9.300 S380
G1 X9.000 S0
G1 X8.900 S380
G1 X8.700 S0
G1 X8.600 S380
G1 X5.900 S0
G1 X5.700 S380
G1 X5.600 S0
G1 X5.500 S380
G1 X4.900 S0
G1 X4.700 S380
G1 X2.300 S0
G1 X2.200 S380
G1 X1.900 S0
G1 X1.700 S380
G1 X0.900 S0
G1 X0.600 S380
G1 X-1.700 S0
G1 X-1.900 S380
G1 X-5.200 S0
G1 X-5.400 S380
G1 X-5.500 S0
G1 X-5.600 S380
G1 X-8.600 S0
G1 X-8.700 S380
G1 X-8.900 S0
G1 X-9.000 S380
G1 X-9.300 S0
G1 X-9.400 S380
G1 X-11.700 S0
G1 X-11.900 S380
G1 X-14.800 S0
G1 X-15.000 S380
G1 X-15.200 S0
G1 X-15.400 S380
G1 X-15.700 S0
G1 X-16.000 S380
G1 X-16.200 S0
G1 X-16.400 S380
G1 X-17.900 S0
G0 X-17.800 Y-6.300
G1 X-16.300 Y-6.300 S0 F1800
G1 X-16.300 S380
G1 X-16.000 S0
G1 X-15.500 S380
G1 X-15.400 S0
G1 X-15.200 S380
G1 X-15.000 S0
G1 X-14.900 S380
G1 X-12.000 S0
G1 X-11.700 S380
G1 X-9.500 S0
G1 X-9.300 S380
G1 X-8.800 S0
G1 X-8.600 S380
G1 X-5.700 S0
G1 X-5.600 S380
G1 X-5.500 S0
G1 X-5.300 S380
G1 X-1.900 S0
G1 X-1.800 S380
G1 X-0.100 S0
G1 X0.000 S380
G1 X0.400 S0
G1 X0.700 S380
G1 X1.600 S0
G1 X1.800 S380
G1 X2.000 S0
G1 X2.200 S380
G1 X4.500 S0
G1 X5.900 S380
G1 X8.400 S0
G1 X8.600 S380
G1 X9.100 S0
G1 X9.300 S380
G1 X11.500 S0
G1 X11.800 S380
G1 X14.700 S0
G1 X14.800 S380
G1 X15.000 S0
G1 X15.400 S380
G1 X15.600 S0
G1 X15.900 S380
G1 X16.100 S0
G1 X16.200 S380
G1 X17.700 S0
G0 X17.700 Y-6.400
G1 X16.200 Y-6.400 S0 F1800
G1 X16.100 S380
G1 X15.900 S0
G1 X15.700 S380
G1 X15.500 S0
G1 X15.100 S380
G1 X14.900 S0
G1 X14.700 S380
G1 X11.900 S0
G1 X11.600 S380
G1 X9.400 S0
G1 X9.200 S380
G1 X8.900 S0
G1 X8.800 S380
G1 X8.600 S0
G1 X8.500 S380
G1 X6.000 S0
G1 X4.600 S380
G1 X2.300 S0
G1 X2.100 S380
G1 X1.900 S0
G1 X1.700 S380
G1 X0.700 S0
G1 X0.500 S380
G1 X0.100 S0
G1 X0.000 S380
G1 X-1.600 S0
G1 X-1.800 S380
G1 X-5.200 S0
G1 X-5.400 S380
G1 X-5.500 S0
G1 X-5.600 S380
G1 X-8.400 S0
G1 X-8.600 S380
G1 X-8.800 S0
G1 X-8.900 S380
G1 X-9.200 S0
G1 X-9.300 S380
G1 X-11.600 S0
G1 X-11.900 S380
G1 X-14.700 S0
G1 X-14.900 S380
G1 X-15.100 S0
G1 X-15.600 S380
G1 X-15.800 S0
G1 X-15.900 S380
G1 X-16.100 S0
G1 X-16.300 S380
G1 X-17.800 S0
G0 X-17.700 Y-6.500
G1 X-16.200 Y-6.500 S0 F1800
G1 X-16.200 S380
G1 X-16.000 S0
G1 X-15.800 S380
G1 X-15.500 S0
G1 X-15.200 S380
G1 X-14.900 S0
G1 X-14.800 S380
G1 X-12.000 S0
G1 X-11.900 S380
G1 X-11.800 S0
G1 X-11.600 S380
G1 X-9.400 S0
G1 X-9.200 S380
G1 X-8.900 S0
G1 X-8.800 S380
G1 X-8.600 S0
G1 X-8.500 S380
G1 X-5.700 S0
G1 X-5.600 S380
G1 X-5.500 S0
G1 X-5.300 S380
G1 X-1.900 S0
G1 X-1.700 S380
G1 X0.300 S0
G1 X0.600 S380
G1 X1.600 S0
G1 X1.800 S380
G1 X2.000 S0
G1 X2.200 S380
G1 X4.400 S0
G1 X5.900 S380
G1 X8.300 S0
G1 X8.500 S380
G1 X8.600 S0
G1 X8.700 S380
G1 X9.000 S0
G1 X9.200 S380
G1 X11.400 S0
G1 X11.600 S380
G1 X11.700 S0
G1 X11.800 S380
G1 X14.600 S0
G1 X14.800 S380
G1 X15.000 S0
G1 X15.100 S380
G1 X15.300 S0
G1 X15.400 S380
G1 X15.600 S0
G1 X15.800 S380
G1 X16.000 S0
G1 X16.100 S380
G1 X17.600 S0
G0 X17.600 Y-6.600
G1 X16.100 Y-6.600 S0 F1800
G1 X16.000 S380
G1 X15.800 S0
G1 X15.700 S380
G1 X15.600 S0
G1 X15.400 S380
G1 X15.200 S0
G1 X15.000 S380
G1 X14.800 S0
G1 X14.700 S380
G1 X11.900 S0
G1 X11.800 S380
G1 X11.600 S0
G1 X11.400 S380
G1 X9.200 S0
G1 X9.100 S380
G1 X8.800 S0
G1 X8.700 S380
G1 X8.500 S0
G1 X8.300 S380
G1 X6.100 S0
G1 X5.900 S380
G1 X5.800 S0
G1 X5.400 S380
G1 X4.600 S0
G1 X4.400 S380
G1 X2.300 S0
G1 X2.100 S380
G1 X1.900 S0
G1 X1.700 S380
G1 X0.700 S0
G1 X0.400 S380
G1 X0.000 S0
G1 X-0.100 S380
G1 X-1.600 S0
G1 X-1.700 S380
G1 X-5.200 S0
G1 X-5.400 S380
G1 X-5.500 S0
G1 X-5.600 S380
G1 X-8.300 S0
G1 X-8.500 S380
G1 X-8.700 S0
G1 X-8.800 S380
G1 X-9.100 S0
G1 X-9.200 S380
G1 X-11.400 S0
G1 X-11.600 S380
G1 X-11.700 S0
G1 X-11.900 S380
G1 X-14.600 S0
G1 X-14.800 S380
G1 X-15.000 S0
G1 X-15.200 S380
G1 X-15.600 S0
G1 X-15.800 S380
G1 X-16.000 S0
G1 X-16.200 S380
G1 X-17.700 S0
G0 X-17.600 Y-6.700
G1 X-16.100 Y-6.700 S0 F1800
G1 X-16.100 S380
G1 X-15.900 S0
G1 X-15.600 S380
G1 X-15.300 S0
G1 X-15.100 S380
G1 X-14.900 S0
G1 X-14.700 S380
G1 X-12.000 S0
G1 X-11.800 S380
G1 X-11.600 S0
G1 X-11.500 S380
G1 X-9.300 S0
G1 X-9.100 S380
G1 X-8.800 S0
G1 X-8.700 S380
G1 X-8.500 S0
G1 X-8.400 S380
G1 X-5.700 S0
G1 X-5.600 S380
G1 X-5.500 S0
G1 X-5.300 S380
G1 X-1.800 S0
G1 X-1.600 S380
G1 X-0.200 S0
G1 X-0.100 S380
G1 X0.300 S0
G1 X0.600 S380
G1 X1.600 S0
G1 X1.700 S380
G1 X2.000 S0
G1 X2.200 S380
G1 X4.200 S0
G1 X4.400 S380
G1 X5.700 S0
G1 X5.800 S380
G1 X5.900 S0
G1 X6.100 S380
G1 X8.200 S0
G1 X8.300 S380
G1 X8.500 S0
G1 X8.600 S380
G1 X8.900 S0
G1 X9.100 S380
G1 X11.300 S0
G1 X11.400 S380
G1 X11.600 S0
G1 X11.800 S380
G1 X14.500 S0
G1 X14.700 S380
G1 X14.900 S0
G1 X15.100 S380
G1 X15.300 S0
G1 X15.700 S380
G1 X15.900 S0
G1 X16.100 S380
G1 X17.600 S0
G0 X17.500 Y-6.800
G1 X16.000 Y-6.800 S0 F1800
G1 X16.000 S380
G1 X15.700 S0
G1 X15.400 S380
G1 X15.200 S0
G1 X14.900 S380
G1 X14.700 S0
G1 X14.600 S380
G1 X11.900 S0
G1 X11.700 S380
G1 X11.500 S0
G1 X11.300 S380
G1 X9.100 S0
G1 X9.000 S380
G1 X8.400 S0
G1 X8.200 S380
G1 X6.500 S0
G1 X6.100 S380
G1 X6.000 S0
G1 X5.800 S380
G1 X4.400 S0
G1 X4.100 S380
G1 X2.200 S0
G1 X2.100 S380
G1 X1.800 S0
G1 X1.700 S380
G1 X0.500 S0
G1 X0.300 S380
G1 X0.000 S0
G1 X-0.100 S380
G1 X-1.500 S0
G1 X-1.700 S380
G1 X-5.200 S0
G1 X-5.400 S380
G1 X-5.500 S0
G1 X-5.600 S380
G1 X-8.200 S0
G1 X-8.400 S380
G1 X-9.000 S0
G1 X-9.100 S380
G1 X-11.300 S0
G1 X-11.400 S380
G1 X-11.700 S0
G1 X-11.900 S380
G1 X-14.600 S0
G1 X-14.700 S380
G1 X-14.900 S0
G1 X-15.100 S380
G1 X-15.300 S0
G1 X-15.700 S380
G1 X-16.000 S0
G1 X-16.100 S380
G1 X-17.600 S0
G0 X-17.600 Y-6.900
G1 X-16.100 Y-6.900 S0 F1800
G1 X-16.000 S380
G1 X-15.800 S0
G1 X-15.600 S380
G1 X-15.500 S0
G1 X-15.000 S380
G1 X-14.800 S0
G1 X-14.600 S380
G1 X-12.000 S0
G1 X-11.800 S380
G1 X-11.500 S0
G1 X-11.300 S380
G1 X-9.200 S0
G1 X-9.000 S380
G1 X-8.700 S0
G1 X-8.600 S380
G1 X-8.400 S0
G1 X-8.200 S380
G1 X-5.700 S0
G1 X-5.600 S380
G1 X-5.500 S0
G1 X-5.300 S380
G1 X-1.700 S0
G1 X-1.500 S380
G1 X-0.200 S0
G1 X-0.100 S380
G1 X0.200 S0
G1 X0.400 S380
G1 X1.500 S0
G1 X1.700 S380
G1 X1.900 S0
G1 X2.100 S380
G1 X3.800 S0
G1 X4.300 S380
G1 X6.100 S0
G1 X6.500 S380
G1 X8.000 S0
G1 X8.200 S380
G1 X8.400 S0
G1 X8.500 S380
G1 X8.800 S0
G1 X9.000 S380
G1 X11.100 S0
G1 X11.300 S380
G1 X11.600 S0
G1 X11.800 S380
G1 X14.400 S0
G1 X14.600 S380
G1 X14.800 S0
G1 X14.900 S380
G1 X15.000 S0
G1 X15.100 S380
G1 X15.300 S0
G1 X15.600 S380
G1 X15.800 S0
G1 X16.000 S380
G1 X17.500 S0
G0 X17.400 Y-7.000
G1 X15.900 Y-7.000 S0 F1800
G1 X15.900 S380
G1 X15.600 S0
G1 X15.500 S380
G1 X15.300 S0
G1 X15.100 S380
G1 X15.000 S0
G1 X14.800 S380
G1 X14.600 S0
G1 X14.500 S380
G1 X11.900 S0
G1 X11.700 S380
G1 X11.300 S0
G1 X11.100 S380
G1 X9.000 S0
G1 X8.800 S380
G1 X8.500 S0
G1 X8.400 S380
G1 X8.200 S0
G1 X8.100 S380
G1 X6.700 S0
G1 X6.500 S380
G1 X6.400 S0
G1 X5.800 S380
G1 X4.700 S0
G1 X4.300 S380
G1 X4.100 S0
G1 X3.900 S380
G1 X2.200 S0
G1 X2.000 S380
G1 X1.700 S0
G1 X1.600 S380
G1 X0.500 S0
G1 X0.300 S380
G1 X0.000 S0
G1 X-0.100 S380
G1 X-1.400 S0
G1 X-1.600 S380
G1 X-5.200 S0
G1 X-5.400 S380
G1 X-5.500 S0
G1 X-5.600 S380
G1 X-8.000 S0
G1 X-8.200 S380
G1 X-8.400 S0
G1 X-8.500 S380
G1 X-8.800 S0
G1 X-9.000 S380
G1 X-11.100 S0
G1 X-11.300 S380
G1 X-11.700 S0
G1 X-11.900 S380
G1 X-14.500 S0
G1 X-14.600 S380
G1 X-14.800 S0
G1 X-15.200 S380
G1 X-15.500 S0
G1 X-15.600 S380
G1 X-15.900 S0
G1 X-16.000 S380
G1 X-17.500 S0
G0 X-17.500 Y-7.100
G1 X-16.000 Y-7.100 S0 F1800
G1 X-15.900 S380
G1 X-15.700 S0
G1 X-15.500 S380
G1 X-15.100 S0
G1 X-14.900 S380
G1 X-14.700 S0
G1 X-14.500 S380
G1 X-11.900 S0
G1 X-11.800 S380
G1 X-11.300 S0
G1 X-11.100 S380
G1 X-9.000 S0
G1 X-8.900 S380
G1 X-8.200 S0
G1 X-8.100 S380
G1 X-5.700 S0
G1 X-5.600 S380
G1 X-5.500 S0
G1 X-5.300 S380
G1 X-1.600 S0
G1 X-1.400 S380
G1 X-0.200 S0
G1 X-0.100 S380
G1 X0.200 S0
G1 X0.400 S380
G1 X1.500 S0
G1 X1.600 S380
G1 X1.900 S0
G1 X2.000 S380
G1 X3.800 S0
G1 X4.200 S380
G1 X4.600 S0
G1 X6.500 S380
G1 X7.900 S0
G1 X8.000 S380
G1 X8.700 S0
G1 X8.800 S380
G1 X10.900 S0
G1 X11.100 S380
G1 X11.600 S0
G1 X11.800 S380
G1 X14.300 S0
G1 X14.500 S380
G1 X14.700 S0
G1 X14.900 S380
G1 X15.000 S0
G1 X15.200 S380
G1 X15.300 S0
G1 X15.500 S380
G1 X15.700 S0
G1 X15.900 S380
G1 X17.400 S0
G0 X17.300 Y-7.200
G1 X15.800 Y-7.200 S0 F1800
G1 X15.800 S380
G1 X15.600 S0
G1 X15.400 S380
G1 X15.300 S0
G1 X15.200 S380
G1 X15.000 S0
G1 X14.700 S380
G1 X14.500 S0
G1 X14.400 S380
G1 X11.800 S0
G1 X11.700 S380
G1 X11.100 S0
G1 X10.900 S380
G1 X8.900 S0
G1 X8.700 S380
G1 X8.400 S0
G1 X8.300 S380
G1 X8.100 S0
G1 X7.900 S380
G1 X6.500 S0
G1 X4.000 S380
G1 X2.100 S0
G1 X1.900 S380
G1 X1.700 S0
G1 X1.500 S380
G1 X0.500 S0
G1 X0.300 S380
G1 X0.000 S0
G1 X-0.100 S380
G1 X-1.300 S0
G1 X-1.500 S380
G1 X-5.200 S0
G1 X-5.400 S380
G1 X-5.500 S0
G1 X-5.600 S380
G1 X-7.900 S0
G1 X-8.100 S380
G1 X-8.300 S0
G1 X-8.400 S380
G1 X-8.700 S0
G1 X-8.900 S380
G1 X-10.900 S0
G1 X-11.100 S380
G1 X-11.700 S0
G1 X-11.800 S380
G1 X-14.400 S0
G1 X-14.500 S380
G1 X-14.700 S0
G1 X-14.900 S380
G1 X-15.300 S0
G1 X-15.500 S380
G1 X-15.800 S0
G1 X-15.900 S380
G1 X-17.400 S0
G0 X-17.400 Y-7.300
G1 X-15.900 Y-7.300 S0 F1800
G1 X-15.800 S380
G1 X-15.600 S0
G1 X-15.200 S380
G1 X-15.000 S0
G1 X-14.800 S380
G1 X-14.600 S0
G1 X-14.400 S380
G1 X-11.900 S0
G1 X-11.700 S380
G1 X-11.100 S0
G1 X-10.900 S380
G1 X-8.900 S0
G1 X-8.700 S380
G1 X-8.400 S0
G1 X-8.300 S380
G1 X-8.100 S0
G1 X-7.900 S380
G1 X-5.700 S0
G1 X-5.600 S380
G1 X-5.500 S0
G1 X-5.300 S380
G1 X-1.500 S0
G1 X-1.300 S380
G1 X-0.200 S0
G1 X-0.100 S380
G1 X0.200 S0
G1 X0.400 S380
G1 X1.400 S0
G1 X1.500 S380
G1 X1.800 S0
G1 X1.900 S380
G1 X4.000 S0
G1 X6.400 S380
G1 X7.700 S0
G1 X7.900 S380
G1 X8.100 S0
G1 X8.200 S380
G1 X8.500 S0
G1 X8.700 S380
G1 X10.700 S0
G1 X10.900 S380
G1 X11.600 S0
G1 X11.700 S380
G1 X14.200 S0
G1 X14.400 S380
G1 X14.600 S0
G1 X14.900 S380
G1 X15.100 S0
G1 X15.400 S380
G1 X15.600 S0
G1 X15.800 S380
G1 X17.300 S0
G0 X17.200 Y-7.400
G1 X15.700 Y-7.400 S0 F1800
G1 X15.700 S380
G1 X15.500 S0
G1 X15.200 S380
G1 X15.000 S0
G1 X14.900 S380
G1 X14.800 S0
G1 X14.600 S380
G1 X14.400 S0
G1 X14.300 S380
G1 X11.800 S0
G1 X11.700 S380
G1 X10.900 S0
G1 X10.700 S380
G1 X8.700 S0
G1 X8.600 S380
G1 X8.200 S0
G1 X8.100 S380
G1 X7.900 S0
G1 X7.700 S380
G1 X6.500 S0
G1 X6.400 S380
G1 X6.100 S0
G1 X4.900 S380
G1 X4.100 S0
G1 X4.000 S380
G1 X2.000 S0
G1 X1.800 S380
G1 X1.600 S0
G1 X1.400 S380
G1 X0.500 S0
G1 X0.300 S380
G1 X0.000 S0
G1 X-0.100 S380
G1 X-1.200 S0
G1 X-1.300 S380
G1 X-5.200 S0
G1 X-5.600 S380
G1 X-7.700 S0
G1 X-7.900 S380
G1 X-8.100 S0
G1 X-8.200 S380
G1 X-8.600 S0
G1 X-8.700 S380
G1 X-10.600 S0
G1 X-10.900 S380
G1 X-11.600 S0
G1 X-11.800 S380
G1 X-14.300 S0
G1 X-14.400 S380
G1 X-14.600 S0
G1 X-14.800 S380
G1 X-14.900 S0
G1 X-15.500 S380
G1 X-15.700 S0
G1 X-15.800 S380
G1 X-17.300 S0
G0 X-17.300 Y-7.500
G1 X-15.800 Y-7.500 S0 F1800
G1 X-15.700 S380
G1 X-15.500 S0
G1 X-15.300 S380
G1 X-15.200 S0
G1 X-14.700 S380
G1 X-14.500 S0
G1 X-14.300 S380
G1 X-11.900 S0
G1 X-11.700 S380
G1 X-10.800 S0
G1 X-10.600 S380
G1 X-8.800 S0
G1 X-8.600 S380
G1 X-8.200 S0
G1 X-8.100 S380
G1 X-7.900 S0
G1 X-7.700 S380
G1 X-5.800 S0
G1 X-5.300 S380
G1 X-1.400 S0
G1 X-1.200 S380
G1 X-0.200 S0
G1 X-0.100 S380
G1 X0.200 S0
G1 X0.400 S380
G1 X1.300 S0
G1 X1.400 S380
G1 X1.600 S0
G1 X1.800 S380
G1 X3.800 S0
G1 X4.000 S380
G1 X5.900 S0
G1 X6.200 S380
G1 X6.300 S0
G1 X6.600 S380
G1 X7.500 S0
G1 X7.700 S380
G1 X7.900 S0
G1 X8.000 S380
G1 X8.400 S0
G1 X8.600 S380
G1 X10.400 S0
G1 X10.600 S380
G1 X11.500 S0
G1 X11.700 S380
G1 X14.100 S0
G1 X14.300 S380
G1 X14.500 S0
G1 X14.700 S380
G1 X14.800 S0
G1 X14.900 S380
G1 X15.100 S0
G1 X15.300 S380
G1 X15.500 S0
G1 X15.700 S380
G1 X17.200 S0
G0 X17.100 Y-7.600
G1 X15.600 Y-7.600 S0 F1800
G1 X15.600 S380
G1 X15.400 S0
G1 X15.200 S380
G1 X15.100 S0
G1 X14.900 S380
G1 X14.700 S0
G1 X14.500 S380
G1 X14.300 S0
G1 X14.200 S380
G1 X11.700 S0
G1 X11.600 S380
G1 X10.600 S0
G1 X10.400 S380
G1 X8.600 S0
G1 X8.400 S380
G1 X8.100 S0
G1 X8.000 S380
G1 X7.700 S0
G1 X7.500 S380
G1 X6.800 S0
G1 X6.300 S380
G1 X4.200 S0
G1 X3.800 S380
G1 X1.900 S0
G1 X1.700 S380
G1 X1.400 S0
G1 X1.300 S380
G1 X0.500 S0
G1 X0.300 S380
G1 X0.000 S0
G1 X-0.100 S380
G1 X-1.000 S0
G1 X-1.200 S380
G1 X-5.200 S0
G1 X-5.700 S380
G1 X-7.500 S0
G1 X-7.700 S380
G1 X-8.000 S0
G1 X-8.100 S380
G1 X-8.400 S0
G1 X-8.600 S380
G1 X-10.400 S0
G1 X-10.600 S380
G1 X-11.600 S0
G1 X-11.700 S380
G1 X-14.200 S0
G1 X-14.300 S380
G1 X-14.500 S0
G1 X-14.800 S380
G1 X-15.200 S0
G1 X-15.400 S380
G1 X-15.600 S0
G1 X-15.700 S380
G1 X-17.200 S0
G0 X-17.200 Y-7.700
G1 X-15.700 Y-7.700 S0 F1800
G1 X-15.600 S380
G1 X-15.400 S0
G1 X-15.200 S380
G1 X-14.800 S0
G1 X-14.600 S380
G1 X-14.400 S0
G1 X-14.200 S380
G1 X-11.800 S0
G1 X-11.600 S380
G1 X-10.600 S0
G1 X-10.300 S380
G1 X-8.600 S0
G1 X-8.400 S380
G1 X-8.100 S0
G1 X-8.000 S380
G1 X-7.700 S0
G1 X-7.500 S380
G1 X-5.800 S0
G1 X-5.600 S380
G1 X-5.500 S0
G1 X-5.300 S380
G1 X-1.200 S0
G1 X-1.100 S380
G1 X-0.200 S0
G1 X-0.100 S380
G1 X0.200 S0
G1 X0.300 S380
G1 X1.100 S0
G1 X1.300 S380
G1 X1.500 S0
G1 X1.700 S380
G1 X3.700 S0
G1 X3.900 S380
G1 X4.000 S0
G1 X4.400 S380
G1 X5.900 S0
G1 X6.400 S380
G1 X6.500 S0
G1 X6.700 S380
G1 X7.300 S0
G1 X7.500 S380
G1 X7.800 S0
G1 X7.900 S380
G1 X8.200 S0
G1 X8.400 S380
G1 X10.100 S0
G1 X10.400 S380
G1 X11.400 S0
G1 X11.600 S380
G1 X14.000 S0
G1 X14.200 S380
G1 X14.400 S0
G1 X14.600 S380
G1 X14.800 S0
G1 X15.000 S380
G1 X15.100 S0
G1 X15.200 S380
G1 X15.400 S0
G1 X15.600 S380
G1 X17.100 S0
G0 X17.000 Y-7.800
G1 X15.500 Y-7.800 S0 F1800
G1 X15.500 S380
G1 X15.300 S0
G1 X14.900 S380
G1 X14.700 S0
G1 X14.400 S380
G1 X14.200 S0
G1 X14.000 S380
G1 X13.300 S0
G1 X13.100 S380
G1 X11.700 S0
G1 X11.500 S380
G1 X10.300 S0
G1 X10.100 S380
G1 X8.400 S0
G1 X8.200 S380
G1 X7.900 S0
G1 X7.800 S380
G1 X7.500 S0
G1 X7.300 S380
G1 X6.700 S0
G1 X6.400 S380
G1 X6.100 S0
G1 X4.600 S380
G1 X4.200 S0
G1 X3.800 S380
G1 X1.700 S0
G1 X1.500 S380
G1 X1.300 S0
G1 X1.200 S380
G1 X0.500 S0
G1 X0.300 S380
G1 X-0.900 S0
G1 X-1.100 S380
G1 X-5.200 S0
G1 X-5.400 S380
G1 X-5.500 S0
G1 X-5.700 S380
G1 X-7.300 S0
G1 X-7.500 S380
G1 X-7.800 S0
G1 X-7.900 S380
G1 X-8.200 S0
G1 X-8.400 S380
G1 X-10.000 S0
G1 X-10.300 S380
G1 X-11.500 S0
G1 X-11.600 S380
G1 X-13.100 S0
G1 X-13.300 S380
G1 X-14.000 S0
G1 X-14.200 S380
G1 X-14.400 S0
G1 X-14.600 S380
G1 X-14.900 S0
G1 X-15.300 S380
G1 X-15.500 S0
G1 X-15.600 S380
G1 X-17.100 S0
G0 X-17.100 Y-7.900
G1 X-15.600 Y-7.900 S0 F1800
G1 X-15.500 S380
G1 X-15.300 S0
G1 X-14.700 S380
G1 X-14.600 S0
G1 X-14.500 S380
G1 X-14.200 S0
G1 X-14.100 S380
G1 X-13.400 S0
G1 X-13.000 S380
G1 X-11.700 S0
G1 X-11.600 S380
G1 X-10.200 S0
G1 X-10.000 S380
G1 X-8.400 S0
G1 X-8.200 S380
G1 X-7.900 S0
G1 X-7.800 S380
G1 X-7.500 S0
G1 X-7.300 S380
G1 X-5.800 S0
G1 X-5.600 S380
G1 X-5.500 S0
G1 X-5.300 S380
G1 X-1.100 S0
G1 X-0.900 S380
G1 X0.200 S0
G1 X0.400 S380
G1 X1.000 S0
G1 X1.100 S380
G1 X1.400 S0
G1 X1.500 S380
G1 X3.900 S0
G1 X4.500 S380
G1 X5.900 S0
G1 X6.500 S380
G1 X7.100 S0
G1 X7.300 S380
G1 X8.000 S0
G1 X8.200 S380
G1 X9.800 S0
G1 X10.100 S380
G1 X11.400 S0
G1 X11.500 S380
G1 X12.800 S0
G1 X13.200 S380
G1 X13.900 S0
G1 X14.000 S380
G1 X14.300 S0
G1 X14.400 S380
G1 X14.500 S0
G1 X14.700 S380
G1 X14.900 S0
G1 X15.100 S380
G1 X15.300 S0
G1 X15.500 S380
G1 X17.000 S0
G0 X16.900 Y-8.000
G1 X15.400 Y-8.000 S0 F1800
G1 X15.400 S380
G1 X15.100 S0
G1 X15.000 S380
G1 X14.800 S0
G1 X14.600 S380
G1 X14.500 S0
G1 X14.300 S380
G1 X14.100 S0
G1 X13.900 S380
G1 X13.300 S0
G1 X13.100 S380
G1 X13.000 S0
G1 X12.800 S380
G1 X11.600 S0
G1 X11.400 S380
G1 X10.000 S0
G1 X9.700 S380
G1 X8.200 S0
G1 X8.000 S380
G1 X7.600 S0
G1 X7.500 S380
G1 X7.300 S0
G1 X7.100 S380
G1 X6.200 S0
G1 X4.300 S380
G1 X1.600 S0
G1 X1.400 S380
G1 X1.100 S0
G1 X1.000 S380
G1 X0.500 S0
G1 X0.300 S380
G1 X0.100 S0
G1 X0.000 S380
G1 X-0.800 S0
G1 X-1.000 S380
G1 X-5.200 S0
G1 X-5.400 S380
G1 X-5.500 S0
G1 X-5.700 S380
G1 X-7.100 S0
G1 X-7.300 S380
G1 X-7.500 S0
G1 X-7.700 S380
G1 X-8.000 S0
G1 X-8.200 S380
G1 X-9.700 S0
G1 X-10.000 S380
G1 X-11.400 S0
G1 X-11.600 S380
G1 X-12.800 S0
G1 X-13.000 S380
G1 X-13.100 S0
G1 X-13.300 S380
G1 X-13.900 S0
G1 X-14.100 S380
G1 X-14.300 S0
G1 X-14.800 S380
G1 X-15.000 S0
G1 X-15.100 S380
G1 X-15.400 S0
G1 X-15.500 S380
G1 X-17.000 S0
G0 X-17.000 Y-8.100
G1 X-15.500 Y-8.100 S0 F1800
G1 X-15.400 S380
G1 X-15.200 S0
G1 X-15.000 S380
G1 X-14.600 S0
G1 X-14.400 S380
G1 X-14.100 S0
G1 X-14.000 S380
G1 X-13.300 S0
G1 X-13.100 S380
G1 X-13.000 S0
G1 X-12.700 S380
G1 X-11.600 S0
G1 X-11.500 S380
G1 X-9.900 S0
G1 X-9.600 S380
G1 X-8.200 S0
G1 X-8.000 S380
G1 X-7.700 S0
G1 X-7.500 S380
G1 X-7.300 S0
G1 X-7.000 S380
G1 X-5.800 S0
G1 X-5.300 S380
G1 X-1.000 S0
G1 X-0.800 S380
G1 X-0.100 S0
G1 X0.000 S380
G1 X0.200 S0
G1 X0.400 S380
G1 X0.800 S0
G1 X1.000 S380
G1 X1.200 S0
G1 X1.400 S380
G1 X6.800 S0
G1 X7.100 S380
G1 X7.300 S0
G1 X7.400 S380
G1 X7.800 S0
G1 X8.000 S380
G1 X9.400 S0
G1 X9.700 S380
G1 X11.300 S0
G1 X11.400 S380
G1 X12.500 S0
G1 X12.800 S380
G1 X13.000 S0
G1 X13.100 S380
G1 X13.800 S0
G1 X13.900 S380
G1 X14.200 S0
G1 X14.400 S380
G1 X14.500 S0
G1 X14.700 S380
G1 X14.800 S0
G1 X15.000 S380
G1 X15.200 S0
G1 X15.400 S380
G1 X16.900 S0
G0 X16.800 Y-8.200
G1 X15.300 Y-8.200 S0 F1800
G1 X15.300 S380
G1 X15.000 S0
G1 X14.900 S380
G1 X14.800 S0
G1 X14.700 S380
G1 X14.500 S0
G1 X14.200 S380
G1 X14.000 S0
G1 X13.800 S380
G1 X13.200 S0
G1 X13.000 S380
G1 X12.700 S0
G1 X12.500 S380
G1 X11.500 S0
G1 X11.300 S380
G1 X9.600 S0
G1 X9.300 S380
G1 X8.000 S0
G1 X7.800 S380
G1 X7.400 S0
G1 X7.300 S380
G1 X7.000 S0
G1 X6.800 S380
G1 X1.400 S0
G1 X1.200 S380
G1 X1.000 S0
G1 X0.900 S380
G1 X0.500 S0
G1 X0.300 S380
G1 X-0.700 S0
G1 X-0.800 S380
G1 X-5.200 S0
G1 X-5.700 S380
G1 X-6.800 S0
G1 X-7.000 S380
G1 X-7.300 S0
G1 X-7.400 S380
G1 X-7.800 S0
G1 X-8.000 S380
G1 X-9.300 S0
G1 X-9.600 S380
G1 X-11.300 S0
G1 X-11.500 S380
G1 X-12.400 S0
G1 X-12.700 S380
G1 X-13.000 S0
G1 X-13.200 S380
G1 X-13.800 S0
G1 X-14.000 S380
G1 X-14.200 S0
G1 X-14.400 S380
G1 X-14.800 S0
G1 X-15.000 S380
G1 X-15.300 S0
G1 X-15.400 S380
G1 X-16.900 S0
G0 X-16.900 Y-8.300
G1 X-15.400 Y-8.300 S0 F1800
G1 X-15.300 S380
G1 X-15.100 S0
G1 X-14.800 S380
G1 X-14.400 S0
G1 X-14.200 S380
G1 X-14.000 S0
G1 X-13.800 S380
G1 X-13.200 S0
G1 X-13.000 S380
G1 X-12.600 S0
G1 X-12.300 S380
G1 X-11.500 S0
G1 X-11.400 S380
G1 X-9.500 S0
G1 X-9.200 S380
G1 X-8.000 S0
G1 X-7.800 S380
G1 X-7.400 S0
G1 X-7.300 S380
G1 X-7.000 S0
G1 X-6.700 S380
G1 X-5.800 S0
G1 X-5.300 S380
G1 X-0.900 S0
G1 X-0.700 S380
G1 X0.200 S0
G1 X0.400 S380
G1 X0.700 S0
G1 X0.800 S380
G1 X1.100 S0
G1 X1.200 S380
G1 X6.500 S0
G1 X6.800 S380
G1 X7.100 S0
G1 X7.200 S380
G1 X7.600 S0
G1 X7.800 S380
G1 X9.000 S0
G1 X9.300 S380
G1 X11.200 S0
G1 X11.300 S380
G1 X12.100 S0
G1 X12.500 S380
G1 X12.900 S0
G1 X13.000 S380
G1 X13.700 S0
G1 X13.800 S380
G1 X14.000 S0
G1 X14.400 S380
G1 X14.600 S0
G1 X14.900 S380
G1 X15.100 S0
G1 X15.300 S380
G1 X16.800 S0
G0 X16.700 Y-8.400
G1 X15.200 Y-8.400 S0 F1800
G1 X15.200 S380
G1 X14.900 S0
G1 X14.700 S380
G1 X14.500 S0
G1 X14.300 S380
G1 X14.200 S0
G1 X14.100 S380
G1 X13.900 S0
G1 X13.700 S380
G1 X13.100 S0
G1 X12.900 S380
G1 X12.400 S0
G1 X12.000 S380
G1 X11.400 S0
G1 X11.200 S380
G1 X9.200 S0
G1 X8.900 S380
G1 X7.800 S0
G1 X7.600 S380
G1 X7.200 S0
G1 X7.000 S380
G1 X6.700 S0
G1 X6.400 S380
G1 X1.300 S0
G1 X1.100 S380
G1 X0.800 S0
G1 X0.700 S380
G1 X0.500 S0
G1 X0.300 S380
G1 X-0.600 S0
G1 X-0.700 S380
G1 X-5.300 S0
G1 X-5.600 S380
G1 X-6.400 S0
G1 X-6.700 S380
G1 X-7.000 S0
G1 X-7.100 S380
G1 X-7.600 S0
G1 X-7.800 S380
G1 X-8.800 S0
G1 X-9.200 S380
G1 X-11.200 S0
G1 X-11.400 S380
G1 X-12.000 S0
G1 X-12.300 S380
G1 X-12.900 S0
G1 X-13.000 S380
G1 X-13.700 S0
G1 X-13.900 S380
G1 X-14.100 S0
G1 X-14.200 S380
G1 X-14.400 S0
G1 X-14.900 S380
G1 X-15.200 S0
G1 X-15.300 S380
G1 X-16.800 S0
G0 X-16.800 Y-8.500
G1 X-15.300 Y-8.500 S0 F1800
G1 X-15.200 S380
G1 X-15.000 S0
G1 X-14.800 S380
G1 X-14.700 S0
G1 X-14.100 S380
G1 X-13.900 S0
G1 X-13.700 S380
G1 X-13.100 S0
G1 X-12.900 S380
G1 X-12.200 S0
G1 X-11.700 S380
G1 X-11.400 S0
G1 X-11.300 S380
G1 X-9.100 S0
G1 X-8.700 S380
G1 X-7.800 S0
G1 X-7.600 S380
G1 X-7.100 S0
G1 X-7.000 S380
G1 X-6.600 S0
G1 X-6.300 S380
G1 X-0.800 S0
G1 X-0.600 S380
G1 X0.200 S0
G1 X0.300 S380
G1 X0.600 S0
G1 X0.700 S380
G1 X0.900 S0
G1 X1.100 S380
G1 X6.100 S0
G1 X6.400 S380
G1 X6.800 S0
G1 X6.900 S380
G1 X7.400 S0
G1 X7.600 S380
G1 X8.500 S0
G1 X8.900 S380
G1 X11.100 S0
G1 X11.200 S380
G1 X11.600 S0
G1 X12.000 S380
G1 X12.700 S0
G1 X12.900 S380
G1 X13.500 S0
G1 X13.700 S380
G1 X13.900 S0
G1 X14.100 S380
G1 X14.300 S0
G1 X14.400 S380
G1 X14.600 S0
G1 X14.800 S380
G1 X15.000 S0
G1 X15.200 S380
G1 X16.700 S0
G0 X16.600 Y-8.600
G1 X15.100 Y-8.600 S0 F1800
G1 X15.100 S380
G1 X14.800 S0
G1 X14.600 S380
G1 X14.500 S0
G1 X14.400 S380
G1 X14.200 S0
G1 X14.000 S380
G1 X13.700 S0
G1 X13.600 S380
G1 X12.900 S0
G1 X12.800 S380
G1 X11.800 S0
G1 X11.100 S380
G1 X8.800 S0
G1 X8.400 S380
G1 X7.600 S0
G1 X7.300 S380
G1 X6.800 S0
G1 X6.700 S380
G1 X6.300 S0
G1 X6.000 S380
G1 X1.100 S0
G1 X0.900 S380
G1 X0.700 S0
G1 X0.600 S380
G1 X0.400 S0
G1 X0.300 S380
G1 X-0.500 S0
G1 X-0.700 S380
G1 X-5.900 S0
G1 X-6.300 S380
G1 X-6.700 S0
G1 X-6.800 S380
G1 X-7.300 S0
G1 X-7.600 S380
G1 X-8.400 S0
G1 X-8.700 S380
G1 X-11.100 S0
G1 X-11.800 S380
G1 X-12.800 S0
G1 X-12.900 S380
G1 X-13.600 S0
G1 X-13.700 S380
G1 X-14.000 S0
G1 X-14.300 S380
G1 X-14.700 S0
G1 X-14.800 S380
G1 X-15.100 S0
G1 X-15.200 S380
G1 X-16.700 S0
G0 X-16.600 Y-8.700
G1 X-15.100 Y-8.700 S0 F1800
G1 X-15.100 S380
G1 X-14.800 S0
G1 X-14.600 S380
G1 X-14.200 S0
G1 X-14.000 S380
G1 X-13.800 S0
G1 X-13.600 S380
G1 X-13.000 S0
G1 X-12.800 S380
G1 X-11.500 S0
G1 X-11.200 S380
G1 X-8.600 S0
G1 X-8.300 S380
G1 X-7.600 S0
G1 X-7.300 S380
G1 X-6.800 S0
G1 X-6.600 S380
G1 X-6.200 S0
G1 X-5.700 S380
G1 X-0.700 S0
G1 X-0.600 S380
G1 X0.200 S0
G1 X0.300 S380
G1 X0.500 S0
G1 X0.600 S380
G1 X0.800 S0
G1 X1.000 S380
G1 X5.500 S0
G1 X6.000 S380
G1 X6.400 S0
G1 X6.600 S380
G1 X7.100 S0
G1 X7.400 S380
G1 X8.100 S0
G1 X8.400 S380
G1 X11.000 S0
G1 X11.400 S380
G1 X12.600 S0
G1 X12.800 S380
G1 X13.400 S0
G1 X13.600 S380
G1 X13.800 S0
G1 X14.100 S380
G1 X14.300 S0
G1 X14.400 S380
G1 X14.500 S0
G1 X14.700 S380
G1 X14.900 S0
G1 X15.100 S380
G1 X16.600 S0
G0 X16.500 Y-8.800
G1 X15.000 Y-8.800 S0 F1800
G1 X14.900 S380
G1 X14.700 S0
G1 X14.400 S380
G1 X14.200 S0
G1 X13.800 S380
G1 X13.600 S0
G1 X13.400 S380
G1 X12.800 S0
G1 X12.600 S380
G1 X8.300 S0
G1 X8.000 S380
G1 X7.300 S0
G1 X7.000 S380
G1 X6.500 S0
G1 X6.300 S380
G1 X5.800 S0
G1 X4.100 S380
G1 X1.000 S0
G1 X0.800 S380
G1 X0.600 S0
G1 X0.500 S380
G1 X0.400 S0
G1 X0.200 S380
G1 X-0.400 S0
G1 X-0.600 S380
G1 X-4.000 S0
G1 X-5.800 S380
G1 X-6.300 S0
G1 X-6.500 S380
G1 X-7.000 S0
G1 X-7.300 S380
G1 X-8.000 S0
G1 X-8.300 S380
G1 X-12.600 S0
G1 X-12.800 S380
G1 X-13.400 S0
G1 X-13.600 S380
G1 X-13.800 S0
G1 X-14.000 S380
G1 X-14.400 S0
G1 X-14.700 S380
G1 X-14.900 S0
G1 X-15.100 S380
G1 X-16.600 S0
G0 X-16.500 Y-8.900
G1 X-15.000 Y-8.900 S0 F1800
G1 X-15.000 S380
G1 X-14.700 S0
G1 X-14.200 S380
G1 X-14.000 S0
G1 X-13.900 S380
G1 X-13.600 S0
G1 X-13.500 S380
G1 X-12.800 S0
G1 X-12.600 S380
G1 X-8.200 S0
G1 X-7.900 S380
G1 X-7.300 S0
G1 X-6.900 S380
G1 X-6.400 S0
G1 X-6.100 S380
G1 X-5.300 S0
G1 X-4.500 S380
G1 X-4.300 S0
G1 X-4.100 S380
G1 X-0.700 S0
G1 X-0.500 S380
G1 X0.100 S0
G1 X0.300 S380
G1 X0.400 S0
G1 X0.500 S380
G1 X0.700 S0
G1 X0.900 S380
G1 X3.900 S0
G1 X4.100 S380
G1 X4.300 S0
G1 X5.200 S380
G1 X5.900 S0
G1 X6.300 S380
G1 X6.800 S0
G1 X7.100 S380
G1 X7.700 S0
G1 X8.000 S380
G1 X12.500 S0
G1 X12.600 S380
G1 X13.300 S0
G1 X13.400 S380
G1 X13.700 S0
G1 X13.800 S380
G1 X14.000 S0
G1 X14.100 S380
G1 X14.300 S0
G1 X14.500 S380
G1 X14.800 S0
G1 X14.900 S380
G1 X16.400 S0
G0 X16.400 Y-9.000
G1 X14.900 Y-9.000 S0 F1800
G1 X14.800 S380
G1 X14.600 S0
G1 X14.400 S380
G1 X14.200 S0
G1 X14.100 S380
G1 X13.900 S0
G1 X13.700 S380
G1 X13.500 S0
G1 X13.300 S380
G1 X12.700 S0
G1 X12.500 S380
G1 X7.900 S0
G1 X7.700 S380
G1 X7.000 S0
G1 X6.700 S380
G1 X6.100 S0
G1 X5.700 S380
G1 X4.200 S0
G1 X4.000 S380
G1 X0.900 S0
G1 X0.800 S380
G1 X0.600 S0
G1 X0.500 S380
G1 X0.400 S0
G1 X0.200 S380
G1 X-0.400 S0
G1 X-0.500 S380
G1 X-4.000 S0
G1 X-4.100 S380
G1 X-5.700 S0
G1 X-6.000 S380
G1 X-6.600 S0
G1 X-7.000 S380
G1 X-7.600 S0
G1 X-7.900 S380
G1 X-12.500 S0
G1 X-12.600 S380
G1 X-13.300 S0
G1 X-13.500 S380
G1 X-13.700 S0
G1 X-14.300 S380
G1 X-14.400 S0
G1 X-14.600 S380
G1 X-14.800 S0
G1 X-15.000 S380
G1 X-16.500 S0
G0 X-16.400 Y-9.100
G1 X-14.900 Y-9.100 S0 F1800
G1 X-14.800 S380
G1 X-14.600 S0
G1 X-14.400 S380
G1 X-14.100 S0
G1 X-13.700 S380
G1 X-13.500 S0
G1 X-13.300 S380
G1 X-12.700 S0
G1 X-12.500 S380
G1 X-9.300 S0
G1 X-8.800 S380
G1 X-7.800 S0
G1 X-7.600 S380
G1 X-6.900 S0
G1 X-6.500 S380
G1 X-5.700 S0
G1 X-4.400 S380
G1 X-4.200 S0
G1 X-4.100 S380
G1 X-0.600 S0
G1 X-0.500 S380
G1 X0.100 S0
G1 X0.200 S380
G1 X0.300 S0
G1 X0.400 S380
G1 X0.600 S0
G1 X0.800 S380
G1 X3.900 S0
G1 X4.000 S380
G1 X4.200 S0
G1 X5.600 S380
G1 X6.400 S0
G1 X6.700 S380
G1 X7.400 S0
G1 X7.700 S380
G1 X8.600 S0
G1 X9.100 S380
G1 X12.300 S0
G1 X12.500 S380
G1 X13.100 S0
G1 X13.300 S380
G1 X13.500 S0
G1 X13.800 S380
G1 X14.000 S0
G1 X14.100 S380
G1 X14.200 S0
G1 X14.400 S380
G1 X14.700 S0
G1 X14.800 S380
G1 X16.300 S0
G0 X16.300 Y-9.200
G1 X14.800 Y-9.200 S0 F1800
G1 X14.700 S380
G1 X14.500 S0
G1 X14.100 S380
G1 X13.900 S0
G1 X13.600 S380
G1 X13.300 S0
G1 X13.200 S380
G1 X12.500 S0
G1 X12.300 S380
G1 X9.300 S0
G1 X8.600 S380
G1 X7.600 S0
G1 X7.400 S380
G1 X6.600 S0
G1 X6.200 S380
G1 X5.200 S0
G1 X4.400 S380
G1 X4.100 S0
G1 X3.900 S380
G1 X0.900 S0
G1 X0.700 S380
G1 X0.500 S0
G1 X0.400 S380
G1 X0.300 S0
G1 X0.200 S380
G1 X-0.400 S0
G1 X-0.500 S380
G1 X-3.900 S0
G1 X-4.100 S380
G1 X-4.200 S0
G1 X-4.300 S380
G1 X-4.700 S0
G1 X-5.100 S380
G1 X-6.200 S0
G1 X-6.600 S380
G1 X-7.400 S0
G1 X-7.600 S380
G1 X-8.500 S0
G1 X-9.300 S380
G1 X-12.300 S0
G1 X-12.500 S380
G1 X-13.200 S0
G1 X-13.300 S380
G1 X-13.600 S0
G1 X-13.800 S380
G1 X-14.200 S0
G1 X-14.400 S380
G1 X-14.700 S0
G1 X-14.800 S380
G1 X-16.300 S0
G0 X-16.300 Y-9.300
G1 X-14.800 Y-9.300 S0 F1800
G1 X-14.700 S380
G1 X-14.500 S0
G1 X-14.100 S380
G1 X-13.800 S0
G1 X-13.600 S380
G1 X-13.400 S0
G1 X-13.200 S380
G1 X-12.500 S0
G1 X-12.300 S380
G1 X-9.500 S0
G1 X-8.500 S380
G1 X-7.600 S0
G1 X-7.500 S380
G1 X-6.500 S0
G1 X-5.900 S380
G1 X-4.600 S0
G1 X-4.500 S380
G1 X-4.400 S0
G1 X-4.300 S380
G1 X-4.100 S0
G1 X-4.000 S380
G1 X-0.600 S0
G1 X-0.400 S380
G1 X0.000 S0
G1 X0.200 S380
G1 X0.300 S0
G1 X0.400 S380
G1 X0.600 S0
G1 X0.700 S380
G1 X3.800 S0
G1 X3.900 S380
G1 X4.100 S0
G1 X4.200 S380
G1 X4.300 S0
G1 X4.400 S380
G1 X5.700 S0
G1 X6.300 S380
G1 X7.300 S0
G1 X7.400 S380
G1 X8.300 S0
G1 X9.300 S380
G1 X12.100 S0
G1 X12.300 S380
G1 X13.000 S0
G1 X13.200 S380
G1 X13.400 S0
G1 X13.800 S380
G1 X14.000 S0
G1 X14.300 S380
G1 X14.500 S0
G1 X14.700 S380
G1 X16.200 S0
G0 X16.100 Y-9.400
G1 X14.600 Y-9.400 S0 F1800
G1 X14.600 S380
G1 X14.300 S0
G1 X14.100 S380
G1 X13.900 S0
G1 X13.700 S380
G1 X13.600 S0
G1 X13.400 S380
G1 X13.200 S0
G1 X13.000 S380
G1 X12.300 S0
G1 X12.100 S380
G1 X9.400 S0
G1 X9.300 S380
G1 X9.200 S0
G1 X8.300 S380
G1 X7.500 S0
G1 X7.300 S380
G1 X6.100 S0
G1 X4.300 S380
G1 X4.000 S0
G1 X3.800 S380
G1 X0.800 S0
G1 X0.600 S380
G1 X0.300 S0
G1 X0.100 S380
G1 X-0.300 S0
G1 X-0.500 S380
G1 X-3.800 S0
G1 X-3.900 S380
G1 X-4.400 S0
G1 X-6.100 S380
G1 X-7.300 S0
G1 X-7.500 S380
G1 X-8.300 S0
G1 X-9.200 S380
G1 X-9.300 S0
G1 X-9.400 S380
G1 X-12.100 S0
G1 X-12.300 S380
G1 X-13.000 S0
G1 X-13.200 S380
G1 X-13.400 S0
G1 X-13.600 S380
G1 X-13.700 S0
G1 X-14.300 S380
G1 X-14.600 S0
G1 X-14.700 S380
G1 X-16.200 S0
G0 X-16.200 Y-9.500
G1 X-14.700 Y-9.500 S0 F1800
G1 X-14.600 S380
G1 X-14.300 S0
G1 X-14.200 S380
G1 X-14.100 S0
G1 X-13.500 S380
G1 X-13.200 S0
G1 X-13.000 S380
G1 X-12.300 S0
G1 X-12.100 S380
G1 X-9.600 S0
G1 X-9.400 S380
G1 X-9.300 S0
G1 X-8.200 S380
G1 X-7.500 S0
G1 X-7.400 S380
G1 X-5.800 S0
G1 X-4.500 S380
G1 X-4.000 S0
G1 X-3.800 S380
G1 X-0.600 S0
G1 X-0.400 S380
G1 X0.000 S0
G1 X0.100 S380
G1 X0.200 S0
G1 X0.300 S380
G1 X0.500 S0
G1 X0.700 S380
G1 X3.600 S0
G1 X3.800 S380
G1 X4.000 S0
G1 X4.100 S380
G1 X4.200 S0
G1 X5.600 S380
G1 X7.200 S0
G1 X7.400 S380
G1 X8.000 S0
G1 X9.100 S380
G1 X9.200 S0
G1 X9.400 S380
G1 X11.900 S0
G1 X12.100 S380
G1 X12.900 S0
G1 X13.000 S380
G1 X13.300 S0
G1 X13.500 S380
G1 X13.700 S0
G1 X13.800 S380
G1 X14.000 S0
G1 X14.200 S380
G1 X14.400 S0
G1 X14.600 S380
G1 X16.100 S0
G0 X16.000 Y-9.600
G1 X14.500 Y-9.600 S0 F1800
G1 X14.400 S380
G1 X14.200 S0
G1 X14.000 S380
G1 X13.900 S0
G1 X13.800 S380
G1 X13.600 S0
G1 X13.300 S380
G1 X13.000 S0
G1 X12.900 S380
G1 X12.100 S0
G1 X11.900 S380
G1 X9.500 S0
G1 X9.400 S380
G1 X9.100 S0
G1 X8.400 S380
G1 X8.300 S0
G1 X8.000 S380
G1 X7.500 S0
G1 X7.300 S380
G1 X4.600 S0
G1 X4.400 S380
G1 X4.100 S0
G1 X4.000 S380
G1 X3.800 S0
G1 X3.600 S380
G1 X0.700 S0
G1 X0.600 S380
G1 X0.400 S0
G1 X0.300 S380
G1 X0.200 S0
G1 X0.100 S380
G1 X-0.300 S0
G1 X-0.400 S380
G1 X-3.600 S0
G1 X-3.800 S380
G1 X-4.000 S0
G1 X-4.100 S380
G1 X-4.400 S0
G1 X-4.600 S380
G1 X-7.300 S0
G1 X-7.400 S380
G1 X-8.000 S0
G1 X-8.300 S380
G1 X-8.400 S0
G1 X-9.100 S380
G1 X-9.400 S0
G1 X-9.500 S380
G1 X-11.900 S0
G1 X-12.100 S380
G1 X-12.900 S0
G1 X-13.000 S380
G1 X-13.300 S0
G1 X-13.600 S380
G1 X-14.000 S0
G1 X-14.200 S380
G1 X-14.400 S0
G1 X-14.600 S380
G1 X-16.100 S0
G0 X-16.000 Y-9.700
G1 X-14.500 Y-9.700 S0 F1800
G1 X-14.500 S380
G1 X-14.200 S0
G1 X-14.000 S380
G1 X-13.500 S0
G1 X-13.300 S380
G1 X-13.100 S0
G1 X-12.900 S380
G1 X-12.100 S0
G1 X-11.900 S380
G1 X-9.700 S0
G1 X-9.500 S380
G1 X-9.100 S0
G1 X-8.600 S380
G1 X-8.200 S0
G1 X-7.400 S380
G1 X-4.600 S0
G1 X-4.400 S380
G1 X-4.100 S0
G1 X-4.000 S380
G1 X-3.800 S0
G1 X-3.600 S380
G1 X-0.500 S0
G1 X-0.400 S380
G1 X-0.100 S0
G1 X0.100 S380
G1 X0.400 S0
G1 X0.600 S380
G1 X3.400 S0
G1 X3.600 S380
G1 X3.800 S0
G1 X3.900 S380
G1 X4.300 S0
G1 X4.400 S380
G1 X7.200 S0
G1 X8.000 S380
G1 X8.200 S0
G1 X8.300 S380
G1 X8.400 S0
G1 X8.900 S380
G1 X9.300 S0
G1 X9.500 S380
G1 X11.700 S0
G1 X11.900 S380
G1 X12.700 S0
G1 X12.900 S380
G1 X13.100 S0
G1 X13.500 S380
G1 X13.700 S0
G1 X14.000 S380
G1 X14.300 S0
G1 X14.400 S380
G1 X15.900 S0
G0 X15.900 Y-9.800
G1 X14.400 Y-9.800 S0 F1800
G1 X14.300 S380
G1 X14.000 S0
G1 X13.800 S380
G1 X13.600 S0
G1 X13.400 S380
G1 X13.300 S0
G1 X13.100 S380
G1 X12.900 S0
G1 X12.700 S380
G1 X11.900 S0
G1 X11.600 S380
G1 X9.700 S0
G1 X9.500 S380
G1 X8.900 S0
G1 X8.700 S380
G1 X8.600 S0
G1 X8.400 S380
G1 X7.900 S0
G1 X7.300 S380
G1 X4.500 S0
G1 X4.300 S380
G1 X3.900 S0
G1 X3.800 S380
G1 X3.600 S0
G1 X3.400 S380
G1 X0.600 S0
G1 X0.500 S380
G1 X0.300 S0
G1 X0.000 S380
G1 X-0.300 S0
G1 X-0.400 S380
G1 X-3.300 S0
G1 X-3.600 S380
G1 X-3.800 S0
G1 X-3.900 S380
G1 X-4.300 S0
G1 X-4.400 S380
G1 X-7.300 S0
G1 X-7.900 S380
G1 X-8.400 S0
G1 X-8.900 S380
G1 X-9.500 S0
G1 X-9.700 S380
G1 X-11.600 S0
G1 X-11.900 S380
G1 X-12.700 S0
G1 X-12.900 S380
G1 X-13.100 S0
G1 X-13.300 S380
G1 X-13.600 S0
G1 X-14.000 S380
G1 X-14.300 S0
G1 X-14.400 S380
G1 X-15.900 S0
G0 X-15.900 Y-9.900
G1 X-14.400 Y-9.900 S0 F1800
G1 X-14.300 S380
G1 X-14.100 S0
G1 X-13.200 S380
G1 X-12.900 S0
G1 X-12.700 S380
G1 X-11.800 S0
G1 X-11.600 S380
G1 X-9.800 S0
G1 X-9.600 S380
G1 X-8.900 S0
G1 X-8.400 S380
G1 X-7.600 S0
G1 X-7.400 S380
G1 X-4.500 S0
G1 X-4.300 S380
G1 X-3.900 S0
G1 X-3.800 S380
G1 X-3.500 S0
G1 X-3.300 S380
G1 X-0.500 S0
G1 X-0.400 S380
G1 X-0.100 S0
G1 X0.100 S380
G1 X0.300 S0
G1 X0.500 S380
G1 X3.100 S0
G1 X3.400 S380
G1 X3.600 S0
G1 X3.700 S380
G1 X4.100 S0
G1 X4.300 S380
G1 X7.200 S0
G1 X7.400 S380
G1 X8.200 S0
G1 X8.300 S380
G1 X8.400 S0
G1 X8.700 S380
G1 X9.400 S0
G1 X9.600 S380
G1 X11.400 S0
G1 X11.600 S380
G1 X12.500 S0
G1 X12.700 S380
G1 X13.000 S0
G1 X13.200 S380
G1 X13.300 S0
G1 X13.500 S380
G1 X13.600 S0
G1 X13.900 S380
G1 X14.100 S0
G1 X14.300 S380
G1 X15.800 S0
G0 X15.700 Y-10.000
G1 X14.200 Y-10.000 S0 F1800
G1 X14.200 S380
G1 X13.900 S0
G1 X13.700 S380
G1 X13.600 S0
G1 X13.400 S380
G1 X13.200 S0
G1 X13.000 S380
G1 X12.700 S0
G1 X12.600 S380
G1 X11.600 S0
G1 X11.400 S380
G1 X9.800 S0
G1 X9.600 S380
G1 X8.700 S0
G1 X8.400 S380
G1 X8.300 S0
G1 X8.200 S380
G1 X7.500 S0
G1 X7.400 S380
G1 X4.300 S0
G1 X4.100 S380
G1 X3.700 S0
G1 X3.600 S380
G1 X3.300 S0
G1 X3.000 S380
G1 X0.500 S0
G1 X0.400 S380
G1 X0.200 S0
G1 X0.000 S380
G1 X-0.300 S0
G1 X-0.400 S380
G1 X-2.900 S0
G1 X-3.300 S380
G1 X-3.600 S0
G1 X-3.700 S380
G1 X-4.100 S0
G1 X-4.300 S380
G1 X-7.300 S0
G1 X-7.500 S380
G1 X-8.200 S0
G1 X-8.300 S380
G1 X-8.400 S0
G1 X-8.700 S380
G1 X-9.600 S0
G1 X-9.800 S380
G1 X-11.400 S0
G1 X-11.600 S380
G1 X-12.600 S0
G1 X-12.700 S380
G1 X-13.000 S0
G1 X-13.400 S380
G1 X-13.700 S0
G1 X-13.900 S380
G1 X-14.100 S0
G1 X-14.300 S380
G1 X-15.800 S0
G0 X-15.700 Y-10.100
G1 X-14.200 Y-10.100 S0 F1800
G1 X-14.200 S380
G1 X-13.900 S0
G1 X-13.700 S380
G1 X-13.300 S0
G1 X-13.000 S380
G1 X-12.800 S0
G1 X-12.600 S380
G1 X-11.500 S0
G1 X-11.300 S380
G1 X-9.900 S0
G1 X-9.800 S380
G1 X-8.600 S0
G1 X-8.400 S380
G1 X-7.700 S0
G1 X-7.500 S380
G1 X-4.300 S0
G1 X-4.100 S380
G1 X-3.600 S0
G1 X-3.500 S380
G1 X-3.200 S0
G1 X-2.800 S380
G1 X-0.500 S0
G1 X-0.300 S380
G1 X-0.100 S0
G1 X0.000 S380
G1 X0.200 S0
G1 X0.400 S380
G1 X2.600 S0
G1 X3.000 S380
G1 X3.300 S0
G1 X3.500 S380
G1 X3.900 S0
G1 X4.100 S380
G1 X7.300 S0
G1 X7.500 S380
G1 X8.200 S0
G1 X8.400 S380
G1 X9.600 S0
G1 X9.700 S380
G1 X11.100 S0
G1 X11.400 S380
G1 X12.400 S0
G1 X12.600 S380
G1 X12.800 S0
G1 X13.100 S380
G1 X13.300 S0
G1 X13.500 S380
G1 X13.600 S0
G1 X13.700 S380
G1 X14.000 S0
G1 X14.200 S380
G1 X15.700 S0
G0 X15.600 Y-10.200
G1 X14.100 Y-10.200 S0 F1800
G1 X14.000 S380
G1 X13.800 S0
G1 X13.400 S380
G1 X13.200 S0
G1 X13.100 S380
G1 X13.000 S0
G1 X12.800 S380
G1 X12.600 S0
G1 X12.400 S380
G1 X11.300 S0
G1 X11.100 S380
G1 X9.900 S0
G1 X9.700 S380
G1 X8.400 S0
G1 X8.100 S380
G1 X7.600 S0
G1 X7.500 S380
G1 X4.100 S0
G1 X3.900 S380
G1 X3.400 S0
G1 X3.200 S380
G1 X2.800 S0
G1 X2.400 S380
G1 X0.400 S0
G1 X0.200 S380
G1 X-0.200 S0
G1 X-0.400 S380
G1 X-2.400 S0
G1 X-2.800 S380
G1 X-3.200 S0
G1 X-3.300 S380
G1 X-3.900 S0
G1 X-4.100 S380
G1 X-7.400 S0
G1 X-7.600 S380
G1 X-8.100 S0
G1 X-8.400 S380
G1 X-9.700 S0
G1 X-9.900 S380
G1 X-11.000 S0
G1 X-11.300 S380
G1 X-12.400 S0
G1 X-12.600 S380
G1 X-12.800 S0
G1 X-13.000 S380
G1 X-13.500 S0
G1 X-13.700 S380
G1 X-14.000 S0
G1 X-14.200 S380
G1 X-15.700 S0
G0 X-15.600 Y-10.300
G1 X-14.100 Y-10.300 S0 F1800
G1 X-14.000 S380
G1 X-13.800 S0
G1 X-13.200 S380
G1 X-13.000 S0
G1 X-12.900 S380
G1 X-12.600 S0
G1 X-12.400 S380
G1 X-11.200 S0
G1 X-11.000 S380
G1 X-10.100 S0
G1 X-9.900 S380
G1 X-8.300 S0
G1 X-8.100 S380
G1 X-7.800 S0
G1 X-7.600 S380
G1 X-4.100 S0
G1 X-3.900 S380
G1 X-3.200 S0
G1 X-3.100 S380
G1 X-2.600 S0
G1 X-2.200 S380
G1 X-0.400 S0
G1 X0.200 S380
G1 X2.000 S0
G1 X2.400 S380
G1 X2.900 S0
G1 X3.100 S380
G1 X3.700 S0
G1 X3.900 S380
G1 X7.400 S0
G1 X7.600 S380
G1 X7.900 S0
G1 X8.100 S380
G1 X9.700 S0
G1 X9.900 S380
G1 X10.800 S0
G1 X11.100 S380
G1 X12.200 S0
G1 X12.400 S380
G1 X12.700 S0
G1 X12.800 S380
G1 X13.000 S0
G1 X13.100 S380
G1 X13.300 S0
G1 X13.600 S380
G1 X13.800 S0
G1 X14.000 S380
G1 X15.500 S0
G0 X15.400 Y-10.400
G1 X13.900 Y-10.400 S0 F1800
G1 X13.900 S380
G1 X13.600 S0
G1 X13.400 S380
G1 X13.300 S0
G1 X13.100 S380
G1 X12.900 S0
G1 X12.700 S380
G1 X12.400 S0
G1 X12.200 S380
G1 X11.000 S0
G1 X10.700 S380
G1 X10.000 S0
G1 X9.800 S380
G1 X8.100 S0
G1 X7.800 S380
G1 X7.700 S0
G1 X7.500 S380
G1 X3.900 S0
G1 X3.600 S380
G1 X2.900 S0
G1 X2.800 S380
G1 X2.300 S0
G1 X1.800 S380
G1 X0.200 S0
G1 X-0.200 S380
G1 X-1.800 S0
G1 X-2.300 S380
G1 X-2.800 S0
G1 X-2.900 S380
G1 X-3.600 S0
G1 X-3.900 S380
G1 X-7.500 S0
G1 X-7.700 S380
G1 X-7.800 S0
G1 X-8.100 S380
G1 X-9.800 S0
G1 X-10.000 S380
G1 X-10.700 S0
G1 X-11.000 S380
G1 X-12.200 S0
G1 X-12.400 S380
G1 X-12.700 S0
G1 X-13.600 S380
G1 X-13.900 S0
G1 X-14.000 S380
G1 X-15.500 S0
G0 X-15.400 Y-10.500
G1 X-13.900 Y-10.500 S0 F1800
G1 X-13.900 S380
G1 X-13.600 S0
G1 X-13.500 S380
G1 X-13.000 S0
G1 X-12.700 S380
G1 X-12.400 S0
G1 X-12.300 S380
G1 X-10.900 S0
G1 X-10.600 S380
G1 X-10.200 S0
G1 X-10.000 S380
G1 X-8.000 S0
G1 X-7.700 S380
G1 X-3.800 S0
G1 X-3.500 S380
G1 X-2.700 S0
G1 X-2.600 S380
G1 X-2.100 S0
G1 X-1.700 S380
G1 X1.500 S0
G1 X1.900 S380
G1 X2.400 S0
G1 X2.500 S380
G1 X3.300 S0
G1 X3.600 S380
G1 X7.500 S0
G1 X7.900 S380
G1 X9.800 S0
G1 X10.000 S380
G1 X10.400 S0
G1 X10.700 S380
G1 X12.100 S0
G1 X12.200 S380
G1 X12.500 S0
G1 X12.800 S380
G1 X13.000 S0
G1 X13.400 S380
G1 X13.700 S0
G1 X13.900 S380
G1 X15.400 S0
G0 X15.300 Y-10.600
G1 X13.800 Y-10.600 S0 F1800
G1 X13.700 S380
G1 X13.400 S0
G1 X13.100 S380
G1 X12.900 S0
G1 X12.500 S380
G1 X12.200 S0
G1 X12.100 S380
G1 X10.600 S0
G1 X10.300 S380
G1 X10.200 S0
G1 X10.000 S380
G1 X7.800 S0
G1 X7.500 S380
G1 X3.600 S0
G1 X3.200 S380
G1 X2.400 S0
G1 X2.100 S380
G1 X1.700 S0
G1 X1.300 S380
G1 X-1.300 S0
G1 X-1.700 S380
G1 X-2.100 S0
G1 X-2.300 S380
G1 X-3.200 S0
G1 X-3.500 S380
G1 X-7.500 S0
G1 X-7.800 S380
G1 X-10.000 S0
G1 X-10.200 S380
G1 X-10.300 S0
G1 X-10.600 S380
G1 X-12.100 S0
G1 X-12.200 S380
G1 X-12.500 S0
G1 X-12.700 S380
G1 X-13.200 S0
G1 X-13.400 S380
G1 X-13.700 S0
G1 X-13.900 S380
G1 X-15.400 S0
G0 X-15.300 Y-10.700
G1 X-13.800 Y-10.700 S0 F1800
G1 X-13.700 S380
G1 X-13.500 S0
G1 X-13.100 S380
G1 X-12.700 S0
G1 X-12.500 S380
G1 X-12.300 S0
G1 X-12.100 S380
G1 X-10.500 S0
G1 X-10.100 S380
G1 X-7.700 S0
G1 X-7.500 S380
G1 X-3.400 S0
G1 X-3.100 S380
G1 X-2.200 S0
G1 X-1.900 S380
G1 X-1.500 S0
G1 X-1.200 S380
G1 X1.000 S0
G1 X1.300 S380
G1 X1.800 S0
G1 X2.000 S380
G1 X2.900 S0
G1 X3.300 S380
G1 X7.300 S0
G1 X7.500 S380
G1 X9.900 S0
G1 X10.300 S380
G1 X11.900 S0
G1 X12.100 S380
G1 X12.300 S0
G1 X12.500 S380
G1 X12.600 S0
G1 X12.800 S380
G1 X13.000 S0
G1 X13.300 S380
G1 X13.500 S0
G1 X13.700 S380
G1 X15.200 S0
G0 X15.100 Y-10.800
G1 X13.600 Y-10.800 S0 F1800
G1 X13.500 S380
G1 X13.300 S0
G1 X13.100 S380
G1 X12.900 S0
G1 X12.700 S380
G1 X12.600 S0
G1 X12.300 S380
G1 X12.100 S0
G1 X11.900 S380
G1 X10.300 S0
G1 X10.100 S380
G1 X7.500 S0
G1 X7.200 S380
G1 X3.100 S0
G1 X2.700 S380
G1 X1.800 S0
G1 X1.600 S380
G1 X1.200 S0
G1 X0.900 S380
G1 X-0.900 S0
G1 X-1.200 S380
G1 X-1.600 S0
G1 X-1.800 S380
G1 X-2.700 S0
G1 X-3.100 S380
G1 X-7.200 S0
G1 X-7.500 S380
G1 X-10.100 S0
G1 X-10.200 S380
G1 X-11.900 S0
G1 X-12.100 S380
G1 X-12.300 S0
G1 X-13.300 S380
G1 X-13.500 S0
G1 X-13.700 S380
G1 X-15.200 S0
G0 X-15.100 Y-10.900
G1 X-13.600 Y-10.900 S0 F1800
G1 X-13.600 S380
G1 X-13.300 S0
G1 X-13.100 S380
G1 X-12.700 S0
G1 X-12.300 S380
G1 X-12.100 S0
G1 X-11.900 S380
G1 X-10.400 S0
G1 X-10.200 S380
G1 X-7.400 S0
G1 X-7.100 S380
G1 X-3.000 S0
G1 X-2.500 S380
G1 X-1.600 S0
G1 X-1.500 S380
G1 X-1.100 S0
G1 X-0.800 S380
G1 X0.600 S0
G1 X0.900 S380
G1 X1.300 S0
G1 X1.500 S380
G1 X2.300 S0
G1 X2.800 S380
G1 X6.900 S0
G1 X7.200 S380
G1 X10.100 S0
G1 X10.200 S380
G1 X11.700 S0
G1 X11.900 S380
G1 X12.100 S0
G1 X12.400 S380
G1 X12.600 S0
G1 X12.800 S380
G1 X12.900 S0
G1 X13.100 S380
G1 X13.400 S0
G1 X13.500 S380
G1 X15.000 S0
G0 X15.000 Y-11.000
G1 X13.500 Y-11.000 S0 F1800
G1 X13.400 S380
G1 X13.100 S0
G1 X12.700 S380
G1 X12.500 S0
G1 X12.400 S380
G1 X12.300 S0
G1 X12.100 S380
G1 X11.900 S0
G1 X11.700 S380
G1 X10.400 S0
G1 X10.200 S380
G1 X7.100 S0
G1 X6.800 S380
G1 X2.600 S0
G1 X2.100 S380
G1 X1.300 S0
G1 X1.200 S380
G1 X0.800 S0
G1 X0.600 S380
G1 X-0.600 S0
G1 X-0.800 S380
G1 X-1.100 S0
G1 X-1.300 S380
G1 X-2.100 S0
G1 X-2.600 S380
G1 X-6.800 S0
G1 X-7.100 S380
G1 X-10.200 S0
G1 X-10.400 S380
G1 X-11.700 S0
G1 X-11.900 S380
G1 X-12.200 S0
G1 X-12.400 S380
G1 X-12.900 S0
G1 X-13.100 S380
G1 X-13.400 S0
G1 X-13.600 S380
G1 X-15.100 S0
G0 X-15.000 Y-11.100
G1 X-13.500 Y-11.100 S0 F1800
G1 X-13.400 S380
G1 X-13.100 S0
G1 X-12.700 S380
G1 X-12.300 S0
G1 X-12.200 S380
G1 X-11.900 S0
G1 X-11.700 S380
G1 X-10.500 S0
G1 X-10.400 S380
G1 X-7.000 S0
G1 X-6.700 S380
G1 X-2.400 S0
G1 X-1.900 S380
G1 X-1.200 S0
G1 X-1.100 S380
G1 X-0.800 S0
G1 X-0.500 S380
G1 X0.300 S0
G1 X0.600 S380
G1 X0.900 S0
G1 X1.000 S380
G1 X1.700 S0
G1 X2.200 S380
G1 X6.500 S0
G1 X6.800 S380
G1 X10.200 S0
G1 X10.300 S380
G1 X11.500 S0
G1 X11.700 S380
G1 X12.000 S0
G1 X12.100 S380
G1 X12.300 S0
G1 X12.400 S380
G1 X12.600 S0
G1 X12.900 S380
G1 X13.200 S0
G1 X13.400 S380
G1 X14.900 S0
G0 X14.800 Y-11.200
G1 X13.300 Y-11.200 S0 F1800
G1 X13.200 S380
G1 X13.000 S0
G1 X12.700 S380
G1 X12.500 S0
G1 X12.400 S380
G1 X12.200 S0
G1 X12.000 S380
G1 X11.700 S0
G1 X11.500 S380
G1 X10.500 S0
G1 X10.300 S380
G1 X6.800 S0
G1 X6.400 S380
G1 X2.000 S0
G1 X1.600 S380
G1 X1.000 S0
G1 X0.800 S380
G1 X0.500 S0
G1 X0.300 S380
G1 X-0.300 S0
G1 X-0.500 S380
G1 X-0.800 S0
G1 X-0.900 S380
G1 X-1.600 S0
G1 X-2.000 S380
G1 X-6.400 S0
G1 X-6.700 S380
G1 X-10.300 S0
G1 X-10.500 S380
G1 X-11.500 S0
G1 X-11.700 S380
G1 X-12.000 S0
G1 X-12.900 S380
G1 X-13.200 S0
G1 X-13.400 S380
G1 X-14.900 S0
G0 X-14.800 Y-11.300
G1 X-13.300 Y-11.300 S0 F1800
G1 X-13.200 S380
G1 X-12.900 S0
G1 X-12.800 S380
G1 X-12.400 S0
G1 X-12.000 S380
G1 X-11.700 S0
G1 X-11.500 S380
G1 X-10.600 S0
G1 X-10.500 S380
G1 X-6.600 S0
G1 X-6.300 S380
G1 X-1.800 S0
G1 X-1.400 S380
G1 X-0.900 S0
G1 X-0.700 S380
G1 X-0.500 S0
G1 X-0.300 S380
G1 X0.100 S0
G1 X0.300 S380
G1 X0.600 S0
G1 X0.700 S380
G1 X1.300 S0
G1 X1.600 S380
G1 X6.100 S0
G1 X6.500 S380
G1 X10.300 S0
G1 X10.400 S380
G1 X11.300 S0
G1 X11.500 S380
G1 X11.800 S0
G1 X12.100 S380
G1 X12.300 S0
G1 X12.400 S380
G1 X12.600 S0
G1 X12.800 S380
G1 X13.000 S0
G1 X13.200 S380
G1 X14.700 S0
G0 X14.600 Y-11.400
G1 X13.100 Y-11.400 S0 F1800
G1 X13.000 S380
G1 X12.800 S0
G1 X12.600 S380
G1 X12.500 S0
G1 X12.300 S380
G1 X12.200 S0
G1 X11.800 S380
G1 X11.500 S0
G1 X11.300 S380
G1 X10.600 S0
G1 X10.400 S380
G1 X6.400 S0
G1 X6.000 S380
G1 X1.500 S0
G1 X1.200 S380
G1 X1.000 S0
G1 X0.900 S380
G1 X0.700 S0
G1 X0.500 S380
G1 X0.300 S0
G1 X0.100 S380
G1 X-0.100 S0
G1 X-0.300 S380
G1 X-0.500 S0
G1 X-0.700 S380
G1 X-0.900 S0
G1 X-1.000 S380
G1 X-1.200 S0
G1 X-1.500 S380
G1 X-6.000 S0
G1 X-6.300 S380
G1 X-10.400 S0
G1 X-10.500 S380
G1 X-11.300 S0
G1 X-11.500 S380
G1 X-11.800 S0
G1 X-12.000 S380
G1 X-12.600 S0
G1 X-12.800 S380
G1 X-13.000 S0
G1 X-13.200 S380
G1 X-14.700 S0
G0 X-14.600 Y-11.500
G1 X-13.100 Y-11.500 S0 F1800
G1 X-13.100 S380
G1 X-12.800 S0
G1 X-12.500 S380
G1 X-12.000 S0
G1 X-11.800 S380
G1 X-11.500 S0
G1 X-11.300 S380
G1 X-10.600 S0
G1 X-10.500 S380
G1 X-6.200 S0
G1 X-5.900 S380
G1 X-1.400 S0
G1 X-1.100 S380
G1 X-0.900 S0
G1 X-0.800 S380
G1 X-0.600 S0
G1 X-0.500 S380
G1 X-0.300 S0
G1 X0.100 S380
G1 X0.300 S0
G1 X0.400 S380
G1 X0.600 S0
G1 X0.700 S380
G1 X0.900 S0
G1 X1.200 S380
G1 X5.700 S0
G1 X6.100 S380
G1 X10.300 S0
G1 X10.500 S380
G1 X11.100 S0
G1 X11.300 S380
G1 X11.600 S0
G1 X11.800 S380
G1 X11.900 S0
G1 X12.000 S380
G1 X12.200 S0
G1 X12.600 S380
G1 X12.800 S0
G1 X13.000 S380
G1 X14.500 S0
G0 X14.400 Y-11.600
G1 X12.900 Y-11.600 S0 F1800
G1 X12.900 S380
G1 X12.600 S0
G1 X12.300 S380
G1 X12.100 S0
G1 X12.000 S380
G1 X11.800 S0
G1 X11.600 S380
G1 X11.300 S0
G1 X11.100 S380
G1 X10.500 S0
G1 X10.400 S380
G1 X5.900 S0
G1 X5.600 S380
G1 X1.100 S0
G1 X0.800 S380
G1 X0.700 S0
G1 X0.600 S380
G1 X0.400 S0
G1 X0.300 S380
G1 X0.100 S0
G1 X-0.100 S380
G1 X-0.300 S0
G1 X-0.400 S380
G1 X-0.600 S0
G1 X-0.700 S380
G1 X-0.800 S0
G1 X-1.100 S380
G1 X-5.600 S0
G1 X-5.900 S380
G1 X-7.500 S0
G1 X-7.700 S380
G1 X-10.400 S0
G1 X-10.500 S380
G1 X-11.100 S0
G1 X-11.300 S380
G1 X-11.600 S0
G1 X-12.600 S380
G1 X-12.900 S0
G1 X-13.000 S380
G1 X-14.500 S0
G0 X-14.400 Y-11.700
G1 X-12.900 Y-11.700 S0 F1800
G1 X-12.900 S380
G1 X-12.600 S0
G1 X-12.400 S380
G1 X-12.300 S0
G1 X-11.600 S380
G1 X-11.300 S0
G1 X-11.100 S380
G1 X-10.600 S0
G1 X-10.400 S380
G1 X-7.800 S0
G1 X-7.500 S380
G1 X-5.800 S0
G1 X-5.400 S380
G1 X-1.100 S0
G1 X-0.800 S380
G1 X-0.400 S0
G1 X-0.300 S380
G1 X0.100 S0
G1 X0.200 S380
G1 X0.600 S0
G1 X0.900 S380
G1 X5.200 S0
G1 X5.600 S380
G1 X10.200 S0
G1 X10.400 S380
G1 X10.900 S0
G1 X11.100 S380
G1 X11.400 S0
G1 X11.700 S380
G1 X11.900 S0
G1 X12.100 S380
G1 X12.200 S0
G1 X12.400 S380
G1 X12.700 S0
G1 X12.900 S380
G1 X14.400 S0
G0 X14.300 Y-11.800
G1 X12.800 Y-11.800 S0 F1800
G1 X12.700 S380
G1 X12.400 S0
G1 X12.000 S380
G1 X11.800 S0
G1 X11.400 S380
G1 X11.100 S0
G1 X10.900 S380
G1 X10.400 S0
G1 X10.300 S380
G1 X7.400 S0
G1 X7.200 S380
G1 X5.500 S0
G1 X5.100 S380
G1 X0.800 S0
G1 X0.600 S380
G1 X0.400 S0
G1 X0.300 S380
G1 X0.200 S0
G1 X0.100 S380
G1 X-0.100 S0
G1 X-0.200 S380
G1 X-0.300 S0
G1 X-0.400 S380
G1 X-0.600 S0
G1 X-0.800 S380
G1 X-5.100 S0
G1 X-5.500 S380
G1 X-7.200 S0
G1 X-7.600 S380
G1 X-10.200 S0
G1 X-10.400 S380
G1 X-10.900 S0
G1 X-11.100 S380
G1 X-11.400 S0
G1 X-11.600 S380
G1 X-12.200 S0
G1 X-12.400 S380
G1 X-12.700 S0
G1 X-12.900 S380
G1 X-14.400 S0
G0 X-14.300 Y-11.900
G1 X-12.800 Y-11.900 S0 F1800
G1 X-12.700 S380
G1 X-12.400 S0
G1 X-12.100 S380
G1 X-11.600 S0
G1 X-11.400 S380
G1 X-11.100 S0
G1 X-10.900 S380
G1 X-10.400 S0
G1 X-10.200 S380
G1 X-7.700 S0
G1 X-7.100 S380
G1 X-5.300 S0
G1 X-4.900 S380
G1 X-0.800 S0
G1 X-0.500 S380
G1 X-0.400 S0
G1 X0.200 S380
G1 X0.400 S0
G1 X0.600 S380
G1 X4.700 S0
G1 X5.100 S380
G1 X7.000 S0
G1 X7.300 S380
G1 X7.500 S0
G1 X7.800 S380
G1 X10.100 S0
G1 X10.300 S380
G1 X10.700 S0
G1 X10.900 S380
G1 X11.200 S0
G1 X11.400 S380
G1 X11.500 S0
G1 X11.700 S380
G1 X11.800 S0
G1 X12.200 S380
G1 X12.500 S0
G1 X12.700 S380
G1 X14.200 S0
G0 X14.100 Y-12.000
G1 X12.600 Y-12.000 S0 F1800
G1 X12.500 S380
G1 X12.200 S0
G1 X11.900 S380
G1 X11.800 S0
G1 X11.600 S380
G1 X11.400 S0
G1 X11.200 S380
G1 X10.900 S0
G1 X10.700 S380
G1 X10.300 S0
G1 X10.000 S380
G1 X7.900 S0
G1 X7.600 S380
G1 X7.400 S0
G1 X6.800 S380
G1 X5.000 S0
G1 X4.500 S380
G1 X0.600 S0
G1 X0.300 S380
G1 X0.200 S0
G1 X-0.200 S380
G1 X-0.300 S0
G1 X-0.500 S380
G1 X-4.500 S0
G1 X-5.000 S380
G1 X-6.800 S0
G1 X-7.300 S380
G1 X-7.400 S0
G1 X-7.700 S380
G1 X-10.000 S0
G1 X-10.300 S380
G1 X-10.700 S0
G1 X-10.900 S380
G1 X-11.200 S0
G1 X-12.200 S380
G1 X-12.500 S0
G1 X-12.700 S380
G1 X-14.200 S0
G0 X-14.100 Y-12.100
G1 X-12.600 Y-12.100 S0 F1800
G1 X-12.500 S380
G1 X-12.200 S0
G1 X-11.200 S380
G1 X-10.900 S0
G1 X-10.700 S380
G1 X-10.200 S0
G1 X-10.000 S380
G1 X-7.800 S0
G1 X-7.600 S380
G1 X-7.200 S0
G1 X-6.700 S380
G1 X-4.800 S0
G1 X-4.300 S380
G1 X-0.500 S0
G1 X0.400 S380
G1 X4.100 S0
G1 X4.600 S380
G1 X6.500 S0
G1 X7.300 S380
G1 X7.600 S0
G1 X7.700 S380
G1 X9.800 S0
G1 X10.000 S380
G1 X10.500 S0
G1 X10.700 S380
G1 X10.900 S0
G1 X11.300 S380
G1 X11.500 S0
G1 X11.700 S380
G1 X11.800 S0
G1 X12.000 S380
G1 X12.300 S0
G1 X12.500 S380
G1 X14.000 S0
G0 X13.900 Y-12.200
G1 X12.400 Y-12.200 S0 F1800
G1 X12.300 S380
G1 X12.000 S0
G1 X11.600 S380
G1 X11.400 S0
G1 X11.200 S380
G1 X11.100 S0
G1 X10.900 S380
G1 X10.600 S0
G1 X10.400 S380
G1 X10.000 S0
G1 X9.800 S380
G1 X7.500 S0
G1 X7.200 S380
G1 X6.900 S0
G1 X6.600 S380
G1 X4.400 S0
G1 X3.900 S380
G1 X0.400 S0
G1 X-0.300 S380
G1 X-3.900 S0
G1 X-4.400 S380
G1 X-6.400 S0
G1 X-7.200 S380
G1 X-7.500 S0
G1 X-7.900 S380
G1 X-9.800 S0
G1 X-10.000 S380
G1 X-10.400 S0
G1 X-10.600 S380
G1 X-10.900 S0
G1 X-11.200 S380
G1 X-11.800 S0
G1 X-12.000 S380
G1 X-12.300 S0
G1 X-12.500 S380
G1 X-14.000 S0
G0 X-13.900 Y-12.300
G1 X-12.400 Y-12.300 S0 F1800
G1 X-12.300 S380
G1 X-12.000 S0
G1 X-11.600 S380
G1 X-11.100 S0
G1 X-10.900 S380
G1 X-10.600 S0
G1 X-10.400 S380
G1 X-10.000 S0
G1 X-9.800 S380
G1 X-8.100 S0
G1 X-7.500 S380
G1 X-7.300 S0
G1 X-7.100 S380
G1 X-6.800 S0
G1 X-6.300 S380
G1 X-4.200 S0
G1 X-3.600 S380
G1 X-0.400 S0
G1 X-0.100 S380
G1 X0.000 S0
G1 X0.200 S380
G1 X3.400 S0
G1 X4.000 S380
G1 X6.100 S0
G1 X6.400 S380
G1 X6.600 S0
G1 X6.900 S380
G1 X7.100 S0
G1 X7.400 S380
G1 X7.800 S0
G1 X8.000 S380
G1 X9.600 S0
G1 X9.800 S380
G1 X10.200 S0
G1 X10.400 S380
G1 X10.700 S0
G1 X11.000 S380
G1 X11.100 S0
G1 X11.300 S380
G1 X11.500 S0
G1 X11.800 S380
G1 X12.100 S0
G1 X12.300 S380
G1 X13.800 S0
G0 X13.700 Y-12.400
G1 X12.200 Y-12.400 S0 F1800
G1 X12.100 S380
G1 X11.800 S0
G1 X11.600 S380
G1 X11.400 S0
G1 X11.200 S380
G1 X11.000 S0
G1 X10.700 S380
G1 X10.400 S0
G1 X10.200 S380
G1 X9.800 S0
G1 X9.500 S380
G1 X8.200 S0
G1 X7.900 S380
G1 X7.500 S0
G1 X7.300 S380
G1 X7.000 S0
G1 X6.800 S380
G1 X6.600 S0
G1 X6.100 S380
G1 X3.700 S0
G1 X3.100 S380
G1 X0.200 S0
G1 X-0.200 S380
G1 X-3.100 S0
G1 X-3.700 S380
G1 X-6.000 S0
G1 X-6.500 S380
G1 X-7.000 S0
G1 X-7.900 S380
G1 X-9.500 S0
G1 X-9.800 S380
G1 X-10.200 S0
G1 X-10.400 S380
G1 X-10.700 S0
G1 X-11.800 S380
G1 X-12.100 S0
G1 X-12.300 S380
G1 X-13.800 S0
G0 X-13.700 Y-12.500
G1 X-12.200 Y-12.500 S0 F1800
G1 X-12.100 S380
G1 X-11.800 S0
G1 X-11.600 S380
G1 X-11.100 S0
G1 X-10.700 S380
G1 X-10.400 S0
G1 X-10.200 S380
G1 X-9.700 S0
G1 X-9.500 S380
G1 X-8.000 S0
G1 X-7.800 S380
G1 X-7.600 S0
G1 X-7.200 S380
G1 X-6.900 S0
G1 X-6.600 S380
G1 X-6.400 S0
G1 X-5.900 S380
G1 X-3.400 S0
G1 X-2.700 S380
G1 X-0.200 S0
G1 X0.000 S380
G1 X2.500 S0
G1 X3.200 S380
G1 X5.700 S0
G1 X6.200 S380
G1 X6.300 S0
G1 X6.600 S380
G1 X6.700 S0
G1 X7.000 S380
G1 X7.200 S0
G1 X7.500 S380
G1 X7.800 S0
G1 X8.000 S380
G1 X9.300 S0
G1 X9.500 S380
G1 X10.000 S0
G1 X10.200 S380
G1 X10.500 S0
G1 X10.900 S380
G1 X11.100 S0
G1 X11.300 S380
G1 X11.400 S0
G1 X11.600 S380
G1 X11.900 S0
G1 X12.100 S380
G1 X13.600 S0
G0 X13.500 Y-12.600
G1 X12.000 Y-12.600 S0 F1800
G1 X11.900 S380
G1 X11.600 S0
G1 X11.200 S380
G1 X11.000 S0
G1 X10.800 S380
G1 X10.700 S0
G1 X10.500 S380
G1 X10.200 S0
G1 X10.000 S380
G1 X9.500 S0
G1 X9.200 S380
G1 X7.600 S0
G1 X7.400 S380
G1 X7.100 S0
G1 X6.800 S380
G1 X6.700 S0
G1 X6.400 S380
G1 X6.300 S0
G1 X5.600 S380
G1 X2.900 S0
G1 X2.000 S380
G1 X-2.000 S0
G1 X-2.800 S380
G1 X-5.600 S0
G1 X-6.900 S380
G1 X-7.100 S0
G1 X-7.400 S380
G1 X-9.200 S0
G1 X-9.500 S380
G1 X-10.000 S0
G1 X-10.200 S380
G1 X-10.500 S0
G1 X-10.700 S380
G1 X-11.400 S0
G1 X-11.600 S380
G1 X-11.900 S0
G1 X-12.100 S380
G1 X-13.600 S0
G0 X-13.500 Y-12.700
G1 X-12.000 Y-12.700 S0 F1800
G1 X-11.900 S380
G1 X-11.600 S0
G1 X-11.000 S380
G1 X-10.700 S0
G1 X-10.500 S380
G1 X-10.200 S0
G1 X-9.900 S380
G1 X-9.400 S0
G1 X-9.200 S380
G1 X-7.500 S0
G1 X-7.300 S380
G1 X-7.000 S0
G1 X-6.800 S380
G1 X-6.600 S0
G1 X-6.300 S380
G1 X-6.000 S0
G1 X-5.400 S380
G1 X-2.400 S0
G1 X-1.200 S380
G1 X1.000 S0
G1 X2.200 S380
G1 X5.200 S0
G1 X5.700 S380
G1 X6.000 S0
G1 X6.200 S380
G1 X6.300 S0
G1 X6.600 S380
G1 X6.800 S0
G1 X7.100 S380
G1 X7.300 S0
G1 X7.600 S380
G1 X9.000 S0
G1 X9.200 S380
G1 X9.700 S0
G1 X10.000 S380
G1 X10.200 S0
G1 X10.500 S380
G1 X10.700 S0
G1 X10.900 S380
G1 X11.000 S0
G1 X11.400 S380
G1 X11.700 S0
G1 X11.900 S380
G1 X13.400 S0
G0 X13.300 Y-12.800
G1 X11.800 Y-12.800 S0 F1800
G1 X11.700 S380
G1 X11.400 S0
G1 X11.100 S380
G1 X11.000 S0
G1 X10.800 S380
G1 X10.600 S0
G1 X10.200 S380
G1 X9.900 S0
G1 X9.700 S380
G1 X9.200 S0
G1 X8.900 S380
G1 X7.700 S0
G1 X7.500 S380
G1 X7.200 S0
G1 X6.800 S380
G1 X6.600 S0
G1 X6.300 S380
G1 X5.600 S0
G1 X5.100 S380
G1 X1.600 S0
G1 X-1.600 S380
G1 X-3.300 S0
G1 X-3.600 S380
G1 X-5.000 S0
G1 X-5.900 S380
G1 X-6.200 S0
G1 X-6.300 S380
G1 X-6.600 S0
G1 X-6.900 S380
G1 X-7.200 S0
G1 X-7.500 S380
G1 X-8.900 S0
G1 X-9.200 S380
G1 X-9.700 S0
G1 X-9.900 S380
G1 X-10.200 S0
G1 X-11.300 S380
G1 X-11.700 S0
G1 X-11.900 S380
G1 X-13.400 S0
G0 X-13.200 Y-12.900
G1 X-11.700 Y-12.900 S0 F1800
G1 X-11.600 S380
G1 X-11.300 S0
G1 X-11.100 S380
G1 X-10.500 S0
G1 X-10.200 S380
G1 X-9.900 S0
G1 X-9.700 S380
G1 X-9.100 S0
G1 X-8.900 S380
G1 X-7.600 S0
G1 X-7.400 S380
G1 X-7.100 S0
G1 X-6.500 S380
G1 X-6.100 S0
G1 X-5.800 S380
G1 X-5.400 S0
G1 X-4.900 S380
G1 X-3.700 S0
G1 X-3.300 S380
G1 X-0.300 S0
G1 X0.100 S380
G1 X4.700 S0
G1 X5.300 S380
G1 X5.900 S0
G1 X6.400 S380
G1 X6.700 S0
G1 X7.100 S380
G1 X7.400 S0
G1 X7.600 S380
G1 X8.700 S0
G1 X8.900 S380
G1 X9.500 S0
G1 X9.700 S380
G1 X10.000 S0
G1 X10.200 S380
G1 X10.300 S0
G1 X10.500 S380
G1 X10.700 S0
G1 X11.200 S380
G1 X11.500 S0
G1 X11.700 S380
G1 X13.200 S0
G0 X13.000 Y-13.000
G1 X11.500 Y-13.000 S0 F1800
G1 X11.400 S380
G1 X11.200 S0
G1 X10.700 S380
G1 X10.500 S0
G1 X10.400 S380
G1 X10.200 S0
G1 X10.000 S380
G1 X9.700 S0
G1 X9.400 S380
G1 X8.900 S0
G1 X8.600 S380
G1 X7.300 S0
G1 X7.000 S380
G1 X6.900 S0
G1 X5.700 S380
G1 X5.400 S0
G1 X4.500 S380
G1 X-3.100 S0
G1 X-3.400 S380
G1 X-4.500 S0
G1 X-5.100 S380
G1 X-5.700 S0
G1 X-6.000 S380
G1 X-6.300 S0
G1 X-7.100 S380
G1 X-7.300 S0
G1 X-7.500 S380
G1 X-8.600 S0
G1 X-8.900 S380
G1 X-9.400 S0
G1 X-9.700 S380
G1 X-10.000 S0
G1 X-10.200 S380
G1 X-10.700 S0
G1 X-11.100 S380
G1 X-11.400 S0
G1 X-11.600 S380
G1 X-13.100 S0
G0 X-13.000 Y-13.100
G1 X-11.500 Y-13.100 S0 F1800
G1 X-11.400 S380
G1 X-11.100 S0
G1 X-10.000 S380
G1 X-9.600 S0
G1 X-9.400 S380
G1 X-8.800 S0
G1 X-8.600 S380
G1 X-7.200 S0
G1 X-6.900 S380
G1 X-6.600 S0
G1 X-6.400 S380
G1 X-6.100 S0
G1 X-5.900 S380
G1 X-5.700 S0
G1 X-5.600 S380
G1 X-4.900 S0
G1 X-4.200 S380
G1 X-3.400 S0
G1 X-3.200 S380
G1 X-2.300 S0
G1 X-2.000 S380
G1 X4.400 S0
G1 X4.800 S380
G1 X5.100 S0
G1 X5.300 S380
G1 X5.500 S0
G1 X6.000 S380
G1 X6.200 S0
G1 X6.700 S380
G1 X7.000 S0
G1 X7.200 S380
G1 X8.400 S0
G1 X8.600 S380
G1 X9.200 S0
G1 X9.400 S380
G1 X9.700 S0
G1 X10.100 S380
G1 X10.300 S0
G1 X10.400 S380
G1 X10.600 S0
G1 X10.900 S380
G1 X11.200 S0
G1 X11.400 S380
G1 X12.900 S0
G0 X12.800 Y-13.200
G1 X11.300 Y-13.200 S0 F1800
G1 X11.200 S380
G1 X10.900 S0
G1 X10.700 S380
G1 X10.500 S0
G1 X10.300 S380
G1 X10.100 S0
G1 X9.700 S380
G1 X9.400 S0
G1 X9.100 S380
G1 X8.600 S0
G1 X8.300 S380
G1 X6.000 S0
G1 X5.600 S380
G1 X5.400 S0
G1 X5.200 S380
G1 X4.900 S0
G1 X4.600 S380
G1 X4.100 S0
G1 X3.800 S380
G1 X-1.800 S0
G1 X-2.200 S380
G1 X-3.100 S0
G1 X-3.300 S380
G1 X-3.800 S0
G1 X-4.700 S380
G1 X-5.000 S0
G1 X-5.300 S380
G1 X-5.400 S0
G1 X-5.600 S380
G1 X-5.800 S0
G1 X-6.100 S380
G1 X-6.300 S0
G1 X-6.600 S380
G1 X-6.800 S0
G1 X-7.100 S380
G1 X-8.300 S0
G1 X-8.600 S380
G1 X-9.100 S0
G1 X-9.400 S380
G1 X-9.700 S0
G1 X-10.100 S380
G1 X-10.400 S0
G1 X-10.900 S380
G1 X-11.200 S0
G1 X-11.400 S380
G1 X-12.900 S0
G0 X-12.800 Y-13.300
G1 X-11.300 Y-13.300 S0 F1800
G1 X-11.200 S380
G1 X-10.900 S0
G1 X-10.600 S380
G1 X-9.900 S0
G1 X-9.700 S380
G1 X-9.300 S0
G1 X-9.100 S380
G1 X-8.500 S0
G1 X-8.200 S380
G1 X-7.200 S0
G1 X-6.900 S380
G1 X-6.700 S0
G1 X-6.400 S380
G1 X-6.200 S0
G1 X-6.000 S380
G1 X-5.800 S0
G1 X-5.500 S380
G1 X-5.400 S0
G1 X-4.600 S380
G1 X-4.200 S0
G1 X-3.500 S380
G1 X-3.400 S0
G1 X-3.100 S380
G1 X-2.100 S0
G1 X-1.800 S380
G1 X3.200 S0
G1 X4.000 S380
G1 X4.600 S0
G1 X4.800 S380
G1 X5.100 S0
G1 X5.400 S380
G1 X5.600 S0
G1 X5.900 S380
G1 X8.000 S0
G1 X8.300 S380
G1 X8.900 S0
G1 X9.100 S380
G1 X9.500 S0
G1 X9.700 S380
G1 X9.800 S0
G1 X10.000 S380
G1 X10.200 S0
G1 X10.400 S380
G1 X10.500 S0
G1 X10.700 S380
G1 X11.000 S0
G1 X11.200 S380
G1 X12.700 S0
G0 X12.600 Y-13.400
G1 X11.100 Y-13.400 S0 F1800
G1 X11.000 S380
G1 X10.700 S0
G1 X10.300 S380
G1 X10.100 S0
G1 X9.900 S380
G1 X9.700 S0
G1 X9.400 S380
G1 X9.100 S0
G1 X8.800 S380
G1 X8.200 S0
G1 X8.000 S380
G1 X5.500 S0
G1 X5.200 S380
G1 X5.000 S0
G1 X4.700 S380
G1 X4.000 S0
G1 X3.000 S380
G1 X-1.700 S0
G1 X-1.900 S380
G1 X-2.900 S0
G1 X-3.800 S380
G1 X-4.500 S0
G1 X-5.200 S380
G1 X-5.400 S0
G1 X-5.700 S380
G1 X-5.900 S0
G1 X-6.200 S380
G1 X-6.700 S0
G1 X-7.000 S380
G1 X-8.000 S0
G1 X-8.200 S380
G1 X-8.800 S0
G1 X-9.100 S380
G1 X-9.400 S0
G1 X-9.900 S380
G1 X-10.100 S0
G1 X-10.600 S380
G1 X-11.000 S0
G1 X-11.200 S380
G1 X-12.700 S0
G0 X-12.600 Y-13.500
G1 X-11.100 Y-13.500 S0 F1800
G1 X-10.900 S380
G1 X-10.600 S0
G1 X-9.400 S380
G1 X-9.100 S0
G1 X-8.800 S380
G1 X-8.200 S0
G1 X-7.900 S380
G1 X-7.000 S0
G1 X-6.700 S380
G1 X-6.300 S0
G1 X-6.000 S380
G1 X-5.700 S0
G1 X-5.500 S380
G1 X-5.300 S0
G1 X-5.100 S380
G1 X-4.900 S0
G1 X-4.600 S380
G1 X-3.800 S0
G1 X-3.600 S380
G1 X-3.500 S0
G1 X-2.900 S380
G1 X-2.600 S0
G1 X-2.500 S380
G1 X-1.900 S0
G1 X-1.800 S380
G1 X2.800 S0
G1 X3.400 S380
G1 X3.700 S0
G1 X3.900 S380
G1 X4.600 S0
G1 X5.500 S380
G1 X7.700 S0
G1 X8.000 S380
G1 X8.600 S0
G1 X8.900 S380
G1 X9.200 S0
G1 X9.600 S380
G1 X9.800 S0
G1 X10.000 S380
G1 X10.100 S0
G1 X10.400 S380
G1 X10.700 S0
G1 X11.000 S380
G1 X12.500 S0
G0 X12.300 Y-13.600
G1 X10.800 Y-13.600 S0 F1800
G1 X10.700 S380
G1 X10.400 S0
G1 X10.200 S380
G1 X10.100 S0
G1 X9.900 S380
G1 X9.700 S0
G1 X9.500 S380
G1 X9.400 S0
G1 X9.200 S380
G1 X8.800 S0
G1 X8.500 S380
G1 X7.900 S0
G1 X7.600 S380
G1 X5.600 S0
G1 X4.800 S380
G1 X4.100 S0
G1 X3.800 S380
G1 X3.500 S0
G1 X3.300 S380
G1 X3.000 S0
G1 X2.900 S380
G1 X2.000 S0
G1 X1.600 S380
G1 X-1.600 S0
G1 X-2.500 S380
G1 X-2.900 S0
G1 X-3.300 S380
G1 X-3.500 S0
G1 X-3.800 S380
G1 X-4.000 S0
G1 X-4.400 S380
G1 X-4.600 S0
G1 X-4.800 S380
G1 X-5.000 S0
G1 X-5.600 S380
G1 X-6.000 S0
G1 X-6.200 S380
G1 X-6.700 S0
G1 X-6.800 S380
G1 X-7.600 S0
G1 X-7.900 S380
G1 X-8.500 S0
G1 X-8.800 S380
G1 X-9.100 S0
G1 X-9.400 S380
G1 X-10.100 S0
G1 X-10.400 S380
G1 X-10.700 S0
G1 X-10.900 S380
G1 X-12.400 S0
G0 X-12.300 Y-13.700
G1 X-10.800 Y-13.700 S0 F1800
G1 X-10.700 S380
G1 X-10.300 S0
G1 X-10.100 S380
G1 X-10.000 S0
G1 X-9.900 S380
G1 X-9.400 S0
G1 X-9.100 S380
G1 X-8.700 S0
G1 X-8.500 S380
G1 X-7.800 S0
G1 X-7.500 S380
G1 X-5.600 S0
G1 X-5.100 S380
G1 X-5.000 S0
G1 X-4.700 S380
G1 X-4.500 S0
G1 X-3.600 S380
G1 X-3.400 S0
G1 X-3.100 S380
G1 X-2.500 S0
G1 X-0.600 S380
G1 X-0.100 S0
G1 X1.900 S380
G1 X3.200 S0
G1 X3.500 S380
G1 X3.700 S0
G1 X4.000 S380
G1 X5.300 S0
G1 X5.500 S380
G1 X7.300 S0
G1 X7.600 S380
G1 X8.300 S0
G1 X8.500 S380
G1 X8.900 S0
G1 X9.200 S380
G1 X9.400 S0
G1 X9.500 S380
G1 X9.800 S0
G1 X10.200 S380
G1 X10.500 S0
G1 X10.700 S380
G1 X12.200 S0
G0 X12.100 Y-13.800
G1 X10.600 Y-13.800 S0 F1800
G1 X10.500 S380
G1 X10.100 S0
G1 X9.800 S380
G1 X9.600 S0
G1 X9.500 S380
G1 X9.300 S0
G1 X8.800 S380
G1 X8.500 S0
G1 X8.200 S380
G1 X7.500 S0
G1 X7.200 S380
G1 X5.700 S0
G1 X5.400 S380
G1 X4.100 S0
G1 X3.700 S380
G1 X3.600 S0
G1 X3.400 S380
G1 X2.400 S0
G1 X2.200 S380
G1 X1.900 S0
G1 X-0.100 S380
G1 X-0.400 S0
G1 X-1.800 S380
G1 X-2.000 S0
G1 X-2.300 S380
G1 X-3.100 S0
G1 X-3.300 S380
G1 X-3.600 S0
G1 X-4.400 S380
G1 X-4.600 S0
G1 X-4.900 S380
G1 X-5.100 S0
G1 X-5.400 S380
G1 X-7.200 S0
G1 X-7.500 S380
G1 X-8.200 S0
G1 X-8.500 S380
G1 X-8.800 S0
G1 X-10.100 S380
G1 X-10.500 S0
G1 X-10.700 S380
G1 X-12.200 S0
G0 X-12.100 Y-13.900
G1 X-10.600 Y-13.900 S0 F1800
G1 X-10.400 S380
G1 X-10.100 S0
G1 X-9.800 S380
G1 X-9.100 S0
G1 X-8.800 S380
G1 X-8.400 S0
G1 X-8.100 S380
G1 X-7.400 S0
G1 X-7.100 S380
G1 X-5.000 S0
G1 X-4.800 S380
G1 X-4.500 S0
G1 X-4.200 S380
G1 X-3.900 S0
G1 X-3.700 S380
G1 X-3.400 S0
G1 X-3.200 S380
G1 X-2.400 S0
G1 X-2.100 S380
G1 X-1.900 S0
G1 X-1.700 S380
G1 X-0.900 S0
G1 X-0.700 S380
G1 X-0.100 S0
G1 X0.400 S380
G1 X0.500 S0
G1 X0.800 S380
G1 X1.600 S0
G1 X1.800 S380
G1 X2.000 S0
G1 X2.300 S380
G1 X2.900 S0
G1 X4.100 S380
G1 X6.900 S0
G1 X7.200 S380
G1 X7.900 S0
G1 X8.200 S380
G1 X8.600 S0
G1 X8.900 S380
G1 X9.000 S0
G1 X9.100 S380
G1 X9.300 S0
G1 X9.500 S380
G1 X9.600 S0
G1 X9.900 S380
G1 X10.200 S0
G1 X10.500 S380
G1 X12.000 S0
G0 X11.800 Y-14.000
G1 X10.300 Y-14.000 S0 F1800
G1 X10.200 S380
G1 X9.800 S0
G1 X9.400 S380
G1 X9.200 S0
G1 X9.000 S380
G1 X8.800 S0
G1 X8.500 S380
G1 X8.200 S0
G1 X7.900 S380
G1 X7.100 S0
G1 X6.800 S380
G1 X4.200 S0
G1 X3.900 S380
G1 X3.700 S0
G1 X3.000 S380
G1 X2.400 S0
G1 X2.200 S380
G1 X1.900 S0
G1 X1.400 S380
G1 X0.900 S0
G1 X0.700 S380
G1 X0.400 S0
G1 X0.200 S380
G1 X-0.600 S0
G1 X-0.800 S380
G1 X-1.600 S0
G1 X-1.900 S380
G1 X-2.000 S0
G1 X-2.500 S380
G1 X-3.100 S0
G1 X-3.400 S380
G1 X-3.600 S0
G1 X-3.900 S380
G1 X-4.700 S0
G1 X-5.000 S380
G1 X-6.800 S0
G1 X-7.100 S380
G1 X-7.900 S0
G1 X-8.200 S380
G1 X-8.500 S0
G1 X-8.800 S380
G1 X-9.600 S0
G1 X-9.800 S380
G1 X-10.200 S0
G1 X-10.400 S380
G1 X-11.900 S0
G0 X-11.800 Y-14.100
G1 X-10.300 Y-14.100 S0 F1800
G1 X-10.100 S380
G1 X-9.800 S0
G1 X-8.400 S380
G1 X-8.100 S0
G1 X-7.800 S380
G1 X-7.000 S0
G1 X-6.700 S380
G1 X-5.100 S0
G1 X-4.800 S380
G1 X-4.000 S0
G1 X-3.700 S380
G1 X-3.500 S0
G1 X-3.200 S380
G1 X-2.600 S0
G1 X-2.200 S380
G1 X-2.000 S0
G1 X-1.700 S380
G1 X-1.500 S0
G1 X-1.100 S380
G1 X-1.000 S0
G1 X-0.700 S380
G1 X0.100 S0
G1 X0.400 S380
G1 X0.600 S0
G1 X0.800 S380
G1 X1.100 S0
G1 X1.800 S380
G1 X3.000 S0
G1 X3.400 S380
G1 X3.900 S0
G1 X4.100 S380
G1 X6.500 S0
G1 X6.800 S380
G1 X7.600 S0
G1 X7.900 S380
G1 X8.300 S0
G1 X8.700 S380
G1 X8.900 S0
G1 X9.100 S380
G1 X9.300 S0
G1 X9.600 S380
G1 X9.900 S0
G1 X10.200 S380
G1 X11.700 S0
G0 X11.600 Y-14.200
G1 X10.100 Y-14.200 S0 F1800
G1 X9.900 S380
G1 X9.600 S0
G1 X9.300 S380
G1 X9.200 S0
G1 X9.000 S380
G1 X8.700 S0
G1 X8.600 S380
G1 X8.500 S0
G1 X8.200 S380
G1 X7.800 S0
G1 X7.500 S380
G1 X6.700 S0
G1 X6.400 S380
G1 X4.200 S0
G1 X4.000 S380
G1 X3.600 S0
G1 X3.300 S380
G1 X2.000 S0
G1 X1.700 S380
G1 X1.500 S0
G1 X1.100 S380
G1 X0.900 S0
G1 X0.700 S380
G1 X0.500 S0
G1 X0.200 S380
G1 X-0.600 S0
G1 X-1.400 S380
G1 X-1.600 S0
G1 X-1.900 S380
G1 X-2.200 S0
G1 X-2.500 S380
G1 X-3.200 S0
G1 X-3.400 S380
G1 X-3.700 S0
G1 X-3.900 S380
G1 X-6.400 S0
G1 X-6.700 S380
G1 X-7.500 S0
G1 X-7.800 S380
G1 X-8.200 S0
G1 X-8.500 S380
G1 X-9.000 S0
G1 X-9.500 S380
G1 X-9.900 S0
G1 X-10.100 S380
G1 X-11.600 S0
G0 X-11.500 Y-14.300
G1 X-10.000 Y-14.300 S0 F1800
G1 X-9.900 S380
G1 X-9.500 S0
G1 X-9.300 S380
G1 X-8.500 S0
G1 X-8.100 S380
G1 X-7.700 S0
G1 X-7.400 S380
G1 X-6.600 S0
G1 X-6.200 S380
G1 X-4.100 S0
G1 X-3.800 S380
G1 X-3.500 S0
G1 X-3.300 S380
G1 X-2.500 S0
G1 X-2.200 S380
G1 X-2.000 S0
G1 X-1.700 S380
G1 X-1.500 S0
G1 X-0.700 S380
G1 X-0.100 S0
G1 X0.400 S380
G1 X0.600 S0
G1 X0.800 S380
G1 X1.000 S0
G1 X1.200 S380
G1 X1.600 S0
G1 X1.900 S380
G1 X2.200 S0
G1 X2.300 S380
G1 X3.300 S0
G1 X3.600 S380
G1 X3.900 S0
G1 X4.100 S380
G1 X6.000 S0
G1 X6.400 S380
G1 X7.200 S0
G1 X7.500 S380
G1 X7.900 S0
G1 X8.300 S380
G1 X8.500 S0
G1 X8.600 S380
G1 X8.800 S0
G1 X9.000 S380
G1 X9.100 S0
G1 X9.300 S380
G1 X9.700 S0
G1 X9.900 S380
G1 X11.400 S0
G0 X11.300 Y-14.400
G1 X9.800 Y-14.400 S0 F1800
G1 X9.600 S380
G1 X9.300 S0
G1 X8.900 S380
G1 X8.700 S0
G1 X8.500 S380
G1 X8.300 S0
G1 X7.800 S380
G1 X7.400 S0
G1 X7.100 S380
G1 X6.300 S0
G1 X5.900 S380
G1 X3.800 S0
G1 X3.500 S380
G1 X2.500 S0
G1 X2.200 S380
G1 X2.000 S0
G1 X1.700 S380
G1 X1.400 S0
G1 X1.100 S380
G1 X0.900 S0
G1 X0.700 S380
G1 X0.500 S0
G1 X0.000 S380
G1 X-0.600 S0
G1 X-0.900 S380
G1 X-1.100 S0
G1 X-1.400 S380
G1 X-1.600 S0
G1 X-2.400 S380
G1 X-3.200 S0
G1 X-3.400 S380
G1 X-3.700 S0
G1 X-3.900 S380
G1 X-5.900 S0
G1 X-6.300 S380
G1 X-7.100 S0
G1 X-7.400 S380
G1 X-7.800 S0
G1 X-9.300 S380
G1 X-9.600 S0
G1 X-9.900 S380
G1 X-11.400 S0
G0 X-11.200 Y-14.500
G1 X-9.700 Y-14.500 S0 F1800
G1 X-9.600 S380
G1 X-9.200 S0
G1 X-8.700 S380
G1 X-8.000 S0
G1 X-7.700 S380
G1 X-7.300 S0
G1 X-7.000 S380
G1 X-6.100 S0
G1 X-5.700 S380
G1 X-3.500 S0
G1 X-3.300 S380
G1 X-2.300 S0
G1 X-1.700 S380
G1 X-1.000 S0
G1 X-0.700 S380
G1 X0.000 S0
G1 X0.300 S380
G1 X0.600 S0
G1 X0.800 S380
G1 X1.000 S0
G1 X1.300 S380
G1 X1.600 S0
G1 X1.900 S380
G1 X2.100 S0
G1 X2.400 S380
G1 X3.500 S0
G1 X3.600 S380
G1 X5.500 S0
G1 X5.900 S380
G1 X6.800 S0
G1 X7.100 S380
G1 X7.600 S0
G1 X7.900 S380
G1 X8.000 S0
G1 X8.100 S380
G1 X8.400 S0
G1 X8.600 S380
G1 X8.700 S0
G1 X9.000 S380
G1 X9.400 S0
G1 X9.600 S380
G1 X11.100 S0
G0 X11.000 Y-14.600
G1 X9.500 Y-14.600 S0 F1800
G1 X9.300 S380
G1 X9.000 S0
G1 X8.700 S380
G1 X8.600 S0
G1 X8.400 S380
G1 X8.200 S0
G1 X8.100 S380
G1 X7.800 S0
G1 X7.400 S380
G1 X7.000 S0
G1 X6.700 S380
G1 X5.800 S0
G1 X5.400 S380
G1 X2.000 S0
G1 X1.800 S380
G1 X1.500 S0
G1 X1.200 S380
G1 X0.900 S0
G1 X0.700 S380
G1 X-0.600 S0
G1 X-0.900 S380
G1 X-1.700 S0
G1 X-1.900 S380
G1 X-5.300 S0
G1 X-5.800 S380
G1 X-6.700 S0
G1 X-7.000 S380
G1 X-7.400 S0
G1 X-8.000 S380
G1 X-8.700 S0
G1 X-8.900 S380
G1 X-9.300 S0
G1 X-9.600 S380
G1 X-11.100 S0
G0 X-10.900 Y-14.700
G1 X-9.400 Y-14.700 S0 F1800
G1 X-9.300 S380
G1 X-8.900 S0
G1 X-7.900 S380
G1 X-7.800 S0
G1 X-7.300 S380
G1 X-6.900 S0
G1 X-6.600 S380
G1 X-5.600 S0
G1 X-5.200 S380
G1 X-2.000 S0
G1 X-1.800 S380
G1 X-1.000 S0
G1 X-0.700 S380
G1 X0.600 S0
G1 X0.800 S380
G1 X1.200 S0
G1 X1.500 S380
G1 X1.700 S0
G1 X1.900 S380
G1 X5.000 S0
G1 X5.400 S380
G1 X6.400 S0
G1 X6.700 S380
G1 X7.200 S0
G1 X7.700 S380
G1 X7.900 S0
G1 X8.100 S380
G1 X8.300 S0
G1 X8.700 S380
G1 X9.100 S0
G1 X9.300 S380
G1 X10.800 S0
G0 X10.700 Y-14.800
G1 X9.200 Y-14.800 S0 F1800
G1 X9.000 S380
G1 X8.600 S0
G1 X8.300 S380
G1 X8.100 S0
G1 X8.000 S380
G1 X7.700 S0
G1 X7.600 S380
G1 X7.400 S0
G1 X7.000 S380
G1 X6.600 S0
G1 X6.200 S380
G1 X5.300 S0
G1 X4.800 S380
G1 X1.500 S0
G1 X1.300 S380
G1 X0.900 S0
G1 X0.700 S380
G1 X-0.600 S0
G1 X-0.900 S380
G1 X-1.700 S0
G1 X-1.800 S380
G1 X-4.700 S0
G1 X-5.200 S380
G1 X-6.200 S0
G1 X-6.600 S380
G1 X-7.000 S0
G1 X-7.400 S380
G1 X-8.100 S0
G1 X-8.600 S380
G1 X-9.000 S0
G1 X-9.300 S380
G1 X-10.800 S0
G0 X-10.600 Y-14.900
G1 X-9.100 Y-14.900 S0 F1800
G1 X-8.900 S380
G1 X-8.500 S0
G1 X-8.200 S380
G1 X-8.100 S0
G1 X-7.900 S380
G1 X-7.800 S0
G1 X-6.900 S380
G1 X-6.500 S0
G1 X-6.100 S380
G1 X-5.000 S0
G1 X-4.500 S380
G1 X4.400 S0
G1 X4.900 S380
G1 X5.900 S0
G1 X6.300 S380
G1 X6.700 S0
G1 X7.200 S380
G1 X7.400 S0
G1 X7.600 S380
G1 X7.800 S0
G1 X8.000 S380
G1 X8.100 S0
G1 X8.300 S380
G1 X8.700 S0
G1 X9.000 S380
G1 X10.500 S0
G0 X10.300 Y-15.000
G1 X8.800 Y-15.000 S0 F1800
G1 X8.700 S380
G1 X8.300 S0
G1 X7.800 S380
G1 X7.700 S0
G1 X7.500 S380
G1 X7.200 S0
G1 X7.100 S380
G1 X7.000 S0
G1 X6.600 S380
G1 X6.100 S0
G1 X5.700 S380
G1 X4.600 S0
G1 X4.100 S380
G1 X-4.000 S0
G1 X-4.600 S380
G1 X-5.700 S0
G1 X-6.100 S380
G1 X-6.600 S0
G1 X-6.900 S380
G1 X-7.500 S0
G1 X-8.300 S380
G1 X-8.700 S0
G1 X-8.900 S380
G1 X-10.400 S0
G0 X-10.300 Y-15.100
G1 X-8.800 Y-15.100 S0 F1800
G1 X-8.600 S380
G1 X-8.200 S0
G1 X-7.800 S380
G1 X-7.000 S0
G1 X-6.400 S380
G1 X-6.000 S0
G1 X-5.600 S380
G1 X-4.400 S0
G1 X-3.700 S380
G1 X3.600 S0
G1 X4.200 S380
G1 X5.400 S0
G1 X5.800 S380
G1 X6.300 S0
G1 X6.700 S380
G1 X6.900 S0
G1 X7.100 S380
G1 X7.300 S0
G1 X7.500 S380
G1 X7.600 S0
G1 X8.000 S380
G1 X8.400 S0
G1 X8.700 S380
G1 X10.200 S0
G0 X10.000 Y-15.200
G1 X8.500 Y-15.200 S0 F1800
G1 X8.300 S380
G1 X7.900 S0
G1 X7.400 S380
G1 X7.200 S0
G1 X7.000 S380
G1 X6.700 S0
G1 X6.600 S380
G1 X6.500 S0
G1 X6.100 S380
G1 X5.600 S0
G1 X5.200 S380
G1 X3.900 S0
G1 X3.200 S380
G1 X-3.200 S0
G1 X-3.900 S380
G1 X-5.200 S0
G1 X-5.600 S380
G1 X-6.100 S0
G1 X-6.600 S380
G1 X-6.800 S0
G1 X-7.900 S380
G1 X-8.300 S0
G1 X-8.600 S380
G1 X-10.100 S0
G0 X-9.900 Y-15.300
G1 X-8.400 Y-15.300 S0 F1800
G1 X-8.200 S380
G1 X-7.800 S0
G1 X-7.200 S380
G1 X-6.500 S0
G1 X-5.900 S380
G1 X-5.400 S0
G1 X-5.000 S380
G1 X-3.600 S0
G1 X-2.700 S380
G1 X2.500 S0
G1 X3.400 S380
G1 X4.800 S0
G1 X5.300 S380
G1 X5.800 S0
G1 X6.200 S380
G1 X6.400 S0
G1 X6.600 S380
G1 X6.800 S0
G1 X7.000 S380
G1 X7.200 S0
G1 X7.600 S380
G1 X8.000 S0
G1 X8.300 S380
G1 X9.800 S0
G0 X9.600 Y-15.400
G1 X8.100 Y-15.400 S0 F1800
G1 X7.900 S380
G1 X7.500 S0
G1 X7.200 S380
G1 X7.100 S0
G1 X6.900 S380
G1 X6.600 S0
G1 X6.400 S380
G1 X6.200 S0
G1 X5.600 S380
G1 X5.100 S0
G1 X4.600 S380
G1 X3.000 S0
G1 X1.900 S380
G1 X-1.900 S0
G1 X-3.000 S380
G1 X-4.500 S0
G1 X-5.000 S380
G1 X-5.600 S0
G1 X-6.700 S380
G1 X-7.200 S0
G1 X-7.500 S380
G1 X-7.900 S0
G1 X-8.200 S380
G1 X-9.700 S0
G0 X-9.500 Y-15.500
G1 X-8.000 Y-15.500 S0 F1800
G1 X-7.800 S380
G1 X-7.400 S0
G1 X-6.600 S380
G1 X-5.900 S0
G1 X-5.400 S380
G1 X-4.800 S0
G1 X-4.300 S380
G1 X-2.500 S0
G1 X-0.700 S380
G1 X0.600 S0
G1 X2.300 S380
G1 X4.100 S0
G1 X4.600 S380
G1 X5.200 S0
G1 X5.700 S380
G1 X5.900 S0
G1 X6.000 S380
G1 X6.300 S0
G1 X6.500 S380
G1 X6.700 S0
G1 X7.200 S380
G1 X7.600 S0
G1 X8.000 S380
G1 X9.500 S0
G0 X9.300 Y-15.600
G1 X7.800 Y-15.600 S0 F1800
G1 X7.500 S380
G1 X7.100 S0
G1 X6.700 S380
G1 X6.600 S0
G1 X6.400 S380
G1 X6.100 S0
G1 X5.900 S380
G1 X5.700 S0
G1 X5.000 S380
G1 X4.400 S0
G1 X3.800 S380
G1 X1.600 S0
G1 X-1.600 S380
G1 X-3.800 S0
G1 X-4.400 S380
G1 X-5.000 S0
G1 X-6.100 S380
G1 X-6.700 S0
G1 X-7.100 S380
G1 X-7.500 S0
G1 X-7.900 S380
G1 X-9.400 S0
G0 X-9.200 Y-15.700
G1 X-7.700 Y-15.700 S0 F1800
G1 X-7.400 S380
G1 X-6.900 S0
G1 X-6.000 S380
G1 X-5.400 S0
G1 X-4.800 S380
G1 X-4.100 S0
G1 X-3.500 S380
G1 X3.300 S0
G1 X4.000 S380
G1 X4.600 S0
G1 X5.200 S380
G1 X5.400 S0
G1 X5.500 S380
G1 X5.800 S0
G1 X6.000 S380
G1 X6.200 S0
G1 X6.800 S380
G1 X7.200 S0
G1 X7.600 S380
G1 X9.100 S0
G0 X8.900 Y-15.800
G1 X7.400 Y-15.800 S0 F1800
G1 X7.100 S380
G1 X6.600 S0
G1 X6.200 S380
G1 X6.000 S0
G1 X5.900 S380
G1 X5.600 S0
G1 X5.400 S380
G1 X5.100 S0
G1 X4.400 S380
G1 X3.600 S0
G1 X2.900 S380
G1 X-2.900 S0
G1 X-3.600 S380
G1 X-4.300 S0
G1 X-4.900 S380
G1 X-5.100 S0
G1 X-5.500 S380
G1 X-6.100 S0
G1 X-6.600 S380
G1 X-7.100 S0
G1 X-7.500 S380
G1 X-9.000 S0
G0 X-8.700 Y-15.900
G1 X-7.200 Y-15.900 S0 F1800
G1 X-7.000 S380
G1 X-6.500 S0
G1 X-5.500 S380
G1 X-4.900 S0
G1 X-4.100 S380
G1 X-3.300 S0
G1 X-2.400 S380
G1 X2.200 S0
G1 X3.100 S380
G1 X3.900 S0
G1 X4.600 S380
G1 X4.800 S0
G1 X5.000 S380
G1 X5.300 S0
G1 X5.400 S380
G1 X5.700 S0
G1 X6.300 S380
G1 X6.800 S0
G1 X7.100 S380
G1 X8.600 S0
G0 X8.400 Y-16.000
G1 X6.900 Y-16.000 S0 F1800
G1 X6.600 S380
G1 X6.100 S0
G1 X5.700 S380
G1 X5.500 S0
G1 X5.300 S380
G1 X5.000 S0
G1 X4.800 S380
G1 X4.600 S0
G1 X4.400 S380
G1 X4.200 S0
G1 X3.600 S380
G1 X2.600 S0
G1 X1.400 S380
G1 X-1.400 S0
G1 X-2.600 S380
G1 X-3.500 S0
G1 X-4.200 S380
G1 X-4.600 S0
G1 X-5.000 S380
G1 X-5.600 S0
G1 X-6.100 S380
G1 X-6.600 S0
G1 X-7.000 S380
G1 X-8.500 S0
G0 X-8.300 Y-16.100
G1 X-6.800 Y-16.100 S0 F1800
G1 X-6.500 S380
G1 X-5.900 S0
G1 X-5.000 S380
G1 X-4.400 S0
G1 X-3.100 S380
G1 X-2.000 S0
G1 X1.800 S380
G1 X3.000 S0
G1 X4.000 S380
G1 X4.200 S0
G1 X4.400 S380
G1 X4.700 S0
G1 X4.900 S380
G1 X5.100 S0
G1 X5.800 S380
G1 X6.300 S0
G1 X6.700 S380
G1 X8.200 S0
G0 X8.000 Y-16.200
G1 X6.500 Y-16.200 S0 F1800
G1 X6.100 S380
G1 X5.600 S0
G1 X5.100 S380
G1 X4.900 S0
G1 X4.700 S380
G1 X4.400 S0
G1 X4.300 S380
G1 X4.000 S0
G1 X3.800 S380
G1 X3.500 S0
G1 X2.500 S380
G1 X0.800 S0
G1 X-0.700 S380
G1 X-2.400 S0
G1 X-3.700 S380
G1 X-4.200 S0
G1 X-4.500 S380
G1 X-5.100 S0
G1 X-5.600 S380
G1 X-6.100 S0
G1 X-6.500 S380
G1 X-8.000 S0
G0 X-7.800 Y-16.300
G1 X-6.300 Y-16.300 S0 F1800
G1 X-6.000 S380
G1 X-5.400 S0
G1 X-4.400 S380
G1 X-3.900 S0
G1 X-3.600 S380
G1 X-3.100 S0
G1 X-1.800 S380
G1 X1.700 S0
G1 X2.900 S380
G1 X3.200 S0
G1 X3.300 S380
G1 X3.600 S0
G1 X3.800 S380
G1 X4.100 S0
G1 X4.300 S380
G1 X4.500 S0
G1 X5.200 S380
G1 X5.800 S0
G1 X6.200 S380
G1 X7.700 S0
G0 X7.400 Y-16.400
G1 X5.900 Y-16.400 S0 F1800
G1 X5.600 S380
G1 X5.000 S0
G1 X4.400 S380
G1 X4.300 S0
G1 X4.100 S380
G1 X3.800 S0
G1 X3.600 S380
G1 X3.300 S0
G1 X3.200 S380
G1 X2.900 S0
G1 X2.700 S380
G1 X2.400 S0
G1 X-2.500 S380
G1 X-2.900 S0
G1 X-3.200 S380
G1 X-3.700 S0
G1 X-4.200 S380
G1 X-4.500 S0
G1 X-5.000 S380
G1 X-5.600 S0
G1 X-6.000 S380
G1 X-7.500 S0
G0 X-7.200 Y-16.500
G1 X-5.700 Y-16.500 S0 F1800
G1 X-5.400 S380
G1 X-4.700 S0
G1 X-4.000 S380
G1 X-3.500 S0
G1 X-3.200 S380
G1 X-2.700 S0
G1 X-2.500 S380
G1 X-2.000 S0
G1 X-1.700 S380
G1 X-1.400 S0
G1 X1.300 S380
G1 X1.500 S0
G1 X1.700 S380
G1 X2.000 S0
G1 X2.200 S380
G1 X2.500 S0
G1 X2.700 S380
G1 X3.000 S0
G1 X3.200 S380
G1 X3.500 S0
G1 X3.700 S380
G1 X3.900 S0
G1 X4.500 S380
G1 X5.200 S0
G1 X5.700 S380
G1 X7.200 S0
G0 X6.900 Y-16.600
G1 X5.400 Y-16.600 S0 F1800
G1 X5.000 S380
G1 X4.300 S0
G1 X3.400 S380
G1 X3.200 S0
G1 X3.000 S380
G1 X2.700 S0
G1 X2.500 S380
G1 X2.200 S0
G1 X2.000 S380
G1 X1.700 S0
G1 X1.500 S380
G1 X1.100 S0
G1 X1.000 S380
G1 X0.600 S0
G1 X0.400 S380
G1 X0.100 S0
G1 X-0.200 S380
G1 X-0.500 S0
G1 X-0.800 S380
G1 X-1.200 S0
G1 X-1.400 S380
G1 X-1.800 S0
G1 X-2.100 S380
G1 X-2.500 S0
G1 X-2.800 S380
G1 X-3.300 S0
G1 X-4.300 S380
G1 X-5.000 S0
G1 X-5.400 S380
G1 X-6.900 S0
G0 X-6.600 Y-16.700
G1 X-5.100 Y-16.700 S0 F1800
G1 X-4.700 S380
G1 X-4.000 S0
G1 X-2.800 S380
G1 X-2.400 S0
G1 X-2.000 S380
G1 X-1.600 S0
G1 X-1.400 S380
G1 X-1.000 S0
G1 X-0.800 S380
G1 X-0.400 S0
G1 X-0.200 S380
G1 X0.200 S0
G1 X0.400 S380
G1 X0.700 S0
G1 X0.900 S380
G1 X1.300 S0
G1 X1.500 S380
G1 X1.800 S0
G1 X2.000 S380
G1 X2.300 S0
G1 X2.500 S380
G1 X2.800 S0
G1 X3.800 S380
G1 X4.500 S0
G1 X5.100 S380
G1 X6.600 S0
G0 X6.200 Y-16.800
G1 X4.700 Y-16.800 S0 F1800
G1 X4.300 S380
G1 X3.400 S0
G1 X2.300 S380
G1 X2.000 S0
G1 X1.800 S380
G1 X1.500 S0
G1 X1.300 S380
G1 X1.000 S0
G1 X0.700 S380
G1 X0.400 S0
G1 X0.200 S380
G1 X-0.200 S0
G1 X-0.400 S380
G1 X-0.800 S0
G1 X-1.000 S380
G1 X-1.400 S0
G1 X-1.700 S380
G1 X-2.100 S0
G1 X-3.400 S380
G1 X-4.200 S0
G1 X-4.800 S380
G1 X-6.300 S0
G0 X-5.900 Y-16.900
G1 X-4.400 Y-16.900 S0 F1800
G1 X-3.900 S380
G1 X-3.000 S0
G1 X-1.600 S380
G1 X-1.400 S0
G1 X-1.000 S380
G1 X-0.800 S0
G1 X-0.400 S380
G1 X-0.100 S0
G1 X0.200 S380
G1 X0.500 S0
G1 X0.800 S380
G1 X1.000 S0
G1 X1.300 S380
G1 X1.500 S0
G1 X2.800 S380
G1 X3.800 S0
G1 X4.400 S380
G1 X5.900 S0
G0 X5.500 Y-17.000
G1 X4.000 Y-17.000 S0 F1800
G1 X3.400 S380
G1 X2.300 S0
G1 X0.300 S380
G1 X0.200 S0
G1 X-2.300 S380
G1 X-3.400 S0
G1 X-4.100 S380
G1 X-5.600 S0
G0 X-5.100 Y-17.100
G1 X-3.600 Y-17.100 S0 F1800
G1 X-2.900 S380
G1 X-1.300 S0
G1 X1.300 S380
G1 X2.800 S0
G1 X3.600 S380
G1 X5.100 S0
G0 X4.600 Y-17.200
G1 X3.100 Y-17.200 S0 F1800
G1 X2.200 S380
G1 X-2.200 S0
G1 X-3.100 S380
G1 X-4.600 S0
G0 X-4.000 Y-17.300
G1 X-2.500 Y-17.300 S0 F1800
G1 X-1.200 S380
G1 X1.100 S0
G1 X2.500 S380
G1 X4.000 S0
G0 X3.300 Y-17.400
G1 X1.800 Y-17.400 S0 F1800
G1 X-1.800 S380
G1 X-3.300 S0
M5 ; Laser OFF
G0 X0 Y0 F1500 ; Return to Center
M2 ; End of Program
