; --- Creality Falcon 5W - Clean 4cm Keychain Job ---
; Circular border: Simplified clean rings
; Text: Full solid black fill
; Emblem: Merged single centerlines (no double lines)
G21 ; mm
G90 ; absolute coordinates
G92 X0 Y0 ; Origin at center
M5 ; Laser OFF
G0 F2500
; Border Ring R=17.5mm
G0 X0 Y17.500 F2500
M3 S220
G2 X0 Y17.500 I0 J-17.500 F1100
M5
; Border Ring R=16.6mm
G0 X0 Y16.600 F2500
M3 S220
G2 X0 Y16.600 I0 J-16.600 F1100
M5
M4 ; Dynamic laser mode for text fill
G0 X0.100 Y15.600 F2500
G1 X0.400 S260 F1600
M5
G0 X0.700 Y15.500 F2500
G1 X-0.200 S260 F1600
G1 X-1.200 S0 F1600
G1 X-1.800 S260 F1600
M5
G0 X-2.100 Y15.400 F2500
G1 X-1.200 S260 F1600
G1 X-0.400 S0 F1600
G1 X0.800 S260 F1600
G1 X1.500 S0 F1600
G1 X2.200 S260 F1600
M5
G0 X2.400 Y15.300 F2500
G1 X1.600 S260 F1600
G1 X1.000 S0 F1600
G1 X0.500 S260 F1600
G1 X0.100 S0 F1600
G1 X-0.400 S260 F1600
G1 X-1.100 S0 F1600
G1 X-2.300 S260 F1600
M5
G0 X-2.400 Y15.200 F2500
G1 X-2.000 S260 F1600
G1 X-1.500 S0 F1600
G1 X-1.100 S260 F1600
G1 X-0.600 S0 F1600
G1 X-0.100 S260 F1600
G1 X0.500 S0 F1600
G1 X1.000 S260 F1600
G1 X1.700 S0 F1600
G1 X2.300 S260 F1600
M5
G0 X3.700 Y15.100 F2500
G1 X3.300 S260 F1600
G1 X2.300 S0 F1600
G1 X1.700 S260 F1600
G1 X1.200 S0 F1600
G1 X0.600 S260 F1600
G1 X-0.100 S0 F1600
G1 X-0.600 S260 F1600
G1 X-1.000 S0 F1600
G1 X-1.300 S260 F1600
G1 X-2.000 S0 F1600
G1 X-2.500 S260 F1600
G1 X-3.900 S0 F1600
G1 X-4.000 S260 F1600
M5
G0 X-4.200 Y15.000 F2500
G1 X-3.900 S260 F1600
G1 X-2.700 S0 F1600
G1 X-2.200 S260 F1600
G1 X-1.300 S0 F1600
G1 X-1.100 S260 F1600
G1 X-0.700 S0 F1600
G1 X-0.200 S260 F1600
G1 X0.600 S0 F1600
G1 X1.100 S260 F1600
G1 X1.600 S0 F1600
G1 X2.100 S260 F1600
G1 X3.200 S0 F1600
G1 X4.000 S260 F1600
M5
G0 X4.100 Y14.900 F2500
G1 X3.400 S260 F1600
G1 X2.200 S0 F1600
G1 X1.700 S260 F1600
G1 X1.200 S0 F1600
G1 X0.700 S260 F1600
G1 X-0.100 S0 F1600
G1 X-0.700 S260 F1600
G1 X-1.000 S0 F1600
G1 X-1.200 S260 F1600
G1 X-2.100 S0 F1600
G1 X-2.600 S260 F1600
G1 X-3.800 S0 F1600
G1 X-4.500 S260 F1600
M5
G0 X-4.800 Y14.800 F2500
G1 X-3.800 S260 F1600
G1 X-2.800 S0 F1600
G1 X-2.200 S260 F1600
G1 X-0.800 S0 F1600
G1 X-0.300 S260 F1600
G1 X0.600 S0 F1600
G1 X1.200 S260 F1600
G1 X1.600 S0 F1600
G1 X2.100 S260 F1600
G1 X3.300 S0 F1600
G1 X3.900 S260 F1600
M5
G0 X5.000 Y14.700 F2500
G1 X5.000 S260 F1600
G1 X3.900 S0 F1600
G1 X3.400 S260 F1600
G1 X2.200 S0 F1600
G1 X1.700 S260 F1600
G1 X1.300 S0 F1600
G1 X0.700 S260 F1600
G1 X-0.200 S0 F1600
G1 X-0.700 S260 F1600
G1 X-2.200 S0 F1600
G1 X-2.700 S260 F1600
G1 X-3.700 S0 F1600
G1 X-4.000 S260 F1600
G1 X-4.300 S0 F1600
G1 X-5.100 S260 F1600
M5
G0 X-5.500 Y14.600 F2500
G1 X-4.400 S260 F1600
G1 X-4.000 S0 F1600
G1 X-3.800 S260 F1600
G1 X-2.800 S0 F1600
G1 X-2.300 S260 F1600
G1 X-0.800 S0 F1600
G1 X-0.300 S260 F1600
G1 X0.600 S0 F1600
G1 X1.200 S260 F1600
G1 X1.600 S0 F1600
G1 X2.100 S260 F1600
G1 X3.300 S0 F1600
G1 X3.800 S260 F1600
G1 X4.900 S0 F1600
G1 X5.300 S260 F1600
M5
G0 X5.500 Y14.500 F2500
G1 X5.000 S260 F1600
G1 X3.900 S0 F1600
G1 X3.300 S260 F1600
G1 X2.200 S0 F1600
G1 X1.700 S260 F1600
G1 X1.300 S0 F1600
G1 X0.700 S260 F1600
G1 X-0.200 S0 F1600
G1 X-0.700 S260 F1600
G1 X-2.200 S0 F1600
G1 X-2.700 S260 F1600
G1 X-4.300 S0 F1600
G1 X-4.800 S260 F1600
G1 X-4.900 S0 F1600
G1 X-5.400 S260 F1600
M5
G0 X-5.900 Y14.400 F2500
G1 X-5.800 S260 F1600
G1 X-5.500 S0 F1600
G1 X-5.200 S260 F1600
G1 X-4.900 S0 F1600
G1 X-4.400 S260 F1600
G1 X-2.800 S0 F1600
G1 X-2.200 S260 F1600
G1 X-0.800 S0 F1600
G1 X-0.200 S260 F1600
G1 X0.600 S0 F1600
G1 X1.200 S260 F1600
G1 X1.500 S0 F1600
G1 X2.100 S260 F1600
G1 X3.200 S0 F1600
G1 X3.700 S260 F1600
G1 X5.000 S0 F1600
G1 X5.800 S260 F1600
M5
G0 X6.100 Y14.300 F2500
G1 X5.000 S260 F1600
G1 X3.800 S0 F1600
G1 X3.300 S260 F1600
G1 X2.100 S0 F1600
G1 X1.600 S260 F1600
G1 X1.200 S0 F1600
G1 X0.700 S260 F1600
G1 X-0.100 S0 F1600
G1 X-0.700 S260 F1600
G1 X-2.100 S0 F1600
G1 X-2.700 S260 F1600
G1 X-4.200 S0 F1600
G1 X-4.700 S260 F1600
G1 X-5.100 S0 F1600
G1 X-5.400 S260 F1600
G1 X-5.700 S0 F1600
G1 X-6.100 S260 F1600
M5
G0 X-6.300 Y14.200 F2500
G1 X-5.800 S260 F1600
G1 X-5.400 S0 F1600
G1 X-5.200 S260 F1600
G1 X-4.800 S0 F1600
G1 X-4.300 S260 F1600
G1 X-2.800 S0 F1600
G1 X-2.200 S260 F1600
G1 X-1.200 S0 F1600
G1 X-1.000 S260 F1600
G1 X-0.700 S0 F1600
G1 X-0.200 S260 F1600
G1 X0.600 S0 F1600
G1 X1.100 S260 F1600
G1 X1.500 S0 F1600
G1 X2.000 S260 F1600
G1 X3.200 S0 F1600
G1 X3.700 S260 F1600
G1 X4.900 S0 F1600
G1 X5.400 S260 F1600
G1 X5.600 S0 F1600
G1 X6.200 S260 F1600
M5
G0 X6.200 Y14.100 F2500
G1 X5.900 S260 F1600
G1 X5.500 S0 F1600
G1 X5.000 S260 F1600
G1 X3.800 S0 F1600
G1 X3.200 S260 F1600
G1 X2.100 S0 F1600
G1 X1.600 S260 F1600
G1 X1.200 S0 F1600
G1 X0.600 S260 F1600
G1 X-0.100 S0 F1600
G1 X-0.600 S260 F1600
G1 X-0.900 S0 F1600
G1 X-1.100 S260 F1600
G1 X-2.000 S0 F1600
G1 X-2.600 S260 F1600
G1 X-4.200 S0 F1600
G1 X-4.700 S260 F1600
G1 X-5.100 S0 F1600
G1 X-5.300 S260 F1600
G1 X-5.700 S0 F1600
G1 X-6.300 S260 F1600
M5
G0 X-6.100 Y14.000 F2500
G1 X-5.800 S260 F1600
G1 X-4.800 S0 F1600
G1 X-4.200 S260 F1600
G1 X-2.700 S0 F1600
G1 X-2.100 S260 F1600
G1 X-1.300 S0 F1600
G1 X-1.000 S260 F1600
G1 X-0.600 S0 F1600
G1 X-0.100 S260 F1600
G1 X0.500 S0 F1600
G1 X1.000 S260 F1600
G1 X1.500 S0 F1600
G1 X2.000 S260 F1600
G1 X3.100 S0 F1600
G1 X3.600 S260 F1600
G1 X4.800 S0 F1600
G1 X5.400 S260 F1600
G1 X5.800 S0 F1600
G1 X6.100 S260 F1600
M5
G0 X6.100 Y13.900 F2500
G1 X5.900 S260 F1600
G1 X5.400 S0 F1600
G1 X4.900 S260 F1600
G1 X3.700 S0 F1600
G1 X3.200 S260 F1600
G1 X2.900 S0 F1600
G1 X2.700 S260 F1600
G1 X2.100 S0 F1600
G1 X1.600 S260 F1600
G1 X1.000 S0 F1600
G1 X0.500 S260 F1600
G1 X0.100 S0 F1600
G1 X-0.500 S260 F1600
G1 X-0.900 S0 F1600
G1 X-1.300 S260 F1600
G1 X-1.900 S0 F1600
G1 X-2.500 S260 F1600
G1 X-4.100 S0 F1600
G1 X-4.600 S260 F1600
G1 X-5.600 S0 F1600
G1 X-6.000 S260 F1600
M5
G0 X-7.100 Y13.800 F2500
G1 X-7.000 S260 F1600
G1 X-6.000 S0 F1600
G1 X-5.700 S260 F1600
G1 X-4.700 S0 F1600
G1 X-4.200 S260 F1600
G1 X-2.500 S0 F1600
G1 X-1.800 S260 F1600
G1 X-1.500 S0 F1600
G1 X-1.000 S260 F1600
G1 X-0.400 S0 F1600
G1 X0.800 S260 F1600
G1 X1.300 S0 F1600
G1 X2.000 S260 F1600
G1 X2.500 S0 F1600
G1 X2.800 S260 F1600
G1 X3.000 S0 F1600
G1 X3.600 S260 F1600
G1 X4.800 S0 F1600
G1 X5.300 S260 F1600
G1 X5.700 S0 F1600
G1 X5.800 S260 F1600
G1 X5.900 S0 F1600
G1 X6.100 S260 F1600
M5
G0 X7.300 Y13.700 F2500
G1 X6.900 S260 F1600
G1 X6.000 S0 F1600
G1 X4.800 S260 F1600
G1 X3.700 S0 F1600
G1 X3.100 S260 F1600
G1 X2.800 S0 F1600
G1 X1.300 S260 F1600
G1 X0.800 S0 F1600
G1 X-0.200 S260 F1600
G1 X-1.000 S0 F1600
G1 X-2.300 S260 F1600
G1 X-4.000 S0 F1600
G1 X-4.600 S260 F1600
G1 X-5.600 S0 F1600
G1 X-5.900 S260 F1600
G1 X-6.700 S0 F1600
G1 X-7.300 S260 F1600
M5
G0 X-7.500 Y13.600 F2500
G1 X-6.500 S260 F1600
G1 X-5.900 S0 F1600
G1 X-5.600 S260 F1600
G1 X-4.600 S0 F1600
G1 X-4.100 S260 F1600
G1 X-2.200 S0 F1600
G1 X-1.300 S260 F1600
G1 X1.400 S0 F1600
G1 X2.700 S260 F1600
G1 X3.000 S0 F1600
G1 X3.500 S260 F1600
G1 X4.200 S0 F1600
G1 X4.300 S260 F1600
G1 X4.700 S0 F1600
G1 X5.800 S260 F1600
G1 X6.500 S0 F1600
G1 X7.500 S260 F1600
M5
G0 X7.700 Y13.500 F2500
G1 X6.500 S260 F1600
G1 X5.900 S0 F1600
G1 X4.700 S260 F1600
G1 X4.400 S0 F1600
G1 X4.200 S260 F1600
G1 X3.600 S0 F1600
G1 X2.100 S260 F1600
G1 X-1.600 S0 F1600
G1 X-1.800 S260 F1600
G1 X-4.000 S0 F1600
G1 X-4.500 S260 F1600
G1 X-5.500 S0 F1600
G1 X-5.800 S260 F1600
G1 X-6.200 S0 F1600
G1 X-7.500 S260 F1600
M5
G0 X-7.200 Y13.400 F2500
G1 X-6.100 S260 F1600
G1 X-5.800 S0 F1600
G1 X-5.500 S260 F1600
G1 X-4.600 S0 F1600
G1 X-4.000 S260 F1600
G1 X2.700 S0 F1600
G1 X3.600 S260 F1600
G1 X3.900 S0 F1600
G1 X4.300 S260 F1600
G1 X4.600 S0 F1600
G1 X5.100 S260 F1600
G1 X5.400 S0 F1600
G1 X5.800 S260 F1600
G1 X6.300 S0 F1600
G1 X7.100 S260 F1600
G1 X7.300 S0 F1600
G1 X7.800 S260 F1600
M5
G0 X7.900 Y13.300 F2500
G1 X7.600 S260 F1600
G1 X7.000 S0 F1600
G1 X6.300 S260 F1600
G1 X5.800 S0 F1600
G1 X5.600 S260 F1600
G1 X5.200 S0 F1600
G1 X4.700 S260 F1600
G1 X4.400 S0 F1600
G1 X3.100 S260 F1600
G1 X-3.700 S0 F1600
G1 X-4.400 S260 F1600
G1 X-5.400 S0 F1600
G1 X-5.700 S260 F1600
G1 X-5.800 S0 F1600
G1 X-7.100 S260 F1600
G1 X-7.900 S0 F1600
G1 X-8.000 S260 F1600
M5
G0 X-8.200 Y13.200 F2500
G1 X-7.900 S260 F1600
G1 X-7.200 S0 F1600
G1 X-5.400 S260 F1600
G1 X-4.600 S0 F1600
G1 X-3.800 S260 F1600
G1 X3.400 S0 F1600
G1 X4.200 S260 F1600
G1 X4.500 S0 F1600
G1 X5.100 S260 F1600
G1 X5.500 S0 F1600
G1 X5.700 S260 F1600
G1 X6.200 S0 F1600
G1 X6.800 S260 F1600
G1 X7.600 S0 F1600
G1 X8.000 S260 F1600
M5
G0 X8.000 Y13.100 F2500
G1 X7.800 S260 F1600
G1 X6.800 S0 F1600
G1 X6.200 S260 F1600
G1 X5.100 S0 F1600
G1 X3.900 S260 F1600
G1 X0.100 S0 F1600
G1 X-0.100 S260 F1600
G1 X-3.900 S0 F1600
G1 X-4.600 S260 F1600
G1 X-5.300 S0 F1600
G1 X-6.500 S260 F1600
G1 X-6.700 S0 F1600
G1 X-7.000 S260 F1600
G1 X-7.700 S0 F1600
G1 X-8.300 S260 F1600
M5
G0 X-8.500 Y13.000 F2500
G1 X-7.700 S260 F1600
G1 X-7.100 S0 F1600
G1 X-6.800 S260 F1600
G1 X-6.400 S0 F1600
G1 X-5.300 S260 F1600
G1 X-4.700 S0 F1600
G1 X-4.300 S260 F1600
G1 X-0.300 S0 F1600
G1 X0.100 S260 F1600
G1 X4.200 S0 F1600
G1 X5.000 S260 F1600
G1 X5.700 S0 F1600
G1 X5.800 S260 F1600
G1 X6.100 S0 F1600
G1 X6.700 S260 F1600
G1 X7.700 S0 F1600
G1 X8.000 S260 F1600
M5
G0 X8.600 Y12.900 F2500
G1 X8.600 S260 F1600
G1 X8.100 S0 F1600
G1 X7.800 S260 F1600
G1 X6.700 S0 F1600
G1 X6.100 S260 F1600
G1 X6.000 S0 F1600
G1 X5.700 S260 F1600
G1 X5.200 S0 F1600
G1 X4.500 S260 F1600
G1 X0.300 S0 F1600
G1 X0.100 S260 F1600
G1 X-0.100 S0 F1600
G1 X-0.300 S260 F1600
G1 X-5.200 S0 F1600
G1 X-6.100 S260 F1600
G1 X-6.600 S0 F1600
G1 X-6.900 S260 F1600
G1 X-7.600 S0 F1600
G1 X-7.900 S260 F1600
G1 X-8.200 S0 F1600
G1 X-8.600 S260 F1600
M5
G0 X-8.800 Y12.800 F2500
G1 X-8.400 S260 F1600
G1 X-7.000 S0 F1600
G1 X-6.700 S260 F1600
G1 X-6.000 S0 F1600
G1 X-5.300 S260 F1600
G1 X4.700 S0 F1600
G1 X5.800 S260 F1600
G1 X6.000 S0 F1600
G1 X6.600 S260 F1600
G1 X7.700 S0 F1600
G1 X7.900 S260 F1600
G1 X8.500 S0 F1600
G1 X8.700 S260 F1600
M5
G0 X8.900 Y12.700 F2500
G1 X8.600 S260 F1600
G1 X7.300 S0 F1600
G1 X7.100 S260 F1600
G1 X6.600 S0 F1600
G1 X6.100 S260 F1600
G1 X5.900 S0 F1600
G1 X5.000 S260 F1600
G1 X-5.100 S0 F1600
G1 X-5.600 S260 F1600
G1 X-6.500 S0 F1600
G1 X-6.900 S260 F1600
G1 X-7.600 S0 F1600
G1 X-7.800 S260 F1600
G1 X-8.300 S0 F1600
G1 X-8.900 S260 F1600
M5
G0 X-9.000 Y12.600 F2500
G1 X-8.300 S260 F1600
G1 X-7.900 S0 F1600
G1 X-7.700 S260 F1600
G1 X-6.900 S0 F1600
G1 X-6.600 S260 F1600
G1 X-5.500 S0 F1600
G1 X-5.300 S260 F1600
G1 X5.200 S0 F1600
G1 X5.700 S260 F1600
G1 X6.000 S0 F1600
G1 X6.500 S260 F1600
G1 X7.000 S0 F1600
G1 X7.300 S260 F1600
G1 X8.500 S0 F1600
G1 X9.000 S260 F1600
M5
G0 X9.100 Y12.500 F2500
G1 X8.500 S260 F1600
G1 X7.600 S0 F1600
G1 X7.200 S260 F1600
G1 X6.600 S0 F1600
G1 X6.100 S260 F1600
G1 X5.800 S0 F1600
G1 X5.500 S260 F1600
G1 X-6.400 S0 F1600
G1 X-6.800 S260 F1600
G1 X-7.500 S0 F1600
G1 X-7.800 S260 F1600
G1 X-8.200 S0 F1600
G1 X-9.000 S260 F1600
M5
G0 X-8.700 Y12.400 F2500
G1 X-8.200 S260 F1600
G1 X-8.100 S0 F1600
G1 X-7.500 S260 F1600
G1 X-6.800 S0 F1600
G1 X-6.400 S260 F1600
G1 X6.100 S0 F1600
G1 X6.500 S260 F1600
G1 X7.100 S0 F1600
G1 X7.700 S260 F1600
G1 X8.400 S0 F1600
G1 X9.300 S260 F1600
M5
G0 X9.400 Y12.300 F2500
G1 X8.400 S260 F1600
G1 X7.900 S0 F1600
G1 X7.200 S260 F1600
G1 X6.600 S0 F1600
G1 X6.200 S260 F1600
G1 X-6.100 S0 F1600
G1 X-6.700 S260 F1600
G1 X-7.000 S0 F1600
G1 X-7.100 S260 F1600
G1 X-7.400 S0 F1600
G1 X-8.600 S260 F1600
G1 X-9.300 S0 F1600
G1 X-9.500 S260 F1600
M5
G0 X-9.600 Y12.200 F2500
G1 X-9.400 S260 F1600
G1 X-8.700 S0 F1600
G1 X-7.900 S260 F1600
G1 X-7.700 S0 F1600
G1 X-7.500 S260 F1600
G1 X-7.300 S0 F1600
G1 X-7.000 S260 F1600
G1 X-6.800 S0 F1600
G1 X-6.200 S260 F1600
G1 X6.200 S0 F1600
G1 X6.600 S260 F1600
G1 X7.000 S0 F1600
G1 X7.800 S260 F1600
G1 X8.200 S0 F1600
G1 X8.800 S260 F1600
G1 X9.100 S0 F1600
G1 X9.500 S260 F1600
M5
G0 X9.600 Y12.100 F2500
G1 X9.300 S260 F1600
G1 X8.900 S0 F1600
G1 X8.300 S260 F1600
G1 X7.700 S0 F1600
G1 X7.100 S260 F1600
G1 X6.800 S0 F1600
G1 X6.400 S260 F1600
G1 X-6.300 S0 F1600
G1 X-6.700 S260 F1600
G1 X-6.900 S0 F1600
G1 X-7.200 S260 F1600
G1 X-7.900 S0 F1600
G1 X-8.500 S260 F1600
G1 X-9.300 S0 F1600
G1 X-9.700 S260 F1600
M5
G0 X-9.800 Y12.000 F2500
G1 X-9.400 S260 F1600
G1 X-8.600 S0 F1600
G1 X-7.900 S260 F1600
G1 X-7.300 S0 F1600
G1 X-7.000 S260 F1600
G1 X-6.900 S0 F1600
G1 X-6.600 S260 F1600
G1 X6.400 S0 F1600
G1 X6.800 S260 F1600
G1 X6.900 S0 F1600
G1 X7.500 S260 F1600
G1 X8.100 S0 F1600
G1 X8.700 S260 F1600
G1 X9.200 S0 F1600
G1 X9.500 S260 F1600
M5
G0 X9.500 Y11.900 F2500
G1 X9.300 S260 F1600
G1 X8.800 S0 F1600
G1 X8.100 S260 F1600
G1 X7.600 S0 F1600
G1 X6.600 S260 F1600
G1 X-6.900 S0 F1600
G1 X-7.200 S260 F1600
G1 X-7.800 S0 F1600
G1 X-8.400 S260 F1600
G1 X-9.200 S0 F1600
G1 X-9.800 S260 F1600
M5
G0 X-9.800 Y11.800 F2500
G1 X-9.200 S260 F1600
G1 X-8.400 S0 F1600
G1 X-7.800 S260 F1600
G1 X-7.400 S0 F1600
G1 X-7.000 S260 F1600
G1 X6.600 S0 F1600
G1 X7.400 S260 F1600
G1 X7.900 S0 F1600
G1 X8.800 S260 F1600
G1 X9.000 S0 F1600
G1 X9.400 S260 F1600
M5
G0 X9.200 Y11.700 F2500
G1 X8.000 S260 F1600
G1 X7.500 S0 F1600
G1 X7.000 S260 F1600
G1 X-7.000 S0 F1600
G1 X-7.400 S260 F1600
G1 X-7.700 S0 F1600
G1 X-8.300 S260 F1600
G1 X-9.000 S0 F1600
G1 X-9.800 S260 F1600
M5
G0 X-9.800 Y11.600 F2500
G1 X-9.000 S260 F1600
G1 X-8.300 S0 F1600
G1 X-7.200 S260 F1600
G1 X7.200 S0 F1600
G1 X7.300 S260 F1600
G1 X7.800 S0 F1600
G1 X8.400 S260 F1600
G1 X8.600 S0 F1600
G1 X9.100 S260 F1600
M5
G0 X9.000 Y11.500 F2500
G1 X8.800 S260 F1600
G1 X8.400 S0 F1600
G1 X7.600 S260 F1600
G1 X-7.300 S0 F1600
G1 X-8.100 S260 F1600
G1 X-8.800 S0 F1600
G1 X-9.700 S260 F1600
M5
G0 X-9.700 Y11.400 F2500
G1 X-8.900 S260 F1600
G1 X-8.200 S0 F1600
G1 X-7.500 S260 F1600
G1 X7.500 S0 F1600
G1 X8.300 S260 F1600
G1 X8.700 S0 F1600
G1 X9.000 S260 F1600
M5
G0 X8.900 Y11.300 F2500
G1 X8.800 S260 F1600
G1 X8.300 S0 F1600
G1 X7.700 S260 F1600
G1 X-7.600 S0 F1600
G1 X-8.100 S260 F1600
G1 X-8.700 S0 F1600
G1 X-9.700 S260 F1600
M5
G0 X-10.700 Y11.200 F2500
G1 X-10.400 S260 F1600
G1 X-9.700 S0 F1600
G1 X-8.700 S260 F1600
G1 X-8.200 S0 F1600
G1 X-7.800 S260 F1600
G1 X7.700 S0 F1600
G1 X8.200 S260 F1600
M5
G0 X8.200 Y11.100 F2500
G1 X7.900 S260 F1600
G1 X-7.900 S0 F1600
G1 X-8.100 S260 F1600
G1 X-8.200 S0 F1600
G1 X-8.300 S260 F1600
G1 X-8.400 S0 F1600
G1 X-9.200 S260 F1600
G1 X-9.300 S0 F1600
G1 X-9.600 S260 F1600
G1 X-10.100 S0 F1600
G1 X-10.800 S260 F1600
M5
G0 X-10.900 Y11.000 F2500
G1 X-10.000 S260 F1600
G1 X-9.700 S0 F1600
G1 X-9.400 S260 F1600
G1 X-9.200 S0 F1600
G1 X-8.200 S260 F1600
G1 X-7.500 S0 F1600
G1 X-7.200 S260 F1600
G1 X7.000 S0 F1600
G1 X7.400 S260 F1600
G1 X8.000 S0 F1600
G1 X8.400 S260 F1600
G1 X8.700 S0 F1600
G1 X8.900 S260 F1600
M5
G0 X10.800 Y10.900 F2500
G1 X10.400 S260 F1600
G1 X9.000 S0 F1600
G1 X8.200 S260 F1600
G1 X7.500 S0 F1600
G1 X6.800 S260 F1600
G1 X-6.800 S0 F1600
G1 X-7.500 S260 F1600
G1 X-8.200 S0 F1600
G1 X-9.000 S260 F1600
G1 X-9.300 S0 F1600
G1 X-9.600 S260 F1600
G1 X-9.700 S0 F1600
G1 X-11.000 S260 F1600
M5
G0 X-11.000 Y10.800 F2500
G1 X-9.300 S260 F1600
G1 X-9.000 S0 F1600
G1 X-8.400 S260 F1600
G1 X-7.700 S0 F1600
G1 X-7.500 S260 F1600
G1 X-7.400 S0 F1600
G1 X-7.200 S260 F1600
G1 X7.300 S0 F1600
G1 X7.500 S260 F1600
G1 X8.200 S0 F1600
G1 X8.800 S260 F1600
G1 X10.100 S0 F1600
G1 X11.000 S260 F1600
M5
G0 X11.200 Y10.700 F2500
G1 X10.000 S260 F1600
G1 X8.900 S0 F1600
G1 X8.500 S260 F1600
G1 X7.600 S0 F1600
G1 X7.400 S260 F1600
G1 X-7.400 S0 F1600
G1 X-7.600 S260 F1600
G1 X-8.400 S0 F1600
G1 X-8.800 S260 F1600
G1 X-9.200 S0 F1600
G1 X-10.700 S260 F1600
M5
G0 X-10.600 Y10.600 F2500
G1 X-9.300 S260 F1600
G1 X-9.000 S0 F1600
G1 X-8.700 S260 F1600
G1 X-7.800 S0 F1600
G1 X-7.600 S260 F1600
G1 X7.400 S0 F1600
G1 X7.600 S260 F1600
G1 X8.500 S0 F1600
G1 X8.700 S260 F1600
G1 X9.800 S0 F1600
G1 X11.300 S260 F1600
M5
G0 X11.400 Y10.500 F2500
G1 X11.100 S260 F1600
G1 X10.700 S0 F1600
G1 X9.900 S260 F1600
G1 X7.700 S0 F1600
G1 X7.600 S260 F1600
G1 X-7.600 S0 F1600
G1 X-7.700 S260 F1600
G1 X-8.700 S0 F1600
G1 X-8.800 S260 F1600
G1 X-9.100 S0 F1600
G1 X-10.000 S260 F1600
G1 X-10.200 S0 F1600
G1 X-10.500 S260 F1600
G1 X-11.300 S0 F1600
G1 X-11.400 S260 F1600
M5
G0 X-11.500 Y10.400 F2500
G1 X-11.300 S260 F1600
G1 X-10.500 S0 F1600
G1 X-10.200 S260 F1600
G1 X-9.900 S0 F1600
G1 X-9.200 S260 F1600
G1 X-7.900 S0 F1600
G1 X-7.700 S260 F1600
G1 X7.500 S0 F1600
G1 X7.700 S260 F1600
G1 X9.700 S0 F1600
G1 X10.400 S260 F1600
G1 X11.100 S0 F1600
G1 X11.400 S260 F1600
M5
G0 X11.500 Y10.300 F2500
G1 X11.300 S260 F1600
G1 X10.400 S0 F1600
G1 X9.700 S260 F1600
G1 X7.900 S0 F1600
G1 X7.700 S260 F1600
G1 X-7.700 S0 F1600
G1 X-7.900 S260 F1600
G1 X-9.100 S0 F1600
G1 X-9.600 S260 F1600
G1 X-10.000 S0 F1600
G1 X-10.400 S260 F1600
G1 X-11.200 S0 F1600
G1 X-11.600 S260 F1600
M5
G0 X-11.600 Y10.200 F2500
G1 X-11.300 S260 F1600
G1 X-10.400 S0 F1600
G1 X-10.000 S260 F1600
G1 X-9.500 S0 F1600
G1 X-9.200 S260 F1600
G1 X-8.000 S0 F1600
G1 X-7.900 S260 F1600
G1 X7.700 S0 F1600
G1 X7.800 S260 F1600
G1 X9.600 S0 F1600
G1 X10.200 S260 F1600
G1 X11.200 S0 F1600
G1 X11.600 S260 F1600
M5
G0 X11.600 Y10.100 F2500
G1 X11.300 S260 F1600
G1 X10.200 S0 F1600
G1 X9.700 S260 F1600
G1 X-9.900 S0 F1600
G1 X-10.200 S260 F1600
G1 X-11.100 S0 F1600
G1 X-11.700 S260 F1600
M5
G0 X-11.700 Y10.000 F2500
G1 X-11.100 S260 F1600
G1 X-10.200 S0 F1600
G1 X-9.900 S260 F1600
G1 X9.500 S0 F1600
G1 X10.100 S260 F1600
G1 X11.200 S0 F1600
G1 X11.600 S260 F1600
M5
G0 X11.500 Y9.900 F2500
G1 X11.300 S260 F1600
G1 X10.100 S0 F1600
G1 X9.600 S260 F1600
G1 X-9.400 S0 F1600
G1 X-10.100 S260 F1600
G1 X-10.900 S0 F1600
G1 X-11.300 S260 F1600
M5
G0 X-11.200 Y9.800 F2500
G1 X-10.900 S260 F1600
G1 X-10.100 S0 F1600
G1 X-9.500 S260 F1600
G1 X9.500 S0 F1600
G1 X10.000 S260 F1600
G1 X11.200 S0 F1600
G1 X11.400 S260 F1600
M5
G0 X12.000 Y9.700 F2500
G1 X12.000 S260 F1600
G1 X10.100 S0 F1600
G1 X9.700 S260 F1600
G1 X-9.500 S0 F1600
G1 X-10.000 S260 F1600
G1 X-10.600 S0 F1600
G1 X-11.100 S260 F1600
M5
G0 X-10.900 Y9.600 F2500
G1 X-10.600 S260 F1600
G1 X-10.100 S0 F1600
G1 X-9.700 S260 F1600
G1 X9.600 S0 F1600
G1 X10.000 S260 F1600
G1 X11.900 S0 F1600
G1 X12.100 S260 F1600
M5
G0 X12.200 Y9.500 F2500
G1 X12.000 S260 F1600
G1 X10.100 S0 F1600
G1 X9.700 S260 F1600
G1 X-9.800 S0 F1600
G1 X-10.000 S260 F1600
G1 X-10.400 S0 F1600
G1 X-12.100 S260 F1600
M5
G0 X-12.300 Y9.400 F2500
G1 X-10.400 S260 F1600
G1 X9.700 S0 F1600
G1 X10.100 S260 F1600
G1 X11.800 S0 F1600
G1 X12.200 S260 F1600
M5
G0 X12.300 Y9.300 F2500
G1 X11.700 S260 F1600
G1 X10.300 S0 F1600
G1 X9.900 S260 F1600
G1 X-10.200 S0 F1600
G1 X-12.400 S260 F1600
M5
G0 X-12.500 Y9.200 F2500
G1 X-10.200 S260 F1600
G1 X9.900 S0 F1600
G1 X10.800 S260 F1600
G1 X11.500 S0 F1600
G1 X12.400 S260 F1600
M5
G0 X12.400 Y9.100 F2500
G1 X11.500 S260 F1600
G1 X10.900 S0 F1600
G1 X10.100 S260 F1600
G1 X-10.100 S0 F1600
G1 X-12.600 S260 F1600
M5
G0 X-12.600 Y9.000 F2500
G1 X-10.300 S260 F1600
G1 X10.100 S0 F1600
G1 X10.700 S260 F1600
G1 X11.200 S0 F1600
G1 X12.100 S260 F1600
G1 X12.300 S0 F1600
G1 X12.400 S260 F1600
M5
G0 X11.900 Y8.900 F2500
G1 X11.200 S260 F1600
G1 X10.600 S0 F1600
G1 X10.300 S260 F1600
G1 X-11.700 S0 F1600
G1 X-12.100 S260 F1600
M5
G0 X-12.000 Y8.800 F2500
G1 X-11.600 S260 F1600
G1 X10.900 S0 F1600
G1 X11.800 S260 F1600
G1 X12.500 S0 F1600
G1 X12.700 S260 F1600
M5
G0 X12.700 Y8.700 F2500
G1 X12.600 S260 F1600
G1 X11.900 S0 F1600
G1 X10.600 S260 F1600
G1 X-11.400 S0 F1600
G1 X-11.900 S260 F1600
M5
G0 X-11.700 Y8.600 F2500
G1 X-11.400 S260 F1600
G1 X10.500 S0 F1600
G1 X11.900 S260 F1600
G1 X12.500 S0 F1600
G1 X12.800 S260 F1600
M5
G0 X12.900 Y8.500 F2500
G1 X12.500 S260 F1600
G1 X12.100 S0 F1600
G1 X11.700 S260 F1600
G1 X11.500 S0 F1600
G1 X10.700 S260 F1600
G1 X-11.100 S0 F1600
G1 X-11.600 S260 F1600
M5
G0 X-11.500 Y8.400 F2500
G1 X-10.800 S260 F1600
G1 X10.600 S0 F1600
G1 X11.200 S260 F1600
G1 X11.700 S0 F1600
G1 X12.000 S260 F1600
G1 X12.200 S0 F1600
G1 X12.900 S260 F1600
M5
G0 X13.000 Y8.300 F2500
G1 X11.800 S260 F1600
G1 X11.200 S0 F1600
G1 X10.800 S260 F1600
G1 X-10.800 S0 F1600
G1 X-11.400 S260 F1600
G1 X-12.400 S0 F1600
G1 X-13.000 S260 F1600
M5
G0 X-13.100 Y8.200 F2500
G1 X-12.400 S260 F1600
G1 X-11.400 S0 F1600
G1 X-10.900 S260 F1600
G1 X10.800 S0 F1600
G1 X11.100 S260 F1600
G1 X11.800 S0 F1600
G1 X13.100 S260 F1600
M5
G0 X13.000 Y8.100 F2500
G1 X13.000 S260 F1600
G1 X12.800 S0 F1600
G1 X11.900 S260 F1600
G1 X11.200 S0 F1600
G1 X10.900 S260 F1600
G1 X-10.900 S0 F1600
G1 X-11.200 S260 F1600
G1 X-12.200 S0 F1600
G1 X-13.200 S260 F1600
M5
G0 X-13.200 Y8.000 F2500
G1 X-12.300 S260 F1600
G1 X-11.300 S0 F1600
G1 X-11.100 S260 F1600
G1 X11.700 S0 F1600
G1 X12.600 S260 F1600
M5
G0 X12.400 Y7.900 F2500
G1 X11.600 S260 F1600
G1 X-11.100 S0 F1600
G1 X-11.300 S260 F1600
G1 X-12.200 S0 F1600
G1 X-12.800 S260 F1600
G1 X-12.900 S0 F1600
G1 X-13.300 S260 F1600
M5
G0 X-13.400 Y7.800 F2500
G1 X-13.100 S260 F1600
G1 X-12.700 S0 F1600
G1 X-12.000 S260 F1600
G1 X-11.600 S0 F1600
G1 X-11.300 S260 F1600
G1 X11.100 S0 F1600
G1 X12.300 S260 F1600
G1 X13.100 S0 F1600
G1 X13.300 S260 F1600
M5
G0 X13.300 Y7.700 F2500
G1 X13.200 S260 F1600
G1 X12.200 S0 F1600
G1 X11.200 S260 F1600
G1 X-11.200 S0 F1600
G1 X-12.500 S260 F1600
G1 X-13.100 S0 F1600
G1 X-13.400 S260 F1600
M5
G0 X-13.500 Y7.600 F2500
G1 X-13.000 S260 F1600
G1 X-12.600 S0 F1600
G1 X-11.400 S260 F1600
G1 X11.200 S0 F1600
G1 X12.000 S260 F1600
G1 X13.100 S0 F1600
G1 X13.400 S260 F1600
M5
G0 X13.500 Y7.500 F2500
G1 X13.000 S260 F1600
G1 X11.900 S0 F1600
G1 X11.400 S260 F1600
G1 X10.500 S0 F1600
G1 X10.400 S260 F1600
G1 X-10.400 S0 F1600
G1 X-10.500 S260 F1600
G1 X-11.300 S0 F1600
G1 X-12.500 S260 F1600
G1 X-12.800 S0 F1600
G1 X-13.500 S260 F1600
M5
G0 X-13.600 Y7.400 F2500
G1 X-11.500 S260 F1600
G1 X11.300 S0 F1600
G1 X11.700 S260 F1600
G1 X12.700 S0 F1600
G1 X13.500 S260 F1600
M5
G0 X13.600 Y7.300 F2500
G1 X12.700 S260 F1600
G1 X11.800 S0 F1600
G1 X11.500 S260 F1600
G1 X-11.700 S0 F1600
G1 X-12.100 S260 F1600
G1 X-12.300 S0 F1600
G1 X-13.600 S260 F1600
M5
G0 X-13.200 Y7.200 F2500
G1 X-12.300 S260 F1600
G1 X11.400 S0 F1600
G1 X11.700 S260 F1600
G1 X12.400 S0 F1600
G1 X13.600 S260 F1600
M5
G0 X13.500 Y7.100 F2500
G1 X13.500 S260 F1600
G1 X13.300 S0 F1600
G1 X12.300 S260 F1600
G1 X-12.100 S0 F1600
G1 X-13.100 S260 F1600
M5
G0 X-12.900 Y7.000 F2500
G1 X-11.800 S260 F1600
G1 X11.700 S0 F1600
G1 X11.800 S260 F1600
G1 X12.000 S0 F1600
G1 X13.100 S260 F1600
M5
G0 X12.900 Y6.900 F2500
G1 X11.700 S260 F1600
G1 X-11.700 S0 F1600
G1 X-12.700 S260 F1600
M5
G0 X-13.900 Y6.800 F2500
G1 X-13.800 S260 F1600
G1 X-12.700 S0 F1600
G1 X-11.900 S260 F1600
G1 X11.700 S0 F1600
G1 X12.700 S260 F1600
G1 X13.600 S0 F1600
G1 X13.800 S260 F1600
M5
G0 X13.900 Y6.700 F2500
G1 X13.400 S260 F1600
G1 X12.600 S0 F1600
G1 X11.800 S260 F1600
G1 X-11.800 S0 F1600
G1 X-12.400 S260 F1600
G1 X-13.500 S0 F1600
G1 X-13.900 S260 F1600
M5
G0 X-14.000 Y6.600 F2500
G1 X-13.500 S260 F1600
G1 X-12.400 S0 F1600
G1 X-12.000 S260 F1600
G1 X11.800 S0 F1600
G1 X12.300 S260 F1600
G1 X13.300 S0 F1600
G1 X13.900 S260 F1600
M5
G0 X14.000 Y6.500 F2500
G1 X13.600 S260 F1600
G1 X12.300 S0 F1600
G1 X11.900 S260 F1600
G1 X-11.900 S0 F1600
G1 X-12.200 S260 F1600
G1 X-13.500 S0 F1600
G1 X-14.000 S260 F1600
M5
G0 X-14.000 Y6.400 F2500
G1 X-13.900 S260 F1600
G1 X-13.600 S0 F1600
G1 X-13.200 S260 F1600
G1 X-12.700 S0 F1600
G1 X-12.600 S260 F1600
G1 X-12.300 S0 F1600
G1 X-12.100 S260 F1600
G1 X11.900 S0 F1600
G1 X12.200 S260 F1600
G1 X13.700 S0 F1600
G1 X14.000 S260 F1600
M5
G0 X14.000 Y6.300 F2500
G1 X13.800 S260 F1600
G1 X12.200 S0 F1600
G1 X12.100 S260 F1600
G1 X-12.100 S0 F1600
G1 X-12.200 S260 F1600
G1 X-12.400 S0 F1600
G1 X-12.600 S260 F1600
G1 X-12.900 S0 F1600
G1 X-13.400 S260 F1600
G1 X-13.800 S0 F1600
G1 X-14.100 S260 F1600
M5
G0 X-14.100 Y6.200 F2500
G1 X-14.000 S260 F1600
G1 X-13.500 S0 F1600
G1 X-12.900 S260 F1600
G1 X-12.700 S0 F1600
G1 X-12.300 S260 F1600
G1 X13.600 S0 F1600
G1 X14.100 S260 F1600
M5
G0 X14.100 Y6.100 F2500
G1 X13.500 S260 F1600
G1 X-12.100 S0 F1600
G1 X-12.500 S260 F1600
G1 X-12.900 S0 F1600
G1 X-13.300 S260 F1600
G1 X-13.800 S0 F1600
G1 X-14.200 S260 F1600
M5
G0 X-14.200 Y6.000 F2500
G1 X-13.700 S260 F1600
G1 X-13.500 S0 F1600
G1 X-13.200 S260 F1600
G1 X-12.600 S0 F1600
G1 X-12.200 S260 F1600
G1 X13.100 S0 F1600
G1 X14.200 S260 F1600
M5
G0 X14.200 Y5.900 F2500
G1 X13.000 S260 F1600
G1 X-12.200 S0 F1600
G1 X-12.500 S260 F1600
G1 X-13.100 S0 F1600
G1 X-14.300 S260 F1600
M5
G0 X-14.300 Y5.800 F2500
G1 X-13.200 S260 F1600
G1 X-12.600 S0 F1600
G1 X-12.300 S260 F1600
G1 X12.200 S0 F1600
G1 X12.400 S260 F1600
G1 X12.700 S0 F1600
G1 X14.300 S260 F1600
M5
G0 X14.300 Y5.700 F2500
G1 X14.100 S260 F1600
G1 X13.800 S0 F1600
G1 X12.300 S260 F1600
G1 X-12.300 S0 F1600
G1 X-12.600 S260 F1600
G1 X-12.900 S0 F1600
G1 X-14.400 S260 F1600
M5
G0 X-14.300 Y5.600 F2500
G1 X-14.300 S260 F1600
G1 X-14.100 S0 F1600
G1 X-12.800 S260 F1600
G1 X-12.700 S0 F1600
G1 X-12.400 S260 F1600
G1 X12.300 S0 F1600
G1 X13.500 S260 F1600
G1 X14.000 S0 F1600
G1 X14.300 S260 F1600
M5
G0 X14.400 Y5.500 F2500
G1 X14.000 S260 F1600
G1 X13.400 S0 F1600
G1 X12.400 S260 F1600
G1 X-12.400 S0 F1600
G1 X-13.800 S260 F1600
M5
G0 X-13.500 Y5.400 F2500
G1 X-12.500 S260 F1600
G1 X12.300 S0 F1600
G1 X13.000 S260 F1600
G1 X13.900 S0 F1600
G1 X14.400 S260 F1600
M5
G0 X14.300 Y5.300 F2500
G1 X13.900 S260 F1600
G1 X12.900 S0 F1600
G1 X12.500 S260 F1600
G1 X-12.500 S0 F1600
G1 X-13.300 S260 F1600
G1 X-14.300 S0 F1600
G1 X-14.500 S260 F1600
M5
G0 X-14.500 Y5.200 F2500
G1 X-14.400 S260 F1600
G1 X-13.200 S0 F1600
G1 X-12.600 S260 F1600
G1 X12.400 S0 F1600
G1 X12.700 S260 F1600
G1 X13.900 S0 F1600
G1 X14.000 S260 F1600
M5
G0 X12.700 Y5.100 F2500
G1 X12.600 S260 F1600
G1 X-12.500 S0 F1600
G1 X-12.900 S260 F1600
G1 X-14.300 S0 F1600
G1 X-14.600 S260 F1600
M5
G0 X-14.600 Y5.000 F2500
G1 X-14.200 S260 F1600
G1 X-12.900 S0 F1600
G1 X-12.700 S260 F1600
G1 X14.100 S0 F1600
G1 X14.500 S260 F1600
M5
G0 X14.600 Y4.900 F2500
G1 X14.100 S260 F1600
G1 X-12.600 S0 F1600
G1 X-12.800 S260 F1600
G1 X-14.000 S0 F1600
G1 X-14.600 S260 F1600
M5
G0 X-14.700 Y4.800 F2500
G1 X-14.000 S260 F1600
G1 X14.100 S0 F1600
G1 X14.600 S260 F1600
M5
G0 X14.600 Y4.700 F2500
G1 X14.400 S260 F1600
G1 X-13.800 S0 F1600
G1 X-14.200 S260 F1600
G1 X-14.500 S0 F1600
G1 X-14.600 S260 F1600
M5
G0 X-14.100 Y4.600 F2500
G1 X-13.700 S260 F1600
G1 X14.400 S0 F1600
G1 X14.700 S260 F1600
M5
G0 X14.700 Y4.500 F2500
G1 X14.500 S260 F1600
G1 X-13.500 S0 F1600
G1 X-13.900 S260 F1600
M5
G0 X-13.800 Y4.400 F2500
G1 X-13.500 S260 F1600
G1 X14.000 S0 F1600
G1 X14.700 S260 F1600
M5
G0 X14.700 Y4.300 F2500
G1 X13.800 S260 F1600
G1 X-13.200 S0 F1600
G1 X-13.700 S260 F1600
G1 X-14.600 S0 F1600
G1 X-14.800 S260 F1600
M5
G0 X-14.800 Y4.200 F2500
G1 X-14.700 S260 F1600
G1 X-14.400 S0 F1600
G1 X-13.200 S260 F1600
G1 X12.800 S0 F1600
G1 X13.000 S260 F1600
G1 X13.400 S0 F1600
G1 X14.800 S260 F1600
M5
G0 X14.800 Y4.100 F2500
G1 X12.900 S260 F1600
G1 X-13.000 S0 F1600
G1 X-14.900 S260 F1600
M5
G0 X-14.900 Y4.000 F2500
G1 X-13.000 S260 F1600
G1 X12.800 S0 F1600
G1 X14.800 S260 F1600
M5
G0 X14.900 Y3.900 F2500
G1 X14.600 S260 F1600
G1 X14.200 S0 F1600
G1 X13.000 S260 F1600
G1 X-12.900 S0 F1600
G1 X-14.900 S260 F1600
M5
G0 X-14.900 Y3.800 F2500
G1 X-13.200 S260 F1600
G1 X12.900 S0 F1600
G1 X13.800 S260 F1600
G1 X14.500 S0 F1600
G1 X14.900 S260 F1600
M5
G0 X14.900 Y3.700 F2500
G1 X14.600 S260 F1600
G1 X13.600 S0 F1600
G1 X13.000 S260 F1600
G1 X-14.200 S0 F1600
G1 X-15.000 S260 F1600
M5
G0 X-15.000 Y3.600 F2500
G1 X-14.900 S260 F1600
G1 X12.900 S0 F1600
G1 X13.200 S260 F1600
G1 X14.400 S0 F1600
G1 X15.000 S260 F1600
M5
G0 X14.900 Y3.500 F2500
G1 X14.400 S260 F1600
G1 X13.300 S0 F1600
G1 X13.100 S260 F1600
M5
G0 X14.500 Y3.400 F2500
G1 X14.500 S260 F1600
M5
G0 X-14.700 Y3.200 F2500
G1 X-13.900 S260 F1600
G1 X14.800 S0 F1600
G1 X15.000 S260 F1600
M5
G0 X15.000 Y3.100 F2500
G1 X14.900 S260 F1600
G1 X-13.700 S0 F1600
G1 X-14.900 S260 F1600
M5
G0 X-15.000 Y3.000 F2500
G1 X-13.700 S260 F1600
G1 X14.400 S0 F1600
G1 X15.000 S260 F1600
M5
G0 X15.100 Y2.900 F2500
G1 X13.900 S260 F1600
G1 X-13.500 S0 F1600
G1 X-15.100 S260 F1600
M5
G0 X-15.100 Y2.800 F2500
G1 X-13.500 S260 F1600
G1 X13.500 S0 F1600
G1 X15.100 S260 F1600
M5
G0 X15.100 Y2.700 F2500
G1 X13.500 S260 F1600
G1 X-13.400 S0 F1600
G1 X-13.900 S260 F1600
G1 X-14.700 S0 F1600
G1 X-15.200 S260 F1600
M5
G0 X-15.200 Y2.600 F2500
G1 X-14.900 S260 F1600
G1 X-13.800 S0 F1600
G1 X-13.400 S260 F1600
G1 X13.300 S0 F1600
G1 X15.100 S260 F1600
M5
G0 X15.100 Y2.500 F2500
G1 X15.000 S260 F1600
G1 X14.700 S0 F1600
G1 X13.400 S260 F1600
G1 X-13.300 S0 F1600
G1 X-13.600 S260 F1600
G1 X-14.900 S0 F1600
G1 X-15.200 S260 F1600
M5
G0 X-15.200 Y2.400 F2500
G1 X-15.100 S260 F1600
G1 X-13.700 S0 F1600
G1 X-13.400 S260 F1600
G1 X13.300 S0 F1600
G1 X13.900 S260 F1600
M5
G0 X13.700 Y2.300 F2500
G1 X13.300 S260 F1600
G1 X-13.300 S0 F1600
G1 X-13.600 S260 F1600
G1 X-15.000 S0 F1600
G1 X-15.200 S260 F1600
M5
G0 X-15.200 Y2.200 F2500
G1 X-15.000 S260 F1600
G1 X-13.700 S0 F1600
G1 X-13.400 S260 F1600
G1 X13.200 S0 F1600
G1 X13.600 S260 F1600
M5
G0 X13.600 Y2.100 F2500
G1 X13.300 S260 F1600
G1 X-13.300 S0 F1600
G1 X-13.600 S260 F1600
G1 X-14.900 S0 F1600
G1 X-15.200 S260 F1600
M5
G0 X-15.200 Y2.000 F2500
G1 X-14.900 S260 F1600
G1 X-13.800 S0 F1600
G1 X-13.400 S260 F1600
G1 X13.200 S0 F1600
G1 X13.600 S260 F1600
G1 X15.000 S0 F1600
G1 X15.200 S260 F1600
M5
G0 X15.200 Y1.900 F2500
G1 X15.100 S260 F1600
G1 X13.700 S0 F1600
G1 X13.400 S260 F1600
G1 X-13.400 S0 F1600
G1 X-13.800 S260 F1600
G1 X-14.600 S0 F1600
G1 X-15.200 S260 F1600
M5
G0 X-15.100 Y1.800 F2500
G1 X-13.500 S260 F1600
G1 X13.300 S0 F1600
G1 X13.700 S260 F1600
G1 X14.800 S0 F1600
G1 X15.200 S260 F1600
M5
G0 X15.200 Y1.700 F2500
G1 X13.500 S260 F1600
G1 X-13.500 S0 F1600
G1 X-15.100 S260 F1600
M5
G0 X-15.000 Y1.600 F2500
G1 X-13.600 S260 F1600
G1 X13.500 S0 F1600
G1 X15.200 S260 F1600
M5
G0 X15.200 Y1.500 F2500
G1 X13.700 S260 F1600
G1 X-13.600 S0 F1600
G1 X-14.900 S260 F1600
M5
G0 X-14.700 Y1.400 F2500
G1 X-13.900 S260 F1600
G1 X13.900 S0 F1600
G1 X14.200 S260 F1600
G1 X15.100 S0 F1600
G1 X15.200 S260 F1600
M5
G0 X-14.200 Y1.300 F2500
G1 X-14.400 S260 F1600
M5
G0 X-14.300 Y1.100 F2500
G1 X-14.400 S260 F1600
M5
G0 X-15.100 Y1.000 F2500
G1 X-14.900 S260 F1600
G1 X-14.500 S0 F1600
G1 X-13.700 S260 F1600
G1 X13.400 S0 F1600
G1 X13.600 S260 F1600
G1 X15.100 S0 F1600
G1 X15.300 S260 F1600
M5
G0 X15.300 Y0.900 F2500
G1 X15.100 S260 F1600
G1 X13.800 S0 F1600
G1 X13.500 S260 F1600
G1 X-13.500 S0 F1600
G1 X-14.400 S260 F1600
G1 X-14.800 S0 F1600
G1 X-15.300 S260 F1600
M5
G0 X-15.400 Y0.800 F2500
G1 X-14.900 S260 F1600
G1 X-14.500 S0 F1600
G1 X-13.600 S260 F1600
G1 X13.400 S0 F1600
G1 X15.300 S260 F1600
M5
G0 X15.300 Y0.700 F2500
G1 X13.500 S260 F1600
G1 X-13.500 S0 F1600
G1 X-14.400 S260 F1600
G1 X-15.000 S0 F1600
G1 X-15.400 S260 F1600
M5
G0 X-15.400 Y0.600 F2500
G1 X-15.200 S260 F1600
G1 X-14.500 S0 F1600
G1 X-13.500 S260 F1600
G1 X13.400 S0 F1600
G1 X15.300 S260 F1600
M5
G0 X15.300 Y0.500 F2500
G1 X13.500 S260 F1600
G1 X-13.400 S0 F1600
G1 X-14.400 S260 F1600
G1 X-15.100 S0 F1600
G1 X-15.400 S260 F1600
M5
G0 X-15.400 Y0.400 F2500
G1 X-15.200 S260 F1600
G1 X-14.500 S0 F1600
G1 X-14.300 S260 F1600
G1 X-13.800 S0 F1600
G1 X-13.500 S260 F1600
G1 X13.400 S0 F1600
G1 X15.300 S260 F1600
M5
G0 X15.300 Y0.300 F2500
G1 X15.100 S260 F1600
G1 X14.500 S0 F1600
G1 X14.200 S260 F1600
G1 X13.700 S0 F1600
G1 X13.500 S260 F1600
G1 X-13.400 S0 F1600
G1 X-13.700 S260 F1600
G1 X-14.200 S0 F1600
G1 X-14.400 S260 F1600
G1 X-15.100 S0 F1600
G1 X-15.400 S260 F1600
M5
G0 X-15.400 Y0.200 F2500
G1 X-15.200 S260 F1600
G1 X-13.800 S0 F1600
G1 X-13.500 S260 F1600
G1 X13.500 S0 F1600
G1 X13.600 S260 F1600
G1 X13.900 S0 F1600
G1 X14.500 S260 F1600
G1 X15.000 S0 F1600
G1 X15.300 S260 F1600
M5
G0 X15.300 Y0.100 F2500
G1 X15.000 S260 F1600
G1 X14.600 S0 F1600
G1 X13.900 S260 F1600
G1 X-13.400 S0 F1600
G1 X-13.700 S260 F1600
G1 X-15.100 S0 F1600
G1 X-15.400 S260 F1600
M5
G0 X-15.400 Y-0.000 F2500
G1 X-15.100 S260 F1600
G1 X-13.900 S0 F1600
G1 X-13.500 S260 F1600
G1 X13.600 S0 F1600
G1 X15.300 S260 F1600
M5
G0 X15.300 Y-0.100 F2500
G1 X13.600 S260 F1600
G1 X-13.500 S0 F1600
G1 X-13.900 S260 F1600
G1 X-14.800 S0 F1600
G1 X-15.300 S260 F1600
M5
G0 X-15.300 Y-0.200 F2500
G1 X-14.600 S260 F1600
G1 X-14.400 S0 F1600
G1 X-13.600 S260 F1600
G1 X13.400 S0 F1600
G1 X15.200 S260 F1600
M5
G0 X15.100 Y-0.300 F2500
G1 X14.400 S260 F1600
G1 X14.200 S0 F1600
G1 X13.500 S260 F1600
G1 X-13.600 S0 F1600
G1 X-15.200 S260 F1600
M5
G0 X-15.200 Y-0.400 F2500
G1 X-13.700 S260 F1600
G1 X13.400 S0 F1600
G1 X13.900 S260 F1600
G1 X14.400 S0 F1600
G1 X15.000 S260 F1600
M5
G0 X13.800 Y-0.500 F2500
G1 X13.500 S260 F1600
G1 X-13.700 S0 F1600
G1 X-15.100 S260 F1600
M5
G0 X-14.900 Y-0.600 F2500
G1 X-13.900 S260 F1600
G1 X13.400 S0 F1600
G1 X13.600 S260 F1600
M5
G0 X13.600 Y-0.700 F2500
G1 X13.500 S260 F1600
G1 X-14.000 S0 F1600
G1 X-14.700 S260 F1600
M5
G0 X11.700 Y-6.100 F2500
G1 X11.700 S260 F1600
G1 X-11.700 S0 F1600
G1 X-11.800 S260 F1600
M5
G0 X-11.800 Y-6.200 F2500
G1 X-11.700 S260 F1600
G1 X11.500 S0 F1600
G1 X11.700 S260 F1600
M5
G0 X11.800 Y-6.300 F2500
G1 X11.600 S260 F1600
G1 X-11.500 S0 F1600
G1 X-11.800 S260 F1600
M5
G0 X-11.800 Y-6.400 F2500
G1 X-11.600 S260 F1600
G1 X11.400 S0 F1600
G1 X11.800 S260 F1600
M5
G0 X11.800 Y-6.500 F2500
G1 X11.700 S260 F1600
G1 X11.600 S0 F1600
G1 X11.400 S260 F1600
G1 X-11.400 S0 F1600
G1 X-11.600 S260 F1600
G1 X-11.700 S0 F1600
G1 X-11.800 S260 F1600
M5
G0 X-11.800 Y-6.600 F2500
G1 X-11.800 S260 F1600
G1 X-11.600 S0 F1600
G1 X-11.500 S260 F1600
G1 X11.300 S0 F1600
G1 X11.400 S260 F1600
G1 X11.600 S0 F1600
G1 X11.800 S260 F1600
M5
G0 X11.800 Y-6.700 F2500
G1 X11.700 S260 F1600
G1 X11.500 S0 F1600
G1 X11.300 S260 F1600
G1 X-11.300 S0 F1600
G1 X-11.400 S260 F1600
G1 X-11.700 S0 F1600
G1 X-11.800 S260 F1600
M5
G0 X-11.800 Y-6.800 F2500
G1 X-11.700 S260 F1600
G1 X-11.500 S0 F1600
G1 X-11.300 S260 F1600
G1 X11.100 S0 F1600
G1 X11.300 S260 F1600
G1 X11.600 S0 F1600
G1 X11.700 S260 F1600
M5
G0 X11.700 Y-6.900 F2500
G1 X11.700 S260 F1600
G1 X11.300 S0 F1600
G1 X11.100 S260 F1600
G1 X-11.100 S0 F1600
G1 X-11.300 S260 F1600
G1 X-11.700 S0 F1600
G1 X-11.800 S260 F1600
M5
G0 X-11.800 Y-7.000 F2500
G1 X-11.700 S260 F1600
G1 X-11.300 S0 F1600
G1 X-11.100 S260 F1600
G1 X10.900 S0 F1600
G1 X11.100 S260 F1600
G1 X11.600 S0 F1600
G1 X11.700 S260 F1600
M5
G0 X11.700 Y-7.100 F2500
G1 X11.700 S260 F1600
G1 X11.100 S0 F1600
G1 X10.900 S260 F1600
G1 X-10.900 S0 F1600
G1 X-11.100 S260 F1600
G1 X-11.600 S0 F1600
G1 X-11.800 S260 F1600
M5
G0 X-11.800 Y-7.200 F2500
G1 X-11.700 S260 F1600
G1 X-11.100 S0 F1600
G1 X-10.900 S260 F1600
G1 X10.700 S0 F1600
G1 X10.900 S260 F1600
G1 X11.500 S0 F1600
G1 X11.700 S260 F1600
M5
G0 X11.700 Y-7.300 F2500
G1 X11.600 S260 F1600
G1 X10.900 S0 F1600
G1 X10.700 S260 F1600
G1 X-10.700 S0 F1600
G1 X-10.900 S260 F1600
G1 X-11.600 S0 F1600
G1 X-11.700 S260 F1600
M5
G0 X-11.700 Y-7.400 F2500
G1 X-11.700 S260 F1600
G1 X-10.800 S0 F1600
G1 X-10.600 S260 F1600
G1 X10.400 S0 F1600
G1 X10.700 S260 F1600
G1 X11.500 S0 F1600
G1 X11.600 S260 F1600
M5
G0 X11.600 Y-7.500 F2500
G1 X11.500 S260 F1600
G1 X10.600 S0 F1600
G1 X10.400 S260 F1600
G1 X-10.400 S0 F1600
G1 X-10.600 S260 F1600
G1 X-11.500 S0 F1600
G1 X-11.700 S260 F1600
M5
G0 X-11.600 Y-7.600 F2500
G1 X-11.600 S260 F1600
G1 X-10.600 S0 F1600
G1 X-10.400 S260 F1600
G1 X10.200 S0 F1600
G1 X10.400 S260 F1600
G1 X11.400 S0 F1600
G1 X11.600 S260 F1600
M5
G0 X13.100 Y-7.700 F2500
G1 X13.100 S260 F1600
G1 X11.600 S0 F1600
G1 X11.500 S260 F1600
G1 X10.400 S0 F1600
G1 X10.200 S260 F1600
G1 X-10.200 S0 F1600
G1 X-10.300 S260 F1600
G1 X-11.500 S0 F1600
G1 X-11.600 S260 F1600
G1 X-13.100 S0 F1600
G1 X-13.200 S260 F1600
M5
G0 X-13.200 Y-7.800 F2500
G1 X-13.100 S260 F1600
G1 X-11.700 S0 F1600
G1 X-11.500 S260 F1600
G1 X11.300 S0 F1600
G1 X11.500 S260 F1600
G1 X12.900 S0 F1600
G1 X13.200 S260 F1600
M5
G0 X13.100 Y-7.900 F2500
G1 X13.100 S260 F1600
G1 X13.000 S0 F1600
G1 X12.800 S260 F1600
G1 X11.500 S0 F1600
G1 X11.400 S260 F1600
G1 X-11.400 S0 F1600
G1 X-11.500 S260 F1600
G1 X-12.800 S0 F1600
G1 X-13.200 S260 F1600
M5
G0 X-13.200 Y-8.000 F2500
G1 X-13.100 S260 F1600
G1 X-13.000 S0 F1600
G1 X-12.800 S260 F1600
G1 X-11.600 S0 F1600
G1 X-11.400 S260 F1600
G1 X11.200 S0 F1600
G1 X11.400 S260 F1600
G1 X12.600 S0 F1600
G1 X12.800 S260 F1600
G1 X12.900 S0 F1600
G1 X13.100 S260 F1600
M5
G0 X13.000 Y-8.100 F2500
G1 X13.000 S260 F1600
G1 X12.700 S0 F1600
G1 X12.500 S260 F1600
G1 X11.500 S0 F1600
G1 X11.300 S260 F1600
G1 X-11.300 S0 F1600
G1 X-11.400 S260 F1600
G1 X-12.500 S0 F1600
G1 X-12.700 S260 F1600
G1 X-12.900 S0 F1600
G1 X-13.100 S260 F1600
M5
G0 X-13.100 Y-8.200 F2500
G1 X-13.000 S260 F1600
G1 X-12.700 S0 F1600
G1 X-12.400 S260 F1600
G1 X-11.500 S0 F1600
G1 X-11.300 S260 F1600
G1 X11.100 S0 F1600
G1 X11.300 S260 F1600
G1 X12.200 S0 F1600
G1 X12.500 S260 F1600
G1 X12.800 S0 F1600
G1 X13.000 S260 F1600
M5
G0 X12.900 Y-8.300 F2500
G1 X12.900 S260 F1600
G1 X12.400 S0 F1600
G1 X12.100 S260 F1600
G1 X11.300 S0 F1600
G1 X11.200 S260 F1600
G1 X-11.200 S0 F1600
G1 X-11.300 S260 F1600
G1 X-12.100 S0 F1600
G1 X-12.400 S260 F1600
G1 X-12.800 S0 F1600
G1 X-13.000 S260 F1600
M5
G0 X-12.900 Y-8.400 F2500
G1 X-12.900 S260 F1600
G1 X-12.200 S0 F1600
G1 X-11.900 S260 F1600
G1 X-11.400 S0 F1600
G1 X-11.200 S260 F1600
G1 X11.000 S0 F1600
G1 X11.200 S260 F1600
G1 X11.700 S0 F1600
G1 X12.100 S260 F1600
G1 X12.700 S0 F1600
G1 X12.900 S260 F1600
M5
G0 X12.800 Y-8.500 F2500
G1 X12.800 S260 F1600
G1 X11.900 S0 F1600
G1 X11.400 S260 F1600
G1 X11.200 S0 F1600
G1 X11.100 S260 F1600
G1 X-11.100 S0 F1600
G1 X-11.200 S260 F1600
G1 X-11.400 S0 F1600
G1 X-11.900 S260 F1600
G1 X-12.700 S0 F1600
G1 X-12.900 S260 F1600
M5
G0 X-12.800 Y-8.600 F2500
G1 X-12.800 S260 F1600
G1 X-11.700 S0 F1600
G1 X-11.100 S260 F1600
G1 X10.900 S0 F1600
G1 X11.500 S260 F1600
G1 X12.600 S0 F1600
G1 X12.700 S260 F1600
M5
G0 X12.700 Y-8.700 F2500
G1 X12.600 S260 F1600
G1 X-12.600 S0 F1600
G1 X-12.800 S260 F1600
M5
G0 X-12.700 Y-8.800 F2500
G1 X-12.600 S260 F1600
G1 X12.400 S0 F1600
G1 X12.600 S260 F1600
M5
G0 X12.500 Y-8.900 F2500
G1 X12.500 S260 F1600
G1 X-12.400 S0 F1600
G1 X-12.600 S260 F1600
M5
G0 X-12.500 Y-9.000 F2500
G1 X-12.500 S260 F1600
G1 X12.300 S0 F1600
G1 X12.400 S260 F1600
M5
G0 X12.400 Y-9.100 F2500
G1 X12.300 S260 F1600
G1 X9.200 S0 F1600
G1 X9.000 S260 F1600
G1 X-9.000 S0 F1600
G1 X-9.200 S260 F1600
G1 X-12.300 S0 F1600
G1 X-12.400 S260 F1600
M5
G0 X-12.400 Y-9.200 F2500
G1 X-12.300 S260 F1600
G1 X-9.400 S0 F1600
G1 X-9.000 S260 F1600
G1 X8.800 S0 F1600
G1 X9.200 S260 F1600
G1 X12.100 S0 F1600
G1 X12.300 S260 F1600
M5
G0 X12.200 Y-9.300 F2500
G1 X12.100 S260 F1600
G1 X9.400 S0 F1600
G1 X8.800 S260 F1600
G1 X-8.800 S0 F1600
G1 X-9.400 S260 F1600
G1 X-12.100 S0 F1600
G1 X-12.300 S260 F1600
M5
G0 X-12.200 Y-9.400 F2500
G1 X-12.100 S260 F1600
G1 X-9.500 S0 F1600
G1 X-9.300 S260 F1600
G1 X-9.200 S0 F1600
G1 X-8.800 S260 F1600
G1 X8.600 S0 F1600
G1 X9.000 S260 F1600
G1 X9.200 S0 F1600
G1 X9.300 S260 F1600
G1 X11.900 S0 F1600
G1 X12.100 S260 F1600
M5
G0 X12.000 Y-9.500 F2500
G1 X11.900 S260 F1600
G1 X9.500 S0 F1600
G1 X9.300 S260 F1600
G1 X9.100 S0 F1600
G1 X8.600 S260 F1600
G1 X-8.600 S0 F1600
G1 X-9.100 S260 F1600
G1 X-9.300 S0 F1600
G1 X-9.500 S260 F1600
G1 X-11.900 S0 F1600
G1 X-12.100 S260 F1600
M5
G0 X-12.000 Y-9.600 F2500
G1 X-11.800 S260 F1600
G1 X-9.600 S0 F1600
G1 X-9.500 S260 F1600
G1 X-9.100 S0 F1600
G1 X-8.600 S260 F1600
G1 X8.400 S0 F1600
G1 X8.900 S260 F1600
G1 X9.300 S0 F1600
G1 X9.500 S260 F1600
G1 X11.700 S0 F1600
G1 X11.900 S260 F1600
M5
G0 X11.800 Y-9.700 F2500
G1 X11.600 S260 F1600
G1 X9.600 S0 F1600
G1 X9.400 S260 F1600
G1 X8.900 S0 F1600
G1 X8.400 S260 F1600
G1 X-8.400 S0 F1600
G1 X-8.900 S260 F1600
G1 X-9.400 S0 F1600
G1 X-9.600 S260 F1600
G1 X-11.600 S0 F1600
G1 X-11.800 S260 F1600
M5
G0 X-11.700 Y-9.800 F2500
G1 X-11.600 S260 F1600
G1 X-9.800 S0 F1600
G1 X-9.600 S260 F1600
G1 X-8.900 S0 F1600
G1 X-8.400 S260 F1600
G1 X8.200 S0 F1600
G1 X8.700 S260 F1600
G1 X9.400 S0 F1600
G1 X9.600 S260 F1600
G1 X11.400 S0 F1600
G1 X11.600 S260 F1600
M5
G0 X11.500 Y-9.900 F2500
G1 X11.400 S260 F1600
G1 X9.700 S0 F1600
G1 X9.500 S260 F1600
G1 X8.700 S0 F1600
G1 X8.200 S260 F1600
G1 X-8.200 S0 F1600
G1 X-8.700 S260 F1600
G1 X-9.500 S0 F1600
G1 X-9.700 S260 F1600
G1 X-11.100 S0 F1600
G1 X-11.200 S260 F1600
G1 X-11.400 S0 F1600
G1 X-11.600 S260 F1600
M5
G0 X-11.400 Y-10.000 F2500
G1 X-11.300 S260 F1600
G1 X-9.900 S0 F1600
G1 X-9.700 S260 F1600
G1 X-8.600 S0 F1600
G1 X-8.200 S260 F1600
G1 X8.000 S0 F1600
G1 X8.400 S260 F1600
G1 X9.500 S0 F1600
G1 X9.700 S260 F1600
G1 X11.100 S0 F1600
G1 X11.400 S260 F1600
M5
G0 X11.200 Y-10.100 F2500
G1 X11.100 S260 F1600
G1 X9.900 S0 F1600
G1 X9.600 S260 F1600
G1 X8.400 S0 F1600
G1 X8.000 S260 F1600
G1 X-7.900 S0 F1600
G1 X-8.000 S260 F1600
G1 X-8.100 S0 F1600
G1 X-8.400 S260 F1600
G1 X-9.600 S0 F1600
G1 X-9.800 S260 F1600
G1 X-11.100 S0 F1600
G1 X-11.300 S260 F1600
M5
G0 X-11.100 Y-10.200 F2500
G1 X-11.000 S260 F1600
G1 X-10.000 S0 F1600
G1 X-9.800 S260 F1600
G1 X-8.400 S0 F1600
G1 X-7.900 S260 F1600
G1 X7.700 S0 F1600
G1 X7.800 S260 F1600
G1 X7.900 S0 F1600
G1 X8.200 S260 F1600
G1 X9.000 S0 F1600
G1 X9.100 S260 F1600
G1 X9.600 S0 F1600
G1 X9.800 S260 F1600
G1 X10.500 S0 F1600
G1 X10.600 S260 F1600
G1 X10.800 S0 F1600
G1 X11.000 S260 F1600
M5
G0 X10.900 Y-10.300 F2500
G1 X10.700 S260 F1600
G1 X10.500 S0 F1600
G1 X10.400 S260 F1600
G1 X9.900 S0 F1600
G1 X9.800 S260 F1600
G1 X8.100 S0 F1600
G1 X7.700 S260 F1600
G1 X-7.500 S0 F1600
G1 X-7.600 S260 F1600
G1 X-7.700 S0 F1600
G1 X-8.100 S260 F1600
G1 X-9.800 S0 F1600
G1 X-9.900 S260 F1600
G1 X-10.400 S0 F1600
G1 X-10.500 S260 F1600
G1 X-10.700 S0 F1600
G1 X-11.000 S260 F1600
M5
G0 X-10.800 Y-10.400 F2500
G1 X-10.600 S260 F1600
G1 X-10.400 S0 F1600
G1 X-10.300 S260 F1600
G1 X-10.100 S0 F1600
G1 X-9.900 S260 F1600
G1 X-8.100 S0 F1600
G1 X-7.600 S260 F1600
G1 X7.400 S0 F1600
G1 X7.900 S260 F1600
G1 X9.700 S0 F1600
G1 X9.900 S260 F1600
G1 X10.100 S0 F1600
G1 X10.200 S260 F1600
G1 X10.400 S0 F1600
G1 X10.700 S260 F1600
M5
G0 X10.500 Y-10.500 F2500
G1 X10.300 S260 F1600
G1 X10.100 S0 F1600
G1 X9.900 S260 F1600
G1 X7.800 S0 F1600
G1 X7.500 S260 F1600
G1 X-7.500 S0 F1600
G1 X-7.800 S260 F1600
G1 X-9.900 S0 F1600
G1 X-10.100 S260 F1600
G1 X-10.300 S0 F1600
G1 X-10.600 S260 F1600
M5
G0 X-10.400 Y-10.600 F2500
G1 X-10.100 S260 F1600
G1 X-7.700 S0 F1600
G1 X-7.500 S260 F1600
G1 X7.300 S0 F1600
G1 X7.500 S260 F1600
G1 X9.300 S0 F1600
G1 X9.400 S260 F1600
G1 X9.900 S0 F1600
G1 X10.300 S260 F1600
M5
G0 X10.100 Y-10.700 F2500
G1 X10.000 S260 F1600
G1 X7.500 S0 F1600
G1 X7.200 S260 F1600
G1 X-7.200 S0 F1600
G1 X-7.500 S260 F1600
G1 X-10.000 S0 F1600
G1 X-10.200 S260 F1600
M5
G0 X-10.200 Y-10.800 F2500
G1 X-10.200 S260 F1600
G1 X-7.400 S0 F1600
G1 X-7.100 S260 F1600
G1 X6.900 S0 F1600
G1 X7.200 S260 F1600
G1 X10.000 S0 F1600
G1 X10.200 S260 F1600
M5
G0 X10.200 Y-10.900 F2500
G1 X10.100 S260 F1600
G1 X7.100 S0 F1600
G1 X6.900 S260 F1600
G1 X-6.800 S0 F1600
G1 X-7.100 S260 F1600
G1 X-10.100 S0 F1600
G1 X-10.300 S260 F1600
M5
G0 X-10.400 Y-11.000 F2500
G1 X-10.300 S260 F1600
G1 X-7.000 S0 F1600
G1 X-6.800 S260 F1600
G1 X6.600 S0 F1600
G1 X6.900 S260 F1600
G1 X10.100 S0 F1600
G1 X10.300 S260 F1600
M5
G0 X10.300 Y-11.100 F2500
G1 X10.300 S260 F1600
G1 X6.800 S0 F1600
G1 X6.500 S260 F1600
G1 X-6.500 S0 F1600
G1 X-6.800 S260 F1600
G1 X-10.300 S0 F1600
G1 X-10.400 S260 F1600
M5
G0 X-10.500 Y-11.200 F2500
G1 X-10.400 S260 F1600
G1 X-6.700 S0 F1600
G1 X-6.400 S260 F1600
G1 X6.200 S0 F1600
G1 X6.500 S260 F1600
G1 X10.200 S0 F1600
G1 X10.400 S260 F1600
M5
G0 X10.400 Y-11.300 F2500
G1 X10.400 S260 F1600
G1 X6.400 S0 F1600
G1 X6.100 S260 F1600
G1 X-6.100 S0 F1600
G1 X-6.400 S260 F1600
G1 X-10.300 S0 F1600
G1 X-10.500 S260 F1600
M5
G0 X-10.500 Y-11.400 F2500
G1 X-10.400 S260 F1600
G1 X-6.300 S0 F1600
G1 X-5.900 S260 F1600
G1 X5.800 S0 F1600
G1 X6.100 S260 F1600
G1 X10.300 S0 F1600
G1 X10.400 S260 F1600
M5
G0 X10.400 Y-11.500 F2500
G1 X10.400 S260 F1600
G1 X10.100 S0 F1600
G1 X10.000 S260 F1600
G1 X6.000 S0 F1600
G1 X5.600 S260 F1600
G1 X-5.600 S0 F1600
G1 X-5.900 S260 F1600
G1 X-7.500 S0 F1600
G1 X-7.600 S260 F1600
G1 X-10.300 S0 F1600
G1 X-10.500 S260 F1600
M5
G0 X-10.400 Y-11.600 F2500
G1 X-10.400 S260 F1600
G1 X-7.800 S0 F1600
G1 X-7.500 S260 F1600
G1 X-5.800 S0 F1600
G1 X-5.500 S260 F1600
G1 X5.300 S0 F1600
G1 X5.600 S260 F1600
G1 X9.800 S0 F1600
G1 X9.900 S260 F1600
G1 X10.200 S0 F1600
G1 X10.300 S260 F1600
M5
G0 X7.300 Y-11.700 F2500
G1 X7.300 S260 F1600
G1 X5.500 S0 F1600
G1 X5.100 S260 F1600
G1 X-5.100 S0 F1600
G1 X-5.500 S260 F1600
G1 X-7.200 S0 F1600
G1 X-7.600 S260 F1600
M5
G0 X-7.600 Y-11.800 F2500
G1 X-7.100 S260 F1600
G1 X-5.300 S0 F1600
G1 X-5.000 S260 F1600
G1 X4.800 S0 F1600
G1 X5.200 S260 F1600
G1 X7.000 S0 F1600
G1 X7.300 S260 F1600
G1 X7.500 S0 F1600
G1 X7.700 S260 F1600
M5
G0 X7.700 Y-11.900 F2500
G1 X7.600 S260 F1600
G1 X7.300 S0 F1600
G1 X6.900 S260 F1600
G1 X5.000 S0 F1600
G1 X4.600 S260 F1600
G1 X-4.600 S0 F1600
G1 X-5.000 S260 F1600
G1 X-6.800 S0 F1600
G1 X-7.300 S260 F1600
G1 X-7.400 S0 F1600
G1 X-7.600 S260 F1600
M5
G0 X-7.700 Y-12.000 F2500
G1 X-7.500 S260 F1600
G1 X-7.200 S0 F1600
G1 X-6.800 S260 F1600
G1 X-4.800 S0 F1600
G1 X-4.400 S260 F1600
G1 X4.300 S0 F1600
G1 X4.600 S260 F1600
G1 X6.600 S0 F1600
G1 X7.300 S260 F1600
G1 X7.500 S0 F1600
G1 X7.700 S260 F1600
M5
G0 X7.300 Y-12.100 F2500
G1 X7.100 S260 F1600
G1 X6.900 S0 F1600
G1 X6.600 S260 F1600
G1 X4.400 S0 F1600
G1 X4.100 S260 F1600
G1 X-4.100 S0 F1600
G1 X-4.400 S260 F1600
G1 X-6.500 S0 F1600
G1 X-7.100 S260 F1600
G1 X-7.500 S0 F1600
G1 X-7.900 S260 F1600
M5
G0 X-7.900 Y-12.200 F2500
G1 X-7.500 S260 F1600
G1 X-7.300 S0 F1600
G1 X-7.000 S260 F1600
G1 X-6.800 S0 F1600
G1 X-6.300 S260 F1600
G1 X-4.200 S0 F1600
G1 X-3.800 S260 F1600
G1 X3.700 S0 F1600
G1 X4.000 S260 F1600
G1 X6.100 S0 F1600
G1 X6.300 S260 F1600
G1 X6.600 S0 F1600
G1 X6.800 S260 F1600
G1 X7.100 S0 F1600
G1 X7.400 S260 F1600
M5
G0 X8.000 Y-12.300 F2500
G1 X7.800 S260 F1600
G1 X7.500 S0 F1600
G1 X7.200 S260 F1600
G1 X7.000 S0 F1600
G1 X6.700 S260 F1600
G1 X6.600 S0 F1600
G1 X6.100 S260 F1600
G1 X3.800 S0 F1600
G1 X3.400 S260 F1600
G1 X-3.400 S0 F1600
G1 X-3.700 S260 F1600
G1 X-6.000 S0 F1600
G1 X-6.500 S260 F1600
G1 X-7.000 S0 F1600
G1 X-7.900 S260 F1600
M5
G0 X-7.900 Y-12.400 F2500
G1 X-7.700 S260 F1600
G1 X-7.600 S0 F1600
G1 X-7.100 S260 F1600
G1 X-6.900 S0 F1600
G1 X-6.600 S260 F1600
G1 X-6.400 S0 F1600
G1 X-5.900 S260 F1600
G1 X-3.500 S0 F1600
G1 X-3.100 S260 F1600
G1 X2.900 S0 F1600
G1 X3.300 S260 F1600
G1 X5.700 S0 F1600
G1 X6.500 S260 F1600
G1 X6.700 S0 F1600
G1 X6.900 S260 F1600
G1 X7.200 S0 F1600
G1 X7.500 S260 F1600
G1 X7.700 S0 F1600
G1 X8.000 S260 F1600
M5
G0 X7.500 Y-12.500 F2500
G1 X7.300 S260 F1600
G1 X7.100 S0 F1600
G1 X6.800 S260 F1600
G1 X6.600 S0 F1600
G1 X6.400 S260 F1600
G1 X6.300 S0 F1600
G1 X5.600 S260 F1600
G1 X2.900 S0 F1600
G1 X2.700 S260 F1600
G1 X-2.600 S0 F1600
G1 X-2.900 S260 F1600
G1 X-5.600 S0 F1600
G1 X-6.900 S260 F1600
G1 X-7.100 S0 F1600
G1 X-7.300 S260 F1600
M5
G0 X-7.400 Y-12.600 F2500
G1 X-7.200 S260 F1600
G1 X-7.000 S0 F1600
G1 X-6.200 S260 F1600
G1 X-6.000 S0 F1600
G1 X-5.400 S260 F1600
G1 X5.200 S0 F1600
G1 X5.800 S260 F1600
G1 X6.000 S0 F1600
G1 X6.200 S260 F1600
G1 X6.300 S0 F1600
G1 X6.500 S260 F1600
G1 X6.700 S0 F1600
G1 X7.000 S260 F1600
G1 X7.300 S0 F1600
G1 X7.600 S260 F1600
M5
G0 X7.600 Y-12.700 F2500
G1 X7.400 S260 F1600
G1 X7.200 S0 F1600
G1 X6.800 S260 F1600
G1 X6.600 S0 F1600
G1 X6.300 S260 F1600
G1 X5.600 S0 F1600
G1 X5.100 S260 F1600
G1 X-3.400 S0 F1600
G1 X-3.600 S260 F1600
G1 X-5.000 S0 F1600
G1 X-5.900 S260 F1600
G1 X-6.200 S0 F1600
G1 X-6.300 S260 F1600
G1 X-6.600 S0 F1600
G1 X-6.900 S260 F1600
G1 X-7.200 S0 F1600
G1 X-7.400 S260 F1600
M5
G0 X-7.500 Y-12.800 F2500
G1 X-7.300 S260 F1600
G1 X-7.000 S0 F1600
G1 X-6.500 S260 F1600
G1 X-6.000 S0 F1600
G1 X-5.800 S260 F1600
G1 X-5.500 S0 F1600
G1 X-4.900 S260 F1600
G1 X-3.700 S0 F1600
G1 X-3.300 S260 F1600
G1 X4.700 S0 F1600
G1 X5.300 S260 F1600
G1 X5.900 S0 F1600
G1 X6.400 S260 F1600
G1 X6.700 S0 F1600
G1 X7.100 S260 F1600
G1 X7.400 S0 F1600
G1 X7.600 S260 F1600
G1 X8.700 S0 F1600
G1 X8.800 S260 F1600
M5
G0 X8.600 Y-12.900 F2500
G1 X8.600 S260 F1600
G1 X7.200 S0 F1600
G1 X5.700 S260 F1600
G1 X5.300 S0 F1600
G1 X4.500 S260 F1600
G1 X-3.100 S0 F1600
G1 X-3.500 S260 F1600
G1 X-4.500 S0 F1600
G1 X-5.100 S260 F1600
G1 X-5.700 S0 F1600
G1 X-6.000 S260 F1600
G1 X-6.300 S0 F1600
G1 X-7.000 S260 F1600
G1 X-7.300 S0 F1600
G1 X-7.500 S260 F1600
G1 X-8.600 S0 F1600
G1 X-8.700 S260 F1600
M5
G0 X-8.600 Y-13.000 F2500
G1 X-8.600 S260 F1600
G1 X-7.100 S0 F1600
G1 X-6.900 S260 F1600
G1 X-6.600 S0 F1600
G1 X-6.300 S260 F1600
G1 X-6.100 S0 F1600
G1 X-5.800 S260 F1600
G1 X-4.900 S0 F1600
G1 X-4.200 S260 F1600
G1 X-3.400 S0 F1600
G1 X-3.200 S260 F1600
G1 X-2.300 S0 F1600
G1 X-2.000 S260 F1600
G1 X4.300 S0 F1600
G1 X4.800 S260 F1600
G1 X5.000 S0 F1600
G1 X5.300 S260 F1600
G1 X5.500 S0 F1600
G1 X6.000 S260 F1600
G1 X6.200 S0 F1600
G1 X6.700 S260 F1600
G1 X6.900 S0 F1600
G1 X7.200 S260 F1600
G1 X8.400 S0 F1600
G1 X8.500 S260 F1600
M5
G0 X8.300 Y-13.100 F2500
G1 X8.300 S260 F1600
G1 X6.600 S0 F1600
G1 X6.500 S260 F1600
G1 X5.900 S0 F1600
G1 X5.600 S260 F1600
G1 X5.400 S0 F1600
G1 X5.200 S260 F1600
G1 X4.900 S0 F1600
G1 X4.600 S260 F1600
G1 X4.100 S0 F1600
G1 X3.800 S260 F1600
G1 X-1.800 S0 F1600
G1 X-2.200 S260 F1600
G1 X-3.100 S0 F1600
G1 X-3.300 S260 F1600
G1 X-3.800 S0 F1600
G1 X-4.700 S260 F1600
G1 X-5.100 S0 F1600
G1 X-5.200 S260 F1600
G1 X-5.400 S0 F1600
G1 X-5.600 S260 F1600
G1 X-5.800 S0 F1600
G1 X-6.000 S260 F1600
G1 X-6.200 S0 F1600
G1 X-6.500 S260 F1600
G1 X-6.800 S0 F1600
G1 X-7.000 S260 F1600
G1 X-8.300 S0 F1600
G1 X-8.400 S260 F1600
M5
G0 X-8.300 Y-13.200 F2500
G1 X-8.200 S260 F1600
G1 X-7.100 S0 F1600
G1 X-6.900 S260 F1600
G1 X-6.700 S0 F1600
G1 X-6.400 S260 F1600
G1 X-6.200 S0 F1600
G1 X-5.900 S260 F1600
G1 X-5.700 S0 F1600
G1 X-5.500 S260 F1600
G1 X-5.400 S0 F1600
G1 X-4.500 S260 F1600
G1 X-4.300 S0 F1600
G1 X-3.500 S260 F1600
G1 X-3.300 S0 F1600
G1 X-3.100 S260 F1600
G1 X-2.100 S0 F1600
G1 X-1.800 S260 F1600
G1 X3.300 S0 F1600
G1 X4.000 S260 F1600
G1 X4.500 S0 F1600
G1 X4.800 S260 F1600
G1 X5.100 S0 F1600
G1 X5.400 S260 F1600
G1 X5.500 S0 F1600
G1 X5.900 S260 F1600
G1 X8.000 S0 F1600
G1 X8.200 S260 F1600
M5
G0 X8.000 Y-13.300 F2500
G1 X8.000 S260 F1600
G1 X5.900 S0 F1600
G1 X5.700 S260 F1600
G1 X5.500 S0 F1600
G1 X5.200 S260 F1600
G1 X4.900 S0 F1600
G1 X4.700 S260 F1600
G1 X4.000 S0 F1600
G1 X3.000 S260 F1600
G1 X-1.700 S0 F1600
G1 X-1.900 S260 F1600
G1 X-3.000 S0 F1600
G1 X-3.800 S260 F1600
G1 X-4.500 S0 F1600
G1 X-5.200 S260 F1600
G1 X-5.400 S0 F1600
G1 X-5.600 S260 F1600
G1 X-5.900 S0 F1600
G1 X-6.100 S260 F1600
G1 X-6.400 S0 F1600
G1 X-6.500 S260 F1600
G1 X-6.700 S0 F1600
G1 X-7.000 S260 F1600
G1 X-8.000 S0 F1600
G1 X-8.100 S260 F1600
M5
G0 X-7.900 Y-13.400 F2500
G1 X-7.900 S260 F1600
G1 X-7.000 S0 F1600
G1 X-6.700 S260 F1600
G1 X-6.300 S0 F1600
G1 X-6.000 S260 F1600
G1 X-5.700 S0 F1600
G1 X-5.500 S260 F1600
G1 X-5.200 S0 F1600
G1 X-5.000 S260 F1600
G1 X-4.900 S0 F1600
G1 X-4.600 S260 F1600
G1 X-3.800 S0 F1600
G1 X-2.900 S260 F1600
G1 X-2.000 S0 F1600
G1 X-1.700 S260 F1600
G1 X2.700 S0 F1600
G1 X3.400 S260 F1600
G1 X3.700 S0 F1600
G1 X3.900 S260 F1600
G1 X4.600 S0 F1600
G1 X5.400 S260 F1600
G1 X7.700 S0 F1600
G1 X7.900 S260 F1600
M5
G0 X7.700 Y-13.500 F2500
G1 X7.600 S260 F1600
G1 X5.600 S0 F1600
G1 X4.800 S260 F1600
G1 X4.000 S0 F1600
G1 X3.800 S260 F1600
G1 X3.500 S0 F1600
G1 X3.300 S260 F1600
G1 X3.100 S0 F1600
G1 X2.900 S260 F1600
G1 X2.000 S0 F1600
G1 X1.700 S260 F1600
G1 X-1.600 S0 F1600
G1 X-2.500 S260 F1600
G1 X-2.900 S0 F1600
G1 X-3.300 S260 F1600
G1 X-3.500 S0 F1600
G1 X-3.700 S260 F1600
G1 X-4.000 S0 F1600
G1 X-4.300 S260 F1600
G1 X-4.500 S0 F1600
G1 X-4.800 S260 F1600
G1 X-4.900 S0 F1600
G1 X-5.200 S260 F1600
G1 X-5.300 S0 F1600
G1 X-5.600 S260 F1600
G1 X-5.900 S0 F1600
G1 X-6.200 S260 F1600
G1 X-6.600 S0 F1600
G1 X-6.800 S260 F1600
G1 X-7.600 S0 F1600
G1 X-7.800 S260 F1600
M5
G0 X-7.600 Y-13.600 F2500
G1 X-7.500 S260 F1600
G1 X-5.600 S0 F1600
G1 X-5.100 S260 F1600
G1 X-4.900 S0 F1600
G1 X-4.700 S260 F1600
G1 X-4.500 S0 F1600
G1 X-3.600 S260 F1600
G1 X-3.400 S0 F1600
G1 X-3.100 S260 F1600
G1 X-2.600 S0 F1600
G1 X-0.600 S260 F1600
G1 X0.400 S0 F1600
G1 X1.900 S260 F1600
G1 X3.200 S0 F1600
G1 X3.500 S260 F1600
G1 X3.700 S0 F1600
G1 X4.000 S260 F1600
G1 X4.800 S0 F1600
G1 X5.000 S260 F1600
G1 X5.200 S0 F1600
G1 X5.500 S260 F1600
G1 X7.300 S0 F1600
G1 X7.500 S260 F1600
M5
G0 X7.300 Y-13.700 F2500
G1 X7.200 S260 F1600
G1 X5.600 S0 F1600
G1 X5.400 S260 F1600
G1 X4.100 S0 F1600
G1 X3.700 S260 F1600
G1 X3.600 S0 F1600
G1 X3.300 S260 F1600
G1 X2.300 S0 F1600
G1 X2.200 S260 F1600
G1 X1.900 S0 F1600
G1 X-0.100 S260 F1600
G1 X-0.400 S0 F1600
G1 X-1.800 S260 F1600
G1 X-2.000 S0 F1600
G1 X-2.300 S260 F1600
G1 X-3.000 S0 F1600
G1 X-3.300 S260 F1600
G1 X-3.500 S0 F1600
G1 X-4.400 S260 F1600
G1 X-4.600 S0 F1600
G1 X-4.900 S260 F1600
G1 X-5.100 S0 F1600
G1 X-5.400 S260 F1600
G1 X-7.200 S0 F1600
G1 X-7.400 S260 F1600
M5
G0 X-7.200 Y-13.800 F2500
G1 X-7.100 S260 F1600
G1 X-5.000 S0 F1600
G1 X-4.700 S260 F1600
G1 X-4.500 S0 F1600
G1 X-4.200 S260 F1600
G1 X-3.900 S0 F1600
G1 X-3.700 S260 F1600
G1 X-3.400 S0 F1600
G1 X-3.200 S260 F1600
G1 X-2.400 S0 F1600
G1 X-2.100 S260 F1600
G1 X-1.900 S0 F1600
G1 X-1.700 S260 F1600
G1 X-0.900 S0 F1600
G1 X-0.700 S260 F1600
G1 X-0.100 S0 F1600
G1 X0.800 S260 F1600
G1 X1.500 S0 F1600
G1 X1.800 S260 F1600
G1 X2.000 S0 F1600
G1 X2.300 S260 F1600
G1 X2.900 S0 F1600
G1 X4.000 S260 F1600
G1 X5.300 S0 F1600
G1 X5.400 S260 F1600
G1 X6.900 S0 F1600
G1 X7.100 S260 F1600
M5
G0 X6.900 Y-13.900 F2500
G1 X6.800 S260 F1600
G1 X4.200 S0 F1600
G1 X3.900 S260 F1600
G1 X3.800 S0 F1600
G1 X3.000 S260 F1600
G1 X2.400 S0 F1600
G1 X2.200 S260 F1600
G1 X1.900 S0 F1600
G1 X1.400 S260 F1600
G1 X0.900 S0 F1600
G1 X0.600 S260 F1600
G1 X0.400 S0 F1600
G1 X0.200 S260 F1600
G1 X-0.600 S0 F1600
G1 X-0.800 S260 F1600
G1 X-1.600 S0 F1600
G1 X-1.800 S260 F1600
G1 X-2.000 S0 F1600
G1 X-2.400 S260 F1600
G1 X-3.100 S0 F1600
G1 X-3.300 S260 F1600
G1 X-3.600 S0 F1600
G1 X-3.800 S260 F1600
G1 X-4.700 S0 F1600
G1 X-4.900 S260 F1600
G1 X-6.800 S0 F1600
G1 X-7.000 S260 F1600
M5
G0 X-6.800 Y-14.000 F2500
G1 X-6.700 S260 F1600
G1 X-5.000 S0 F1600
G1 X-4.800 S260 F1600
G1 X-4.000 S0 F1600
G1 X-3.700 S260 F1600
G1 X-3.500 S0 F1600
G1 X-3.200 S260 F1600
G1 X-2.600 S0 F1600
G1 X-2.200 S260 F1600
G1 X-1.900 S0 F1600
G1 X-1.700 S260 F1600
G1 X-1.400 S0 F1600
G1 X-1.200 S260 F1600
G1 X-0.900 S0 F1600
G1 X-0.700 S260 F1600
G1 X0.100 S0 F1600
G1 X0.400 S260 F1600
G1 X0.600 S0 F1600
G1 X0.800 S260 F1600
G1 X1.100 S0 F1600
G1 X1.800 S260 F1600
G1 X3.000 S0 F1600
G1 X3.300 S260 F1600
G1 X3.800 S0 F1600
G1 X4.100 S260 F1600
G1 X6.500 S0 F1600
G1 X6.700 S260 F1600
M5
G0 X6.500 Y-14.100 F2500
G1 X6.400 S260 F1600
G1 X4.200 S0 F1600
G1 X4.000 S260 F1600
G1 X3.500 S0 F1600
G1 X3.200 S260 F1600
G1 X1.900 S0 F1600
G1 X1.700 S260 F1600
G1 X1.600 S0 F1600
G1 X1.100 S260 F1600
G1 X0.900 S0 F1600
G1 X0.700 S260 F1600
G1 X0.500 S0 F1600
G1 X0.200 S260 F1600
G1 X-0.600 S0 F1600
G1 X-1.400 S260 F1600
G1 X-1.600 S0 F1600
G1 X-1.900 S260 F1600
G1 X-2.200 S0 F1600
G1 X-2.500 S260 F1600
G1 X-3.100 S0 F1600
G1 X-3.400 S260 F1600
G1 X-3.600 S0 F1600
G1 X-3.900 S260 F1600
G1 X-6.400 S0 F1600
G1 X-6.600 S260 F1600
M5
G0 X-6.400 Y-14.200 F2500
G1 X-6.200 S260 F1600
G1 X-4.000 S0 F1600
G1 X-3.800 S260 F1600
G1 X-3.500 S0 F1600
G1 X-3.300 S260 F1600
G1 X-2.500 S0 F1600
G1 X-2.300 S260 F1600
G1 X-2.000 S0 F1600
G1 X-1.700 S260 F1600
G1 X-1.500 S0 F1600
G1 X-0.700 S260 F1600
G1 X-0.100 S0 F1600
G1 X0.400 S260 F1600
G1 X0.600 S0 F1600
G1 X0.800 S260 F1600
G1 X1.000 S0 F1600
G1 X1.200 S260 F1600
G1 X1.600 S0 F1600
G1 X1.900 S260 F1600
G1 X3.200 S0 F1600
G1 X3.600 S260 F1600
G1 X3.900 S0 F1600
G1 X4.100 S260 F1600
G1 X6.000 S0 F1600
G1 X6.300 S260 F1600
M5
G0 X6.100 Y-14.300 F2500
G1 X5.900 S260 F1600
G1 X3.800 S0 F1600
G1 X3.500 S260 F1600
G1 X2.500 S0 F1600
G1 X2.200 S260 F1600
G1 X2.000 S0 F1600
G1 X1.700 S260 F1600
G1 X1.400 S0 F1600
G1 X1.100 S260 F1600
G1 X0.900 S0 F1600
G1 X0.700 S260 F1600
G1 X0.500 S0 F1600
G1 X0.000 S260 F1600
G1 X-0.600 S0 F1600
G1 X-0.900 S260 F1600
G1 X-1.100 S0 F1600
G1 X-1.400 S260 F1600
G1 X-1.600 S0 F1600
G1 X-2.400 S260 F1600
G1 X-3.200 S0 F1600
G1 X-3.400 S260 F1600
G1 X-3.700 S0 F1600
G1 X-3.900 S260 F1600
G1 X-5.900 S0 F1600
G1 X-6.200 S260 F1600
M5
G0 X-5.900 Y-14.400 F2500
G1 X-5.700 S260 F1600
G1 X-3.500 S0 F1600
G1 X-3.300 S260 F1600
G1 X-2.300 S0 F1600
G1 X-1.700 S260 F1600
G1 X-1.400 S0 F1600
G1 X-1.300 S260 F1600
G1 X-1.000 S0 F1600
G1 X-0.700 S260 F1600
G1 X0.000 S0 F1600
G1 X0.300 S260 F1600
G1 X0.600 S0 F1600
G1 X0.800 S260 F1600
G1 X1.000 S0 F1600
G1 X1.300 S260 F1600
G1 X1.600 S0 F1600
G1 X1.900 S260 F1600
G1 X2.100 S0 F1600
G1 X2.400 S260 F1600
G1 X3.500 S0 F1600
G1 X3.600 S260 F1600
G1 X5.500 S0 F1600
G1 X5.900 S260 F1600
M5
G0 X5.600 Y-14.500 F2500
G1 X5.400 S260 F1600
G1 X2.400 S0 F1600
G1 X2.300 S260 F1600
G1 X2.000 S0 F1600
G1 X1.700 S260 F1600
G1 X1.500 S0 F1600
G1 X1.200 S260 F1600
G1 X0.900 S0 F1600
G1 X0.700 S260 F1600
G1 X-0.600 S0 F1600
G1 X-0.900 S260 F1600
G1 X-1.600 S0 F1600
G1 X-1.900 S260 F1600
G1 X-5.400 S0 F1600
G1 X-5.700 S260 F1600
M5
G0 X-5.400 Y-14.600 F2500
G1 X-5.200 S260 F1600
G1 X-2.000 S0 F1600
G1 X-1.800 S260 F1600
G1 X-1.000 S0 F1600
G1 X-0.700 S260 F1600
G1 X0.600 S0 F1600
G1 X0.800 S260 F1600
G1 X1.100 S0 F1600
G1 X1.400 S260 F1600
G1 X1.700 S0 F1600
G1 X1.900 S260 F1600
G1 X5.000 S0 F1600
G1 X5.300 S260 F1600
M5
G0 X5.100 Y-14.700 F2500
G1 X4.800 S260 F1600
G1 X1.900 S0 F1600
G1 X1.800 S260 F1600
G1 X1.500 S0 F1600
G1 X1.300 S260 F1600
G1 X0.900 S0 F1600
G1 X0.700 S260 F1600
G1 X-0.600 S0 F1600
G1 X-0.900 S260 F1600
G1 X-1.700 S0 F1600
G1 X-1.800 S260 F1600
G1 X-4.800 S0 F1600
G1 X-5.100 S260 F1600
M5
G0 X-4.900 Y-14.800 F2500
G1 X-4.500 S260 F1600
G1 X4.400 S0 F1600
G1 X4.800 S260 F1600
M5
G0 X4.500 Y-14.900 F2500
G1 X4.100 S260 F1600
G1 X-4.100 S0 F1600
G1 X-4.500 S260 F1600
M5
G0 X-4.200 Y-15.000 F2500
G1 X-3.800 S260 F1600
G1 X3.600 S0 F1600
G1 X4.100 S260 F1600
M5
G0 X3.700 Y-15.100 F2500
G1 X3.300 S260 F1600
G1 X-3.200 S0 F1600
G1 X-3.800 S260 F1600
M5
G0 X-3.400 Y-15.200 F2500
G1 X-2.800 S260 F1600
G1 X2.600 S0 F1600
G1 X3.300 S260 F1600
M5
G0 X2.800 Y-15.300 F2500
G1 X2.000 S260 F1600
G1 X-2.000 S0 F1600
G1 X-2.900 S260 F1600
M5
G0 X-2.300 Y-15.400 F2500
G1 X-1.000 S260 F1600
G1 X0.800 S0 F1600
G1 X2.300 S260 F1600
M5
G0 X1.400 Y-15.500 F2500
G1 X-1.500 S260 F1600
M5
; --- Emblem Single-Line Tracing ---
G0 X-0.018 Y-12.732 F2500
M3 S220
G1 X0.000 Y-12.606 F1100
G1 X-0.108 Y-12.552 F1100
G1 X-0.613 Y-12.083 F1100
G1 X-0.739 Y-12.065 F1100
G1 X-1.371 Y-11.632 F1100
G1 X-2.236 Y-11.200 F1100
M5
G0 X-0.775 Y-12.173 F2500
M3 S220
G1 X-0.325 Y-12.588 F1100
G1 X-0.325 Y-12.714 F1100
G1 X-0.234 Y-12.805 F1100
G1 X-0.126 Y-12.805 F1100
G1 X0.000 Y-12.877 F1100
G1 X0.108 Y-12.805 F1100
G1 X0.216 Y-12.805 F1100
G1 X0.307 Y-12.696 F1100
G1 X0.451 Y-12.660 F1100
G1 X0.992 Y-12.209 F1100
G1 X1.641 Y-11.795 F1100
G1 X2.417 Y-11.416 F1100
G1 X3.174 Y-11.145 F1100
G1 X4.094 Y-10.929 F1100
G1 X4.960 Y-10.821 F1100
G1 X5.753 Y-10.803 F1100
G1 X6.438 Y-10.839 F1100
G1 X6.763 Y-10.893 F1100
G1 X6.943 Y-10.857 F1100
M5
G0 X-0.830 Y-12.137 F2500
M3 S220
G1 X-0.938 Y-12.047 F1100
M5
G0 X1.028 Y-11.975 F2500
M3 S220
G1 X0.415 Y-12.480 F1100
G1 X0.379 Y-12.480 F1100
G1 X0.307 Y-12.588 F1100
G1 X0.307 Y-12.678 F1100
M5
G0 X2.326 Y-11.145 F2500
M3 S220
G1 X1.479 Y-11.560 F1100
G1 X0.739 Y-12.029 F1100
G1 X0.685 Y-12.101 F1100
G1 X0.559 Y-12.119 F1100
G1 X0.054 Y-12.588 F1100
G1 X0.000 Y-12.588 F1100
M5
G0 X-6.925 Y-10.857 F2500
M3 S220
G1 X-6.763 Y-10.893 F1100
G1 X-6.132 Y-10.821 F1100
G1 X-4.996 Y-10.821 F1100
G1 X-4.184 Y-10.911 F1100
G1 X-3.318 Y-11.109 F1100
G1 X-2.435 Y-11.416 F1100
G1 X-1.623 Y-11.813 F1100
G1 X-1.100 Y-12.137 F1100
G1 X-0.433 Y-12.678 F1100
G1 X-0.343 Y-12.714 F1100
M5
G0 X-7.088 Y-10.767 F2500
M3 S220
G1 X-6.330 Y-10.677 F1100
G1 X-5.140 Y-10.658 F1100
M5
G0 X7.070 Y-10.767 F2500
M3 S220
G1 X6.096 Y-10.658 F1100
G1 X5.086 Y-10.658 F1100
M5
G0 X-7.214 Y-10.677 F2500
M3 S220
G1 X-6.456 Y-10.568 F1100
G1 X-6.006 Y-10.550 F1100
G1 X-5.951 Y-10.496 F1100
G1 X-5.879 Y-10.532 F1100
G1 X-5.284 Y-10.532 F1100
M5
G0 X7.214 Y-10.677 F2500
M3 S220
G1 X6.348 Y-10.568 F1100
G1 X6.294 Y-10.514 F1100
G1 X6.258 Y-10.550 F1100
G1 X6.114 Y-10.550 F1100
G1 X6.042 Y-10.478 F1100
G1 X5.969 Y-10.478 F1100
G1 X5.915 Y-10.532 F1100
G1 X5.140 Y-10.532 F1100
M5
G0 X-7.412 Y-10.550 F2500
M3 S220
G1 X-7.394 Y-10.478 F1100
G1 X-7.358 Y-10.478 F1100
G1 X-7.250 Y-10.568 F1100
G1 X-7.160 Y-10.568 F1100
G1 X-7.142 Y-10.640 F1100
M5
G0 X-7.593 Y-10.406 F2500
M3 S220
G1 X-8.025 Y-9.721 F1100
G1 X-8.621 Y-8.963 F1100
G1 X-9.288 Y-8.278 F1100
G1 X-9.775 Y-7.827 F1100
G1 X-9.829 Y-7.809 F1100
G1 X-9.865 Y-7.737 F1100
G1 X-9.973 Y-7.665 F1100
G1 X-9.991 Y-7.593 F1100
G1 X-9.865 Y-7.611 F1100
G1 X-9.829 Y-7.683 F1100
G1 X-9.865 Y-7.719 F1100
M5
G0 X-7.809 Y-10.244 F2500
M3 S220
G1 X-7.989 Y-10.063 F1100
G1 X-8.332 Y-9.576 F1100
G1 X-9.053 Y-8.729 F1100
G1 X-9.576 Y-8.224 F1100
G1 X-10.460 Y-7.484 F1100
G1 X-10.478 Y-7.358 F1100
G1 X-10.316 Y-7.268 F1100
G1 X-10.280 Y-7.430 F1100
G1 X-10.154 Y-7.538 F1100
G1 X-9.991 Y-7.575 F1100
G1 X-10.009 Y-7.484 F1100
G1 X-9.865 Y-7.484 F1100
G1 X-9.793 Y-7.557 F1100
G1 X-9.847 Y-7.611 F1100
M5
G0 X7.773 Y-10.099 F2500
M3 S220
G1 X7.755 Y-10.208 F1100
G1 X7.575 Y-10.406 F1100
G1 X7.430 Y-10.370 F1100
G1 X7.268 Y-10.568 F1100
G1 X6.673 Y-10.496 F1100
G1 X6.655 Y-10.568 F1100
M5
G0 X7.791 Y-10.063 F2500
M3 S220
G1 X8.206 Y-9.486 F1100
M5
G0 X4.256 Y-9.883 F2500
M3 S220
G1 X4.004 Y-9.721 F1100
G1 X3.841 Y-9.558 F1100
G1 X3.715 Y-9.540 F1100
G1 X3.354 Y-9.198 F1100
G1 X2.976 Y-8.711 F1100
G1 X2.922 Y-8.585 F1100
G1 X3.030 Y-8.566 F1100
M5
G0 X1.533 Y-9.847 F2500
M3 S220
G1 X1.569 Y-9.847 F1100
G1 X1.731 Y-9.685 F1100
G1 X1.840 Y-9.522 F1100
G1 X1.840 Y-9.468 F1100
G1 X1.894 Y-9.468 F1100
G1 X2.002 Y-9.396 F1100
G1 X2.038 Y-9.288 F1100
G1 X1.930 Y-9.234 F1100
G1 X1.858 Y-9.324 F1100
G1 X1.840 Y-9.450 F1100
M5
G0 X5.428 Y-9.775 F2500
M3 S220
G1 X5.014 Y-9.576 F1100
G1 X4.869 Y-9.576 F1100
G1 X4.292 Y-9.234 F1100
G1 X3.877 Y-8.891 F1100
G1 X3.499 Y-8.512 F1100
G1 X3.282 Y-8.224 F1100
G1 X3.174 Y-8.152 F1100
G1 X3.138 Y-8.152 F1100
G1 X3.120 Y-8.206 F1100
G1 X3.228 Y-8.512 F1100
G1 X3.228 Y-8.621 F1100
G1 X3.102 Y-8.693 F1100
M5
G0 X8.296 Y-9.360 F2500
M3 S220
G1 X8.657 Y-8.909 F1100
G1 X9.108 Y-8.458 F1100
G1 X9.162 Y-8.440 F1100
G1 X9.234 Y-8.512 F1100
G1 X9.216 Y-8.566 F1100
G1 X8.548 Y-9.288 F1100
G1 X7.863 Y-10.190 F1100
G1 X7.773 Y-10.208 F1100
M5
G0 X6.511 Y-9.324 F2500
M3 S220
G1 X6.438 Y-9.306 F1100
G1 X6.348 Y-9.360 F1100
G1 X6.060 Y-9.306 F1100
G1 X5.699 Y-9.324 F1100
G1 X5.338 Y-9.162 F1100
G1 X5.104 Y-9.162 F1100
G1 X5.032 Y-9.089 F1100
G1 X4.887 Y-9.071 F1100
G1 X4.635 Y-8.909 F1100
G1 X4.563 Y-8.819 F1100
G1 X4.437 Y-8.801 F1100
G1 X4.328 Y-8.711 F1100
G1 X4.202 Y-8.711 F1100
G1 X4.184 Y-8.747 F1100
G1 X4.220 Y-8.837 F1100
G1 X4.509 Y-9.108 F1100
G1 X4.509 Y-9.198 F1100
G1 X4.418 Y-9.180 F1100
M5
G0 X4.328 Y-9.126 F2500
M3 S220
G1 X4.292 Y-9.126 F1100
G1 X4.292 Y-9.089 F1100
G1 X4.076 Y-8.891 F1100
M5
G0 X2.056 Y-9.089 F2500
M3 S220
G1 X1.984 Y-9.071 F1100
G1 X1.930 Y-9.216 F1100
M5
G0 X4.040 Y-8.873 F2500
M3 S220
G1 X4.040 Y-8.729 F1100
G1 X4.076 Y-8.693 F1100
G1 X4.184 Y-8.711 F1100
M5
G0 X-1.912 Y-8.801 F2500
M3 S220
G1 X-1.948 Y-8.747 F1100
G1 X-2.561 Y-8.747 F1100
G1 X-3.138 Y-8.891 F1100
G1 X-3.571 Y-8.927 F1100
G1 X-3.914 Y-8.855 F1100
G1 X-4.184 Y-8.711 F1100
G1 X-4.437 Y-8.494 F1100
G1 X-4.797 Y-8.765 F1100
G1 X-5.212 Y-8.909 F1100
G1 X-5.573 Y-8.909 F1100
G1 X-6.348 Y-8.747 F1100
G1 X-6.925 Y-8.765 F1100
G1 X-6.997 Y-8.711 F1100
G1 X-7.142 Y-8.332 F1100
G1 X-7.304 Y-8.170 F1100
G1 X-7.466 Y-8.350 F1100
G1 X-7.611 Y-8.332 F1100
G1 X-7.665 Y-8.206 F1100
G1 X-7.358 Y-8.206 F1100
M5
G0 X3.228 Y-8.729 F2500
M3 S220
G1 X3.264 Y-8.675 F1100
G1 X3.354 Y-8.747 F1100
G1 X3.463 Y-8.963 F1100
G1 X3.823 Y-9.450 F1100
G1 X3.841 Y-9.540 F1100
M5
G0 X1.353 Y-8.585 F2500
M3 S220
G1 X1.605 Y-8.260 F1100
G1 X1.695 Y-8.242 F1100
G1 X1.767 Y-8.170 F1100
G1 X1.930 Y-7.899 F1100
G1 X1.912 Y-7.809 F1100
G1 X1.731 Y-7.809 F1100
G1 X1.731 Y-7.899 F1100
G1 X1.605 Y-8.152 F1100
G1 X1.605 Y-8.242 F1100
M5
G0 X-3.336 Y-8.530 F2500
M3 S220
G1 X-3.517 Y-8.548 F1100
G1 X-3.733 Y-8.512 F1100
G1 X-4.040 Y-8.386 F1100
G1 X-4.148 Y-8.296 F1100
M5
G0 X-5.284 Y-8.512 F2500
M3 S220
G1 X-5.374 Y-8.530 F1100
G1 X-5.591 Y-8.494 F1100
M5
G0 X-5.248 Y-8.512 F2500
M3 S220
G1 X-4.978 Y-8.422 F1100
G1 X-4.797 Y-8.296 F1100
M5
G0 X-3.138 Y-8.494 F2500
M3 S220
G1 X-2.795 Y-8.404 F1100
M5
G0 X2.994 Y-8.494 F2500
M3 S220
G1 X2.886 Y-8.458 F1100
G1 X2.868 Y-8.494 F1100
G1 X2.904 Y-8.566 F1100
M5
G0 X4.563 Y-8.494 F2500
M3 S220
G1 X4.653 Y-8.350 F1100
G1 X4.815 Y-8.386 F1100
G1 X4.905 Y-8.458 F1100
G1 X4.797 Y-8.603 F1100
G1 X4.581 Y-8.603 F1100
G1 X4.545 Y-8.639 F1100
G1 X4.563 Y-8.801 F1100
M5
G0 X-5.843 Y-8.458 F2500
M3 S220
G1 X-6.240 Y-8.350 F1100
M5
G0 X2.290 Y-8.404 F2500
M3 S220
G1 X2.308 Y-8.368 F1100
G1 X2.399 Y-8.386 F1100
G1 X2.345 Y-8.693 F1100
G1 X2.128 Y-9.198 F1100
G1 X2.038 Y-9.270 F1100
M5
G0 X-2.723 Y-8.386 F2500
M3 S220
G1 X-2.543 Y-8.332 F1100
G1 X-2.254 Y-8.314 F1100
M5
G0 X3.030 Y-8.368 F2500
M3 S220
G1 X2.940 Y-8.368 F1100
G1 X2.904 Y-8.440 F1100
M5
G0 X-6.276 Y-8.350 F2500
M3 S220
G1 X-6.402 Y-8.332 F1100
M5
G0 X-6.655 Y-8.332 F2500
M3 S220
G1 X-6.511 Y-8.314 F1100
M5
G0 X-5.374 Y-8.314 F2500
M3 S220
G1 X-5.609 Y-8.278 F1100
M5
G0 X-3.318 Y-8.314 F2500
M3 S220
G1 X-3.751 Y-8.296 F1100
G1 X-3.950 Y-8.224 F1100
G1 X-4.166 Y-8.080 F1100
M5
G0 X-5.302 Y-8.296 F2500
M3 S220
G1 X-5.086 Y-8.260 F1100
G1 X-4.779 Y-8.080 F1100
M5
G0 X-3.102 Y-8.296 F2500
M3 S220
G1 X-2.597 Y-8.134 F1100
G1 X-2.236 Y-8.116 F1100
M5
G0 X-5.825 Y-8.260 F2500
M3 S220
G1 X-5.951 Y-8.224 F1100
M5
G0 X2.200 Y-8.260 F2500
M3 S220
G1 X2.128 Y-8.278 F1100
G1 X2.128 Y-8.404 F1100
G1 X1.984 Y-9.053 F1100
M5
G0 X2.290 Y-8.260 F2500
M3 S220
G1 X2.399 Y-8.260 F1100
G1 X2.399 Y-8.368 F1100
M5
G0 X2.868 Y-8.242 F2500
M3 S220
G1 X2.922 Y-8.368 F1100
M5
G0 X-5.988 Y-8.224 F2500
M3 S220
G1 X-6.402 Y-8.116 F1100
M5
G0 X5.302 Y-8.224 F2500
M3 S220
G1 X5.501 Y-8.224 F1100
G1 X5.681 Y-8.458 F1100
G1 X5.645 Y-8.512 F1100
G1 X5.537 Y-8.512 F1100
G1 X5.483 Y-8.566 F1100
G1 X5.428 Y-8.566 F1100
G1 X5.410 Y-8.783 F1100
G1 X5.338 Y-8.855 F1100
G1 X5.230 Y-8.873 F1100
G1 X5.248 Y-9.035 F1100
G1 X5.302 Y-9.144 F1100
M5
G0 X5.735 Y-8.206 F2500
M3 S220
G1 X5.897 Y-8.206 F1100
G1 X6.060 Y-8.314 F1100
G1 X6.078 Y-8.350 F1100
G1 X5.879 Y-8.512 F1100
G1 X6.024 Y-8.693 F1100
G1 X6.186 Y-8.747 F1100
G1 X6.204 Y-8.855 F1100
G1 X6.150 Y-8.891 F1100
G1 X5.843 Y-8.873 F1100
G1 X5.789 Y-8.945 F1100
G1 X5.789 Y-9.071 F1100
G1 X5.717 Y-9.144 F1100
G1 X5.519 Y-9.162 F1100
G1 X5.483 Y-9.198 F1100
M5
G0 X-6.691 Y-8.116 F2500
M3 S220
G1 X-6.438 Y-8.116 F1100
M5
G0 X-3.318 Y-8.098 F2500
M3 S220
G1 X-3.571 Y-8.116 F1100
G1 X-3.733 Y-8.080 F1100
G1 X-4.166 Y-7.863 F1100
M5
G0 X-5.645 Y-8.080 F2500
M3 S220
G1 X-5.320 Y-8.098 F1100
G1 X-5.158 Y-8.062 F1100
G1 X-4.905 Y-7.953 F1100
G1 X-4.797 Y-7.863 F1100
M5
G0 X-3.084 Y-8.080 F2500
M3 S220
G1 X-2.994 Y-8.043 F1100
M5
G0 X-5.843 Y-8.043 F2500
M3 S220
G1 X-6.384 Y-7.917 F1100
M5
G0 X-2.940 Y-8.043 F2500
M3 S220
G1 X-2.777 Y-7.971 F1100
G1 X-2.381 Y-7.917 F1100
M5
G0 X-4.491 Y-8.007 F2500
M3 S220
G1 X-4.437 Y-8.025 F1100
G1 X-4.455 Y-8.476 F1100
M5
G0 X2.741 Y-8.007 F2500
M3 S220
G1 X2.669 Y-7.989 F1100
G1 X2.651 Y-8.098 F1100
G1 X2.795 Y-8.404 F1100
G1 X2.868 Y-8.458 F1100
M5
G0 X0.775 Y-7.971 F2500
M3 S220
G1 X1.190 Y-7.683 F1100
G1 X1.190 Y-7.557 F1100
G1 X1.335 Y-7.394 F1100
G1 X1.425 Y-7.358 F1100
G1 X1.479 Y-7.412 F1100
G1 X1.443 Y-7.520 F1100
G1 X1.298 Y-7.647 F1100
G1 X1.208 Y-7.665 F1100
M5
G0 X-9.576 Y-7.917 F2500
M3 S220
G1 X-9.576 Y-7.881 F1100
G1 X-9.522 Y-7.881 F1100
G1 X-9.432 Y-7.989 F1100
G1 X-9.324 Y-8.007 F1100
G1 X-8.621 Y-8.711 F1100
G1 X-7.881 Y-9.649 F1100
G1 X-7.502 Y-10.226 F1100
G1 X-7.502 Y-10.370 F1100
G1 X-7.394 Y-10.460 F1100
M5
G0 X-6.709 Y-7.917 F2500
M3 S220
G1 X-6.529 Y-7.899 F1100
M5
G0 X-4.581 Y-7.917 F2500
M3 S220
G1 X-4.527 Y-7.863 F1100
G1 X-4.455 Y-7.863 F1100
G1 X-4.437 Y-8.007 F1100
M5
G0 X-2.345 Y-7.917 F2500
M3 S220
G1 X-2.200 Y-7.917 F1100
M5
G0 X-3.318 Y-7.899 F2500
M3 S220
G1 X-3.661 Y-7.899 F1100
G1 X-3.823 Y-7.845 F1100
G1 X-4.148 Y-7.665 F1100
M5
G0 X3.246 Y-7.899 F2500
M3 S220
G1 X3.354 Y-7.809 F1100
G1 X3.409 Y-7.863 F1100
G1 X3.409 Y-7.989 F1100
G1 X3.517 Y-8.170 F1100
G1 X3.661 Y-8.260 F1100
G1 X3.769 Y-8.422 F1100
G1 X3.859 Y-8.476 F1100
G1 X3.932 Y-8.585 F1100
G1 X4.040 Y-8.603 F1100
G1 X4.076 Y-8.675 F1100
M5
G0 X-5.645 Y-7.881 F2500
M3 S220
G1 X-5.320 Y-7.881 F1100
M5
G0 X-5.230 Y-7.863 F2500
M3 S220
G1 X-5.050 Y-7.809 F1100
G1 X-4.797 Y-7.647 F1100
M5
G0 X-3.066 Y-7.863 F2500
M3 S220
G1 X-2.579 Y-7.719 F1100
G1 X-2.182 Y-7.701 F1100
M5
G0 X-5.861 Y-7.845 F2500
M3 S220
G1 X-6.366 Y-7.701 F1100
G1 X-6.727 Y-7.683 F1100
M5
G0 X2.381 Y-7.845 F2500
M3 S220
G1 X2.381 Y-7.773 F1100
M5
G0 X4.400 Y-7.809 F2500
M3 S220
G1 X4.437 Y-7.755 F1100
G1 X4.581 Y-7.827 F1100
G1 X4.617 Y-7.881 F1100
G1 X4.545 Y-7.971 F1100
G1 X4.617 Y-8.134 F1100
G1 X4.617 Y-8.224 F1100
G1 X4.563 Y-8.278 F1100
G1 X4.635 Y-8.332 F1100
M5
G0 X-9.721 Y-7.791 F2500
M3 S220
G1 X-9.667 Y-7.719 F1100
G1 X-9.631 Y-7.737 F1100
G1 X-9.594 Y-7.863 F1100
M5
G0 X2.399 Y-7.737 F2500
M3 S220
G1 X2.489 Y-7.629 F1100
G1 X2.543 Y-7.665 F1100
G1 X2.561 Y-7.899 F1100
G1 X2.489 Y-7.971 F1100
G1 X2.453 Y-8.224 F1100
G1 X2.417 Y-8.260 F1100
M5
G0 X-3.264 Y-7.683 F2500
M3 S220
G1 X-3.661 Y-7.683 F1100
G1 X-3.787 Y-7.647 F1100
G1 X-4.148 Y-7.448 F1100
M5
G0 X-5.663 Y-7.665 F2500
M3 S220
G1 X-5.248 Y-7.665 F1100
G1 X-5.032 Y-7.593 F1100
G1 X-4.779 Y-7.430 F1100
M5
G0 X-3.048 Y-7.647 F2500
M3 S220
G1 X-2.615 Y-7.520 F1100
G1 X-2.146 Y-7.484 F1100
M5
G0 X2.326 Y-7.647 F2500
M3 S220
G1 X2.435 Y-7.520 F1100
G1 X2.489 Y-7.611 F1100
M5
G0 X-5.879 Y-7.629 F2500
M3 S220
G1 X-6.294 Y-7.502 F1100
G1 X-6.763 Y-7.466 F1100
M5
G0 X2.651 Y-7.629 F2500
M3 S220
G1 X2.525 Y-7.629 F1100
M5
G0 X4.040 Y-7.575 F2500
M3 S220
G1 X4.004 Y-7.611 F1100
G1 X4.148 Y-7.737 F1100
G1 X4.220 Y-7.971 F1100
G1 X4.184 Y-8.098 F1100
G1 X4.112 Y-8.170 F1100
G1 X4.004 Y-8.206 F1100
G1 X4.112 Y-8.404 F1100
G1 X4.094 Y-8.566 F1100
G1 X4.058 Y-8.603 F1100
M5
G0 X4.076 Y-7.538 F2500
M3 S220
G1 X4.166 Y-7.484 F1100
G1 X4.256 Y-7.484 F1100
G1 X4.364 Y-7.647 F1100
G1 X4.310 Y-7.701 F1100
G1 X4.148 Y-7.719 F1100
M5
G0 X5.356 Y-7.538 F2500
M3 S220
G1 X5.356 Y-7.448 F1100
G1 X5.501 Y-7.466 F1100
G1 X5.483 Y-7.629 F1100
G1 X5.446 Y-7.665 F1100
G1 X5.248 Y-7.683 F1100
G1 X5.212 Y-7.719 F1100
G1 X5.194 Y-7.971 F1100
G1 X5.014 Y-8.080 F1100
G1 X5.176 Y-8.332 F1100
G1 X5.176 Y-8.458 F1100
G1 X5.086 Y-8.530 F1100
G1 X5.086 Y-8.765 F1100
G1 X5.122 Y-8.819 F1100
G1 X4.978 Y-8.837 F1100
G1 X4.942 Y-8.873 F1100
G1 X5.014 Y-9.071 F1100
M5
G0 X-4.491 Y-7.520 F2500
M3 S220
G1 X-4.437 Y-7.538 F1100
G1 X-4.437 Y-7.863 F1100
M5
G0 X-4.635 Y-7.484 F2500
M3 S220
G1 X-4.545 Y-7.412 F1100
M5
G0 X-3.264 Y-7.484 F2500
M3 S220
G1 X-3.589 Y-7.484 F1100
G1 X-3.751 Y-7.448 F1100
G1 X-4.148 Y-7.250 F1100
M5
G0 X-3.048 Y-7.448 F2500
M3 S220
G1 X-2.471 Y-7.286 F1100
G1 X-2.128 Y-7.286 F1100
M5
G0 X-5.663 Y-7.430 F2500
M3 S220
G1 X-5.501 Y-7.466 F1100
G1 X-5.248 Y-7.448 F1100
G1 X-5.068 Y-7.394 F1100
G1 X-4.779 Y-7.232 F1100
M5
G0 X8.278 Y-7.430 F2500
M3 S220
G1 X8.134 Y-7.629 F1100
G1 X8.134 Y-7.809 F1100
G1 X8.062 Y-7.917 F1100
G1 X7.809 Y-8.007 F1100
G1 X7.791 Y-8.062 F1100
G1 X7.665 Y-8.170 F1100
G1 X7.502 Y-8.242 F1100
G1 X7.340 Y-8.260 F1100
G1 X7.268 Y-8.332 F1100
G1 X7.412 Y-8.440 F1100
G1 X7.340 Y-8.585 F1100
G1 X7.142 Y-8.639 F1100
G1 X7.106 Y-8.729 F1100
G1 X7.052 Y-8.765 F1100
G1 X6.709 Y-8.783 F1100
G1 X6.565 Y-8.873 F1100
G1 X6.438 Y-8.837 F1100
G1 X6.222 Y-8.855 F1100
M5
G0 X-5.897 Y-7.412 F2500
M3 S220
G1 X-6.006 Y-7.376 F1100
M5
G0 X-4.491 Y-7.412 F2500
M3 S220
G1 X-4.437 Y-7.430 F1100
G1 X-4.437 Y-7.520 F1100
M5
G0 X-6.042 Y-7.376 F2500
M3 S220
G1 X-6.330 Y-7.286 F1100
G1 X-6.781 Y-7.250 F1100
M5
G0 X-1.190 Y-7.304 F2500
M3 S220
G1 X-1.335 Y-7.304 F1100
G1 X-1.353 Y-7.412 F1100
G1 X-1.461 Y-7.484 F1100
G1 X-1.479 Y-7.773 F1100
G1 X-1.587 Y-7.881 F1100
G1 X-1.623 Y-8.170 F1100
G1 X-1.731 Y-8.296 F1100
G1 X-1.930 Y-8.747 F1100
M5
G0 X-1.136 Y-7.304 F2500
M3 S220
G1 X-1.082 Y-7.322 F1100
G1 X-1.172 Y-7.881 F1100
G1 X-1.280 Y-7.971 F1100
G1 X-1.226 Y-8.025 F1100
G1 X-1.262 Y-8.332 F1100
G1 X-1.317 Y-8.368 F1100
G1 X-1.425 Y-8.368 F1100
G1 X-1.623 Y-8.188 F1100
M5
G0 X-4.491 Y-7.286 F2500
M3 S220
G1 X-4.437 Y-7.304 F1100
G1 X-4.437 Y-7.412 F1100
M5
G0 X-5.446 Y-7.250 F2500
M3 S220
G1 X-5.699 Y-7.232 F1100
M5
G0 X-5.410 Y-7.250 F2500
M3 S220
G1 X-5.086 Y-7.178 F1100
G1 X-4.761 Y-6.997 F1100
M5
G0 X-3.228 Y-7.250 F2500
M3 S220
G1 X-3.409 Y-7.286 F1100
G1 X-3.697 Y-7.250 F1100
G1 X-4.148 Y-7.034 F1100
M5
G0 X-3.012 Y-7.214 F2500
M3 S220
G1 X-2.507 Y-7.088 F1100
G1 X-2.200 Y-7.052 F1100
M5
G0 X-5.915 Y-7.196 F2500
M3 S220
G1 X-6.384 Y-7.088 F1100
M5
G0 X2.904 Y-7.160 F2500
M3 S220
G1 X3.048 Y-7.214 F1100
G1 X3.282 Y-7.502 F1100
G1 X3.336 Y-7.791 F1100
M5
G0 X-4.491 Y-7.142 F2500
M3 S220
G1 X-4.437 Y-7.160 F1100
G1 X-4.437 Y-7.286 F1100
M5
G0 X1.587 Y-7.142 F2500
M3 S220
G1 X1.533 Y-7.088 F1100
G1 X1.497 Y-7.106 F1100
G1 X1.425 Y-7.340 F1100
M5
G0 X6.691 Y-7.124 F2500
M3 S220
G1 X6.601 Y-7.142 F1100
G1 X6.529 Y-7.394 F1100
G1 X6.366 Y-7.448 F1100
G1 X6.438 Y-7.629 F1100
G1 X6.438 Y-7.773 F1100
G1 X6.474 Y-7.863 F1100
G1 X6.366 Y-7.881 F1100
G1 X6.258 Y-8.043 F1100
G1 X5.933 Y-8.080 F1100
G1 X5.807 Y-8.007 F1100
G1 X5.735 Y-8.098 F1100
G1 X5.519 Y-8.152 F1100
G1 X5.483 Y-8.206 F1100
G1 X5.284 Y-7.971 F1100
G1 X5.212 Y-7.953 F1100
M5
G0 X-6.420 Y-7.088 F2500
M3 S220
G1 X-6.492 Y-7.052 F1100
G1 X-6.583 Y-7.070 F1100
M5
G0 X6.763 Y-7.088 F2500
M3 S220
G1 X6.925 Y-6.997 F1100
G1 X7.015 Y-7.124 F1100
G1 X6.799 Y-7.304 F1100
G1 X6.763 Y-7.412 F1100
G1 X6.853 Y-7.502 F1100
G1 X6.691 Y-7.719 F1100
G1 X6.492 Y-7.863 F1100
M5
G0 X-1.641 Y-7.070 F2500
M3 S220
G1 X-1.695 Y-7.088 F1100
G1 X-1.767 Y-7.647 F1100
G1 X-1.443 Y-7.953 F1100
G1 X-1.298 Y-7.971 F1100
M5
G0 X-7.791 Y-7.052 F2500
M3 S220
G1 X-7.863 Y-7.070 F1100
G1 X-7.863 Y-7.142 F1100
G1 X-7.809 Y-7.196 F1100
G1 X-7.809 Y-7.430 F1100
G1 X-7.719 Y-7.502 F1100
G1 X-7.755 Y-7.575 F1100
G1 X-7.755 Y-7.701 F1100
G1 X-7.629 Y-7.809 F1100
G1 X-7.701 Y-7.917 F1100
G1 X-7.665 Y-8.188 F1100
M5
G0 X-7.755 Y-7.052 F2500
M3 S220
G1 X-7.611 Y-7.052 F1100
G1 X-7.593 Y-7.124 F1100
G1 X-7.665 Y-7.196 F1100
G1 X-7.791 Y-7.196 F1100
M5
G0 X-6.691 Y-7.052 F2500
M3 S220
G1 X-6.619 Y-7.052 F1100
M5
G0 X-3.210 Y-7.034 F2500
M3 S220
G1 X-3.336 Y-7.070 F1100
G1 X-3.625 Y-7.052 F1100
G1 X-3.841 Y-6.979 F1100
G1 X-4.166 Y-6.799 F1100
M5
G0 X-4.491 Y-7.015 F2500
M3 S220
G1 X-4.437 Y-7.034 F1100
G1 X-4.437 Y-7.142 F1100
M5
G0 X-3.012 Y-7.015 F2500
M3 S220
G1 X-2.345 Y-6.835 F1100
G1 X-2.074 Y-6.835 F1100
M5
G0 X1.912 Y-7.015 F2500
M3 S220
G1 X1.858 Y-6.997 F1100
G1 X1.605 Y-7.340 F1100
G1 X1.497 Y-7.394 F1100
M5
G0 X2.002 Y-7.015 F2500
M3 S220
G1 X2.056 Y-7.015 F1100
G1 X2.110 Y-7.070 F1100
G1 X2.110 Y-7.412 F1100
G1 X2.074 Y-7.557 F1100
G1 X1.984 Y-7.647 F1100
G1 X1.930 Y-7.809 F1100
M5
G0 X-5.699 Y-6.997 F2500
M3 S220
G1 X-5.591 Y-7.034 F1100
G1 X-5.230 Y-6.997 F1100
M5
G0 X-5.194 Y-6.979 F2500
M3 S220
G1 X-4.923 Y-6.871 F1100
G1 X-4.779 Y-6.763 F1100
M5
G0 X-5.933 Y-6.961 F2500
M3 S220
G1 X-6.547 Y-6.817 F1100
G1 X-6.853 Y-6.799 F1100
M5
G0 X-1.623 Y-6.961 F2500
M3 S220
G1 X-1.677 Y-6.979 F1100
G1 X-1.677 Y-7.052 F1100
M5
G0 X-7.448 Y-6.889 F2500
M3 S220
G1 X-7.593 Y-6.889 F1100
G1 X-7.629 Y-6.943 F1100
G1 X-7.863 Y-6.943 F1100
G1 X-7.863 Y-7.052 F1100
M5
G0 X-4.491 Y-6.853 F2500
M3 S220
G1 X-4.437 Y-6.871 F1100
G1 X-4.437 Y-7.015 F1100
M5
G0 X-3.192 Y-6.817 F2500
M3 S220
G1 X-3.571 Y-6.835 F1100
G1 X-3.859 Y-6.745 F1100
G1 X-4.148 Y-6.583 F1100
M5
G0 X-5.320 Y-6.799 F2500
M3 S220
G1 X-5.555 Y-6.817 F1100
G1 X-5.735 Y-6.781 F1100
M5
G0 X-5.266 Y-6.799 F2500
M3 S220
G1 X-4.960 Y-6.673 F1100
G1 X-4.815 Y-6.565 F1100
M5
G0 X-7.466 Y-6.781 F2500
M3 S220
G1 X-7.611 Y-6.781 F1100
G1 X-7.647 Y-6.835 F1100
G1 X-7.881 Y-6.835 F1100
G1 X-7.881 Y-6.943 F1100
M5
G0 X-2.994 Y-6.781 F2500
M3 S220
G1 X-2.543 Y-6.655 F1100
G1 X-2.128 Y-6.619 F1100
M5
G0 X-5.933 Y-6.763 F2500
M3 S220
G1 X-6.456 Y-6.619 F1100
G1 X-6.871 Y-6.583 F1100
M5
G0 X5.825 Y-6.727 F2500
M3 S220
G1 X5.825 Y-6.673 F1100
G1 X5.861 Y-6.673 F1100
M5
G0 X3.300 Y-6.691 F2500
M3 S220
G1 X3.210 Y-6.781 F1100
G1 X3.300 Y-6.853 F1100
G1 X3.535 Y-6.925 F1100
G1 X3.571 Y-6.961 F1100
G1 X3.589 Y-7.088 F1100
G1 X3.661 Y-7.142 F1100
G1 X3.733 Y-7.286 F1100
G1 X3.841 Y-7.376 F1100
G1 X3.859 Y-7.502 F1100
G1 X3.715 Y-7.665 F1100
G1 X3.751 Y-7.827 F1100
G1 X3.697 Y-7.881 F1100
G1 X3.697 Y-7.989 F1100
G1 X3.769 Y-8.098 F1100
G1 X3.751 Y-8.206 F1100
G1 X3.697 Y-8.260 F1100
M5
G0 X-7.484 Y-6.673 F2500
M3 S220
G1 X-7.611 Y-6.673 F1100
G1 X-7.629 Y-6.781 F1100
M5
G0 X-4.491 Y-6.673 F2500
M3 S220
G1 X-4.437 Y-6.691 F1100
G1 X-4.437 Y-6.853 F1100
M5
G0 X7.124 Y-6.673 F2500
M3 S220
G1 X7.015 Y-6.601 F1100
G1 X6.961 Y-6.601 F1100
G1 X6.871 Y-6.673 F1100
G1 X6.853 Y-6.781 F1100
G1 X6.781 Y-6.853 F1100
G1 X6.727 Y-6.853 F1100
G1 X6.583 Y-7.052 F1100
G1 X6.619 Y-7.106 F1100
M5
G0 X3.336 Y-6.655 F2500
M3 S220
G1 X3.427 Y-6.565 F1100
G1 X3.535 Y-6.601 F1100
G1 X3.643 Y-6.709 F1100
G1 X3.589 Y-6.799 F1100
G1 X3.571 Y-6.925 F1100
M5
G0 X-1.569 Y-6.601 F2500
M3 S220
G1 X-1.623 Y-6.619 F1100
G1 X-1.659 Y-6.943 F1100
M5
G0 X-5.374 Y-6.583 F2500
M3 S220
G1 X-5.753 Y-6.565 F1100
M5
G0 X-3.174 Y-6.583 F2500
M3 S220
G1 X-3.643 Y-6.583 F1100
G1 X-3.859 Y-6.511 F1100
G1 X-4.148 Y-6.348 F1100
M5
G0 X-7.502 Y-6.565 F2500
M3 S220
G1 X-7.538 Y-6.565 F1100
G1 X-7.629 Y-6.673 F1100
G1 X-7.683 Y-6.637 F1100
G1 X-7.881 Y-6.655 F1100
G1 X-7.917 Y-6.691 F1100
G1 X-7.899 Y-6.835 F1100
M5
G0 X-5.302 Y-6.565 F2500
M3 S220
G1 X-5.032 Y-6.492 F1100
G1 X-4.779 Y-6.330 F1100
M5
G0 X-2.976 Y-6.547 F2500
M3 S220
G1 X-2.399 Y-6.402 F1100
G1 X-2.092 Y-6.384 F1100
M5
G0 X-5.951 Y-6.529 F2500
M3 S220
G1 X-6.114 Y-6.511 F1100
G1 X-6.529 Y-6.384 F1100
G1 X-6.907 Y-6.384 F1100
M5
G0 X6.042 Y-6.438 F2500
M3 S220
G1 X6.024 Y-6.312 F1100
G1 X5.915 Y-6.438 F1100
G1 X5.915 Y-6.583 F1100
G1 X5.825 Y-6.655 F1100
G1 X5.735 Y-6.637 F1100
G1 X5.537 Y-6.889 F1100
G1 X5.555 Y-7.052 F1100
G1 X5.645 Y-7.160 F1100
G1 X5.663 Y-7.358 F1100
G1 X5.519 Y-7.466 F1100
M5
G0 X-4.491 Y-6.420 F2500
M3 S220
G1 X-4.437 Y-6.438 F1100
G1 X-4.437 Y-6.673 F1100
M5
G0 X-3.174 Y-6.348 F2500
M3 S220
G1 X-3.535 Y-6.366 F1100
G1 X-3.841 Y-6.276 F1100
G1 X-4.148 Y-6.114 F1100
M5
G0 X-5.753 Y-6.330 F2500
M3 S220
G1 X-5.591 Y-6.366 F1100
G1 X-5.338 Y-6.348 F1100
G1 X-5.032 Y-6.258 F1100
G1 X-4.815 Y-6.132 F1100
M5
G0 X-2.958 Y-6.312 F2500
M3 S220
G1 X-2.705 Y-6.276 F1100
M5
G0 X-5.969 Y-6.294 F2500
M3 S220
G1 X-6.348 Y-6.222 F1100
M5
G0 X-2.669 Y-6.276 F2500
M3 S220
G1 X-2.200 Y-6.150 F1100
M5
G0 X-4.545 Y-6.258 F2500
M3 S220
G1 X-4.437 Y-6.276 F1100
G1 X-4.437 Y-6.420 F1100
M5
G0 X8.116 Y-6.258 F2500
M3 S220
G1 X8.062 Y-6.348 F1100
G1 X8.062 Y-6.529 F1100
G1 X7.863 Y-6.835 F1100
G1 X7.845 Y-6.979 F1100
G1 X7.575 Y-7.268 F1100
G1 X7.557 Y-7.340 F1100
G1 X7.358 Y-7.484 F1100
G1 X7.250 Y-7.647 F1100
G1 X7.124 Y-7.719 F1100
G1 X7.124 Y-7.773 F1100
G1 X7.052 Y-7.863 F1100
G1 X6.709 Y-7.971 F1100
G1 X6.619 Y-8.098 F1100
G1 X6.438 Y-8.188 F1100
G1 X6.438 Y-8.296 F1100
G1 X6.330 Y-8.386 F1100
G1 X6.276 Y-8.566 F1100
G1 X6.312 Y-8.657 F1100
G1 X6.186 Y-8.729 F1100
M5
G0 X5.501 Y-6.240 F2500
M3 S220
G1 X5.501 Y-6.150 F1100
G1 X5.410 Y-6.132 F1100
G1 X5.284 Y-6.330 F1100
G1 X5.284 Y-6.474 F1100
G1 X5.320 Y-6.529 F1100
G1 X5.176 Y-6.655 F1100
G1 X5.266 Y-6.763 F1100
G1 X5.284 Y-6.835 F1100
G1 X5.194 Y-6.979 F1100
G1 X5.176 Y-7.088 F1100
G1 X5.014 Y-7.142 F1100
G1 X4.797 Y-7.124 F1100
G1 X4.671 Y-7.160 F1100
G1 X4.545 Y-7.268 F1100
G1 X4.527 Y-7.322 F1100
G1 X4.400 Y-7.322 F1100
G1 X4.274 Y-7.484 F1100
M5
G0 X-6.384 Y-6.222 F2500
M3 S220
G1 X-6.673 Y-6.150 F1100
M5
G0 X-6.925 Y-6.168 F2500
M3 S220
G1 X-6.745 Y-6.150 F1100
M5
G0 X-1.154 Y-6.168 F2500
M3 S220
G1 X-1.208 Y-6.222 F1100
G1 X-1.262 Y-6.529 F1100
G1 X-1.244 Y-6.565 F1100
G1 X-1.280 Y-6.637 F1100
G1 X-1.280 Y-6.853 F1100
G1 X-1.353 Y-7.304 F1100
M5
G0 X-7.791 Y-6.114 F2500
M3 S220
G1 X-7.845 Y-6.132 F1100
G1 X-7.881 Y-6.276 F1100
G1 X-7.755 Y-6.402 F1100
G1 X-7.737 Y-6.619 F1100
M5
G0 X-7.575 Y-6.096 F2500
M3 S220
G1 X-7.647 Y-6.114 F1100
G1 X-7.683 Y-6.330 F1100
G1 X-7.755 Y-6.384 F1100
M5
G0 X-4.617 Y-6.078 F2500
M3 S220
G1 X-4.527 Y-5.951 F1100
G1 X-4.473 Y-5.951 F1100
G1 X-4.437 Y-5.988 F1100
G1 X-4.437 Y-6.258 F1100
M5
G0 X-1.136 Y-6.078 F2500
M3 S220
G1 X-1.190 Y-6.114 F1100
G1 X-1.190 Y-6.168 F1100
M5
G0 X6.150 Y-6.024 F2500
M3 S220
G1 X6.258 Y-6.042 F1100
G1 X6.222 Y-6.276 F1100
G1 X6.042 Y-6.294 F1100
M5
G0 X-4.635 Y-5.933 F2500
M3 S220
G1 X-4.545 Y-5.933 F1100
M5
G0 X-4.256 Y-5.915 F2500
M3 S220
G1 X-4.328 Y-5.807 F1100
M5
G0 X-1.100 Y-5.879 F2500
M3 S220
G1 X-1.154 Y-5.933 F1100
G1 X-1.172 Y-6.078 F1100
M5
G0 X5.555 Y-5.861 F2500
M3 S220
G1 X5.446 Y-5.861 F1100
G1 X5.374 Y-6.060 F1100
G1 X5.410 Y-6.114 F1100
M5
G0 X5.591 Y-5.861 F2500
M3 S220
G1 X5.663 Y-5.879 F1100
G1 X5.663 Y-5.988 F1100
G1 X5.501 Y-6.132 F1100
M5
G0 X-1.335 Y-5.825 F2500
M3 S220
G1 X-1.389 Y-5.897 F1100
G1 X-1.371 Y-5.969 F1100
G1 X-1.407 Y-6.024 F1100
G1 X-1.407 Y-6.204 F1100
G1 X-1.569 Y-6.366 F1100
G1 X-1.605 Y-6.583 F1100
M5
G0 X-4.382 Y-5.807 F2500
M3 S220
G1 X-4.455 Y-5.825 F1100
G1 X-4.455 Y-5.951 F1100
M5
G0 X-4.635 Y-5.789 F2500
M3 S220
G1 X-4.545 Y-5.789 F1100
G1 X-4.581 Y-5.897 F1100
M5
G0 X7.683 Y-5.789 F2500
M3 S220
G1 X7.611 Y-5.807 F1100
G1 X7.593 Y-5.969 F1100
G1 X7.448 Y-6.132 F1100
G1 X7.412 Y-6.348 F1100
G1 X7.286 Y-6.474 F1100
G1 X7.250 Y-6.709 F1100
G1 X7.304 Y-6.853 F1100
G1 X7.124 Y-7.106 F1100
G1 X7.142 Y-7.178 F1100
G1 X7.052 Y-7.268 F1100
G1 X7.034 Y-7.358 F1100
G1 X6.871 Y-7.502 F1100
G1 X6.943 Y-7.575 F1100
G1 X6.943 Y-7.683 F1100
G1 X6.853 Y-7.737 F1100
G1 X6.709 Y-7.719 F1100
M5
G0 X7.719 Y-5.789 F2500
M3 S220
G1 X7.809 Y-5.825 F1100
G1 X7.773 Y-5.988 F1100
G1 X7.773 Y-6.240 F1100
G1 X7.629 Y-6.366 F1100
G1 X7.593 Y-6.474 F1100
G1 X7.502 Y-6.547 F1100
G1 X7.502 Y-6.727 F1100
G1 X7.448 Y-6.781 F1100
G1 X7.322 Y-6.817 F1100
M5
G0 X-1.082 Y-5.771 F2500
M3 S220
G1 X-1.118 Y-5.789 F1100
G1 X-1.136 Y-5.879 F1100
M5
G0 X-6.420 Y-5.627 F2500
M3 S220
G1 X-6.474 Y-5.645 F1100
G1 X-6.474 Y-5.735 F1100
G1 X-6.511 Y-5.753 F1100
G1 X-6.673 Y-5.717 F1100
G1 X-6.781 Y-5.627 F1100
G1 X-6.853 Y-5.627 F1100
G1 X-6.907 Y-5.681 F1100
G1 X-7.160 Y-5.681 F1100
G1 X-7.250 Y-5.591 F1100
G1 X-7.430 Y-5.591 F1100
G1 X-7.466 Y-5.645 F1100
G1 X-7.448 Y-5.969 F1100
G1 X-7.502 Y-6.042 F1100
G1 X-7.484 Y-6.204 F1100
G1 X-7.575 Y-6.240 F1100
G1 X-7.593 Y-6.348 F1100
G1 X-7.683 Y-6.348 F1100
M5
G0 X-6.384 Y-5.627 F2500
M3 S220
G1 X-6.276 Y-5.735 F1100
G1 X-6.456 Y-5.735 F1100
M5
G0 X-1.046 Y-5.573 F2500
M3 S220
G1 X-1.100 Y-5.627 F1100
G1 X-1.118 Y-5.771 F1100
M5
G0 X7.178 Y-5.519 F2500
M3 S220
G1 X7.160 Y-5.573 F1100
G1 X7.015 Y-5.681 F1100
G1 X6.817 Y-5.933 F1100
G1 X6.637 Y-5.988 F1100
G1 X6.637 Y-6.186 F1100
G1 X6.420 Y-6.438 F1100
G1 X6.384 Y-6.583 F1100
G1 X6.186 Y-6.655 F1100
G1 X6.150 Y-6.691 F1100
G1 X6.114 Y-6.871 F1100
G1 X5.951 Y-6.961 F1100
G1 X6.060 Y-7.088 F1100
G1 X6.006 Y-7.232 F1100
G1 X6.006 Y-7.376 F1100
G1 X6.042 Y-7.412 F1100
G1 X5.735 Y-7.430 F1100
G1 X5.663 Y-7.376 F1100
M5
G0 X-3.859 Y-5.338 F2500
M3 S220
G1 X-3.859 Y-5.428 F1100
G1 X-3.986 Y-5.428 F1100
G1 X-4.040 Y-5.483 F1100
G1 X-4.004 Y-5.609 F1100
G1 X-3.859 Y-5.699 F1100
G1 X-3.787 Y-5.807 F1100
G1 X-3.571 Y-5.843 F1100
G1 X-3.481 Y-5.915 F1100
G1 X-3.282 Y-5.915 F1100
G1 X-3.210 Y-5.843 F1100
G1 X-2.831 Y-5.771 F1100
G1 X-2.597 Y-5.807 F1100
G1 X-2.435 Y-5.771 F1100
G1 X-2.363 Y-5.699 F1100
G1 X-2.182 Y-5.717 F1100
G1 X-1.912 Y-5.663 F1100
G1 X-1.659 Y-5.663 F1100
G1 X-1.587 Y-5.591 F1100
G1 X-1.461 Y-5.591 F1100
G1 X-1.425 Y-5.699 F1100
G1 X-1.497 Y-5.789 F1100
G1 X-1.551 Y-6.276 F1100
G1 X-1.515 Y-6.294 F1100
M5
G0 X-2.182 Y-5.320 F2500
M3 S220
G1 X-2.399 Y-5.392 F1100
G1 X-2.326 Y-5.483 F1100
G1 X-2.326 Y-5.609 F1100
G1 X-2.363 Y-5.681 F1100
M5
G0 X-2.146 Y-5.320 F2500
M3 S220
G1 X-2.038 Y-5.428 F1100
G1 X-1.912 Y-5.410 F1100
G1 X-1.876 Y-5.338 F1100
G1 X-1.425 Y-5.320 F1100
G1 X-1.353 Y-5.392 F1100
G1 X-1.443 Y-5.591 F1100
M5
G0 X-2.020 Y-5.302 F2500
M3 S220
G1 X-1.894 Y-5.320 F1100
M5
G0 X-3.895 Y-5.284 F2500
M3 S220
G1 X-3.950 Y-5.176 F1100
G1 X-3.751 Y-5.176 F1100
G1 X-3.733 Y-5.194 F1100
G1 X-3.787 Y-5.284 F1100
M5
G0 X5.266 Y-5.212 F2500
M3 S220
G1 X5.158 Y-5.465 F1100
G1 X5.158 Y-5.573 F1100
G1 X4.942 Y-5.879 F1100
G1 X4.779 Y-6.042 F1100
G1 X4.599 Y-6.150 F1100
G1 X4.527 Y-6.258 F1100
G1 X4.328 Y-6.258 F1100
G1 X4.202 Y-6.348 F1100
G1 X4.310 Y-6.438 F1100
G1 X4.364 Y-6.438 F1100
G1 X4.455 Y-6.565 F1100
G1 X4.400 Y-6.619 F1100
G1 X4.310 Y-6.637 F1100
G1 X4.256 Y-6.691 F1100
G1 X4.256 Y-6.745 F1100
G1 X4.166 Y-6.817 F1100
G1 X4.148 Y-6.997 F1100
G1 X4.040 Y-6.979 F1100
G1 X3.968 Y-6.853 F1100
G1 X3.895 Y-6.835 F1100
G1 X3.769 Y-6.709 F1100
G1 X3.661 Y-6.709 F1100
M5
G0 X8.909 Y-4.887 F2500
M3 S220
G1 X8.873 Y-4.923 F1100
G1 X8.999 Y-5.266 F1100
G1 X8.999 Y-5.356 F1100
G1 X8.927 Y-5.392 F1100
G1 X8.927 Y-5.465 F1100
G1 X8.981 Y-5.519 F1100
G1 X8.981 Y-5.609 F1100
G1 X9.017 Y-5.699 F1100
G1 X9.180 Y-5.807 F1100
G1 X9.198 Y-5.951 F1100
G1 X9.252 Y-6.060 F1100
G1 X9.234 Y-6.204 F1100
G1 X9.378 Y-6.294 F1100
G1 X9.594 Y-6.763 F1100
G1 X9.955 Y-7.268 F1100
G1 X9.937 Y-7.484 F1100
G1 X9.306 Y-8.007 F1100
G1 X8.530 Y-8.801 F1100
G1 X7.863 Y-9.649 F1100
G1 X7.466 Y-10.262 F1100
G1 X7.448 Y-10.352 F1100
M5
G0 X5.988 Y-4.851 F2500
M3 S220
G1 X5.861 Y-4.978 F1100
G1 X5.789 Y-5.176 F1100
G1 X5.771 Y-5.374 F1100
G1 X5.663 Y-5.483 F1100
G1 X5.627 Y-5.663 F1100
G1 X5.501 Y-5.753 F1100
G1 X5.483 Y-5.825 F1100
M5
G0 X-8.819 Y-4.779 F2500
M3 S220
G1 X-8.873 Y-4.815 F1100
G1 X-9.035 Y-5.392 F1100
G1 X-9.089 Y-5.465 F1100
G1 X-9.089 Y-5.537 F1100
G1 X-9.053 Y-5.573 F1100
G1 X-9.216 Y-5.951 F1100
G1 X-9.180 Y-6.006 F1100
G1 X-9.198 Y-6.078 F1100
G1 X-9.306 Y-6.150 F1100
G1 X-9.703 Y-6.907 F1100
G1 X-9.991 Y-7.286 F1100
G1 X-9.955 Y-7.466 F1100
M5
G0 X8.873 Y-4.761 F2500
M3 S220
G1 X8.837 Y-4.779 F1100
G1 X8.873 Y-4.887 F1100
M5
G0 X6.691 Y-4.743 F2500
M3 S220
G1 X6.637 Y-4.743 F1100
G1 X6.619 Y-4.815 F1100
G1 X6.511 Y-4.942 F1100
G1 X6.511 Y-5.158 F1100
G1 X6.438 Y-5.284 F1100
G1 X6.402 Y-5.483 F1100
G1 X6.565 Y-5.699 F1100
G1 X6.420 Y-5.825 F1100
G1 X6.420 Y-5.951 F1100
G1 X6.330 Y-6.024 F1100
G1 X6.258 Y-6.024 F1100
M5
G0 X-8.909 Y-4.653 F2500
M3 S220
G1 X-8.963 Y-4.707 F1100
G1 X-8.999 Y-4.833 F1100
G1 X-8.981 Y-4.869 F1100
G1 X-9.126 Y-5.266 F1100
G1 X-9.288 Y-5.374 F1100
G1 X-9.432 Y-5.771 F1100
G1 X-9.793 Y-6.511 F1100
G1 X-10.298 Y-7.268 F1100
M5
G0 X-8.891 Y-4.581 F2500
M3 S220
G1 X-8.945 Y-4.653 F1100
M5
G0 X-8.873 Y-4.509 F2500
M3 S220
G1 X-8.927 Y-4.581 F1100
M5
G0 X8.801 Y-4.473 F2500
M3 S220
G1 X8.765 Y-4.491 F1100
G1 X8.837 Y-4.761 F1100
M5
G0 X-8.855 Y-4.437 F2500
M3 S220
G1 X-8.909 Y-4.509 F1100
M5
G0 X8.783 Y-4.400 F2500
M3 S220
G1 X8.747 Y-4.418 F1100
G1 X8.765 Y-4.473 F1100
M5
G0 X5.951 Y-4.256 F2500
M3 S220
G1 X5.825 Y-4.274 F1100
G1 X5.483 Y-4.455 F1100
G1 X5.392 Y-4.545 F1100
G1 X5.356 Y-4.689 F1100
G1 X5.122 Y-5.032 F1100
G1 X4.923 Y-5.266 F1100
G1 X4.779 Y-5.320 F1100
G1 X4.671 Y-5.320 F1100
G1 X4.382 Y-5.483 F1100
G1 X4.292 Y-5.645 F1100
G1 X4.220 Y-5.699 F1100
G1 X3.589 Y-5.717 F1100
G1 X3.372 Y-5.663 F1100
G1 X3.228 Y-5.519 F1100
G1 X3.102 Y-5.519 F1100
G1 X3.048 Y-5.573 F1100
G1 X3.246 Y-5.771 F1100
G1 X3.318 Y-5.915 F1100
G1 X3.300 Y-5.951 F1100
G1 X3.174 Y-5.951 F1100
G1 X3.048 Y-5.879 F1100
G1 X2.958 Y-5.681 F1100
G1 X2.976 Y-5.555 F1100
G1 X3.030 Y-5.573 F1100
M5
G0 X1.876 Y-4.112 F2500
M3 S220
G1 X1.803 Y-4.130 F1100
G1 X1.803 Y-4.220 F1100
G1 X1.677 Y-4.364 F1100
G1 X1.695 Y-4.437 F1100
G1 X1.623 Y-4.509 F1100
G1 X1.587 Y-4.635 F1100
G1 X1.407 Y-4.743 F1100
G1 X1.389 Y-4.869 F1100
G1 X1.317 Y-4.869 F1100
G1 X1.244 Y-4.833 F1100
G1 X0.775 Y-4.346 F1100
G1 X0.649 Y-4.256 F1100
G1 X0.541 Y-4.094 F1100
G1 X0.775 Y-4.076 F1100
G1 X0.848 Y-4.022 F1100
G1 X0.920 Y-4.094 F1100
G1 X1.298 Y-4.238 F1100
G1 X1.154 Y-4.382 F1100
G1 X1.154 Y-4.491 F1100
G1 X1.208 Y-4.563 F1100
G1 X1.317 Y-4.599 F1100
G1 X1.407 Y-4.725 F1100
M5
G0 X1.948 Y-4.112 F2500
M3 S220
G1 X2.002 Y-4.112 F1100
G1 X2.038 Y-4.292 F1100
G1 X1.930 Y-4.473 F1100
G1 X2.002 Y-4.599 F1100
G1 X2.020 Y-4.779 F1100
G1 X2.128 Y-5.122 F1100
G1 X2.056 Y-5.284 F1100
G1 X2.092 Y-5.555 F1100
G1 X2.038 Y-5.627 F1100
G1 X2.038 Y-6.006 F1100
G1 X2.092 Y-6.132 F1100
G1 X1.912 Y-6.330 F1100
G1 X1.858 Y-6.979 F1100
M5
G0 X8.585 Y-4.058 F2500
M3 S220
G1 X8.548 Y-4.076 F1100
G1 X8.639 Y-4.581 F1100
G1 X8.873 Y-5.320 F1100
G1 X8.927 Y-5.374 F1100
M5
G0 X-8.765 Y-3.787 F2500
M3 S220
G1 X-8.891 Y-4.437 F1100
M5
G0 X8.639 Y-3.661 F2500
M3 S220
G1 X8.603 Y-3.679 F1100
G1 X8.621 Y-3.823 F1100
G1 X8.512 Y-3.859 F1100
G1 X8.548 Y-4.058 F1100
M5
G0 X8.711 Y-3.571 F2500
M3 S220
G1 X8.855 Y-4.400 F1100
G1 X8.981 Y-4.887 F1100
G1 X9.144 Y-5.320 F1100
G1 X9.144 Y-5.374 F1100
G1 X9.053 Y-5.428 F1100
G1 X9.053 Y-5.501 F1100
G1 X8.999 Y-5.519 F1100
M5
G0 X-8.206 Y-3.372 F2500
M3 S220
G1 X-8.170 Y-3.318 F1100
G1 X8.152 Y-3.318 F1100
G1 X8.206 Y-3.517 F1100
G1 X8.170 Y-3.715 F1100
G1 X1.966 Y-3.715 F1100
G1 X1.894 Y-3.769 F1100
G1 X1.930 Y-3.805 F1100
G1 X1.984 Y-4.076 F1100
M5
G0 X-8.585 Y-3.354 F2500
M3 S220
G1 X-8.657 Y-3.914 F1100
G1 X-8.855 Y-4.779 F1100
M5
G0 X-8.566 Y-3.300 F2500
M3 S220
G1 X-8.566 Y-3.228 F1100
M5
G0 X8.566 Y-3.282 F2500
M3 S220
G1 X8.603 Y-3.661 F1100
M5
G0 X1.822 Y-1.587 F2500
M3 S220
G1 X1.767 Y-1.605 F1100
G1 X1.767 Y-1.785 F1100
G1 X1.822 Y-1.840 F1100
G1 X1.767 Y-1.912 F1100
G1 X1.605 Y-1.930 F1100
G1 X1.497 Y-1.840 F1100
G1 X1.389 Y-2.002 F1100
G1 X1.389 Y-2.164 F1100
G1 X1.551 Y-2.326 F1100
G1 X1.551 Y-2.381 F1100
G1 X1.461 Y-2.489 F1100
G1 X1.280 Y-2.525 F1100
G1 X1.118 Y-2.525 F1100
G1 X0.956 Y-2.363 F1100
G1 X0.812 Y-2.525 F1100
G1 X0.252 Y-2.525 F1100
G1 X0.054 Y-2.326 F1100
G1 X-0.433 Y-2.308 F1100
G1 X-0.667 Y-2.128 F1100
G1 X-0.739 Y-2.128 F1100
G1 X-1.118 Y-2.507 F1100
G1 X-1.262 Y-2.525 F1100
G1 X-1.479 Y-2.489 F1100
G1 X-1.587 Y-2.363 F1100
G1 X-1.984 Y-2.345 F1100
G1 X-2.110 Y-2.236 F1100
G1 X-2.579 Y-2.128 F1100
G1 X-3.138 Y-1.930 F1100
G1 X-3.228 Y-1.984 F1100
G1 X-3.409 Y-1.984 F1100
G1 X-3.571 Y-1.894 F1100
G1 X-3.751 Y-1.858 F1100
G1 X-3.914 Y-1.948 F1100
G1 X-3.859 Y-2.074 F1100
G1 X-3.517 Y-2.236 F1100
G1 X-2.254 Y-2.651 F1100
G1 X-1.100 Y-2.868 F1100
G1 X-0.054 Y-2.940 F1100
G1 X1.136 Y-2.868 F1100
G1 X1.966 Y-2.723 F1100
G1 X2.543 Y-2.579 F1100
G1 X3.391 Y-2.290 F1100
G1 X3.805 Y-2.110 F1100
G1 X3.895 Y-2.020 F1100
G1 X3.914 Y-1.948 F1100
G1 X3.787 Y-1.858 F1100
G1 X3.318 Y-1.984 F1100
G1 X3.066 Y-1.948 F1100
G1 X2.453 Y-2.146 F1100
G1 X2.363 Y-2.290 F1100
G1 X2.020 Y-2.308 F1100
G1 X1.840 Y-2.381 F1100
G1 X1.569 Y-2.381 F1100
M5
G0 X-1.858 Y-1.515 F2500
M3 S220
G1 X-1.984 Y-1.515 F1100
G1 X-2.092 Y-1.641 F1100
G1 X-2.002 Y-1.731 F1100
G1 X-1.713 Y-1.749 F1100
G1 X-1.641 Y-1.840 F1100
G1 X-1.515 Y-1.858 F1100
G1 X-1.407 Y-2.020 F1100
G1 X-1.407 Y-2.146 F1100
G1 X-1.587 Y-2.345 F1100
M5
G0 X-1.822 Y-1.515 F2500
M3 S220
G1 X-1.659 Y-1.533 F1100
G1 X-1.659 Y-1.713 F1100
G1 X-1.695 Y-1.749 F1100
M5
G0 X1.912 Y-1.407 F2500
M3 S220
G1 X1.803 Y-1.425 F1100
G1 X1.767 Y-1.587 F1100
M5
G0 X2.399 Y-1.389 F2500
M3 S220
G1 X2.507 Y-1.497 F1100
G1 X2.507 Y-1.569 F1100
G1 X2.417 Y-1.587 F1100
G1 X2.308 Y-1.749 F1100
G1 X2.002 Y-1.749 F1100
G1 X1.948 Y-1.822 F1100
G1 X1.822 Y-1.822 F1100
M5
G0 X2.759 Y-1.317 F2500
M3 S220
G1 X2.633 Y-1.262 F1100
G1 X2.579 Y-1.407 F1100
G1 X2.507 Y-1.479 F1100
M5
G0 X2.110 Y-0.920 F2500
M3 S220
G1 X2.056 Y-0.920 F1100
G1 X1.876 Y-1.028 F1100
G1 X1.876 Y-1.082 F1100
G1 X1.803 Y-1.154 F1100
G1 X1.767 Y-1.262 F1100
G1 X1.767 Y-1.371 F1100
G1 X1.803 Y-1.407 F1100
M5
G0 X-2.146 Y-0.902 F2500
M3 S220
G1 X-2.092 Y-0.902 F1100
G1 X-2.038 Y-0.974 F1100
G1 X-2.164 Y-1.028 F1100
G1 X-2.218 Y-1.136 F1100
G1 X-2.236 Y-1.533 F1100
G1 X-2.326 Y-1.551 F1100
G1 X-2.597 Y-1.497 F1100
G1 X-2.723 Y-1.569 F1100
G1 X-2.994 Y-1.551 F1100
G1 X-3.138 Y-1.461 F1100
G1 X-3.174 Y-1.515 F1100
G1 X-3.156 Y-1.912 F1100
M5
G0 X2.236 Y-0.866 F2500
M3 S220
G1 X2.164 Y-1.082 F1100
G1 X1.984 Y-1.190 F1100
G1 X2.020 Y-1.317 F1100
G1 X2.146 Y-1.389 F1100
G1 X2.254 Y-1.533 F1100
G1 X2.074 Y-1.731 F1100
M5
G0 X-2.435 Y-0.848 F2500
M3 S220
G1 X-2.435 Y-0.884 F1100
G1 X-2.759 Y-1.208 F1100
G1 X-2.922 Y-1.298 F1100
G1 X-3.102 Y-1.298 F1100
G1 X-3.120 Y-1.443 F1100
M5
G0 X2.417 Y-0.830 F2500
M3 S220
G1 X2.471 Y-1.046 F1100
G1 X2.435 Y-1.389 F1100
M5
G0 X1.930 Y-0.794 F2500
M3 S220
G1 X1.822 Y-0.812 F1100
G1 X1.822 Y-0.974 F1100
G1 X1.858 Y-1.028 F1100
M5
G0 X1.966 Y-0.794 F2500
M3 S220
G1 X2.038 Y-0.757 F1100
G1 X2.110 Y-0.775 F1100
G1 X2.056 Y-0.902 F1100
M5
G0 X2.399 Y-0.794 F2500
M3 S220
G1 X2.417 Y-0.721 F1100
G1 X2.543 Y-0.739 F1100
G1 X2.669 Y-0.884 F1100
G1 X2.795 Y-0.938 F1100
G1 X2.651 Y-1.244 F1100
G1 X2.489 Y-1.100 F1100
M5
G0 X2.272 Y-0.757 F2500
M3 S220
G1 X2.236 Y-0.721 F1100
G1 X2.110 Y-0.757 F1100
G1 X2.074 Y-0.613 F1100
G1 X1.930 Y-0.469 F1100
G1 X1.822 Y-0.631 F1100
G1 X1.822 Y-0.794 F1100
M5
G0 X2.290 Y-0.721 F2500
M3 S220
G1 X2.236 Y-0.703 F1100
G1 X2.272 Y-0.595 F1100
G1 X2.399 Y-0.613 F1100
G1 X2.399 Y-0.685 F1100
G1 X2.363 Y-0.721 F1100
M5
G0 X8.801 Y-0.577 F2500
M3 S220
G1 X8.801 Y-0.505 F1100
M5
G0 X3.643 Y-0.361 F2500
M3 S220
G1 X3.643 Y-0.325 F1100
G1 X3.841 Y-0.144 F1100
G1 X4.040 Y-0.361 F1100
G1 X4.040 Y-0.577 F1100
G1 X3.986 Y-0.649 F1100
G1 X3.787 Y-0.649 F1100
G1 X3.751 Y-0.685 F1100
G1 X3.751 Y-0.848 F1100
G1 X3.589 Y-0.974 F1100
G1 X3.679 Y-1.118 F1100
G1 X3.643 Y-1.317 F1100
G1 X3.589 Y-1.371 F1100
G1 X3.463 Y-1.407 F1100
G1 X3.463 Y-1.840 F1100
G1 X3.499 Y-1.912 F1100
M5
G0 X-4.058 Y-0.289 F2500
M3 S220
G1 X-4.094 Y-0.307 F1100
G1 X-4.076 Y-0.577 F1100
G1 X-4.040 Y-0.649 F1100
G1 X-4.094 Y-0.775 F1100
G1 X-3.986 Y-0.866 F1100
G1 X-3.697 Y-0.902 F1100
G1 X-3.733 Y-0.938 F1100
G1 X-3.733 Y-1.028 F1100
G1 X-3.679 Y-1.100 F1100
G1 X-3.661 Y-1.280 F1100
G1 X-3.607 Y-1.353 F1100
G1 X-3.535 Y-1.353 F1100
G1 X-3.499 Y-1.389 F1100
G1 X-3.499 Y-1.822 F1100
G1 X-3.553 Y-1.894 F1100
M5
G0 X8.711 Y-0.180 F2500
M3 S220
G1 X8.639 Y-0.216 F1100
G1 X8.512 Y-0.794 F1100
G1 X8.386 Y-1.840 F1100
G1 X8.386 Y-2.868 F1100
G1 X8.512 Y-3.841 F1100
M5
G0 X8.819 Y-0.018 F2500
M3 S220
G1 X9.108 Y0.794 F1100
G1 X9.252 Y1.046 F1100
G1 X9.324 Y1.010 F1100
G1 X9.252 Y0.794 F1100
M5
G0 X8.747 Y0.000 F2500
M3 S220
G1 X8.693 Y-0.018 F1100
G1 X8.675 Y-0.162 F1100
M5
G0 X9.017 Y0.162 F2500
M3 S220
G1 X9.035 Y0.234 F1100
M5
G0 X9.071 Y0.307 F2500
M3 S220
G1 X9.108 Y0.415 F1100
M5
G0 X-8.981 Y0.415 F2500
M3 S220
G1 X-9.144 Y0.848 F1100
G1 X-9.378 Y1.298 F1100
G1 X-9.504 Y1.298 F1100
G1 X-9.576 Y1.226 F1100
G1 X-9.504 Y1.082 F1100
G1 X-9.486 Y0.902 F1100
G1 X-9.342 Y0.595 F1100
G1 X-9.126 Y-0.036 F1100
G1 X-8.945 Y-0.757 F1100
G1 X-8.855 Y-1.335 F1100
G1 X-8.801 Y-2.020 F1100
G1 X-8.801 Y-2.741 F1100
G1 X-8.891 Y-3.679 F1100
G1 X-9.108 Y-4.689 F1100
G1 X-9.288 Y-5.230 F1100
G1 X-9.288 Y-5.356 F1100
M5
G0 X-9.162 Y0.523 F2500
M3 S220
G1 X-9.234 Y0.721 F1100
M5
G0 X9.162 Y0.559 F2500
M3 S220
G1 X9.198 Y0.595 F1100
G1 X9.270 Y0.595 F1100
G1 X9.288 Y0.469 F1100
G1 X9.053 Y-0.234 F1100
G1 X8.873 Y-1.100 F1100
G1 X8.783 Y-1.948 F1100
G1 X8.783 Y-2.759 F1100
G1 X8.891 Y-3.733 F1100
G1 X9.035 Y-4.455 F1100
G1 X9.270 Y-5.248 F1100
G1 X9.486 Y-5.753 F1100
G1 X9.486 Y-5.825 F1100
G1 X9.360 Y-5.879 F1100
G1 X9.378 Y-5.969 F1100
G1 X9.252 Y-6.042 F1100
M5
G0 X-9.252 Y0.757 F2500
M3 S220
G1 X-9.324 Y0.956 F1100
G1 X-9.396 Y1.028 F1100
G1 X-9.486 Y1.046 F1100
M5
G0 X-5.446 Y0.884 F2500
M3 S220
G1 X-5.446 Y1.010 F1100
G1 X-5.284 Y1.154 F1100
G1 X-5.248 Y1.371 F1100
G1 X-5.302 Y1.479 F1100
G1 X-5.591 Y1.497 F1100
G1 X-5.681 Y1.407 F1100
G1 X-5.681 Y1.262 F1100
G1 X-5.645 Y1.190 F1100
G1 X-5.465 Y1.028 F1100
M5
G0 X5.158 Y1.172 F2500
M3 S220
G1 X5.086 Y1.154 F1100
G1 X5.086 Y1.064 F1100
G1 X5.140 Y0.938 F1100
G1 X5.266 Y0.830 F1100
G1 X5.338 Y0.884 F1100
G1 X5.446 Y1.190 F1100
G1 X5.446 Y1.389 F1100
G1 X5.410 Y1.407 F1100
G1 X5.212 Y1.335 F1100
G1 X5.068 Y1.353 F1100
G1 X5.050 Y1.262 F1100
G1 X5.086 Y1.172 F1100
M5
G0 X-3.318 Y1.262 F2500
M3 S220
G1 X-3.282 Y1.208 F1100
G1 X-3.300 Y1.064 F1100
G1 X-3.138 Y0.884 F1100
G1 X-3.192 Y0.794 F1100
G1 X-3.192 Y0.415 F1100
G1 X-3.084 Y0.289 F1100
G1 X-3.066 Y0.180 F1100
G1 X-2.976 Y0.090 F1100
G1 X-3.300 Y-0.271 F1100
G1 X-3.300 Y-0.379 F1100
G1 X-3.228 Y-0.469 F1100
G1 X-3.300 Y-0.559 F1100
G1 X-3.300 Y-0.667 F1100
G1 X-3.120 Y-0.866 F1100
G1 X-3.120 Y-1.298 F1100
M5
G0 X5.158 Y1.443 F2500
M3 S220
G1 X5.086 Y1.443 F1100
G1 X5.068 Y1.371 F1100
M5
G0 X5.122 Y1.984 F2500
M3 S220
G1 X5.014 Y1.984 F1100
G1 X5.086 Y1.659 F1100
G1 X5.068 Y1.443 F1100
M5
G0 X-2.904 Y2.074 F2500
M3 S220
G1 X-2.813 Y2.038 F1100
G1 X-2.741 Y1.677 F1100
G1 X-2.741 Y1.515 F1100
G1 X-2.705 Y1.479 F1100
G1 X-2.759 Y1.443 F1100
G1 X-3.409 Y1.461 F1100
G1 X-3.481 Y1.389 F1100
G1 X-3.517 Y0.721 F1100
G1 X-3.661 Y0.613 F1100
G1 X-3.733 Y0.343 F1100
G1 X-3.733 Y0.252 F1100
G1 X-3.661 Y0.180 F1100
G1 X-3.661 Y0.126 F1100
G1 X-3.715 Y0.072 F1100
G1 X-3.877 Y0.036 F1100
G1 X-3.950 Y-0.108 F1100
G1 X-4.112 Y-0.108 F1100
G1 X-4.184 Y-0.162 F1100
G1 X-4.148 Y-0.216 F1100
G1 X-4.220 Y-0.289 F1100
G1 X-4.238 Y-0.757 F1100
G1 X-4.346 Y-0.739 F1100
G1 X-4.400 Y-0.667 F1100
G1 X-4.653 Y-0.649 F1100
G1 X-5.915 Y-0.667 F1100
G1 X-6.006 Y-0.757 F1100
G1 X-6.114 Y-0.721 F1100
G1 X-6.168 Y-0.739 F1100
G1 X-6.294 Y-0.667 F1100
G1 X-6.673 Y-0.685 F1100
G1 X-6.709 Y-0.739 F1100
G1 X-6.781 Y-0.739 F1100
G1 X-6.889 Y-0.667 F1100
G1 X-7.070 Y-0.613 F1100
G1 X-7.142 Y-0.505 F1100
G1 X-7.160 Y-0.397 F1100
G1 X-7.015 Y-0.216 F1100
G1 X-6.799 Y-0.180 F1100
G1 X-6.781 Y-0.252 F1100
G1 X-6.871 Y-0.361 F1100
G1 X-6.871 Y-0.649 F1100
M5
G0 X2.922 Y2.074 F2500
M3 S220
G1 X2.705 Y2.002 F1100
G1 X2.615 Y1.912 F1100
G1 X2.507 Y1.641 F1100
G1 X2.110 Y1.443 F1100
G1 X0.144 Y1.443 F1100
G1 X0.108 Y1.244 F1100
G1 X0.144 Y1.154 F1100
G1 X0.252 Y1.046 F1100
G1 X0.198 Y0.974 F1100
G1 X-0.198 Y0.974 F1100
G1 X-0.271 Y1.046 F1100
G1 X-0.379 Y1.046 F1100
G1 X-0.451 Y0.974 F1100
G1 X-0.559 Y0.956 F1100
G1 X-0.613 Y0.902 F1100
G1 X-0.415 Y0.703 F1100
G1 X0.595 Y0.703 F1100
G1 X0.794 Y0.884 F1100
G1 X0.848 Y0.559 F1100
G1 X0.974 Y0.451 F1100
G1 X0.775 Y0.234 F1100
G1 X0.757 Y0.144 F1100
G1 X0.812 Y-0.018 F1100
G1 X1.046 Y-0.234 F1100
G1 X1.010 Y-0.595 F1100
G1 X1.028 Y-0.920 F1100
G1 X0.920 Y-0.974 F1100
G1 X0.703 Y-0.974 F1100
G1 X0.667 Y-1.010 F1100
G1 X0.649 Y-1.118 F1100
G1 X0.559 Y-1.226 F1100
G1 X0.577 Y-1.371 F1100
G1 X0.541 Y-1.407 F1100
G1 X0.541 Y-1.587 F1100
G1 X0.469 Y-1.677 F1100
G1 X0.469 Y-1.840 F1100
G1 X0.541 Y-1.930 F1100
G1 X0.433 Y-2.038 F1100
G1 X0.252 Y-2.056 F1100
G1 X0.234 Y-2.128 F1100
G1 X0.054 Y-2.308 F1100
M5
G0 X-9.901 Y2.236 F2500
M3 S220
G1 X-10.099 Y2.218 F1100
G1 X-10.063 Y2.020 F1100
G1 X-9.937 Y1.948 F1100
G1 X-9.865 Y1.677 F1100
G1 X-9.775 Y1.623 F1100
G1 X-9.721 Y1.443 F1100
G1 X-9.576 Y1.244 F1100
M5
G0 X-9.865 Y2.236 F2500
M3 S220
G1 X-9.811 Y2.164 F1100
G1 X-9.811 Y2.038 F1100
G1 X-9.919 Y1.948 F1100
M5
G0 X-4.851 Y2.759 F2500
M3 S220
G1 X-4.923 Y2.759 F1100
G1 X-5.068 Y2.886 F1100
G1 X-5.465 Y2.489 F1100
G1 X-5.465 Y2.308 F1100
G1 X-5.519 Y2.254 F1100
G1 X-5.591 Y2.254 F1100
G1 X-5.735 Y2.128 F1100
G1 X-6.402 Y2.218 F1100
G1 X-6.601 Y2.435 F1100
G1 X-6.817 Y2.759 F1100
G1 X-7.376 Y2.940 F1100
G1 X-7.412 Y2.976 F1100
G1 X-7.178 Y3.192 F1100
G1 X-7.178 Y3.318 F1100
G1 X-7.015 Y3.318 F1100
G1 X-6.907 Y3.264 F1100
G1 X-6.907 Y2.813 F1100
M5
G0 X-6.132 Y2.940 F2500
M3 S220
G1 X-6.168 Y2.922 F1100
G1 X-6.132 Y2.741 F1100
G1 X-6.006 Y2.669 F1100
G1 X-5.609 Y2.272 F1100
M5
G0 X-6.096 Y3.156 F2500
M3 S220
G1 X-6.006 Y3.066 F1100
G1 X-5.933 Y2.922 F1100
G1 X-6.006 Y2.849 F1100
G1 X-6.114 Y2.831 F1100
M5
G0 X6.619 Y3.192 F2500
M3 S220
G1 X6.492 Y3.120 F1100
G1 X6.312 Y3.120 F1100
G1 X6.240 Y3.174 F1100
G1 X6.024 Y3.120 F1100
G1 X5.663 Y3.138 F1100
G1 X5.555 Y3.084 F1100
G1 X5.501 Y2.831 F1100
G1 X5.428 Y2.723 F1100
G1 X5.501 Y2.579 F1100
G1 X5.483 Y2.236 F1100
G1 X5.537 Y2.164 F1100
G1 X5.410 Y1.731 F1100
G1 X5.428 Y1.425 F1100
M5
G0 X-6.384 Y3.210 F2500
M3 S220
G1 X-6.420 Y3.120 F1100
G1 X-6.781 Y2.759 F1100
M5
G0 X-4.238 Y3.391 F2500
M3 S220
G1 X-4.364 Y3.282 F1100
G1 X-4.364 Y3.192 F1100
G1 X-4.076 Y2.886 F1100
G1 X-4.076 Y2.759 F1100
G1 X-4.274 Y2.453 F1100
G1 X-4.491 Y2.218 F1100
G1 X-5.176 Y2.128 F1100
G1 X-5.248 Y2.200 F1100
G1 X-5.338 Y2.200 F1100
G1 X-5.446 Y2.290 F1100
G1 X-5.465 Y2.074 F1100
G1 X-5.735 Y1.803 F1100
G1 X-5.735 Y1.695 F1100
G1 X-5.609 Y1.497 F1100
M5
G0 X-3.968 Y3.409 F2500
M3 S220
G1 X-3.823 Y3.391 F1100
G1 X-3.823 Y3.228 F1100
G1 X-3.877 Y3.102 F1100
G1 X-4.076 Y2.904 F1100
M5
G0 X0.613 Y3.427 F2500
M3 S220
G1 X0.649 Y3.499 F1100
G1 X0.703 Y3.499 F1100
G1 X0.703 Y3.336 F1100
G1 X0.559 Y3.192 F1100
G1 X0.397 Y3.102 F1100
G1 X0.397 Y3.012 F1100
G1 X0.307 Y2.922 F1100
G1 X0.198 Y2.886 F1100
G1 X0.108 Y2.723 F1100
G1 X-0.144 Y2.723 F1100
G1 X-0.198 Y2.777 F1100
G1 X-0.234 Y2.904 F1100
G1 X0.180 Y2.886 F1100
M5
G0 X4.797 Y3.517 F2500
M3 S220
G1 X4.617 Y3.499 F1100
G1 X4.617 Y3.336 F1100
G1 X4.653 Y3.282 F1100
G1 X4.635 Y3.210 F1100
G1 X4.382 Y3.228 F1100
G1 X4.166 Y3.102 F1100
G1 X4.022 Y3.138 F1100
G1 X3.968 Y3.210 F1100
G1 X4.094 Y3.318 F1100
G1 X4.202 Y3.318 F1100
G1 X4.310 Y3.228 F1100
M5
G0 X-4.292 Y3.571 F2500
M3 S220
G1 X-4.310 Y3.715 F1100
G1 X-4.382 Y3.769 F1100
G1 X-4.509 Y3.715 F1100
G1 X-4.689 Y3.697 F1100
G1 X-4.797 Y3.535 F1100
G1 X-4.797 Y3.427 F1100
G1 X-4.978 Y3.228 F1100
G1 X-5.068 Y3.192 F1100
G1 X-5.663 Y3.174 F1100
G1 X-5.879 Y3.210 F1100
G1 X-6.222 Y3.336 F1100
G1 X-6.240 Y3.192 F1100
G1 X-6.168 Y2.940 F1100
M5
G0 X-7.899 Y3.679 F2500
M3 S220
G1 X-7.953 Y3.895 F1100
G1 X-7.881 Y3.932 F1100
G1 X-7.466 Y3.932 F1100
G1 X-7.358 Y3.895 F1100
G1 X-7.466 Y3.787 F1100
G1 X-7.466 Y3.535 F1100
G1 X-7.557 Y3.481 F1100
G1 X-7.755 Y3.445 F1100
G1 X-7.881 Y3.318 F1100
G1 X-7.827 Y3.192 F1100
G1 X-7.593 Y3.102 F1100
G1 X-7.557 Y3.030 F1100
G1 X-7.430 Y2.994 F1100
M5
G0 X4.563 Y3.823 F2500
M3 S220
G1 X4.473 Y3.805 F1100
G1 X4.491 Y3.661 F1100
G1 X4.545 Y3.571 F1100
G1 X4.364 Y3.499 F1100
G1 X4.382 Y3.246 F1100
M5
G0 X-6.691 Y3.841 F2500
M3 S220
G1 X-6.637 Y3.769 F1100
G1 X-6.691 Y3.733 F1100
G1 X-6.979 Y3.751 F1100
G1 X-7.088 Y3.805 F1100
G1 X-7.124 Y3.877 F1100
G1 X-7.070 Y3.950 F1100
G1 X-7.052 Y4.076 F1100
G1 X-7.070 Y4.292 F1100
G1 X-6.709 Y4.310 F1100
G1 X-6.655 Y4.274 F1100
G1 X-6.655 Y3.841 F1100
M5
G0 X0.361 Y3.895 F2500
M3 S220
G1 X0.343 Y3.986 F1100
G1 X0.090 Y3.986 F1100
G1 X0.072 Y3.932 F1100
M5
G0 X-0.902 Y4.004 F2500
M3 S220
G1 X-0.920 Y4.058 F1100
G1 X-0.848 Y4.058 F1100
M5
G0 X-1.064 Y4.094 F2500
M3 S220
G1 X-1.118 Y4.130 F1100
G1 X-1.226 Y4.094 F1100
G1 X-1.154 Y3.932 F1100
G1 X-0.812 Y3.607 F1100
G1 X-0.775 Y3.427 F1100
G1 X-0.667 Y3.318 F1100
G1 X-0.541 Y3.264 F1100
G1 X-0.469 Y3.192 F1100
G1 X-0.451 Y3.066 F1100
G1 X-0.252 Y2.922 F1100
M5
G0 X-9.865 Y4.112 F2500
M3 S220
G1 X-10.009 Y4.094 F1100
G1 X-10.063 Y3.625 F1100
G1 X-10.117 Y3.589 F1100
G1 X-10.154 Y3.481 F1100
G1 X-10.190 Y3.012 F1100
G1 X-10.135 Y2.940 F1100
G1 X-10.154 Y2.453 F1100
G1 X-10.099 Y2.381 F1100
G1 X-10.099 Y2.236 F1100
M5
G0 X-9.847 Y4.202 F2500
M3 S220
G1 X-9.955 Y4.202 F1100
G1 X-9.991 Y4.130 F1100
M5
G0 X9.667 Y4.238 F2500
M3 S220
G1 X9.631 Y4.220 F1100
G1 X9.685 Y3.932 F1100
G1 X9.739 Y3.391 F1100
G1 X9.775 Y3.336 F1100
G1 X9.775 Y2.958 F1100
G1 X9.847 Y2.868 F1100
G1 X9.847 Y2.705 F1100
G1 X9.793 Y2.633 F1100
G1 X9.793 Y2.326 F1100
G1 X9.973 Y2.128 F1100
G1 X9.973 Y2.074 F1100
G1 X9.865 Y1.912 F1100
G1 X9.739 Y1.515 F1100
G1 X9.522 Y1.154 F1100
G1 X9.504 Y0.974 F1100
G1 X9.306 Y0.577 F1100
M5
G0 X9.649 Y4.328 F2500
M3 S220
G1 X9.612 Y4.310 F1100
G1 X9.631 Y4.238 F1100
M5
G0 X-0.812 Y4.364 F2500
M3 S220
G1 X-0.938 Y4.418 F1100
M5
G0 X-2.795 Y4.491 F2500
M3 S220
G1 X-2.759 Y4.527 F1100
G1 X-2.723 Y4.509 F1100
G1 X-2.723 Y4.346 F1100
G1 X-2.868 Y4.310 F1100
G1 X-3.012 Y4.166 F1100
G1 X-3.012 Y3.950 F1100
G1 X-2.940 Y3.859 F1100
G1 X-2.958 Y3.841 F1100
G1 X-3.571 Y3.841 F1100
G1 X-3.661 Y3.914 F1100
G1 X-3.679 Y3.859 F1100
G1 X-3.841 Y3.733 F1100
G1 X-4.310 Y3.733 F1100
M5
G0 X-5.501 Y4.527 F2500
M3 S220
G1 X-5.537 Y4.527 F1100
G1 X-5.789 Y4.256 F1100
G1 X-5.789 Y3.787 F1100
G1 X-6.114 Y3.787 F1100
G1 X-6.240 Y3.661 F1100
G1 X-6.258 Y3.409 F1100
G1 X-6.601 Y3.282 F1100
G1 X-6.583 Y2.976 F1100
M5
G0 X-5.465 Y4.527 F2500
M3 S220
G1 X-5.374 Y4.527 F1100
G1 X-5.356 Y4.418 F1100
G1 X-5.194 Y4.256 F1100
G1 X-5.771 Y4.220 F1100
M5
G0 X-9.883 Y4.581 F2500
M3 S220
G1 X-9.937 Y4.581 F1100
G1 X-9.973 Y4.527 F1100
G1 X-9.973 Y4.437 F1100
G1 X-9.937 Y4.400 F1100
G1 X-9.973 Y4.202 F1100
M5
G0 X1.244 Y4.653 F2500
M3 S220
G1 X1.407 Y4.689 F1100
G1 X1.551 Y4.671 F1100
G1 X1.479 Y4.455 F1100
G1 X1.118 Y4.076 F1100
G1 X1.118 Y3.914 F1100
G1 X1.064 Y3.823 F1100
G1 X0.721 Y3.499 F1100
M5
G0 X9.793 Y4.689 F2500
M3 S220
G1 X9.757 Y4.671 F1100
G1 X9.775 Y4.599 F1100
G1 X9.865 Y4.527 F1100
G1 X9.703 Y4.473 F1100
G1 X9.757 Y4.166 F1100
G1 X9.667 Y4.130 F1100
M5
G0 X9.775 Y4.761 F2500
M3 S220
G1 X9.739 Y4.743 F1100
G1 X9.757 Y4.689 F1100
M5
G0 X-9.631 Y4.779 F2500
M3 S220
G1 X-9.721 Y4.418 F1100
G1 X-9.685 Y4.238 F1100
G1 X-9.775 Y4.166 F1100
G1 X-9.739 Y3.950 F1100
G1 X-9.829 Y3.841 F1100
G1 X-9.793 Y3.571 F1100
G1 X-9.847 Y3.300 F1100
G1 X-9.847 Y3.102 F1100
G1 X-9.919 Y2.904 F1100
G1 X-10.009 Y2.813 F1100
G1 X-10.117 Y2.813 F1100
M5
G0 X-3.102 Y4.779 F2500
M3 S220
G1 X-3.174 Y4.617 F1100
G1 X-3.174 Y4.509 F1100
G1 X-3.048 Y4.364 F1100
G1 X-3.066 Y4.292 F1100
G1 X-3.012 Y4.184 F1100
M5
G0 X5.068 Y4.797 F2500
M3 S220
G1 X4.996 Y4.725 F1100
G1 X5.014 Y4.653 F1100
G1 X4.978 Y4.563 F1100
G1 X4.978 Y4.382 F1100
G1 X5.014 Y4.202 F1100
G1 X4.960 Y4.148 F1100
G1 X4.491 Y4.094 F1100
G1 X4.274 Y4.040 F1100
G1 X4.238 Y4.004 F1100
G1 X4.292 Y3.895 F1100
G1 X4.455 Y3.859 F1100
G1 X4.473 Y3.823 F1100
M5
G0 X-9.612 Y4.815 F2500
M3 S220
G1 X-9.594 Y4.905 F1100
M5
G0 X1.226 Y4.833 F2500
M3 S220
G1 X1.407 Y5.392 F1100
G1 X1.443 Y5.627 F1100
G1 X1.425 Y5.645 F1100
G1 X1.208 Y5.428 F1100
M5
G0 X9.612 Y4.833 F2500
M3 S220
G1 X9.703 Y4.491 F1100
M5
G0 X-3.517 Y4.851 F2500
M3 S220
G1 X-3.553 Y4.725 F1100
G1 X-3.571 Y4.364 F1100
G1 X-3.499 Y4.202 F1100
G1 X-3.661 Y4.040 F1100
G1 X-3.661 Y3.932 F1100
M5
G0 X-5.158 Y4.923 F2500
M3 S220
G1 X-5.302 Y4.923 F1100
G1 X-5.338 Y4.851 F1100
G1 X-5.122 Y4.671 F1100
G1 X-5.086 Y4.310 F1100
G1 X-5.158 Y4.238 F1100
G1 X-5.158 Y3.733 F1100
G1 X-5.284 Y3.625 F1100
G1 X-5.645 Y3.625 F1100
G1 X-5.699 Y3.643 F1100
G1 X-5.789 Y3.769 F1100
M5
G0 X-5.068 Y4.923 F2500
M3 S220
G1 X-5.032 Y4.905 F1100
G1 X-5.050 Y4.743 F1100
G1 X-5.122 Y4.689 F1100
M5
G0 X-4.689 Y4.923 F2500
M3 S220
G1 X-4.761 Y4.905 F1100
G1 X-4.761 Y4.815 F1100
G1 X-4.689 Y4.707 F1100
G1 X-4.707 Y4.400 F1100
G1 X-4.797 Y4.364 F1100
G1 X-5.068 Y4.346 F1100
M5
G0 X-4.635 Y4.923 F2500
M3 S220
G1 X-4.599 Y4.905 F1100
G1 X-4.617 Y4.761 F1100
G1 X-4.689 Y4.725 F1100
M5
G0 X-9.793 Y4.942 F2500
M3 S220
G1 X-9.883 Y4.905 F1100
G1 X-9.955 Y4.581 F1100
M5
G0 X-6.889 Y4.978 F2500
M3 S220
G1 X-7.015 Y4.869 F1100
G1 X-6.997 Y4.635 F1100
G1 X-6.925 Y4.563 F1100
G1 X-6.925 Y4.328 F1100
M5
G0 X0.956 Y4.996 F2500
M3 S220
G1 X0.938 Y5.122 F1100
G1 X0.848 Y5.320 F1100
G1 X0.307 Y5.879 F1100
G1 X0.144 Y6.114 F1100
G1 X0.000 Y6.474 F1100
G1 X-0.072 Y6.871 F1100
G1 X-0.072 Y7.124 F1100
G1 X-0.126 Y7.142 F1100
M5
G0 X-9.739 Y5.122 F2500
M3 S220
G1 X-9.829 Y5.086 F1100
G1 X-9.865 Y4.942 F1100
M5
G0 X5.014 Y5.356 F2500
M3 S220
G1 X4.887 Y5.356 F1100
G1 X4.923 Y4.905 F1100
G1 X4.978 Y4.725 F1100
M5
G0 X4.996 Y5.465 F2500
M3 S220
G1 X4.960 Y5.501 F1100
G1 X4.887 Y5.501 F1100
G1 X4.887 Y5.374 F1100
M5
G0 X4.960 Y5.843 F2500
M3 S220
G1 X4.960 Y5.771 F1100
G1 X4.833 Y5.717 F1100
G1 X4.869 Y5.501 F1100
M5
G0 X4.869 Y5.879 F2500
M3 S220
G1 X4.797 Y5.861 F1100
G1 X4.833 Y5.735 F1100
M5
G0 X4.923 Y5.879 F2500
M3 S220
G1 X4.942 Y5.951 F1100
M5
G0 X1.389 Y6.186 F2500
M3 S220
G1 X1.335 Y6.186 F1100
G1 X1.172 Y6.024 F1100
G1 X1.172 Y5.951 F1100
G1 X1.443 Y5.789 F1100
G1 X1.443 Y5.645 F1100
M5
G0 X1.677 Y6.240 F2500
M3 S220
G1 X1.677 Y6.276 F1100
G1 X1.803 Y6.240 F1100
G1 X1.767 Y6.024 F1100
G1 X1.677 Y5.933 F1100
G1 X1.443 Y5.807 F1100
M5
G0 X1.479 Y6.258 F2500
M3 S220
G1 X1.587 Y6.168 F1100
G1 X1.515 Y6.096 F1100
G1 X1.515 Y5.861 F1100
M5
G0 X5.356 Y6.276 F2500
M3 S220
G1 X5.338 Y6.474 F1100
G1 X5.050 Y6.456 F1100
G1 X4.942 Y6.366 F1100
G1 X4.761 Y6.330 F1100
G1 X4.743 Y6.150 F1100
G1 X4.797 Y5.879 F1100
M5
G0 X1.280 Y6.330 F2500
M3 S220
G1 X1.208 Y6.294 F1100
G1 X1.208 Y6.186 F1100
G1 X1.100 Y6.078 F1100
G1 X1.154 Y6.024 F1100
M5
G0 X1.389 Y6.384 F2500
M3 S220
G1 X1.407 Y6.348 F1100
G1 X1.497 Y6.384 F1100
G1 X1.659 Y6.294 F1100
M5
G0 X1.605 Y6.438 F2500
M3 S220
G1 X1.623 Y6.384 F1100
G1 X1.587 Y6.348 F1100
M5
G0 X1.172 Y6.511 F2500
M3 S220
G1 X1.100 Y6.366 F1100
G1 X1.064 Y6.348 F1100
G1 X1.010 Y6.402 F1100
G1 X0.920 Y6.402 F1100
G1 X0.812 Y6.294 F1100
G1 X0.866 Y6.186 F1100
G1 X1.082 Y6.096 F1100
M5
G0 X1.046 Y6.547 F2500
M3 S220
G1 X1.010 Y6.529 F1100
G1 X0.992 Y6.420 F1100
M5
G0 X1.605 Y6.547 F2500
M3 S220
G1 X1.803 Y6.474 F1100
G1 X1.803 Y6.258 F1100
M5
G0 X1.677 Y6.601 F2500
M3 S220
G1 X1.695 Y6.655 F1100
G1 X1.749 Y6.655 F1100
G1 X1.785 Y6.601 F1100
G1 X1.785 Y6.511 F1100
M5
G0 X4.797 Y6.637 F2500
M3 S220
G1 X4.797 Y6.529 F1100
G1 X4.635 Y6.511 F1100
G1 X4.635 Y6.402 F1100
G1 X4.743 Y6.330 F1100
M5
G0 X1.605 Y6.673 F2500
M3 S220
G1 X1.677 Y6.673 F1100
M5
G0 X4.779 Y6.673 F2500
M3 S220
G1 X4.689 Y6.745 F1100
G1 X4.599 Y6.745 F1100
G1 X4.563 Y6.673 F1100
G1 X4.635 Y6.529 F1100
M5
G0 X0.938 Y6.709 F2500
M3 S220
G1 X0.866 Y6.709 F1100
G1 X0.794 Y6.637 F1100
G1 X0.685 Y6.619 F1100
G1 X0.613 Y6.547 F1100
G1 X0.631 Y6.438 F1100
G1 X0.739 Y6.402 F1100
G1 X0.794 Y6.312 F1100
M5
G0 X1.659 Y6.763 F2500
M3 S220
G1 X1.713 Y6.763 F1100
G1 X1.749 Y6.673 F1100
M5
G0 X1.623 Y6.943 F2500
M3 S220
G1 X1.713 Y6.907 F1100
G1 X1.731 Y6.763 F1100
M5
G0 X5.663 Y6.997 F2500
M3 S220
G1 X5.645 Y6.907 F1100
G1 X5.699 Y6.817 F1100
G1 X5.519 Y6.763 F1100
G1 X5.446 Y6.691 F1100
G1 X5.446 Y6.492 F1100
G1 X5.356 Y6.474 F1100
M5
G0 X0.739 Y7.015 F2500
M3 S220
G1 X0.559 Y6.997 F1100
G1 X0.523 Y6.961 F1100
G1 X0.541 Y6.691 F1100
G1 X0.595 Y6.547 F1100
M5
G0 X6.456 Y7.034 F2500
M3 S220
G1 X6.258 Y7.070 F1100
G1 X6.222 Y7.106 F1100
G1 X6.078 Y7.088 F1100
G1 X6.006 Y6.997 F1100
G1 X5.969 Y6.853 F1100
G1 X5.879 Y6.763 F1100
G1 X5.789 Y6.727 F1100
G1 X5.753 Y6.492 F1100
G1 X5.717 Y6.456 F1100
G1 X5.627 Y6.456 F1100
G1 X5.537 Y6.366 F1100
G1 X5.501 Y5.897 F1100
G1 X5.591 Y5.699 F1100
G1 X5.537 Y5.248 F1100
G1 X5.537 Y4.725 F1100
G1 X5.501 Y4.671 F1100
G1 X5.537 Y4.527 F1100
G1 X5.519 Y4.328 F1100
G1 X5.374 Y4.202 F1100
G1 X5.032 Y4.202 F1100
M5
G0 X0.721 Y7.142 F2500
M3 S220
G1 X0.559 Y7.015 F1100
M5
G0 X0.631 Y7.178 F2500
M3 S220
G1 X0.487 Y7.052 F1100
G1 X0.487 Y6.997 F1100
G1 X0.523 Y6.979 F1100
M5
G0 X1.515 Y7.178 F2500
M3 S220
G1 X1.569 Y7.214 F1100
G1 X1.605 Y7.196 F1100
G1 X1.677 Y6.961 F1100
M5
G0 X8.494 Y7.196 F2500
M3 S220
G1 X8.440 Y7.250 F1100
G1 X8.350 Y7.196 F1100
G1 X8.819 Y6.474 F1100
G1 X9.089 Y5.933 F1100
G1 X9.432 Y5.014 F1100
G1 X9.612 Y4.328 F1100
M5
G0 X0.667 Y7.250 F2500
M3 S220
G1 X0.649 Y7.304 F1100
G1 X0.721 Y7.322 F1100
M5
G0 X-8.440 Y7.286 F2500
M3 S220
G1 X-8.350 Y7.358 F1100
G1 X-8.296 Y7.340 F1100
G1 X-8.314 Y7.250 F1100
G1 X-8.783 Y6.565 F1100
G1 X-9.126 Y5.897 F1100
G1 X-9.450 Y5.032 F1100
G1 X-9.612 Y4.364 F1100
G1 X-9.685 Y4.310 F1100
M5
G0 X1.461 Y7.286 F2500
M3 S220
G1 X1.533 Y7.322 F1100
G1 X1.569 Y7.232 F1100
M5
G0 X-0.884 Y7.376 F2500
M3 S220
G1 X-0.938 Y7.448 F1100
M5
G0 X0.703 Y7.448 F2500
M3 S220
G1 X0.613 Y7.430 F1100
G1 X0.559 Y7.376 F1100
G1 X0.451 Y7.394 F1100
G1 X0.415 Y7.358 F1100
G1 X0.433 Y7.070 F1100
G1 X0.469 Y7.052 F1100
M5
G0 X1.407 Y7.466 F2500
M3 S220
G1 X1.425 Y7.484 F1100
G1 X1.515 Y7.394 F1100
G1 X1.515 Y7.340 F1100
M5
G0 X5.537 Y7.520 F2500
M3 S220
G1 X5.681 Y7.647 F1100
G1 X5.735 Y7.647 F1100
G1 X6.006 Y7.412 F1100
G1 X6.006 Y7.304 F1100
G1 X5.861 Y7.250 F1100
G1 X5.104 Y7.250 F1100
G1 X4.978 Y7.124 F1100
G1 X4.527 Y7.052 F1100
G1 X4.418 Y6.997 F1100
G1 X4.346 Y6.907 F1100
G1 X4.382 Y6.835 F1100
G1 X4.545 Y6.709 F1100
M5
G0 X0.631 Y7.538 F2500
M3 S220
G1 X0.613 Y7.575 F1100
G1 X0.649 Y7.575 F1100
M5
G0 X4.473 Y7.538 F2500
M3 S220
G1 X4.382 Y7.538 F1100
G1 X4.328 Y7.484 F1100
G1 X4.310 Y7.340 F1100
G1 X4.256 Y7.322 F1100
G1 X4.184 Y7.214 F1100
G1 X4.004 Y7.070 F1100
G1 X4.004 Y6.979 F1100
G1 X4.076 Y6.907 F1100
G1 X4.328 Y6.907 F1100
M5
G0 X-10.352 Y7.683 F2500
M3 S220
G1 X-10.135 Y7.881 F1100
G1 X-9.793 Y8.080 F1100
G1 X-9.089 Y8.422 F1100
G1 X-8.368 Y8.711 F1100
G1 X-7.809 Y8.999 F1100
G1 X-7.430 Y9.378 F1100
G1 X-7.376 Y9.504 F1100
G1 X-7.376 Y9.721 F1100
G1 X-7.448 Y9.739 F1100
G1 X-7.647 Y9.432 F1100
G1 X-7.881 Y9.198 F1100
G1 X-8.152 Y9.017 F1100
G1 X-8.494 Y8.855 F1100
G1 X-9.360 Y8.530 F1100
G1 X-9.793 Y8.314 F1100
M5
G0 X6.637 Y7.683 F2500
M3 S220
G1 X6.330 Y7.683 F1100
G1 X6.402 Y7.593 F1100
G1 X6.384 Y7.268 F1100
G1 X6.240 Y7.124 F1100
M5
G0 X10.352 Y7.683 F2500
M3 S220
G1 X10.135 Y7.881 F1100
G1 X9.757 Y8.098 F1100
G1 X8.963 Y8.476 F1100
G1 X8.332 Y8.729 F1100
G1 X7.737 Y9.053 F1100
G1 X7.430 Y9.360 F1100
G1 X7.376 Y9.486 F1100
G1 X7.358 Y9.685 F1100
G1 X7.430 Y9.721 F1100
G1 X7.538 Y9.612 F1100
G1 X7.665 Y9.396 F1100
G1 X7.845 Y9.216 F1100
G1 X8.116 Y9.035 F1100
G1 X8.711 Y8.765 F1100
G1 X9.432 Y8.494 F1100
G1 X9.829 Y8.278 F1100
M5
G0 X3.932 Y7.719 F2500
M3 S220
G1 X4.004 Y7.683 F1100
G1 X4.058 Y7.484 F1100
G1 X4.238 Y7.322 F1100
M5
G0 X0.667 Y7.755 F2500
M3 S220
G1 X0.595 Y7.755 F1100
G1 X0.397 Y7.665 F1100
G1 X0.397 Y7.358 F1100
M5
G0 X1.136 Y7.773 F2500
M3 S220
G1 X1.226 Y7.809 F1100
G1 X1.335 Y7.701 F1100
G1 X1.425 Y7.502 F1100
M5
G0 X1.082 Y7.953 F2500
M3 S220
G1 X1.100 Y7.971 F1100
G1 X1.172 Y7.917 F1100
G1 X1.190 Y7.827 F1100
M5
G0 X0.649 Y8.007 F2500
M3 S220
G1 X0.505 Y7.989 F1100
G1 X0.613 Y7.881 F1100
G1 X0.613 Y7.773 F1100
M5
G0 X0.631 Y8.134 F2500
M3 S220
G1 X0.523 Y8.025 F1100
M5
G0 X0.595 Y8.404 F2500
M3 S220
G1 X0.523 Y8.404 F1100
G1 X0.469 Y8.350 F1100
G1 X0.541 Y8.278 F1100
G1 X0.541 Y8.188 F1100
G1 X0.397 Y8.062 F1100
G1 X0.397 Y7.683 F1100
M5
G0 X0.577 Y8.530 F2500
M3 S220
G1 X0.523 Y8.494 F1100
G1 X0.523 Y8.422 F1100
M5
G0 X-9.504 Y8.639 F2500
M3 S220
G1 X-8.747 Y8.909 F1100
G1 X-8.260 Y9.126 F1100
G1 X-7.971 Y9.306 F1100
G1 X-7.719 Y9.558 F1100
G1 X-7.647 Y9.793 F1100
G1 X-7.520 Y9.793 F1100
G1 X-7.466 Y9.757 F1100
M5
G0 X9.486 Y8.639 F2500
M3 S220
G1 X8.657 Y8.945 F1100
G1 X8.152 Y9.180 F1100
G1 X7.881 Y9.360 F1100
G1 X7.719 Y9.522 F1100
G1 X7.647 Y9.631 F1100
G1 X7.611 Y9.793 F1100
G1 X7.448 Y9.793 F1100
G1 X7.412 Y9.739 F1100
G1 X7.376 Y9.793 F1100
G1 X7.394 Y9.919 F1100
G1 X7.575 Y10.316 F1100
G1 X7.557 Y10.424 F1100
M5
G0 X0.541 Y8.657 F2500
M3 S220
G1 X0.415 Y8.603 F1100
G1 X0.523 Y8.512 F1100
M5
G0 X0.613 Y8.657 F2500
M3 S220
G1 X0.649 Y8.657 F1100
G1 X0.757 Y8.440 F1100
G1 X1.100 Y7.989 F1100
M5
G0 X4.112 Y8.783 F2500
M3 S220
G1 X4.130 Y8.819 F1100
G1 X4.743 Y8.891 F1100
G1 X5.501 Y8.837 F1100
G1 X6.258 Y8.603 F1100
G1 X6.997 Y8.188 F1100
G1 X7.358 Y7.899 F1100
G1 X7.863 Y7.394 F1100
G1 X8.278 Y6.853 F1100
G1 X8.657 Y6.222 F1100
G1 X9.126 Y5.086 F1100
G1 X9.324 Y4.382 F1100
G1 X9.432 Y3.805 F1100
G1 X9.522 Y2.994 F1100
G1 X9.540 Y2.290 F1100
G1 X9.126 Y1.695 F1100
G1 X8.819 Y1.118 F1100
G1 X8.657 Y0.739 F1100
G1 X8.386 Y-0.126 F1100
G1 X8.242 Y-0.794 F1100
G1 X8.134 Y-1.713 F1100
G1 X8.134 Y-3.300 F1100
M5
G0 X9.396 Y8.819 F2500
M3 S220
G1 X8.873 Y9.035 F1100
G1 X8.801 Y9.198 F1100
G1 X8.891 Y9.198 F1100
G1 X9.126 Y9.108 F1100
M5
G0 X-9.378 Y8.837 F2500
M3 S220
G1 X-8.909 Y9.017 F1100
G1 X-8.801 Y9.180 F1100
G1 X-8.891 Y9.198 F1100
G1 X-9.108 Y9.126 F1100
M5
G0 X-6.204 Y9.252 F2500
M3 S220
G1 X-6.276 Y9.306 F1100
G1 X-6.492 Y9.053 F1100
G1 X-6.601 Y9.053 F1100
G1 X-6.655 Y9.089 F1100
G1 X-7.304 Y8.711 F1100
G1 X-7.701 Y8.404 F1100
G1 X-8.350 Y7.755 F1100
G1 X-8.603 Y7.448 F1100
G1 X-8.891 Y6.997 F1100
G1 X-9.017 Y6.907 F1100
G1 X-9.198 Y6.619 F1100
G1 X-9.594 Y5.789 F1100
G1 X-9.739 Y5.392 F1100
G1 X-9.793 Y5.140 F1100
M5
G0 X-0.036 Y9.396 F2500
M3 S220
G1 X0.036 Y8.873 F1100
G1 X0.036 Y8.170 F1100
G1 X-0.072 Y7.448 F1100
G1 X-0.072 Y7.142 F1100
M5
G0 X-8.422 Y9.612 F2500
M3 S220
G1 X-8.386 Y9.558 F1100
G1 X-8.693 Y9.342 F1100
G1 X-8.729 Y9.252 F1100
G1 X-8.801 Y9.198 F1100
M5
G0 X8.332 Y9.685 F2500
M3 S220
G1 X8.350 Y9.721 F1100
G1 X8.422 Y9.685 F1100
G1 X8.494 Y9.558 F1100
G1 X8.476 Y9.486 F1100
G1 X8.675 Y9.342 F1100
G1 X8.693 Y9.252 F1100
G1 X8.621 Y9.180 F1100
G1 X8.512 Y9.180 F1100
G1 X8.007 Y9.450 F1100
G1 X7.827 Y9.631 F1100
G1 X7.809 Y9.757 F1100
G1 X7.953 Y9.739 F1100
G1 X8.332 Y9.522 F1100
G1 X8.458 Y9.504 F1100
M5
G0 X8.260 Y9.757 F2500
M3 S220
G1 X8.260 Y9.793 F1100
G1 X8.350 Y9.739 F1100
G1 X8.386 Y9.775 F1100
M5
G0 X-8.188 Y9.811 F2500
M3 S220
G1 X-8.278 Y9.811 F1100
G1 X-8.368 Y9.721 F1100
G1 X-8.386 Y9.612 F1100
M5
G0 X8.170 Y9.829 F2500
M3 S220
G1 X8.206 Y9.847 F1100
G1 X8.260 Y9.811 F1100
M5
G0 X0.000 Y10.190 F2500
M3 S220
G1 X0.126 Y9.901 F1100
G1 X0.072 Y9.811 F1100
G1 X0.090 Y9.703 F1100
G1 X0.180 Y9.631 F1100
G1 X0.162 Y9.540 F1100
G1 X0.198 Y9.306 F1100
G1 X0.325 Y9.017 F1100
G1 X0.325 Y8.837 F1100
G1 X0.379 Y8.783 F1100
G1 X0.343 Y8.404 F1100
G1 X0.379 Y8.350 F1100
G1 X0.361 Y8.098 F1100
G1 X0.397 Y8.080 F1100
M5
G0 X-3.553 Y10.226 F2500
M3 S220
G1 X-3.877 Y10.027 F1100
G1 X-4.076 Y9.829 F1100
G1 X-4.202 Y9.811 F1100
G1 X-4.256 Y9.667 F1100
G1 X-4.473 Y9.468 F1100
G1 X-5.338 Y9.468 F1100
G1 X-5.753 Y9.396 F1100
G1 X-5.843 Y9.288 F1100
G1 X-6.186 Y9.198 F1100
G1 X-6.222 Y9.162 F1100
G1 X-6.330 Y9.162 F1100
G1 X-6.366 Y9.198 F1100
M5
G0 X-3.517 Y10.244 F2500
M3 S220
G1 X-3.409 Y10.316 F1100
M5
G0 X-7.665 Y10.262 F2500
M3 S220
G1 X-7.593 Y10.298 F1100
G1 X-7.538 Y10.262 F1100
G1 X-7.412 Y9.955 F1100
G1 X-7.412 Y9.757 F1100
M5
G0 X3.246 Y10.406 F2500
M3 S220
G1 X3.625 Y10.172 F1100
G1 X3.625 Y10.045 F1100
G1 X4.004 Y9.703 F1100
G1 X4.184 Y9.432 F1100
G1 X4.328 Y9.342 F1100
G1 X4.292 Y9.252 F1100
G1 X4.310 Y9.126 F1100
G1 X4.545 Y9.126 F1100
G1 X4.635 Y9.198 F1100
G1 X4.779 Y9.216 F1100
G1 X4.923 Y9.144 F1100
G1 X5.122 Y9.180 F1100
G1 X5.212 Y9.126 F1100
G1 X5.465 Y9.126 F1100
G1 X5.771 Y9.053 F1100
G1 X6.348 Y8.855 F1100
G1 X6.925 Y8.548 F1100
G1 X7.286 Y8.314 F1100
G1 X7.448 Y8.152 F1100
G1 X7.502 Y8.152 F1100
G1 X7.593 Y8.025 F1100
G1 X7.701 Y8.007 F1100
G1 X7.791 Y7.935 F1100
G1 X8.296 Y7.358 F1100
G1 X8.296 Y7.268 F1100
G1 X8.350 Y7.214 F1100
M5
G0 X-7.557 Y10.424 F2500
M3 S220
G1 X-7.593 Y10.316 F1100
M5
G0 X3.282 Y10.532 F2500
M3 S220
G1 X3.535 Y10.406 F1100
G1 X3.661 Y10.424 F1100
G1 X3.733 Y10.370 F1100
G1 X3.769 Y10.154 F1100
G1 X3.661 Y10.117 F1100
M5
G0 X-3.264 Y10.550 F2500
M3 S220
G1 X-3.445 Y10.460 F1100
G1 X-3.607 Y10.478 F1100
G1 X-3.733 Y10.406 F1100
G1 X-3.805 Y10.334 F1100
G1 X-3.805 Y10.226 F1100
G1 X-3.950 Y10.081 F1100
G1 X-3.986 Y10.081 F1100
G1 X-4.058 Y9.991 F1100
G1 X-4.202 Y9.973 F1100
G1 X-4.274 Y9.847 F1100
G1 X-4.437 Y9.757 F1100
G1 X-4.455 Y9.594 F1100
G1 X-4.400 Y9.558 F1100
M5
G0 X-3.336 Y10.586 F2500
M3 S220
G1 X-3.391 Y10.640 F1100
G1 X-3.499 Y10.586 F1100
G1 X-3.571 Y10.496 F1100
M5
G0 X-1.497 Y11.182 F2500
M3 S220
G1 X-1.226 Y11.290 F1100
G1 X-0.649 Y11.650 F1100
G1 X-0.577 Y11.632 F1100
G1 X-0.667 Y11.506 F1100
G1 X-0.974 Y11.308 F1100
M5
G0 X1.479 Y11.182 F2500
M3 S220
G1 X1.172 Y11.308 F1100
G1 X0.866 Y11.506 F1100
G1 X0.757 Y11.488 F1100
G1 X0.848 Y11.380 F1100
G1 X1.172 Y11.200 F1100
M5
G0 X0.577 Y11.542 F2500
M3 S220
G1 X0.649 Y11.596 F1100
G1 X0.757 Y11.506 F1100
M5
G0 X0.000 Y11.614 F2500
M3 S220
G1 X-0.415 Y11.236 F1100
G1 X-0.902 Y10.911 F1100
G1 X-1.695 Y10.550 F1100
G1 X-3.048 Y10.081 F1100
G1 X-3.499 Y9.829 F1100
G1 X-3.914 Y9.396 F1100
G1 X-4.040 Y9.162 F1100
G1 X-4.112 Y8.873 F1100
G1 X-4.166 Y8.819 F1100
G1 X-4.743 Y8.891 F1100
G1 X-5.050 Y8.891 F1100
G1 X-5.483 Y8.837 F1100
G1 X-6.078 Y8.675 F1100
G1 X-6.781 Y8.332 F1100
G1 X-7.304 Y7.953 F1100
G1 X-7.773 Y7.502 F1100
G1 X-8.224 Y6.943 F1100
G1 X-8.566 Y6.402 F1100
G1 X-9.035 Y5.392 F1100
G1 X-9.342 Y4.382 F1100
G1 X-9.504 Y3.354 F1100
G1 X-9.558 Y2.308 F1100
G1 X-9.089 Y1.605 F1100
G1 X-8.801 Y1.028 F1100
G1 X-8.494 Y0.198 F1100
G1 X-8.350 Y-0.343 F1100
G1 X-8.242 Y-0.884 F1100
G1 X-8.152 Y-1.659 F1100
G1 X-8.134 Y-2.813 F1100
G1 X-8.170 Y-3.300 F1100
M5
G0 X4.581 Y12.047 F2500
M3 S220
G1 X4.473 Y12.083 F1100
M5
G0 X-4.437 Y12.101 F2500
M3 S220
G1 X-3.571 Y12.372 F1100
G1 X-2.579 Y12.606 F1100
G1 X-1.497 Y12.769 F1100
G1 X-0.631 Y12.841 F1100
G1 X0.631 Y12.841 F1100
G1 X2.146 Y12.678 F1100
G1 X3.084 Y12.498 F1100
G1 X4.437 Y12.101 F1100
M5
G0 X0.000 Y12.642 F2500
M3 S220
G1 X0.000 Y12.173 F1100
G1 X-0.234 Y12.047 F1100
G1 X-0.289 Y11.849 F1100
G1 X-0.415 Y11.723 F1100
G1 X-0.433 Y11.560 F1100
G1 X-0.775 Y11.290 F1100
G1 X-1.533 Y10.893 F1100
G1 X-2.795 Y10.460 F1100
G1 X-3.409 Y10.190 F1100
G1 X-3.787 Y9.937 F1100
G1 X-3.968 Y9.757 F1100
G1 X-4.166 Y9.486 F1100
G1 X-4.364 Y9.414 F1100
G1 X-4.473 Y9.270 F1100
G1 X-4.635 Y9.252 F1100
G1 X-4.671 Y9.144 F1100
G1 X-5.320 Y9.144 F1100
G1 X-5.374 Y9.108 F1100
G1 X-5.663 Y9.071 F1100
G1 X-6.060 Y8.963 F1100
G1 X-6.583 Y8.747 F1100
G1 X-7.268 Y8.332 F1100
G1 X-7.304 Y8.278 F1100
G1 X-7.430 Y8.260 F1100
G1 X-8.025 Y7.701 F1100
G1 X-8.296 Y7.358 F1100
M5
G0 X0.361 Y-12.480 F2500
M3 S220
G1 X0.289 Y-12.390 F1100
M5
G0 X-0.018 Y-12.191 F2500
M3 S220
G1 X0.018 Y-12.191 F1100
G1 X0.180 Y-12.029 F1100
G1 X0.216 Y-11.921 F1100
G1 X0.361 Y-11.885 F1100
G1 X0.920 Y-11.452 F1100
G1 X1.497 Y-11.109 F1100
G1 X2.272 Y-10.749 F1100
G1 X3.084 Y-10.478 F1100
G1 X4.076 Y-10.262 F1100
G1 X5.104 Y-10.154 F1100
G1 X5.988 Y-10.154 F1100
G1 X7.088 Y-10.262 F1100
G1 X7.160 Y-10.190 F1100
G1 X7.593 Y-9.486 F1100
G1 X8.368 Y-8.512 F1100
G1 X9.558 Y-7.358 F1100
G1 X9.522 Y-7.214 F1100
G1 X9.180 Y-6.691 F1100
G1 X8.729 Y-5.735 F1100
G1 X8.404 Y-4.725 F1100
G1 X8.224 Y-3.769 F1100
G1 X8.188 Y-3.715 F1100
M5
G0 X-0.108 Y-12.137 F2500
M3 S220
G1 X-0.252 Y-11.921 F1100
G1 X-0.216 Y-11.885 F1100
G1 X-0.216 Y-3.751 F1100
G1 X-0.252 Y-3.715 F1100
G1 X-8.206 Y-3.715 F1100
G1 X-8.242 Y-3.751 F1100
G1 X-8.278 Y-4.076 F1100
G1 X-8.422 Y-4.707 F1100
G1 X-8.765 Y-5.753 F1100
G1 X-9.144 Y-6.583 F1100
G1 X-9.540 Y-7.214 F1100
G1 X-9.576 Y-7.358 F1100
G1 X-8.981 Y-7.881 F1100
G1 X-8.242 Y-8.657 F1100
G1 X-7.629 Y-9.450 F1100
G1 X-7.178 Y-10.190 F1100
G1 X-7.106 Y-10.262 F1100
G1 X-6.006 Y-10.154 F1100
G1 X-5.086 Y-10.154 F1100
G1 X-4.346 Y-10.226 F1100
G1 X-3.445 Y-10.388 F1100
G1 X-2.687 Y-10.604 F1100
G1 X-2.020 Y-10.857 F1100
G1 X-1.154 Y-11.308 F1100
G1 X-0.721 Y-11.596 F1100
G1 X-0.415 Y-11.849 F1100
G1 X-0.271 Y-11.903 F1100
M5
G0 X0.577 Y-12.101 F2500
M3 S220
G1 X0.631 Y-11.993 F1100
G1 X0.721 Y-12.029 F1100
M5
G0 X-0.631 Y-12.065 F2500
M3 S220
G1 X-0.703 Y-11.957 F1100
G1 X-0.739 Y-11.975 F1100
G1 X-0.775 Y-11.903 F1100
G1 X-0.812 Y-11.921 F1100
G1 X-0.884 Y-11.813 F1100
G1 X-1.641 Y-11.344 F1100
G1 X-2.290 Y-11.037 F1100
G1 X-3.120 Y-10.749 F1100
G1 X-3.986 Y-10.550 F1100
G1 X-4.869 Y-10.442 F1100
G1 X-5.879 Y-10.424 F1100
G1 X-5.933 Y-10.478 F1100
G1 X-6.006 Y-10.442 F1100
G1 X-6.204 Y-10.442 F1100
G1 X-6.258 Y-10.478 F1100
G1 X-6.258 Y-10.532 F1100
M5
G0 X0.685 Y-11.975 F2500
M3 S220
G1 X1.244 Y-11.560 F1100
G1 X1.876 Y-11.218 F1100
G1 X2.543 Y-10.929 F1100
G1 X3.228 Y-10.713 F1100
G1 X3.859 Y-10.568 F1100
G1 X4.671 Y-10.460 F1100
G1 X5.897 Y-10.424 F1100
G1 X5.951 Y-10.478 F1100
M5
G0 X0.198 Y-11.903 F2500
M3 S220
G1 X0.198 Y-3.733 F1100
G1 X0.613 Y-3.715 F1100
G1 X0.649 Y-3.841 F1100
G1 X0.794 Y-4.004 F1100
M5
G0 X-7.034 Y-10.622 F2500
M3 S220
G1 X-7.052 Y-10.550 F1100
G1 X-7.142 Y-10.568 F1100
M5
G0 X-6.907 Y-10.604 F2500
M3 S220
G1 X-6.925 Y-10.532 F1100
G1 X-7.034 Y-10.550 F1100
M5
G0 X-6.781 Y-10.586 F2500
M3 S220
G1 X-6.799 Y-10.514 F1100
G1 X-6.907 Y-10.532 F1100
M5
G0 X-6.619 Y-10.568 F2500
M3 S220
G1 X-6.637 Y-10.496 F1100
G1 X-6.781 Y-10.514 F1100
M5
G0 X-6.456 Y-10.550 F2500
M3 S220
G1 X-6.474 Y-10.478 F1100
G1 X-6.619 Y-10.496 F1100
M5
G0 X6.492 Y-10.550 F2500
M3 S220
G1 X6.474 Y-10.478 F1100
G1 X6.655 Y-10.496 F1100
M5
G0 X6.294 Y-10.496 F2500
M3 S220
G1 X6.276 Y-10.478 F1100
G1 X6.456 Y-10.460 F1100
M5
G0 X-6.456 Y-10.478 F2500
M3 S220
G1 X-6.276 Y-10.460 F1100
M5
G0 X6.060 Y-10.478 F2500
M3 S220
G1 X6.096 Y-10.442 F1100
G1 X6.258 Y-10.460 F1100
M5
G0 X-7.376 Y-10.424 F2500
M3 S220
G1 X-7.394 Y-10.316 F1100
G1 X-7.484 Y-10.262 F1100
M5
G0 X4.996 Y-9.558 F2500
M3 S220
G1 X4.887 Y-9.414 F1100
G1 X4.545 Y-9.180 F1100
M5
G0 X6.420 Y-9.306 F2500
M3 S220
G1 X6.348 Y-9.216 F1100
G1 X6.114 Y-9.126 F1100
G1 X5.825 Y-9.071 F1100
G1 X5.807 Y-9.126 F1100
G1 X5.861 Y-9.288 F1100
M5
G0 X5.591 Y-8.927 F2500
M3 S220
G1 X5.735 Y-8.927 F1100
M5
G0 X4.923 Y-8.873 F2500
M3 S220
G1 X4.707 Y-8.765 F1100
G1 X4.581 Y-8.765 F1100
M5
G0 X5.483 Y-8.873 F2500
M3 S220
G1 X5.428 Y-8.801 F1100
M5
G0 X5.825 Y-8.873 F2500
M3 S220
G1 X5.735 Y-8.729 F1100
G1 X5.645 Y-8.711 F1100
G1 X5.501 Y-8.566 F1100
M5
G0 X6.619 Y-8.801 F2500
M3 S220
G1 X6.601 Y-8.765 F1100
G1 X6.330 Y-8.639 F1100
M5
G0 X4.346 Y-8.711 F2500
M3 S220
G1 X4.382 Y-8.621 F1100
G1 X4.527 Y-8.639 F1100
M5
G0 X7.106 Y-8.657 F2500
M3 S220
G1 X6.907 Y-8.585 F1100
G1 X6.673 Y-8.566 F1100
G1 X6.384 Y-8.621 F1100
M5
G0 X5.988 Y-8.639 F2500
M3 S220
G1 X6.006 Y-8.603 F1100
G1 X6.258 Y-8.548 F1100
M5
G0 X4.382 Y-8.603 F2500
M3 S220
G1 X4.274 Y-8.458 F1100
G1 X4.400 Y-8.404 F1100
G1 X4.509 Y-8.278 F1100
G1 X4.545 Y-8.278 F1100
M5
G0 X6.871 Y-8.566 F2500
M3 S220
G1 X6.907 Y-8.494 F1100
G1 X7.052 Y-8.422 F1100
G1 X7.160 Y-8.314 F1100
G1 X7.250 Y-8.332 F1100
M5
G0 X5.248 Y-8.548 F2500
M3 S220
G1 X5.374 Y-8.548 F1100
M5
G0 X6.637 Y-8.548 F2500
M3 S220
G1 X6.637 Y-8.368 F1100
G1 X6.420 Y-8.332 F1100
M5
G0 X5.158 Y-8.530 F2500
M3 S220
G1 X5.230 Y-8.530 F1100
M5
G0 X5.086 Y-8.512 F2500
M3 S220
G1 X4.923 Y-8.476 F1100
M5
G0 X5.681 Y-8.494 F2500
M3 S220
G1 X5.861 Y-8.494 F1100
M5
G0 X9.234 Y-8.494 F2500
M3 S220
G1 X9.306 Y-8.476 F1100
G1 X9.486 Y-8.296 F1100
G1 X9.486 Y-8.242 F1100
G1 X9.576 Y-8.224 F1100
G1 X9.847 Y-7.971 F1100
G1 X10.316 Y-7.611 F1100
G1 X10.442 Y-7.484 F1100
G1 X10.460 Y-7.358 F1100
G1 X10.388 Y-7.268 F1100
G1 X10.262 Y-7.214 F1100
G1 X10.099 Y-7.358 F1100
G1 X10.063 Y-7.448 F1100
G1 X9.955 Y-7.466 F1100
M5
G0 X7.430 Y-8.440 F2500
M3 S220
G1 X7.593 Y-8.404 F1100
G1 X7.773 Y-8.296 F1100
G1 X7.845 Y-8.188 F1100
G1 X7.845 Y-8.134 F1100
G1 X7.791 Y-8.080 F1100
M5
G0 X9.162 Y-8.422 F2500
M3 S220
G1 X9.414 Y-8.170 F1100
G1 X9.468 Y-8.224 F1100
M5
G0 X6.096 Y-8.350 F2500
M3 S220
G1 X6.348 Y-8.350 F1100
M5
G0 X6.637 Y-8.350 F2500
M3 S220
G1 X7.034 Y-8.224 F1100
G1 X7.142 Y-8.224 F1100
G1 X7.160 Y-8.296 F1100
M5
G0 X4.491 Y-8.260 F2500
M3 S220
G1 X4.202 Y-8.098 F1100
M5
G0 X2.146 Y-8.242 F2500
M3 S220
G1 X2.164 Y-7.665 F1100
G1 X2.092 Y-7.575 F1100
M5
G0 X7.358 Y-8.242 F2500
M3 S220
G1 X7.430 Y-8.134 F1100
G1 X7.430 Y-8.025 F1100
G1 X7.250 Y-8.080 F1100
G1 X7.160 Y-8.224 F1100
M5
G0 X9.432 Y-8.170 F2500
M3 S220
G1 X9.432 Y-8.134 F1100
G1 X9.703 Y-7.881 F1100
G1 X9.685 Y-7.863 F1100
G1 X9.739 Y-7.863 F1100
G1 X9.811 Y-7.791 F1100
G1 X9.793 Y-7.773 F1100
G1 X9.847 Y-7.773 F1100
G1 X9.919 Y-7.701 F1100
G1 X9.901 Y-7.683 F1100
G1 X9.955 Y-7.683 F1100
G1 X10.280 Y-7.412 F1100
G1 X10.244 Y-7.250 F1100
M5
G0 X-7.304 Y-8.152 F2500
M3 S220
G1 X-7.322 Y-7.989 F1100
G1 X-7.106 Y-7.791 F1100
G1 X-7.124 Y-7.683 F1100
G1 X-7.412 Y-7.683 F1100
G1 X-7.484 Y-7.809 F1100
G1 X-7.611 Y-7.809 F1100
M5
G0 X-1.479 Y-8.152 F2500
M3 S220
G1 X-1.335 Y-8.152 F1100
M5
G0 X6.402 Y-8.152 F2500
M3 S220
G1 X6.276 Y-8.043 F1100
M5
G0 X-1.497 Y-8.134 F2500
M3 S220
G1 X-1.587 Y-8.043 F1100
M5
G0 X3.138 Y-8.134 F2500
M3 S220
G1 X2.922 Y-7.719 F1100
G1 X2.795 Y-7.394 F1100
G1 X2.705 Y-7.268 F1100
G1 X2.579 Y-7.232 F1100
G1 X2.525 Y-7.430 F1100
G1 X2.453 Y-7.520 F1100
G1 X2.363 Y-7.448 F1100
G1 X2.363 Y-7.232 F1100
G1 X2.471 Y-7.124 F1100
G1 X2.597 Y-7.214 F1100
M5
G0 X3.787 Y-8.116 F2500
M3 S220
G1 X3.859 Y-8.116 F1100
M5
G0 X-7.665 Y-8.080 F2500
M3 S220
G1 X-7.520 Y-8.062 F1100
G1 X-7.394 Y-7.935 F1100
G1 X-7.340 Y-7.971 F1100
M5
G0 X4.166 Y-8.025 F2500
M3 S220
G1 X3.769 Y-7.827 F1100
M5
G0 X4.905 Y-8.025 F2500
M3 S220
G1 X4.779 Y-7.881 F1100
G1 X4.635 Y-7.881 F1100
M5
G0 X7.448 Y-8.025 F2500
M3 S220
G1 X7.665 Y-7.845 F1100
G1 X7.773 Y-7.863 F1100
G1 X7.791 Y-8.007 F1100
M5
G0 X-9.324 Y-7.989 F2500
M3 S220
G1 X-9.378 Y-7.881 F1100
G1 X-9.450 Y-7.863 F1100
G1 X-9.486 Y-7.899 F1100
G1 X-9.486 Y-7.791 F1100
G1 X-9.594 Y-7.755 F1100
M5
G0 X2.651 Y-7.989 F2500
M3 S220
G1 X2.651 Y-7.953 F1100
G1 X2.579 Y-7.899 F1100
M5
G0 X5.807 Y-7.989 F2500
M3 S220
G1 X5.807 Y-7.953 F1100
G1 X5.699 Y-7.881 F1100
G1 X5.555 Y-7.971 F1100
G1 X5.302 Y-7.971 F1100
M5
G0 X4.220 Y-7.953 F2500
M3 S220
G1 X4.328 Y-7.881 F1100
G1 X4.527 Y-7.953 F1100
M5
G0 X5.176 Y-7.953 F2500
M3 S220
G1 X5.032 Y-7.827 F1100
G1 X4.833 Y-7.845 F1100
G1 X4.797 Y-7.881 F1100
M5
G0 X5.266 Y-7.953 F2500
M3 S220
G1 X5.501 Y-7.737 F1100
G1 X5.627 Y-7.755 F1100
G1 X5.681 Y-7.809 F1100
G1 X5.681 Y-7.863 F1100
M5
G0 X5.825 Y-7.935 F2500
M3 S220
G1 X5.951 Y-7.881 F1100
G1 X6.060 Y-7.737 F1100
G1 X6.168 Y-7.809 F1100
G1 X6.348 Y-7.863 F1100
M5
G0 X-7.394 Y-7.917 F2500
M3 S220
G1 X-7.412 Y-7.773 F1100
M5
G0 X3.553 Y-7.863 F2500
M3 S220
G1 X3.625 Y-7.863 F1100
M5
G0 X3.409 Y-7.845 F2500
M3 S220
G1 X3.535 Y-7.845 F1100
M5
G0 X7.773 Y-7.845 F2500
M3 S220
G1 X7.863 Y-7.683 F1100
G1 X8.116 Y-7.629 F1100
M5
G0 X9.667 Y-7.845 F2500
M3 S220
G1 X9.612 Y-7.773 F1100
M5
G0 X4.978 Y-7.809 F2500
M3 S220
G1 X4.942 Y-7.665 F1100
G1 X4.779 Y-7.647 F1100
G1 X4.725 Y-7.593 F1100
G1 X4.400 Y-7.611 F1100
G1 X4.382 Y-7.665 F1100
G1 X4.418 Y-7.737 F1100
M5
G0 X5.681 Y-7.791 F2500
M3 S220
G1 X5.843 Y-7.701 F1100
G1 X6.006 Y-7.683 F1100
G1 X6.078 Y-7.719 F1100
G1 X6.096 Y-7.448 F1100
G1 X6.348 Y-7.448 F1100
M5
G0 X1.767 Y-7.773 F2500
M3 S220
G1 X1.858 Y-7.250 F1100
G1 X1.858 Y-7.124 F1100
G1 X1.822 Y-7.088 F1100
M5
G0 X9.775 Y-7.755 F2500
M3 S220
G1 X9.721 Y-7.683 F1100
M5
G0 X7.106 Y-7.719 F2500
M3 S220
G1 X6.961 Y-7.701 F1100
M5
G0 X-9.739 Y-7.701 F2500
M3 S220
G1 X-9.685 Y-7.683 F1100
G1 X-9.721 Y-7.593 F1100
G1 X-9.775 Y-7.557 F1100
M5
G0 X-1.353 Y-7.701 F2500
M3 S220
G1 X-1.208 Y-7.701 F1100
M5
G0 X-7.430 Y-7.683 F2500
M3 S220
G1 X-7.466 Y-7.484 F1100
G1 X-7.304 Y-7.340 F1100
G1 X-7.322 Y-7.232 F1100
G1 X-7.520 Y-7.232 F1100
G1 X-7.538 Y-7.466 F1100
G1 X-7.575 Y-7.502 F1100
G1 X-7.701 Y-7.502 F1100
M5
G0 X-1.371 Y-7.683 F2500
M3 S220
G1 X-1.443 Y-7.611 F1100
M5
G0 X-7.124 Y-7.665 F2500
M3 S220
G1 X-7.160 Y-7.538 F1100
G1 X-7.376 Y-7.557 F1100
G1 X-7.412 Y-7.593 F1100
M5
G0 X4.960 Y-7.665 F2500
M3 S220
G1 X5.104 Y-7.629 F1100
G1 X5.158 Y-7.665 F1100
M5
G0 X9.883 Y-7.665 F2500
M3 S220
G1 X9.829 Y-7.593 F1100
M5
G0 X3.625 Y-7.629 F2500
M3 S220
G1 X3.499 Y-7.557 F1100
G1 X3.300 Y-7.520 F1100
M5
G0 X5.122 Y-7.611 F2500
M3 S220
G1 X5.266 Y-7.376 F1100
G1 X5.320 Y-7.376 F1100
G1 X5.356 Y-7.430 F1100
M5
G0 X3.986 Y-7.593 F2500
M3 S220
G1 X3.877 Y-7.502 F1100
M5
G0 X4.743 Y-7.593 F2500
M3 S220
G1 X4.851 Y-7.394 F1100
G1 X4.833 Y-7.376 F1100
G1 X5.248 Y-7.358 F1100
M5
G0 X-1.280 Y-7.575 F2500
M3 S220
G1 X-1.154 Y-7.575 F1100
M5
G0 X6.961 Y-7.575 F2500
M3 S220
G1 X7.178 Y-7.484 F1100
G1 X7.304 Y-7.520 F1100
M5
G0 X-1.298 Y-7.557 F2500
M3 S220
G1 X-1.389 Y-7.466 F1100
M5
G0 X-7.142 Y-7.538 F2500
M3 S220
G1 X-7.340 Y-6.186 F1100
G1 X-7.376 Y-6.132 F1100
G1 X-7.466 Y-6.150 F1100
M5
G0 X-1.677 Y-7.538 F2500
M3 S220
G1 X-1.497 Y-7.538 F1100
M5
G0 X-10.027 Y-7.466 F2500
M3 S220
G1 X-10.117 Y-7.376 F1100
G1 X-10.009 Y-7.286 F1100
M5
G0 X4.148 Y-7.466 F2500
M3 S220
G1 X4.004 Y-7.268 F1100
G1 X3.932 Y-7.340 F1100
G1 X3.823 Y-7.340 F1100
M5
G0 X7.178 Y-7.466 F2500
M3 S220
G1 X7.214 Y-7.250 F1100
G1 X7.430 Y-7.214 F1100
G1 X7.593 Y-7.232 F1100
M5
G0 X-1.497 Y-7.448 F2500
M3 S220
G1 X-1.713 Y-7.412 F1100
M5
G0 X-1.190 Y-7.430 F2500
M3 S220
G1 X-1.118 Y-7.430 F1100
M5
G0 X6.312 Y-7.430 F2500
M3 S220
G1 X6.312 Y-7.124 F1100
G1 X6.565 Y-7.052 F1100
M5
G0 X-1.515 Y-7.412 F2500
M3 S220
G1 X-1.605 Y-7.304 F1100
G1 X-1.695 Y-7.286 F1100
M5
G0 X-1.335 Y-7.412 F2500
M3 S220
G1 X-1.208 Y-7.412 F1100
M5
G0 X6.529 Y-7.412 F2500
M3 S220
G1 X6.745 Y-7.394 F1100
M5
G0 X4.635 Y-7.358 F2500
M3 S220
G1 X4.815 Y-7.358 F1100
M5
G0 X5.320 Y-7.358 F2500
M3 S220
G1 X5.302 Y-7.232 F1100
G1 X5.609 Y-7.196 F1100
M5
G0 X4.382 Y-7.322 F2500
M3 S220
G1 X4.310 Y-7.268 F1100
G1 X4.022 Y-7.250 F1100
M5
G0 X-1.587 Y-7.304 F2500
M3 S220
G1 X-1.569 Y-7.214 F1100
G1 X-1.371 Y-7.232 F1100
M5
G0 X-1.082 Y-7.304 F2500
M3 S220
G1 X-1.082 Y-7.214 F1100
G1 X-1.317 Y-7.196 F1100
M5
G0 X4.527 Y-7.268 F2500
M3 S220
G1 X4.455 Y-7.052 F1100
G1 X4.238 Y-7.034 F1100
G1 X4.166 Y-6.997 F1100
M5
G0 X10.009 Y-7.268 F2500
M3 S220
G1 X10.172 Y-7.142 F1100
G1 X10.244 Y-7.214 F1100
M5
G0 X-7.557 Y-7.232 F2500
M3 S220
G1 X-7.575 Y-7.124 F1100
G1 X-7.340 Y-7.124 F1100
G1 X-7.322 Y-7.214 F1100
M5
G0 X3.986 Y-7.232 F2500
M3 S220
G1 X3.895 Y-7.142 F1100
G1 X3.715 Y-7.106 F1100
G1 X3.661 Y-7.124 F1100
M5
G0 X-1.064 Y-7.214 F2500
M3 S220
G1 X-1.028 Y-7.088 F1100
G1 X-1.082 Y-7.052 F1100
G1 X-1.208 Y-7.052 F1100
G1 X-1.280 Y-6.979 F1100
M5
G0 X5.284 Y-7.214 F2500
M3 S220
G1 X5.176 Y-7.106 F1100
M5
G0 X-1.587 Y-7.196 F2500
M3 S220
G1 X-1.677 Y-7.178 F1100
M5
G0 X3.048 Y-7.196 F2500
M3 S220
G1 X3.012 Y-7.052 F1100
G1 X2.886 Y-6.961 F1100
G1 X2.597 Y-7.178 F1100
M5
G0 X7.466 Y-7.196 F2500
M3 S220
G1 X7.520 Y-7.070 F1100
G1 X7.665 Y-6.925 F1100
G1 X7.701 Y-6.835 F1100
G1 X7.845 Y-6.835 F1100
M5
G0 X-1.587 Y-7.178 F2500
M3 S220
G1 X-1.551 Y-7.106 F1100
G1 X-1.353 Y-7.124 F1100
M5
G0 X5.663 Y-7.160 F2500
M3 S220
G1 X5.789 Y-7.070 F1100
G1 X5.825 Y-6.979 F1100
G1 X5.933 Y-6.961 F1100
M5
G0 X6.078 Y-7.124 F2500
M3 S220
G1 X6.204 Y-7.124 F1100
G1 X6.240 Y-7.088 F1100
G1 X6.294 Y-7.106 F1100
M5
G0 X10.172 Y-7.124 F2500
M3 S220
G1 X9.883 Y-6.709 F1100
G1 X9.685 Y-6.835 F1100
M5
G0 X-7.340 Y-7.106 F2500
M3 S220
G1 X-7.340 Y-7.034 F1100
G1 X-7.376 Y-6.997 F1100
G1 X-7.575 Y-7.015 F1100
G1 X-7.593 Y-7.052 F1100
M5
G0 X2.471 Y-7.106 F2500
M3 S220
G1 X2.489 Y-6.745 F1100
G1 X2.741 Y-6.763 F1100
G1 X2.831 Y-6.853 F1100
G1 X2.849 Y-6.943 F1100
M5
G0 X4.815 Y-7.106 F2500
M3 S220
G1 X4.923 Y-6.961 F1100
G1 X4.923 Y-6.763 F1100
G1 X4.725 Y-6.763 F1100
G1 X4.617 Y-6.943 F1100
G1 X4.455 Y-7.034 F1100
G1 X4.437 Y-6.835 F1100
G1 X4.256 Y-6.763 F1100
M5
G0 X7.034 Y-7.106 F2500
M3 S220
G1 X7.106 Y-7.106 F1100
M5
G0 X-1.551 Y-7.088 F2500
M3 S220
G1 X-1.533 Y-6.979 F1100
G1 X-1.335 Y-6.997 F1100
M5
G0 X-1.028 Y-7.070 F2500
M3 S220
G1 X-0.992 Y-6.907 F1100
G1 X-1.064 Y-6.817 F1100
G1 X-1.280 Y-6.871 F1100
M5
G0 X1.533 Y-7.070 F2500
M3 S220
G1 X1.551 Y-6.961 F1100
G1 X1.623 Y-6.835 F1100
G1 X1.623 Y-6.673 F1100
G1 X1.713 Y-6.240 F1100
G1 X1.677 Y-5.356 F1100
G1 X1.876 Y-5.140 F1100
G1 X2.092 Y-5.140 F1100
M5
G0 X6.258 Y-7.070 F2500
M3 S220
G1 X6.240 Y-6.997 F1100
G1 X6.348 Y-6.943 F1100
G1 X6.456 Y-6.817 F1100
G1 X6.655 Y-6.799 F1100
G1 X6.709 Y-6.835 F1100
M5
G0 X2.110 Y-7.052 F2500
M3 S220
G1 X2.164 Y-7.015 F1100
G1 X2.164 Y-6.889 F1100
G1 X2.128 Y-6.835 F1100
G1 X2.038 Y-6.907 F1100
G1 X2.038 Y-6.997 F1100
M5
G0 X-7.593 Y-7.015 F2500
M3 S220
G1 X-7.611 Y-6.943 F1100
M5
G0 X-7.358 Y-6.997 F2500
M3 S220
G1 X-7.430 Y-6.474 F1100
G1 X-7.520 Y-6.474 F1100
G1 X-7.538 Y-6.547 F1100
M5
G0 X6.222 Y-6.979 F2500
M3 S220
G1 X6.114 Y-6.889 F1100
M5
G0 X6.907 Y-6.979 F2500
M3 S220
G1 X6.907 Y-6.853 F1100
G1 X6.853 Y-6.799 F1100
M5
G0 X-1.533 Y-6.961 F2500
M3 S220
G1 X-1.533 Y-6.889 F1100
G1 X-1.461 Y-6.817 F1100
G1 X-1.371 Y-6.817 F1100
G1 X-1.317 Y-6.871 F1100
M5
G0 X5.807 Y-6.961 F2500
M3 S220
G1 X5.573 Y-6.871 F1100
M5
G0 X5.320 Y-6.871 F2500
M3 S220
G1 X5.537 Y-6.871 F1100
M5
G0 X3.968 Y-6.835 F2500
M3 S220
G1 X4.040 Y-6.799 F1100
G1 X4.166 Y-6.799 F1100
M5
G0 X2.128 Y-6.817 F2500
M3 S220
G1 X2.146 Y-6.709 F1100
G1 X2.308 Y-6.547 F1100
G1 X2.435 Y-6.619 F1100
G1 X2.489 Y-6.727 F1100
M5
G0 X4.437 Y-6.817 F2500
M3 S220
G1 X4.527 Y-6.799 F1100
G1 X4.599 Y-6.727 F1100
G1 X4.707 Y-6.745 F1100
M5
G0 X7.701 Y-6.817 F2500
M3 S220
G1 X7.683 Y-6.763 F1100
G1 X7.502 Y-6.745 F1100
M5
G0 X-1.443 Y-6.799 F2500
M3 S220
G1 X-1.461 Y-6.673 F1100
G1 X-1.298 Y-6.637 F1100
M5
G0 X-1.064 Y-6.799 F2500
M3 S220
G1 X-1.082 Y-6.691 F1100
G1 X-1.262 Y-6.673 F1100
M5
G0 X6.456 Y-6.799 F2500
M3 S220
G1 X6.456 Y-6.709 F1100
G1 X6.384 Y-6.601 F1100
M5
G0 X2.759 Y-6.763 F2500
M3 S220
G1 X2.994 Y-6.547 F1100
G1 X3.192 Y-6.763 F1100
M5
G0 X4.942 Y-6.763 F2500
M3 S220
G1 X5.032 Y-6.745 F1100
G1 X5.104 Y-6.655 F1100
G1 X5.158 Y-6.655 F1100
M5
G0 X7.701 Y-6.763 F2500
M3 S220
G1 X7.809 Y-6.601 F1100
G1 X7.827 Y-6.438 F1100
G1 X7.809 Y-6.420 F1100
G1 X7.737 Y-6.492 F1100
G1 X7.557 Y-6.529 F1100
M5
G0 X4.617 Y-6.709 F2500
M3 S220
G1 X4.599 Y-6.619 F1100
G1 X4.689 Y-6.529 F1100
G1 X4.707 Y-6.384 F1100
G1 X4.978 Y-6.402 F1100
G1 X4.996 Y-6.547 F1100
G1 X5.086 Y-6.637 F1100
M5
G0 X-1.064 Y-6.691 F2500
M3 S220
G1 X-1.064 Y-6.583 F1100
G1 X-1.226 Y-6.565 F1100
M5
G0 X3.769 Y-6.691 F2500
M3 S220
G1 X3.733 Y-6.438 F1100
G1 X3.895 Y-6.348 F1100
G1 X4.184 Y-6.330 F1100
M5
G0 X4.238 Y-6.691 F2500
M3 S220
G1 X4.184 Y-6.619 F1100
G1 X4.058 Y-6.583 F1100
G1 X3.859 Y-6.601 F1100
G1 X3.805 Y-6.655 F1100
M5
G0 X6.835 Y-6.691 F2500
M3 S220
G1 X6.817 Y-6.565 F1100
G1 X6.871 Y-6.529 F1100
G1 X6.889 Y-6.312 F1100
G1 X7.034 Y-6.276 F1100
G1 X7.106 Y-6.204 F1100
G1 X7.124 Y-6.096 F1100
G1 X7.052 Y-6.078 F1100
G1 X6.925 Y-6.132 F1100
G1 X6.871 Y-6.294 F1100
M5
G0 X9.865 Y-6.691 F2500
M3 S220
G1 X9.775 Y-6.529 F1100
G1 X9.576 Y-6.655 F1100
M5
G0 X-1.479 Y-6.655 F2500
M3 S220
G1 X-1.479 Y-6.511 F1100
G1 X-1.389 Y-6.529 F1100
G1 X-1.371 Y-6.619 F1100
M5
G0 X6.114 Y-6.655 F2500
M3 S220
G1 X6.060 Y-6.601 F1100
G1 X5.915 Y-6.601 F1100
M5
G0 X-7.935 Y-6.637 F2500
M3 S220
G1 X-7.971 Y-6.583 F1100
G1 X-7.971 Y-6.492 F1100
G1 X-7.773 Y-6.492 F1100
M5
G0 X5.717 Y-6.637 F2500
M3 S220
G1 X5.717 Y-6.474 F1100
G1 X5.645 Y-6.402 F1100
G1 X5.338 Y-6.511 F1100
M5
G0 X4.581 Y-6.601 F2500
M3 S220
G1 X4.473 Y-6.565 F1100
M5
G0 X-1.046 Y-6.583 F2500
M3 S220
G1 X-1.046 Y-6.474 F1100
G1 X-1.226 Y-6.456 F1100
M5
G0 X7.034 Y-6.583 F2500
M3 S220
G1 X7.106 Y-6.547 F1100
G1 X7.232 Y-6.565 F1100
M5
G0 X3.409 Y-6.547 F2500
M3 S220
G1 X3.318 Y-6.438 F1100
G1 X3.120 Y-6.402 F1100
G1 X3.012 Y-6.420 F1100
G1 X3.012 Y-6.529 F1100
M5
G0 X6.799 Y-6.547 F2500
M3 S220
G1 X6.565 Y-6.529 F1100
G1 X6.330 Y-6.312 F1100
G1 X6.222 Y-6.294 F1100
M5
G0 X-1.371 Y-6.529 F2500
M3 S220
G1 X-1.280 Y-6.529 F1100
M5
G0 X2.326 Y-6.529 F2500
M3 S220
G1 X2.290 Y-6.276 F1100
G1 X2.471 Y-6.168 F1100
G1 X2.651 Y-6.150 F1100
G1 X2.777 Y-6.186 F1100
G1 X3.012 Y-6.402 F1100
M5
G0 X7.106 Y-6.529 F2500
M3 S220
G1 X7.196 Y-6.402 F1100
G1 X7.250 Y-6.366 F1100
G1 X7.322 Y-6.384 F1100
M5
G0 X7.502 Y-6.529 F2500
M3 S220
G1 X7.376 Y-6.402 F1100
M5
G0 X-1.353 Y-6.511 F2500
M3 S220
G1 X-1.353 Y-6.438 F1100
G1 X-1.407 Y-6.402 F1100
G1 X-1.461 Y-6.420 F1100
G1 X-1.479 Y-6.492 F1100
G1 X-1.569 Y-6.492 F1100
M5
G0 X9.775 Y-6.511 F2500
M3 S220
G1 X9.649 Y-6.240 F1100
G1 X9.576 Y-6.168 F1100
G1 X9.504 Y-6.222 F1100
G1 X9.414 Y-6.222 F1100
G1 X9.396 Y-6.276 F1100
M5
G0 X-7.989 Y-6.474 F2500
M3 S220
G1 X-7.989 Y-6.330 F1100
G1 X-7.953 Y-6.276 F1100
G1 X-7.899 Y-6.276 F1100
M5
G0 X-7.538 Y-6.474 F2500
M3 S220
G1 X-7.737 Y-6.456 F1100
M5
G0 X-1.028 Y-6.474 F2500
M3 S220
G1 X-1.028 Y-6.366 F1100
G1 X-1.208 Y-6.348 F1100
M5
G0 X-7.557 Y-6.438 F2500
M3 S220
G1 X-7.575 Y-6.348 F1100
G1 X-7.502 Y-6.330 F1100
G1 X-7.448 Y-6.348 F1100
G1 X-7.448 Y-6.438 F1100
M5
G0 X3.336 Y-6.438 F2500
M3 S220
G1 X3.409 Y-6.348 F1100
G1 X3.589 Y-6.348 F1100
G1 X3.715 Y-6.420 F1100
M5
G0 X7.827 Y-6.420 F2500
M3 S220
G1 X7.845 Y-6.348 F1100
G1 X8.043 Y-6.348 F1100
M5
G0 X-1.335 Y-6.402 F2500
M3 S220
G1 X-1.353 Y-6.312 F1100
G1 X-1.461 Y-6.294 F1100
M5
G0 X4.996 Y-6.402 F2500
M3 S220
G1 X5.266 Y-6.096 F1100
G1 X5.356 Y-6.060 F1100
M5
G0 X5.645 Y-6.384 F2500
M3 S220
G1 X5.771 Y-6.204 F1100
G1 X5.951 Y-6.186 F1100
G1 X6.006 Y-6.276 F1100
M5
G0 X-1.010 Y-6.366 F2500
M3 S220
G1 X-0.920 Y-6.330 F1100
G1 X-0.866 Y-6.258 F1100
G1 X-0.830 Y-5.951 F1100
G1 X-0.866 Y-5.915 F1100
G1 X-0.956 Y-5.915 F1100
G1 X-1.028 Y-6.006 F1100
G1 X-1.064 Y-6.276 F1100
G1 X-1.028 Y-6.348 F1100
M5
G0 X4.689 Y-6.366 F2500
M3 S220
G1 X4.545 Y-6.258 F1100
M5
G0 X7.845 Y-6.330 F2500
M3 S220
G1 X7.827 Y-6.276 F1100
G1 X7.773 Y-6.258 F1100
M5
G0 X-7.466 Y-6.312 F2500
M3 S220
G1 X-7.484 Y-6.222 F1100
M5
G0 X-1.317 Y-6.294 F2500
M3 S220
G1 X-1.317 Y-6.222 F1100
G1 X-1.389 Y-6.204 F1100
M5
G0 X-7.971 Y-6.258 F2500
M3 S220
G1 X-8.043 Y-6.168 F1100
G1 X-8.080 Y-5.915 F1100
G1 X-7.899 Y-5.897 F1100
G1 X-7.845 Y-6.114 F1100
M5
G0 X7.719 Y-6.258 F2500
M3 S220
G1 X7.629 Y-6.168 F1100
G1 X7.575 Y-6.024 F1100
M5
G0 X7.827 Y-6.258 F2500
M3 S220
G1 X7.935 Y-6.150 F1100
G1 X8.043 Y-5.879 F1100
G1 X8.043 Y-5.771 F1100
G1 X7.989 Y-5.735 F1100
G1 X7.917 Y-5.789 F1100
G1 X7.809 Y-5.807 F1100
M5
G0 X-7.845 Y-6.240 F2500
M3 S220
G1 X-7.701 Y-6.222 F1100
M5
G0 X2.236 Y-6.240 F2500
M3 S220
G1 X2.092 Y-6.114 F1100
G1 X2.417 Y-5.861 F1100
G1 X2.489 Y-5.897 F1100
G1 X2.579 Y-6.132 F1100
M5
G0 X6.853 Y-6.240 F2500
M3 S220
G1 X6.637 Y-6.204 F1100
M5
G0 X9.396 Y-6.222 F2500
M3 S220
G1 X9.270 Y-6.078 F1100
M5
G0 X-1.298 Y-6.186 F2500
M3 S220
G1 X-1.298 Y-6.096 F1100
G1 X-1.208 Y-6.114 F1100
M5
G0 X5.771 Y-6.186 F2500
M3 S220
G1 X5.753 Y-6.024 F1100
G1 X5.861 Y-5.951 F1100
G1 X5.897 Y-5.861 F1100
G1 X5.807 Y-5.807 F1100
G1 X5.699 Y-5.807 F1100
G1 X5.663 Y-5.861 F1100
M5
G0 X5.969 Y-6.168 F2500
M3 S220
G1 X6.042 Y-5.897 F1100
G1 X6.186 Y-5.861 F1100
G1 X6.222 Y-5.915 F1100
G1 X6.222 Y-6.006 F1100
M5
G0 X-1.515 Y-6.150 F2500
M3 S220
G1 X-1.443 Y-6.150 F1100
M5
G0 X6.889 Y-6.150 F2500
M3 S220
G1 X6.853 Y-5.915 F1100
M5
G0 X9.558 Y-6.150 F2500
M3 S220
G1 X9.522 Y-6.042 F1100
G1 X9.558 Y-6.024 F1100
G1 X9.558 Y-5.969 F1100
G1 X9.504 Y-5.843 F1100
M5
G0 X-9.324 Y-6.132 F2500
M3 S220
G1 X-9.324 Y-6.042 F1100
G1 X-9.234 Y-5.951 F1100
M5
G0 X-7.358 Y-6.132 F2500
M3 S220
G1 X-7.376 Y-6.024 F1100
G1 X-7.430 Y-5.969 F1100
M5
G0 X-1.010 Y-6.132 F2500
M3 S220
G1 X-0.884 Y-6.132 F1100
M5
G0 X-7.665 Y-6.096 F2500
M3 S220
G1 X-7.701 Y-6.006 F1100
G1 X-7.863 Y-6.024 F1100
M5
G0 X-1.371 Y-6.078 F2500
M3 S220
G1 X-1.298 Y-6.078 F1100
G1 X-1.280 Y-5.988 F1100
G1 X-1.190 Y-6.006 F1100
M5
G0 X3.715 Y-6.078 F2500
M3 S220
G1 X4.148 Y-6.060 F1100
G1 X4.491 Y-5.969 F1100
G1 X4.815 Y-5.735 F1100
G1 X5.068 Y-5.483 F1100
G1 X5.140 Y-5.465 F1100
M5
G0 X7.106 Y-6.060 F2500
M3 S220
G1 X7.178 Y-5.825 F1100
G1 X7.178 Y-5.645 F1100
G1 X7.142 Y-5.609 F1100
M5
G0 X-1.497 Y-6.024 F2500
M3 S220
G1 X-1.425 Y-6.024 F1100
M5
G0 X-7.683 Y-6.006 F2500
M3 S220
G1 X-7.683 Y-5.933 F1100
G1 X-7.737 Y-5.843 F1100
G1 X-7.863 Y-5.843 F1100
G1 X-7.881 Y-5.897 F1100
M5
G0 X6.619 Y-5.988 F2500
M3 S220
G1 X6.565 Y-5.951 F1100
G1 X6.438 Y-5.951 F1100
M5
G0 X-1.280 Y-5.969 F2500
M3 S220
G1 X-1.353 Y-5.951 F1100
M5
G0 X-1.280 Y-5.951 F2500
M3 S220
G1 X-1.208 Y-5.537 F1100
G1 X-1.353 Y-5.374 F1100
G1 X-1.226 Y-5.320 F1100
G1 X-1.010 Y-5.320 F1100
G1 X-0.974 Y-5.374 F1100
G1 X-1.046 Y-5.446 F1100
G1 X-1.082 Y-5.573 F1100
M5
G0 X6.601 Y-5.951 F2500
M3 S220
G1 X6.583 Y-5.717 F1100
M5
G0 X-5.699 Y-5.915 F2500
M3 S220
G1 X-5.483 Y-5.915 F1100
G1 X-5.410 Y-5.825 F1100
G1 X-5.266 Y-5.789 F1100
G1 X-5.158 Y-5.609 F1100
G1 X-5.717 Y-5.609 F1100
G1 X-5.735 Y-5.771 F1100
G1 X-5.789 Y-5.825 F1100
G1 X-5.717 Y-5.897 F1100
M5
G0 X-0.848 Y-5.915 F2500
M3 S220
G1 X-0.794 Y-5.879 F1100
G1 X-0.775 Y-5.663 F1100
G1 X-0.830 Y-5.609 F1100
G1 X-0.884 Y-5.609 F1100
G1 X-0.974 Y-5.717 F1100
G1 X-0.956 Y-5.897 F1100
M5
G0 X-8.080 Y-5.897 F2500
M3 S220
G1 X-8.098 Y-5.771 F1100
G1 X-7.971 Y-5.627 F1100
G1 X-7.863 Y-5.717 F1100
G1 X-7.863 Y-5.825 F1100
M5
G0 X-1.479 Y-5.897 F2500
M3 S220
G1 X-1.407 Y-5.897 F1100
M5
G0 X-7.719 Y-5.843 F2500
M3 S220
G1 X-7.665 Y-5.789 F1100
G1 X-7.665 Y-5.699 F1100
G1 X-7.863 Y-5.699 F1100
M5
G0 X-3.553 Y-5.843 F2500
M3 S220
G1 X-3.571 Y-5.753 F1100
G1 X-3.391 Y-5.735 F1100
G1 X-3.354 Y-5.699 F1100
G1 X-3.228 Y-5.825 F1100
M5
G0 X2.417 Y-5.843 F2500
M3 S220
G1 X2.345 Y-5.699 F1100
G1 X2.254 Y-5.699 F1100
G1 X2.092 Y-5.573 F1100
M5
G0 X6.186 Y-5.843 F2500
M3 S220
G1 X6.312 Y-5.555 F1100
G1 X6.384 Y-5.483 F1100
M5
G0 X-6.132 Y-5.825 F2500
M3 S220
G1 X-6.024 Y-5.825 F1100
G1 X-6.006 Y-5.789 F1100
G1 X-5.807 Y-5.825 F1100
M5
G0 X-1.371 Y-5.825 F2500
M3 S220
G1 X-1.371 Y-5.771 F1100
G1 X-1.425 Y-5.717 F1100
M5
G0 X5.951 Y-5.825 F2500
M3 S220
G1 X5.988 Y-5.753 F1100
G1 X5.951 Y-5.681 F1100
G1 X5.825 Y-5.699 F1100
G1 X5.807 Y-5.789 F1100
M5
G0 X-5.428 Y-5.807 F2500
M3 S220
G1 X-5.483 Y-5.753 F1100
G1 X-5.717 Y-5.771 F1100
M5
G0 X-4.455 Y-5.807 F2500
M3 S220
G1 X-4.527 Y-5.789 F1100
M5
G0 X-3.120 Y-5.807 F2500
M3 S220
G1 X-3.156 Y-5.627 F1100
G1 X-2.904 Y-5.591 F1100
G1 X-2.831 Y-5.537 F1100
G1 X-2.705 Y-5.537 F1100
G1 X-2.543 Y-5.392 F1100
G1 X-2.507 Y-5.320 F1100
G1 X-2.399 Y-5.374 F1100
M5
G0 X-6.222 Y-5.789 F2500
M3 S220
G1 X-6.276 Y-5.717 F1100
G1 X-6.222 Y-5.681 F1100
G1 X-6.096 Y-5.681 F1100
G1 X-6.024 Y-5.771 F1100
M5
G0 X-4.455 Y-5.789 F2500
M3 S220
G1 X-4.455 Y-5.663 F1100
G1 X-4.545 Y-5.663 F1100
G1 X-4.581 Y-5.753 F1100
M5
G0 X5.645 Y-5.789 F2500
M3 S220
G1 X5.609 Y-5.699 F1100
M5
G0 X9.234 Y-5.789 F2500
M3 S220
G1 X9.270 Y-5.753 F1100
G1 X9.252 Y-5.627 F1100
G1 X9.144 Y-5.663 F1100
G1 X9.144 Y-5.753 F1100
M5
G0 X7.629 Y-5.771 F2500
M3 S220
G1 X7.629 Y-5.717 F1100
G1 X7.701 Y-5.645 F1100
G1 X7.755 Y-5.663 F1100
G1 X7.773 Y-5.771 F1100
M5
G0 X-2.759 Y-5.753 F2500
M3 S220
G1 X-2.687 Y-5.663 F1100
G1 X-2.561 Y-5.609 F1100
G1 X-2.363 Y-5.627 F1100
M5
G0 X-3.571 Y-5.735 F2500
M3 S220
G1 X-3.625 Y-5.681 F1100
G1 X-3.805 Y-5.663 F1100
G1 X-3.841 Y-5.699 F1100
M5
G0 X8.007 Y-5.717 F2500
M3 S220
G1 X8.025 Y-5.645 F1100
G1 X7.953 Y-5.501 F1100
G1 X7.809 Y-5.519 F1100
G1 X7.737 Y-5.627 F1100
M5
G0 X-3.571 Y-5.699 F2500
M3 S220
G1 X-3.553 Y-5.609 F1100
G1 X-3.517 Y-5.591 F1100
G1 X-3.409 Y-5.609 F1100
G1 X-3.354 Y-5.681 F1100
M5
G0 X2.363 Y-5.699 F2500
M3 S220
G1 X2.615 Y-5.428 F1100
G1 X2.759 Y-5.428 F1100
G1 X2.958 Y-5.537 F1100
M5
G0 X5.807 Y-5.699 F2500
M3 S220
G1 X5.789 Y-5.537 F1100
G1 X5.825 Y-5.446 F1100
G1 X5.771 Y-5.410 F1100
M5
G0 X5.969 Y-5.681 F2500
M3 S220
G1 X5.988 Y-5.573 F1100
G1 X6.042 Y-5.501 F1100
G1 X6.042 Y-5.374 F1100
G1 X5.988 Y-5.356 F1100
G1 X5.825 Y-5.428 F1100
M5
G0 X-7.683 Y-5.663 F2500
M3 S220
G1 X-7.701 Y-5.573 F1100
G1 X-7.971 Y-5.609 F1100
G1 X-8.007 Y-5.410 F1100
G1 X-7.935 Y-5.356 F1100
G1 X-7.593 Y-5.356 F1100
G1 X-7.575 Y-5.392 F1100
G1 X-7.701 Y-5.555 F1100
M5
G0 X-4.563 Y-5.663 F2500
M3 S220
G1 X-4.599 Y-5.537 F1100
G1 X-4.689 Y-5.446 F1100
G1 X-4.923 Y-5.555 F1100
G1 X-5.158 Y-5.591 F1100
M5
G0 X-4.437 Y-5.663 F2500
M3 S220
G1 X-4.455 Y-5.537 F1100
G1 X-4.635 Y-5.356 F1100
G1 X-4.689 Y-5.428 F1100
M5
G0 X6.565 Y-5.663 F2500
M3 S220
G1 X6.655 Y-5.627 F1100
G1 X6.691 Y-5.501 F1100
G1 X6.673 Y-5.410 F1100
G1 X6.799 Y-5.374 F1100
G1 X6.871 Y-5.248 F1100
G1 X6.871 Y-4.996 F1100
G1 X6.691 Y-5.032 F1100
G1 X6.655 Y-5.176 F1100
G1 X6.601 Y-5.230 F1100
G1 X6.601 Y-5.302 F1100
G1 X6.655 Y-5.392 F1100
M5
G0 X-3.354 Y-5.645 F2500
M3 S220
G1 X-3.174 Y-5.609 F1100
M5
G0 X9.017 Y-5.645 F2500
M3 S220
G1 X9.144 Y-5.645 F1100
M5
G0 X-6.763 Y-5.627 F2500
M3 S220
G1 X-6.691 Y-5.483 F1100
G1 X-6.619 Y-5.501 F1100
G1 X-6.474 Y-5.627 F1100
M5
G0 X-6.871 Y-5.609 F2500
M3 S220
G1 X-6.979 Y-5.446 F1100
G1 X-7.052 Y-5.501 F1100
G1 X-7.178 Y-5.519 F1100
G1 X-7.232 Y-5.573 F1100
G1 X-7.232 Y-5.338 F1100
G1 X-7.052 Y-5.338 F1100
G1 X-6.979 Y-5.392 F1100
G1 X-6.979 Y-5.428 F1100
M5
G0 X-5.879 Y-5.609 F2500
M3 S220
G1 X-5.735 Y-5.609 F1100
M5
G0 X-0.812 Y-5.609 F2500
M3 S220
G1 X-0.721 Y-5.519 F1100
G1 X-0.739 Y-5.392 F1100
G1 X-0.703 Y-5.374 F1100
G1 X-0.703 Y-5.212 F1100
G1 X-0.848 Y-5.086 F1100
G1 X-0.920 Y-5.158 F1100
G1 X-0.938 Y-5.302 F1100
G1 X-0.974 Y-5.338 F1100
G1 X-0.902 Y-5.374 F1100
G1 X-0.757 Y-5.374 F1100
M5
G0 X9.108 Y-5.609 F2500
M3 S220
G1 X9.108 Y-5.555 F1100
G1 X9.180 Y-5.537 F1100
G1 X9.234 Y-5.555 F1100
G1 X9.234 Y-5.609 F1100
M5
G0 X-7.448 Y-5.591 F2500
M3 S220
G1 X-7.557 Y-5.374 F1100
G1 X-7.502 Y-5.320 F1100
G1 X-7.250 Y-5.320 F1100
M5
G0 X-5.988 Y-5.591 F2500
M3 S220
G1 X-5.897 Y-5.591 F1100
M5
G0 X-3.571 Y-5.591 F2500
M3 S220
G1 X-3.679 Y-5.483 F1100
G1 X-3.643 Y-5.446 F1100
G1 X-2.849 Y-5.446 F1100
G1 X-2.831 Y-5.519 F1100
M5
G0 X-2.308 Y-5.591 F2500
M3 S220
G1 X-1.822 Y-5.519 F1100
G1 X-1.677 Y-5.519 F1100
G1 X-1.605 Y-5.573 F1100
M5
G0 X-0.902 Y-5.591 F2500
M3 S220
G1 X-0.920 Y-5.465 F1100
G1 X-0.974 Y-5.392 F1100
M5
G0 X-5.212 Y-5.573 F2500
M3 S220
G1 X-5.374 Y-5.446 F1100
G1 X-6.078 Y-5.446 F1100
G1 X-6.114 Y-5.483 F1100
G1 X-6.060 Y-5.555 F1100
M5
G0 X-5.122 Y-5.573 F2500
M3 S220
G1 X-5.122 Y-5.501 F1100
G1 X-5.086 Y-5.465 F1100
G1 X-5.104 Y-5.410 F1100
G1 X-4.923 Y-5.284 F1100
G1 X-4.653 Y-5.284 F1100
G1 X-4.635 Y-5.338 F1100
M5
G0 X-9.053 Y-5.555 F2500
M3 S220
G1 X-8.963 Y-5.501 F1100
G1 X-8.963 Y-5.410 F1100
G1 X-9.017 Y-5.392 F1100
M5
G0 X9.198 Y-5.519 F2500
M3 S220
G1 X9.180 Y-5.410 F1100
G1 X9.144 Y-5.392 F1100
M5
G0 X-6.601 Y-5.501 F2500
M3 S220
G1 X-6.420 Y-5.446 F1100
G1 X-6.132 Y-5.483 F1100
M5
G0 X3.228 Y-5.501 F2500
M3 S220
G1 X3.318 Y-5.465 F1100
G1 X3.607 Y-5.465 F1100
G1 X3.715 Y-5.501 F1100
G1 X4.022 Y-5.501 F1100
G1 X4.292 Y-5.446 F1100
G1 X4.364 Y-5.465 F1100
M5
G0 X7.971 Y-5.501 F2500
M3 S220
G1 X8.007 Y-5.446 F1100
G1 X8.007 Y-5.284 F1100
G1 X7.953 Y-5.230 F1100
G1 X7.863 Y-5.302 F1100
G1 X7.827 Y-5.483 F1100
M5
G0 X-4.094 Y-5.483 F2500
M3 S220
G1 X-4.040 Y-5.465 F1100
G1 X-4.040 Y-5.122 F1100
G1 X-3.968 Y-5.158 F1100
M5
G0 X-6.709 Y-5.465 F2500
M3 S220
G1 X-6.781 Y-5.410 F1100
G1 X-6.979 Y-5.374 F1100
M5
G0 X-6.637 Y-5.465 F2500
M3 S220
G1 X-6.529 Y-5.302 F1100
G1 X-6.511 Y-5.176 F1100
G1 X-6.420 Y-5.068 F1100
G1 X-6.258 Y-5.068 F1100
G1 X-6.150 Y-5.194 F1100
G1 X-5.951 Y-5.230 F1100
G1 X-5.537 Y-5.230 F1100
G1 X-5.428 Y-5.122 F1100
G1 X-5.446 Y-5.104 F1100
G1 X-5.320 Y-5.104 F1100
G1 X-5.158 Y-5.266 F1100
G1 X-5.122 Y-5.392 F1100
M5
G0 X-2.831 Y-5.446 F2500
M3 S220
G1 X-2.741 Y-5.410 F1100
G1 X-2.651 Y-5.428 F1100
M5
G0 X-3.264 Y-5.428 F2500
M3 S220
G1 X-3.282 Y-5.158 F1100
G1 X-3.354 Y-5.230 F1100
G1 X-3.661 Y-5.176 F1100
G1 X-3.715 Y-5.194 F1100
M5
G0 X2.795 Y-5.428 F2500
M3 S220
G1 X2.795 Y-5.338 F1100
G1 X2.651 Y-5.104 F1100
G1 X2.561 Y-5.068 F1100
G1 X2.417 Y-5.068 F1100
G1 X2.254 Y-5.230 F1100
G1 X2.381 Y-5.356 F1100
G1 X2.561 Y-5.374 F1100
G1 X2.597 Y-5.410 F1100
M5
G0 X-4.256 Y-5.410 F2500
M3 S220
G1 X-4.527 Y-5.140 F1100
G1 X-4.635 Y-5.230 F1100
G1 X-4.635 Y-5.284 F1100
M5
G0 X-8.963 Y-5.392 F2500
M3 S220
G1 X-8.909 Y-5.356 F1100
G1 X-8.783 Y-4.978 F1100
G1 X-8.783 Y-4.887 F1100
G1 X-8.855 Y-4.869 F1100
M5
G0 X-8.025 Y-5.392 F2500
M3 S220
G1 X-8.080 Y-5.068 F1100
G1 X-8.007 Y-4.978 F1100
G1 X-7.466 Y-4.996 F1100
G1 X-7.466 Y-5.302 F1100
M5
G0 X6.024 Y-5.338 F2500
M3 S220
G1 X6.024 Y-4.978 F1100
G1 X5.969 Y-4.905 F1100
M5
G0 X-2.489 Y-5.302 F2500
M3 S220
G1 X-2.507 Y-5.230 F1100
G1 X-2.363 Y-5.086 F1100
G1 X-2.290 Y-5.140 F1100
G1 X-2.092 Y-5.140 F1100
G1 X-1.984 Y-5.014 F1100
G1 X-1.876 Y-5.014 F1100
G1 X-1.785 Y-5.104 F1100
G1 X-1.605 Y-5.104 F1100
G1 X-1.497 Y-4.996 F1100
G1 X-0.920 Y-4.978 F1100
G1 X-0.830 Y-5.068 F1100
M5
G0 X4.689 Y-5.302 F2500
M3 S220
G1 X4.869 Y-4.960 F1100
G1 X5.212 Y-4.563 F1100
G1 X5.392 Y-4.527 F1100
M5
G0 X-3.156 Y-5.230 F2500
M3 S220
G1 X-2.940 Y-5.230 F1100
G1 X-2.705 Y-5.176 F1100
G1 X-2.525 Y-5.212 F1100
M5
G0 X6.511 Y-5.230 F2500
M3 S220
G1 X6.583 Y-5.230 F1100
M5
G0 X-3.174 Y-5.212 F2500
M3 S220
G1 X-3.264 Y-5.158 F1100
G1 X-3.282 Y-5.104 F1100
G1 X-3.066 Y-4.960 F1100
G1 X-2.759 Y-4.960 F1100
G1 X-2.705 Y-5.014 F1100
G1 X-2.705 Y-5.158 F1100
M5
G0 X-3.661 Y-5.158 F2500
M3 S220
G1 X-3.679 Y-5.014 F1100
G1 X-3.625 Y-4.978 F1100
G1 X-3.445 Y-4.960 F1100
G1 X-3.300 Y-5.086 F1100
M5
G0 X-4.509 Y-5.140 F2500
M3 S220
G1 X-4.437 Y-5.032 F1100
G1 X-4.148 Y-5.050 F1100
G1 X-4.040 Y-5.104 F1100
M5
G0 X-4.563 Y-5.122 F2500
M3 S220
G1 X-4.671 Y-5.014 F1100
G1 X-5.086 Y-5.050 F1100
G1 X-5.302 Y-5.104 F1100
M5
G0 X-5.465 Y-5.086 F2500
M3 S220
G1 X-5.591 Y-4.960 F1100
G1 X-6.132 Y-4.960 F1100
G1 X-6.240 Y-5.068 F1100
M5
G0 X1.785 Y-5.086 F2500
M3 S220
G1 X1.407 Y-4.869 F1100
M5
G0 X-4.058 Y-5.068 F2500
M3 S220
G1 X-3.950 Y-4.960 F1100
G1 X-3.787 Y-4.960 F1100
G1 X-3.697 Y-4.996 F1100
M5
G0 X-2.363 Y-5.068 F2500
M3 S220
G1 X-2.381 Y-5.014 F1100
G1 X-2.236 Y-4.923 F1100
G1 X-2.092 Y-4.923 F1100
G1 X-2.002 Y-4.996 F1100
M5
G0 X-6.637 Y-5.050 F2500
M3 S220
G1 X-6.438 Y-5.050 F1100
M5
G0 X-6.871 Y-5.032 F2500
M3 S220
G1 X-6.655 Y-5.032 F1100
M5
G0 X-7.070 Y-5.014 F2500
M3 S220
G1 X-6.889 Y-5.014 F1100
M5
G0 X6.691 Y-5.014 F2500
M3 S220
G1 X6.619 Y-4.833 F1100
M5
G0 X-7.448 Y-4.996 F2500
M3 S220
G1 X-7.088 Y-4.996 F1100
M5
G0 X-2.705 Y-4.996 F2500
M3 S220
G1 X-2.615 Y-4.942 F1100
G1 X-2.471 Y-4.942 F1100
G1 X-2.399 Y-4.996 F1100
M5
G0 X-1.858 Y-4.996 F2500
M3 S220
G1 X-1.749 Y-4.905 F1100
G1 X-1.605 Y-4.905 F1100
G1 X-1.515 Y-4.978 F1100
M5
G0 X6.889 Y-4.996 F2500
M3 S220
G1 X6.889 Y-4.563 F1100
G1 X6.835 Y-4.455 F1100
G1 X6.709 Y-4.545 F1100
G1 X6.655 Y-4.707 F1100
M5
G0 X1.659 Y-4.978 F2500
M3 S220
G1 X1.659 Y-4.761 F1100
G1 X1.605 Y-4.653 F1100
M5
G0 X-8.765 Y-4.869 F2500
M3 S220
G1 X-8.548 Y-4.022 F1100
G1 X-8.440 Y-3.228 F1100
G1 X-8.404 Y-2.651 F1100
G1 X-8.440 Y-1.497 F1100
G1 X-8.621 Y-0.379 F1100
G1 X-8.855 Y0.433 F1100
G1 X-9.053 Y0.938 F1100
G1 X-9.360 Y1.497 F1100
G1 X-9.450 Y1.443 F1100
G1 X-9.414 Y1.335 F1100
M5
G0 X1.335 Y-4.599 F2500
M3 S220
G1 X1.371 Y-4.473 F1100
G1 X1.461 Y-4.364 F1100
G1 X1.659 Y-4.364 F1100
M5
G0 X1.713 Y-4.437 F2500
M3 S220
G1 X1.912 Y-4.437 F1100
M5
G0 X8.747 Y-4.400 F2500
M3 S220
G1 X8.657 Y-3.968 F1100
G1 X8.548 Y-3.968 F1100
M5
G0 X1.461 Y-4.346 F2500
M3 S220
G1 X1.317 Y-4.238 F1100
G1 X1.461 Y-4.094 F1100
G1 X1.461 Y-3.895 F1100
G1 X1.515 Y-3.805 F1100
G1 X1.623 Y-3.805 F1100
G1 X1.713 Y-3.895 F1100
G1 X1.785 Y-4.130 F1100
M5
G0 X1.190 Y-4.148 F2500
M3 S220
G1 X1.154 Y-3.805 F1100
G1 X1.118 Y-3.751 F1100
G1 X1.371 Y-3.733 F1100
G1 X1.497 Y-3.787 F1100
M5
G0 X0.866 Y-4.022 F2500
M3 S220
G1 X0.884 Y-3.877 F1100
G1 X0.848 Y-3.733 F1100
G1 X0.631 Y-3.715 F1100
M5
G0 X8.639 Y-3.932 F2500
M3 S220
G1 X8.621 Y-3.841 F1100
M5
G0 X1.641 Y-3.805 F2500
M3 S220
G1 X1.695 Y-3.751 F1100
G1 X1.876 Y-3.751 F1100
M5
G0 X0.848 Y-3.715 F2500
M3 S220
G1 X1.046 Y-3.715 F1100
M5
G0 X0.379 Y-2.507 F2500
M3 S220
G1 X0.884 Y-1.966 F1100
G1 X0.938 Y-2.002 F1100
G1 X0.938 Y-2.345 F1100
M5
G0 X1.551 Y-2.308 F2500
M3 S220
G1 X1.713 Y-2.110 F1100
G1 X1.894 Y-2.092 F1100
G1 X2.020 Y-2.218 F1100
G1 X2.020 Y-2.290 F1100
M5
G0 X-1.623 Y-2.290 F2500
M3 S220
G1 X-1.803 Y-2.092 F1100
G1 X-1.930 Y-2.110 F1100
G1 X-2.056 Y-2.254 F1100
M5
G0 X2.020 Y-2.200 F2500
M3 S220
G1 X2.110 Y-2.074 F1100
G1 X2.218 Y-2.038 F1100
G1 X2.326 Y-2.038 F1100
G1 X2.435 Y-2.146 F1100
M5
G0 X-0.757 Y-2.128 F2500
M3 S220
G1 X-0.812 Y-2.074 F1100
G1 X-0.812 Y-1.461 F1100
G1 X-1.046 Y-0.703 F1100
G1 X-1.064 Y0.054 F1100
G1 X-1.010 Y0.379 F1100
G1 X-1.028 Y0.469 F1100
G1 X-0.938 Y0.523 F1100
G1 X-0.920 Y0.848 F1100
G1 X-0.794 Y0.902 F1100
G1 X-0.631 Y0.902 F1100
M5
G0 X-0.649 Y-2.128 F2500
M3 S220
G1 X-0.216 Y-1.695 F1100
G1 X-0.216 Y-1.497 F1100
G1 X-0.307 Y-1.389 F1100
G1 X-0.505 Y-1.298 F1100
G1 X-0.649 Y-1.298 F1100
G1 X-0.794 Y-1.443 F1100
M5
G0 X0.198 Y-2.038 F2500
M3 S220
G1 X0.090 Y-1.930 F1100
G1 X0.090 Y-1.785 F1100
G1 X0.126 Y-1.713 F1100
G1 X0.307 Y-1.587 F1100
G1 X0.361 Y-1.587 F1100
G1 X0.469 Y-1.659 F1100
M5
G0 X0.884 Y-1.948 F2500
M3 S220
G1 X1.010 Y-1.840 F1100
G1 X0.992 Y-1.641 F1100
G1 X1.046 Y-1.623 F1100
G1 X1.028 Y-1.425 F1100
G1 X1.082 Y-1.389 F1100
G1 X1.082 Y-0.992 F1100
G1 X1.028 Y-0.938 F1100
M5
G0 X0.559 Y-1.930 F2500
M3 S220
G1 X0.866 Y-1.930 F1100
M5
G0 X3.120 Y-1.930 F2500
M3 S220
G1 X3.174 Y-1.858 F1100
G1 X3.156 Y-1.587 F1100
G1 X3.228 Y-1.533 F1100
G1 X3.210 Y-1.317 F1100
G1 X2.976 Y-1.317 F1100
G1 X2.940 Y-1.551 F1100
G1 X2.507 Y-1.587 F1100
M5
G0 X-1.497 Y-1.858 F2500
M3 S220
G1 X-1.407 Y-1.749 F1100
G1 X-1.425 Y-1.605 F1100
G1 X-1.461 Y-1.569 F1100
G1 X-1.641 Y-1.587 F1100
M5
G0 X1.497 Y-1.822 F2500
M3 S220
G1 X1.479 Y-1.749 F1100
G1 X1.569 Y-1.695 F1100
G1 X1.551 Y-1.623 F1100
G1 X1.623 Y-1.587 F1100
G1 X1.623 Y-1.479 F1100
G1 X1.569 Y-1.425 F1100
G1 X1.461 Y-1.443 F1100
G1 X1.389 Y-1.533 F1100
G1 X1.389 Y-1.659 F1100
G1 X1.461 Y-1.731 F1100
M5
G0 X2.002 Y-1.731 F2500
M3 S220
G1 X1.948 Y-1.569 F1100
G1 X1.822 Y-1.443 F1100
M5
G0 X-2.110 Y-1.623 F2500
M3 S220
G1 X-2.236 Y-1.551 F1100
M5
G0 X0.974 Y-1.623 F2500
M3 S220
G1 X0.848 Y-1.497 F1100
G1 X0.721 Y-1.497 F1100
G1 X0.577 Y-1.389 F1100
M5
G0 X1.533 Y-1.605 F2500
M3 S220
G1 X1.389 Y-1.425 F1100
G1 X1.389 Y-1.298 F1100
G1 X1.497 Y-1.172 F1100
G1 X1.569 Y-1.244 F1100
G1 X1.569 Y-1.407 F1100
M5
G0 X2.399 Y-1.587 F2500
M3 S220
G1 X2.345 Y-1.533 F1100
G1 X2.272 Y-1.533 F1100
M5
G0 X-1.443 Y-1.569 F2500
M3 S220
G1 X-1.407 Y-1.533 F1100
G1 X-1.407 Y-1.425 F1100
G1 X-1.461 Y-1.353 F1100
G1 X-1.587 Y-1.389 F1100
G1 X-1.659 Y-1.461 F1100
G1 X-1.659 Y-1.515 F1100
M5
G0 X0.289 Y-1.569 F2500
M3 S220
G1 X0.234 Y-1.497 F1100
G1 X0.252 Y-1.353 F1100
G1 X0.451 Y-1.226 F1100
G1 X0.541 Y-1.226 F1100
M5
G0 X-2.182 Y-1.551 F2500
M3 S220
G1 X-2.056 Y-1.425 F1100
G1 X-2.020 Y-1.190 F1100
G1 X-1.876 Y-1.244 F1100
G1 X-1.731 Y-1.226 F1100
G1 X-1.713 Y-1.407 F1100
G1 X-1.677 Y-1.461 F1100
M5
G0 X2.976 Y-1.533 F2500
M3 S220
G1 X3.048 Y-1.533 F1100
M5
G0 X-2.597 Y-1.479 F2500
M3 S220
G1 X-2.759 Y-1.335 F1100
G1 X-2.904 Y-1.298 F1100
M5
G0 X7.250 Y-1.479 F2500
M3 S220
G1 X7.502 Y-1.479 F1100
G1 X7.611 Y-1.443 F1100
G1 X7.737 Y-1.298 F1100
G1 X7.755 Y-1.118 F1100
G1 X7.719 Y-1.064 F1100
G1 X7.593 Y-0.992 F1100
G1 X7.322 Y-1.010 F1100
G1 X7.286 Y-1.046 F1100
G1 X7.304 Y-1.190 F1100
G1 X7.232 Y-1.280 F1100
G1 X7.232 Y-1.443 F1100
G1 X6.907 Y-1.461 F1100
G1 X6.492 Y-1.280 F1100
G1 X5.951 Y-0.812 F1100
G1 X5.789 Y-0.721 F1100
G1 X5.699 Y-0.703 F1100
G1 X5.627 Y-0.775 F1100
G1 X5.356 Y-0.775 F1100
G1 X5.266 Y-0.667 F1100
G1 X4.400 Y-0.667 F1100
G1 X4.328 Y-0.775 F1100
G1 X4.076 Y-0.775 F1100
G1 X4.004 Y-0.848 F1100
G1 X3.823 Y-0.866 F1100
G1 X3.823 Y-1.046 F1100
G1 X3.697 Y-1.082 F1100
M5
G0 X-2.597 Y-1.461 F2500
M3 S220
G1 X-2.615 Y-1.082 F1100
G1 X-2.687 Y-0.992 F1100
G1 X-2.813 Y-0.974 F1100
G1 X-2.922 Y-0.866 F1100
G1 X-3.102 Y-0.866 F1100
M5
G0 X7.430 Y-1.461 F2500
M3 S220
G1 X7.430 Y-1.353 F1100
G1 X7.304 Y-1.208 F1100
M5
G0 X1.010 Y-1.407 F2500
M3 S220
G1 X0.884 Y-1.298 F1100
G1 X0.775 Y-1.298 F1100
G1 X0.631 Y-1.172 F1100
M5
G0 X2.164 Y-1.389 F2500
M3 S220
G1 X2.218 Y-1.335 F1100
G1 X2.218 Y-1.136 F1100
G1 X2.164 Y-1.100 F1100
M5
G0 X3.463 Y-1.389 F2500
M3 S220
G1 X3.445 Y-1.064 F1100
G1 X3.517 Y-0.974 F1100
G1 X3.571 Y-0.974 F1100
M5
G0 X-3.499 Y-1.353 F2500
M3 S220
G1 X-3.499 Y-1.046 F1100
G1 X-3.661 Y-0.884 F1100
G1 X-3.697 Y-0.884 F1100
M5
G0 X-1.461 Y-1.335 F2500
M3 S220
G1 X-1.479 Y-1.190 F1100
G1 X-1.695 Y-1.190 F1100
G1 X-1.713 Y-1.226 F1100
M5
G0 X2.958 Y-1.317 F2500
M3 S220
G1 X2.958 Y-1.100 F1100
G1 X3.030 Y-1.010 F1100
G1 X3.138 Y-1.010 F1100
G1 X3.210 Y-1.082 F1100
G1 X3.228 Y-1.317 F1100
M5
G0 X1.587 Y-1.262 F2500
M3 S220
G1 X1.749 Y-1.262 F1100
M5
G0 X-1.713 Y-1.190 F2500
M3 S220
G1 X-1.713 Y-1.082 F1100
G1 X-1.785 Y-0.992 F1100
G1 X-1.822 Y-1.028 F1100
G1 X-1.894 Y-1.028 F1100
G1 X-1.948 Y-1.082 F1100
G1 X-1.966 Y-1.172 F1100
M5
G0 X-1.461 Y-1.190 F2500
M3 S220
G1 X-1.443 Y-1.010 F1100
G1 X-1.479 Y-0.938 F1100
G1 X-1.587 Y-0.938 F1100
G1 X-1.731 Y-0.830 F1100
G1 X-1.785 Y-0.974 F1100
M5
G0 X1.966 Y-1.172 F2500
M3 S220
G1 X1.876 Y-1.100 F1100
M5
G0 X-2.092 Y-1.154 F2500
M3 S220
G1 X-2.164 Y-1.100 F1100
M5
G0 X1.497 Y-1.154 F2500
M3 S220
G1 X1.479 Y0.361 F1100
G1 X1.623 Y0.469 F1100
G1 X1.623 Y0.559 F1100
G1 X1.551 Y0.649 F1100
G1 X1.461 Y0.649 F1100
G1 X1.425 Y0.613 F1100
G1 X1.425 Y0.433 F1100
G1 X1.461 Y0.379 F1100
M5
G0 X-2.200 Y-1.046 F2500
M3 S220
G1 X-2.254 Y-0.902 F1100
G1 X-2.218 Y-0.902 F1100
M5
G0 X7.196 Y-1.046 F2500
M3 S220
G1 X7.268 Y-1.046 F1100
M5
G0 X7.052 Y-1.028 F2500
M3 S220
G1 X7.178 Y-1.028 F1100
M5
G0 X-1.912 Y-1.010 F2500
M3 S220
G1 X-2.020 Y-0.974 F1100
M5
G0 X3.156 Y-1.010 F2500
M3 S220
G1 X3.228 Y-0.920 F1100
G1 X3.228 Y-0.721 F1100
G1 X3.156 Y-0.631 F1100
G1 X2.958 Y-0.631 F1100
G1 X2.922 Y-0.667 F1100
G1 X2.904 Y-0.920 F1100
G1 X2.813 Y-0.938 F1100
M5
G0 X6.961 Y-1.010 F2500
M3 S220
G1 X7.034 Y-1.010 F1100
M5
G0 X3.012 Y-0.992 F2500
M3 S220
G1 X2.904 Y-0.938 F1100
M5
G0 X-2.687 Y-0.974 F2500
M3 S220
G1 X-2.597 Y-0.884 F1100
G1 X-2.615 Y-0.775 F1100
G1 X-2.922 Y-0.775 F1100
G1 X-2.940 Y-0.848 F1100
M5
G0 X0.649 Y-0.956 F2500
M3 S220
G1 X0.613 Y-0.920 F1100
G1 X0.649 Y-0.721 F1100
G1 X0.775 Y-0.613 F1100
G1 X0.992 Y-0.595 F1100
M5
G0 X3.499 Y-0.956 F2500
M3 S220
G1 X3.463 Y-0.920 F1100
G1 X3.463 Y-0.721 F1100
G1 X3.499 Y-0.631 F1100
G1 X3.769 Y-0.649 F1100
M5
G0 X-1.803 Y-0.938 F2500
M3 S220
G1 X-1.984 Y-0.794 F1100
G1 X-2.074 Y-0.812 F1100
G1 X-2.074 Y-0.902 F1100
M5
G0 X-1.461 Y-0.938 F2500
M3 S220
G1 X-1.407 Y-0.884 F1100
G1 X-1.407 Y-0.775 F1100
G1 X-1.569 Y-0.595 F1100
G1 X-1.659 Y-0.595 F1100
G1 X-1.713 Y-0.631 F1100
G1 X-1.713 Y-0.812 F1100
M5
G0 X6.745 Y-0.902 F2500
M3 S220
G1 X6.222 Y-0.451 F1100
G1 X5.879 Y-0.252 F1100
G1 X5.753 Y-0.252 F1100
G1 X5.681 Y-0.325 F1100
G1 X5.681 Y-0.685 F1100
M5
G0 X-2.254 Y-0.884 F2500
M3 S220
G1 X-2.272 Y-0.757 F1100
G1 X-2.236 Y-0.721 F1100
G1 X-2.182 Y-0.721 F1100
G1 X-2.074 Y-0.794 F1100
M5
G0 X-3.661 Y-0.866 F2500
M3 S220
G1 X-3.679 Y-0.775 F1100
G1 X-3.517 Y-0.631 F1100
G1 X-3.481 Y-0.559 F1100
G1 X-3.481 Y-0.361 F1100
G1 X-3.553 Y-0.271 F1100
G1 X-3.625 Y-0.234 F1100
G1 X-3.787 Y-0.234 F1100
G1 X-3.932 Y-0.108 F1100
M5
G0 X2.886 Y-0.812 F2500
M3 S220
G1 X2.651 Y-0.613 F1100
G1 X2.561 Y-0.667 F1100
G1 X2.561 Y-0.721 F1100
M5
G0 X-4.202 Y-0.775 F2500
M3 S220
G1 X-4.112 Y-0.775 F1100
M5
G0 X-2.940 Y-0.775 F2500
M3 S220
G1 X-2.940 Y-0.487 F1100
G1 X-3.210 Y-0.469 F1100
M5
G0 X-2.597 Y-0.775 F2500
M3 S220
G1 X-2.561 Y-0.739 F1100
G1 X-2.597 Y-0.631 F1100
G1 X-2.849 Y-0.379 F1100
G1 X-2.940 Y-0.469 F1100
M5
G0 X4.058 Y-0.775 F2500
M3 S220
G1 X4.004 Y-0.649 F1100
M5
G0 X-3.697 Y-0.757 F2500
M3 S220
G1 X-3.823 Y-0.649 F1100
G1 X-4.022 Y-0.649 F1100
M5
G0 X4.202 Y-0.757 F2500
M3 S220
G1 X4.184 Y-0.307 F1100
G1 X4.292 Y-0.180 F1100
G1 X4.491 Y-0.198 F1100
G1 X4.364 Y-0.361 F1100
G1 X4.382 Y-0.667 F1100
M5
G0 X5.501 Y-0.757 F2500
M3 S220
G1 X5.465 Y-0.252 F1100
G1 X5.320 Y-0.271 F1100
G1 X5.320 Y-0.613 F1100
G1 X5.284 Y-0.667 F1100
M5
G0 X-2.543 Y-0.721 F2500
M3 S220
G1 X-2.435 Y-0.667 F1100
G1 X-2.435 Y-0.577 F1100
G1 X-2.290 Y-0.577 F1100
G1 X-2.254 Y-0.703 F1100
M5
G0 X-2.146 Y-0.721 F2500
M3 S220
G1 X-2.128 Y-0.649 F1100
G1 X-2.038 Y-0.631 F1100
G1 X-2.002 Y-0.649 F1100
G1 X-2.002 Y-0.703 F1100
G1 X-1.749 Y-0.703 F1100
M5
G0 X-6.114 Y-0.703 F2500
M3 S220
G1 X-6.114 Y-0.325 F1100
G1 X-6.060 Y-0.271 F1100
G1 X-5.969 Y-0.379 F1100
G1 X-5.969 Y-0.559 F1100
G1 X-5.933 Y-0.667 F1100
M5
G0 X-6.673 Y-0.667 F2500
M3 S220
G1 X-6.709 Y-0.559 F1100
G1 X-6.709 Y-0.361 F1100
G1 X-6.781 Y-0.271 F1100
M5
G0 X-6.276 Y-0.667 F2500
M3 S220
G1 X-6.276 Y-0.343 F1100
G1 X-6.420 Y-0.162 F1100
G1 X-6.781 Y-0.180 F1100
M5
G0 X-4.418 Y-0.649 F2500
M3 S220
G1 X-4.418 Y-0.325 F1100
G1 X-4.617 Y-0.289 F1100
G1 X-4.689 Y-0.216 F1100
G1 X-6.024 Y-0.180 F1100
G1 X-6.060 Y-0.252 F1100
M5
G0 X2.561 Y-0.649 F2500
M3 S220
G1 X2.489 Y-0.595 F1100
G1 X2.399 Y-0.595 F1100
G1 X2.417 Y-0.252 F1100
G1 X2.777 Y-0.252 F1100
G1 X2.813 Y-0.289 F1100
G1 X2.813 Y-0.343 F1100
G1 X2.669 Y-0.487 F1100
G1 X2.651 Y-0.595 F1100
M5
G0 X-2.128 Y-0.631 F2500
M3 S220
G1 X-2.272 Y-0.577 F1100
G1 X-2.254 Y-0.343 F1100
G1 X-2.002 Y-0.343 F1100
G1 X-1.894 Y-0.252 F1100
G1 X-1.822 Y-0.379 F1100
G1 X-1.984 Y-0.541 F1100
G1 X-2.002 Y-0.631 F1100
M5
G0 X2.940 Y-0.631 F2500
M3 S220
G1 X2.922 Y-0.451 F1100
G1 X2.831 Y-0.361 F1100
M5
G0 X3.174 Y-0.631 F2500
M3 S220
G1 X3.228 Y-0.559 F1100
G1 X3.210 Y-0.325 F1100
G1 X3.066 Y-0.180 F1100
G1 X2.813 Y-0.180 F1100
G1 X2.795 Y-0.252 F1100
M5
G0 X-1.713 Y-0.613 F2500
M3 S220
G1 X-1.749 Y-0.577 F1100
G1 X-1.749 Y-0.487 F1100
G1 X-1.822 Y-0.397 F1100
M5
G0 X3.499 Y-0.613 F2500
M3 S220
G1 X3.463 Y-0.559 F1100
G1 X3.463 Y-0.307 F1100
G1 X3.679 Y-0.072 F1100
G1 X3.751 Y-0.072 F1100
G1 X3.841 Y-0.126 F1100
G1 X3.859 Y-0.090 F1100
G1 X4.202 Y-0.090 F1100
G1 X4.292 Y-0.162 F1100
M5
G0 X-1.551 Y-0.595 F2500
M3 S220
G1 X-1.461 Y-0.505 F1100
G1 X-1.461 Y-0.289 F1100
G1 X-1.785 Y0.036 F1100
G1 X-1.894 Y-0.090 F1100
G1 X-1.894 Y-0.234 F1100
M5
G0 X2.254 Y-0.577 F2500
M3 S220
G1 X2.002 Y-0.325 F1100
G1 X1.930 Y-0.451 F1100
M5
G0 X-2.453 Y-0.559 F2500
M3 S220
G1 X-2.777 Y-0.234 F1100
G1 X-2.831 Y-0.271 F1100
G1 X-2.849 Y-0.361 F1100
M5
G0 X-2.417 Y-0.325 F2500
M3 S220
G1 X-2.272 Y-0.325 F1100
M5
G0 X-4.418 Y-0.307 F2500
M3 S220
G1 X-4.274 Y-0.162 F1100
G1 X-4.202 Y-0.162 F1100
M5
G0 X-2.435 Y-0.307 F2500
M3 S220
G1 X-2.669 Y-0.072 F1100
G1 X-2.741 Y-0.072 F1100
G1 X-2.777 Y-0.108 F1100
G1 X-2.777 Y-0.216 F1100
M5
G0 X2.002 Y-0.307 F2500
M3 S220
G1 X2.002 Y-0.234 F1100
G1 X2.092 Y-0.126 F1100
G1 X2.218 Y-0.234 F1100
G1 X2.399 Y-0.234 F1100
M5
G0 X-3.535 Y-0.271 F2500
M3 S220
G1 X-3.499 Y-0.216 F1100
G1 X-3.499 Y-0.054 F1100
G1 X-3.661 Y0.108 F1100
M5
G0 X5.248 Y-0.252 F2500
M3 S220
G1 X5.320 Y-0.252 F1100
M5
G0 X5.483 Y-0.252 F2500
M3 S220
G1 X5.555 Y-0.252 F1100
G1 X5.591 Y-0.216 F1100
G1 X5.753 Y-0.234 F1100
M5
G0 X5.230 Y-0.234 F2500
M3 S220
G1 X5.194 Y-0.198 F1100
G1 X4.509 Y-0.198 F1100
M5
G0 X1.046 Y-0.216 F2500
M3 S220
G1 X1.082 Y-0.162 F1100
G1 X1.082 Y0.289 F1100
G1 X0.974 Y0.415 F1100
M5
G0 X-4.689 Y-0.198 F2500
M3 S220
G1 X-4.545 Y-0.090 F1100
G1 X-4.382 Y-0.090 F1100
G1 X-4.292 Y-0.144 F1100
M5
G0 X5.591 Y-0.198 F2500
M3 S220
G1 X5.573 Y-0.108 F1100
G1 X5.483 Y-0.018 F1100
G1 X5.320 Y-0.036 F1100
G1 X5.194 Y-0.180 F1100
M5
G0 X2.795 Y-0.180 F2500
M3 S220
G1 X2.795 Y0.325 F1100
G1 X2.723 Y0.397 F1100
G1 X2.363 Y0.397 F1100
G1 X2.092 Y0.108 F1100
G1 X2.092 Y-0.108 F1100
M5
G0 X3.084 Y-0.180 F2500
M3 S220
G1 X3.228 Y-0.018 F1100
G1 X3.210 Y0.216 F1100
G1 X2.994 Y0.433 F1100
G1 X2.795 Y0.433 F1100
G1 X2.741 Y0.397 F1100
M5
G0 X-6.384 Y-0.162 F2500
M3 S220
G1 X-6.168 Y-0.108 F1100
G1 X-6.078 Y-0.108 F1100
G1 X-6.042 Y-0.162 F1100
M5
G0 X-2.759 Y-0.072 F2500
M3 S220
G1 X-2.813 Y0.072 F1100
G1 X-2.579 Y0.289 F1100
G1 X-2.561 Y0.577 F1100
G1 X-2.200 Y0.577 F1100
G1 X-2.164 Y0.541 F1100
G1 X-2.164 Y0.307 F1100
G1 X-2.038 Y0.180 F1100
G1 X-2.092 Y0.126 F1100
G1 X-2.507 Y0.108 F1100
G1 X-2.669 Y-0.054 F1100
M5
G0 X3.679 Y-0.054 F2500
M3 S220
G1 X3.625 Y0.216 F1100
G1 X3.715 Y0.271 F1100
G1 X3.715 Y0.343 F1100
G1 X3.643 Y0.523 F1100
G1 X3.535 Y0.595 F1100
G1 X3.481 Y0.523 F1100
G1 X3.481 Y0.361 F1100
G1 X3.607 Y0.234 F1100
M5
G0 X8.711 Y0.018 F2500
M3 S220
G1 X9.035 Y0.938 F1100
G1 X9.432 Y1.677 F1100
G1 X9.558 Y1.840 F1100
G1 X9.612 Y1.840 F1100
G1 X9.739 Y1.731 F1100
G1 X9.540 Y1.605 F1100
G1 X9.252 Y1.064 F1100
M5
G0 X-1.785 Y0.054 F2500
M3 S220
G1 X-1.803 Y0.090 F1100
G1 X-1.659 Y0.198 F1100
G1 X-1.677 Y0.469 F1100
G1 X-1.641 Y0.469 F1100
G1 X-1.425 Y0.685 F1100
G1 X-1.244 Y0.685 F1100
G1 X-1.046 Y0.487 F1100
M5
G0 X-2.958 Y0.090 F2500
M3 S220
G1 X-2.831 Y0.090 F1100
M5
G0 X-1.822 Y0.108 F2500
M3 S220
G1 X-1.894 Y0.180 F1100
G1 X-2.020 Y0.180 F1100
M5
G0 X2.056 Y0.144 F2500
M3 S220
G1 X1.822 Y0.379 F1100
G1 X1.822 Y0.631 F1100
G1 X2.092 Y0.649 F1100
G1 X2.345 Y0.415 F1100
M5
G0 X-3.661 Y0.198 F2500
M3 S220
G1 X-3.499 Y0.361 F1100
G1 X-3.499 Y0.649 F1100
G1 X-3.535 Y0.685 F1100
M5
G0 X-3.084 Y0.307 F2500
M3 S220
G1 X-2.886 Y0.487 F1100
G1 X-2.868 Y0.631 F1100
G1 X-2.615 Y0.631 F1100
G1 X-2.579 Y0.595 F1100
M5
G0 X3.012 Y0.433 F2500
M3 S220
G1 X3.264 Y0.703 F1100
G1 X3.264 Y0.848 F1100
G1 X3.066 Y1.046 F1100
G1 X2.705 Y1.046 F1100
G1 X2.633 Y0.974 F1100
G1 X2.236 Y0.974 F1100
G1 X2.164 Y1.046 F1100
G1 X1.389 Y1.046 F1100
G1 X1.244 Y0.884 F1100
G1 X1.010 Y0.884 F1100
G1 X0.938 Y0.956 F1100
G1 X0.884 Y0.956 F1100
G1 X0.812 Y0.884 F1100
M5
G0 X0.974 Y0.469 F2500
M3 S220
G1 X1.226 Y0.703 F1100
G1 X1.371 Y0.703 F1100
G1 X1.443 Y0.649 F1100
M5
G0 X-1.695 Y0.487 F2500
M3 S220
G1 X-1.840 Y0.631 F1100
G1 X-2.110 Y0.631 F1100
G1 X-2.164 Y0.577 F1100
M5
G0 X3.535 Y0.613 F2500
M3 S220
G1 X3.481 Y0.757 F1100
G1 X3.463 Y1.407 F1100
G1 X3.427 Y1.479 F1100
G1 X3.264 Y1.479 F1100
G1 X3.102 Y1.389 F1100
G1 X3.120 Y1.082 F1100
G1 X3.084 Y1.046 F1100
M5
G0 X-2.868 Y0.649 F2500
M3 S220
G1 X-3.066 Y0.884 F1100
G1 X-3.120 Y0.884 F1100
M5
G0 X1.569 Y0.649 F2500
M3 S220
G1 X1.659 Y0.703 F1100
G1 X1.731 Y0.703 F1100
G1 X1.803 Y0.649 F1100
M5
G0 X-0.938 Y0.866 F2500
M3 S220
G1 X-0.956 Y1.010 F1100
G1 X-0.992 Y1.046 F1100
G1 X-2.940 Y1.046 F1100
G1 X-3.048 Y0.884 F1100
M5
G0 X0.757 Y0.902 F2500
M3 S220
G1 X0.667 Y0.974 F1100
G1 X0.523 Y0.974 F1100
G1 X0.451 Y1.046 F1100
G1 X0.271 Y1.046 F1100
M5
G0 X0.920 Y0.974 F2500
M3 S220
G1 X0.920 Y1.118 F1100
G1 X1.010 Y1.154 F1100
G1 X1.262 Y1.154 F1100
G1 X1.371 Y1.064 F1100
M5
G0 X9.324 Y1.028 F2500
M3 S220
G1 X9.432 Y1.136 F1100
G1 X9.504 Y1.154 F1100
M5
G0 X-2.958 Y1.046 F2500
M3 S220
G1 X-3.120 Y1.208 F1100
G1 X-3.282 Y1.226 F1100
M5
G0 X-0.956 Y1.046 F2500
M3 S220
G1 X-0.721 Y1.244 F1100
G1 X-0.559 Y1.226 F1100
G1 X-0.397 Y1.046 F1100
M5
G0 X2.687 Y1.046 F2500
M3 S220
G1 X2.471 Y1.244 F1100
G1 X2.345 Y1.226 F1100
G1 X2.182 Y1.064 F1100
M5
G0 X-1.317 Y1.064 F2500
M3 S220
G1 X-1.317 Y1.407 F1100
G1 X-1.371 Y1.443 F1100
G1 X-2.074 Y1.443 F1100
G1 X-2.381 Y1.605 F1100
G1 X-2.507 Y1.479 F1100
G1 X-2.687 Y1.479 F1100
M5
G0 X-1.010 Y1.064 F2500
M3 S220
G1 X-1.028 Y1.407 F1100
G1 X-0.920 Y1.443 F1100
G1 X-0.451 Y1.425 F1100
G1 X-0.433 Y1.136 F1100
M5
G0 X-0.252 Y1.064 F2500
M3 S220
G1 X-0.090 Y1.244 F1100
G1 X0.090 Y1.244 F1100
M5
G0 X0.469 Y1.064 F2500
M3 S220
G1 X0.685 Y1.244 F1100
G1 X0.775 Y1.244 F1100
G1 X0.902 Y1.136 F1100
M5
G0 X-0.054 Y1.280 F2500
M3 S220
G1 X-0.072 Y1.443 F1100
G1 X-0.433 Y1.425 F1100
M5
G0 X-1.317 Y1.425 F2500
M3 S220
G1 X-1.046 Y1.425 F1100
M5
G0 X3.066 Y1.425 F2500
M3 S220
G1 X2.741 Y1.461 F1100
G1 X2.543 Y1.659 F1100
M5
G0 X-0.054 Y1.443 F2500
M3 S220
G1 X0.126 Y1.443 F1100
M5
G0 X-9.486 Y1.479 F2500
M3 S220
G1 X-9.576 Y1.623 F1100
G1 X-9.649 Y1.659 F1100
G1 X-9.757 Y1.641 F1100
M5
G0 X-5.284 Y1.497 F2500
M3 S220
G1 X-5.176 Y1.623 F1100
G1 X-5.176 Y1.785 F1100
G1 X-5.446 Y2.056 F1100
M5
G0 X-9.378 Y1.515 F2500
M3 S220
G1 X-9.540 Y1.785 F1100
G1 X-9.631 Y1.803 F1100
G1 X-9.667 Y1.677 F1100
M5
G0 X-2.381 Y1.623 F2500
M3 S220
G1 X-2.417 Y1.677 F1100
G1 X-2.723 Y1.677 F1100
M5
G0 X-2.399 Y1.677 F2500
M3 S220
G1 X-2.435 Y1.858 F1100
G1 X-2.489 Y1.930 F1100
G1 X-2.615 Y1.822 F1100
G1 X-2.759 Y1.803 F1100
M5
G0 X-9.631 Y1.822 F2500
M3 S220
G1 X-9.685 Y1.876 F1100
G1 X-9.883 Y1.948 F1100
M5
G0 X9.594 Y1.858 F2500
M3 S220
G1 X9.594 Y1.912 F1100
G1 X9.703 Y1.984 F1100
G1 X9.829 Y1.984 F1100
G1 X9.883 Y1.948 F1100
M5
G0 X-2.507 Y1.948 F2500
M3 S220
G1 X-2.579 Y2.038 F1100
G1 X-2.795 Y2.038 F1100
M5
G0 X5.014 Y2.002 F2500
M3 S220
G1 X4.978 Y2.164 F1100
G1 X4.905 Y2.290 F1100
G1 X4.905 Y2.597 F1100
G1 X5.014 Y2.705 F1100
G1 X5.068 Y2.705 F1100
G1 X5.176 Y2.615 F1100
G1 X5.284 Y2.615 F1100
G1 X5.374 Y2.723 F1100
G1 X5.410 Y2.723 F1100
M5
G0 X9.991 Y2.128 F2500
M3 S220
G1 X10.063 Y2.164 F1100
G1 X10.045 Y2.453 F1100
G1 X10.117 Y2.489 F1100
G1 X10.117 Y2.868 F1100
G1 X10.081 Y2.904 F1100
G1 X9.865 Y2.868 F1100
M5
G0 X5.537 Y2.182 F2500
M3 S220
G1 X5.681 Y2.272 F1100
G1 X5.699 Y2.435 F1100
G1 X5.519 Y2.453 F1100
M5
G0 X-5.248 Y2.218 F2500
M3 S220
G1 X-4.869 Y2.597 F1100
G1 X-4.797 Y2.633 F1100
G1 X-4.707 Y2.976 F1100
G1 X-4.725 Y3.048 F1100
G1 X-4.761 Y3.084 F1100
G1 X-4.851 Y3.066 F1100
G1 X-5.032 Y2.904 F1100
M5
G0 X-9.829 Y2.236 F2500
M3 S220
G1 X-9.829 Y2.561 F1100
G1 X-9.865 Y2.615 F1100
G1 X-10.099 Y2.399 F1100
M5
G0 X5.699 Y2.453 F2500
M3 S220
G1 X5.681 Y2.633 F1100
G1 X5.483 Y2.777 F1100
M5
G0 X10.027 Y2.471 F2500
M3 S220
G1 X9.865 Y2.687 F1100
M5
G0 X-5.501 Y2.525 F2500
M3 S220
G1 X-5.915 Y2.940 F1100
M5
G0 X-9.865 Y2.633 F2500
M3 S220
G1 X-9.883 Y2.759 F1100
G1 X-9.811 Y2.813 F1100
G1 X-9.811 Y2.976 F1100
G1 X-9.847 Y3.012 F1100
M5
G0 X4.996 Y2.723 F2500
M3 S220
G1 X4.996 Y2.868 F1100
G1 X4.923 Y3.030 F1100
G1 X4.707 Y3.210 F1100
G1 X4.653 Y3.210 F1100
M5
G0 X5.086 Y2.723 F2500
M3 S220
G1 X5.122 Y2.759 F1100
G1 X5.356 Y2.741 F1100
M5
G0 X-4.076 Y2.777 F2500
M3 S220
G1 X-3.391 Y2.976 F1100
G1 X-3.318 Y3.048 F1100
G1 X-3.318 Y3.120 F1100
G1 X-3.246 Y3.120 F1100
G1 X-3.048 Y3.228 F1100
G1 X-2.994 Y3.445 F1100
G1 X-3.174 Y3.481 F1100
G1 X-3.372 Y3.463 F1100
G1 X-3.427 Y3.409 F1100
G1 X-3.427 Y3.246 F1100
G1 X-3.336 Y3.138 F1100
M5
G0 X-6.763 Y2.795 F2500
M3 S220
G1 X-6.763 Y3.264 F1100
G1 X-6.907 Y3.282 F1100
M5
G0 X5.465 Y2.813 F2500
M3 S220
G1 X5.302 Y2.940 F1100
G1 X5.104 Y2.940 F1100
G1 X5.014 Y2.886 F1100
M5
G0 X10.099 Y2.904 F2500
M3 S220
G1 X10.081 Y3.210 F1100
G1 X9.901 Y3.210 F1100
G1 X9.847 Y3.156 F1100
G1 X9.901 Y3.084 F1100
G1 X9.901 Y2.994 F1100
G1 X9.973 Y2.922 F1100
M5
G0 X-10.135 Y2.958 F2500
M3 S220
G1 X-10.027 Y3.048 F1100
G1 X-10.009 Y3.102 F1100
G1 X-9.883 Y3.084 F1100
M5
G0 X-4.743 Y3.084 F2500
M3 S220
G1 X-4.725 Y3.318 F1100
G1 X-4.797 Y3.409 F1100
M5
G0 X-7.575 Y3.102 F2500
M3 S220
G1 X-7.430 Y3.282 F1100
G1 X-7.394 Y3.445 F1100
G1 X-7.268 Y3.427 F1100
G1 X-7.178 Y3.336 F1100
M5
G0 X-10.027 Y3.120 F2500
M3 S220
G1 X-10.027 Y3.174 F1100
G1 X-10.081 Y3.228 F1100
G1 X-10.135 Y3.228 F1100
M5
G0 X0.036 Y3.120 F2500
M3 S220
G1 X0.397 Y3.120 F1100
M5
G0 X5.573 Y3.120 F2500
M3 S220
G1 X5.519 Y3.192 F1100
G1 X5.519 Y3.282 F1100
G1 X5.410 Y3.336 F1100
G1 X4.815 Y3.318 F1100
G1 X4.725 Y3.210 F1100
M5
G0 X-0.090 Y3.138 F2500
M3 S220
G1 X0.018 Y3.138 F1100
M5
G0 X-0.198 Y3.156 F2500
M3 S220
G1 X-0.108 Y3.156 F1100
M5
G0 X5.771 Y3.156 F2500
M3 S220
G1 X5.753 Y3.499 F1100
G1 X5.645 Y3.391 F1100
G1 X5.555 Y3.372 F1100
G1 X5.501 Y3.318 F1100
M5
G0 X5.969 Y3.156 F2500
M3 S220
G1 X5.988 Y3.481 F1100
G1 X6.204 Y3.445 F1100
G1 X6.240 Y3.409 F1100
G1 X6.240 Y3.192 F1100
M5
G0 X6.583 Y3.192 F2500
M3 S220
G1 X6.583 Y3.246 F1100
G1 X6.529 Y3.300 F1100
G1 X6.348 Y3.372 F1100
G1 X6.258 Y3.372 F1100
M5
G0 X-0.469 Y3.210 F2500
M3 S220
G1 X-0.361 Y3.210 F1100
M5
G0 X-10.063 Y3.228 F2500
M3 S220
G1 X-10.009 Y3.318 F1100
G1 X-9.865 Y3.300 F1100
M5
G0 X9.883 Y3.228 F2500
M3 S220
G1 X9.883 Y3.300 F1100
G1 X9.829 Y3.354 F1100
G1 X9.775 Y3.354 F1100
M5
G0 X10.081 Y3.228 F2500
M3 S220
G1 X10.063 Y3.409 F1100
G1 X9.901 Y3.409 F1100
G1 X9.847 Y3.354 F1100
M5
G0 X-6.763 Y3.282 F2500
M3 S220
G1 X-6.619 Y3.282 F1100
M5
G0 X-4.382 Y3.282 F2500
M3 S220
G1 X-4.725 Y3.607 F1100
M5
G0 X-7.899 Y3.318 F2500
M3 S220
G1 X-8.043 Y3.409 F1100
G1 X-8.206 Y3.571 F1100
G1 X-8.296 Y3.733 F1100
G1 X-8.296 Y3.823 F1100
G1 X-8.242 Y3.932 F1100
G1 X-7.971 Y3.914 F1100
M5
G0 X-10.009 Y3.336 F2500
M3 S220
G1 X-10.045 Y3.409 F1100
G1 X-10.135 Y3.409 F1100
M5
G0 X4.148 Y3.336 F2500
M3 S220
G1 X4.220 Y3.481 F1100
G1 X4.364 Y3.517 F1100
M5
G0 X-10.027 Y3.409 F2500
M3 S220
G1 X-9.991 Y3.445 F1100
G1 X-9.991 Y3.535 F1100
G1 X-10.063 Y3.607 F1100
M5
G0 X-3.823 Y3.409 F2500
M3 S220
G1 X-3.769 Y3.589 F1100
G1 X-3.661 Y3.697 F1100
G1 X-3.463 Y3.517 F1100
G1 X-3.445 Y3.409 F1100
M5
G0 X9.883 Y3.409 F2500
M3 S220
G1 X9.865 Y3.517 F1100
G1 X9.757 Y3.535 F1100
M5
G0 X10.063 Y3.427 F2500
M3 S220
G1 X10.045 Y3.553 F1100
G1 X9.865 Y3.535 F1100
G1 X9.847 Y3.661 F1100
G1 X9.739 Y3.679 F1100
M5
G0 X-7.394 Y3.463 F2500
M3 S220
G1 X-7.466 Y3.517 F1100
M5
G0 X-2.994 Y3.463 F2500
M3 S220
G1 X-2.904 Y3.823 F1100
G1 X-2.922 Y3.859 F1100
G1 X-2.615 Y4.040 F1100
G1 X-2.615 Y4.292 F1100
G1 X-2.723 Y4.328 F1100
M5
G0 X0.018 Y3.463 F2500
M3 S220
G1 X0.631 Y3.517 F1100
M5
G0 X-0.180 Y3.481 F2500
M3 S220
G1 X0.000 Y3.481 F1100
M5
G0 X-0.307 Y3.499 F2500
M3 S220
G1 X-0.198 Y3.499 F1100
M5
G0 X5.771 Y3.499 F2500
M3 S220
G1 X5.861 Y3.589 F1100
G1 X5.969 Y3.499 F1100
M5
G0 X-0.415 Y3.517 F2500
M3 S220
G1 X-0.325 Y3.517 F1100
M5
G0 X4.617 Y3.517 F2500
M3 S220
G1 X4.617 Y3.571 F1100
G1 X4.563 Y3.589 F1100
M5
G0 X10.045 Y3.571 F2500
M3 S220
G1 X10.027 Y3.661 F1100
G1 X10.081 Y3.679 F1100
G1 X10.081 Y3.841 F1100
G1 X9.955 Y3.859 F1100
G1 X9.829 Y3.787 F1100
G1 X9.847 Y3.679 F1100
G1 X10.009 Y3.679 F1100
M5
G0 X4.617 Y3.589 F2500
M3 S220
G1 X4.689 Y3.661 F1100
G1 X5.194 Y3.715 F1100
G1 X5.591 Y3.661 F1100
G1 X5.861 Y3.661 F1100
G1 X5.879 Y3.607 F1100
M5
G0 X-0.794 Y3.607 F2500
M3 S220
G1 X-0.685 Y3.607 F1100
M5
G0 X-4.743 Y3.661 F2500
M3 S220
G1 X-4.797 Y3.697 F1100
G1 X-5.050 Y3.697 F1100
G1 X-5.140 Y3.733 F1100
M5
G0 X5.879 Y3.661 F2500
M3 S220
G1 X5.609 Y3.986 F1100
G1 X4.833 Y3.968 F1100
G1 X4.563 Y3.932 F1100
G1 X4.473 Y3.859 F1100
M5
G0 X5.897 Y3.697 F2500
M3 S220
G1 X6.024 Y3.823 F1100
G1 X6.132 Y3.877 F1100
G1 X6.276 Y3.895 F1100
G1 X6.330 Y4.004 F1100
G1 X6.204 Y4.076 F1100
G1 X5.699 Y4.130 F1100
G1 X5.663 Y4.094 F1100
G1 X5.663 Y3.968 F1100
M5
G0 X9.973 Y3.697 F2500
M3 S220
G1 X9.919 Y3.805 F1100
M5
G0 X-9.793 Y3.715 F2500
M3 S220
G1 X-9.721 Y3.769 F1100
G1 X-9.739 Y3.895 F1100
M5
G0 X-3.643 Y3.715 F2500
M3 S220
G1 X-3.679 Y3.841 F1100
M5
G0 X-6.619 Y3.769 F2500
M3 S220
G1 X-6.276 Y3.805 F1100
G1 X-6.132 Y3.787 F1100
M5
G0 X-4.455 Y3.769 F2500
M3 S220
G1 X-4.617 Y3.932 F1100
G1 X-4.617 Y4.238 F1100
G1 X-4.707 Y4.382 F1100
M5
G0 X-4.364 Y3.787 F2500
M3 S220
G1 X-4.292 Y3.859 F1100
G1 X-4.310 Y4.274 F1100
G1 X-4.220 Y4.310 F1100
G1 X-3.950 Y4.310 F1100
G1 X-3.679 Y4.040 F1100
M5
G0 X9.721 Y3.805 F2500
M3 S220
G1 X9.829 Y3.805 F1100
G1 X9.811 Y3.914 F1100
G1 X9.703 Y3.932 F1100
M5
G0 X-6.276 Y3.823 F2500
M3 S220
G1 X-6.294 Y4.364 F1100
G1 X-6.474 Y4.382 F1100
G1 X-6.511 Y4.346 F1100
G1 X-6.637 Y4.328 F1100
G1 X-6.655 Y4.292 F1100
M5
G0 X9.919 Y3.859 F2500
M3 S220
G1 X9.901 Y3.932 F1100
G1 X9.793 Y3.950 F1100
G1 X9.775 Y4.040 F1100
G1 X9.685 Y4.040 F1100
M5
G0 X10.063 Y3.877 F2500
M3 S220
G1 X10.045 Y3.968 F1100
G1 X9.901 Y3.950 F1100
G1 X9.883 Y4.040 F1100
G1 X9.793 Y4.040 F1100
G1 X9.757 Y4.148 F1100
G1 X9.919 Y4.148 F1100
G1 X9.937 Y4.130 F1100
G1 X9.883 Y4.058 F1100
M5
G0 X-7.340 Y3.895 F2500
M3 S220
G1 X-7.142 Y3.895 F1100
M5
G0 X-8.260 Y3.950 F2500
M3 S220
G1 X-8.296 Y4.022 F1100
G1 X-8.278 Y4.418 F1100
G1 X-8.116 Y4.400 F1100
G1 X-8.062 Y4.346 F1100
G1 X-8.062 Y4.184 F1100
G1 X-7.881 Y3.950 F1100
M5
G0 X-7.466 Y3.950 F2500
M3 S220
G1 X-7.466 Y4.292 F1100
G1 X-7.593 Y4.382 F1100
G1 X-7.773 Y4.364 F1100
G1 X-7.809 Y4.310 F1100
G1 X-7.809 Y4.094 F1100
G1 X-7.899 Y4.004 F1100
M5
G0 X0.361 Y3.986 F2500
M3 S220
G1 X1.100 Y4.076 F1100
M5
G0 X10.045 Y3.986 F2500
M3 S220
G1 X10.027 Y4.112 F1100
G1 X9.955 Y4.166 F1100
G1 X9.937 Y4.148 F1100
M5
G0 X-0.108 Y4.004 F2500
M3 S220
G1 X0.072 Y4.004 F1100
M5
G0 X-0.721 Y4.022 F2500
M3 S220
G1 X-0.757 Y4.058 F1100
G1 X-0.739 Y4.130 F1100
G1 X-0.126 Y4.022 F1100
M5
G0 X-9.739 Y4.040 F2500
M3 S220
G1 X-9.667 Y4.094 F1100
G1 X-9.685 Y4.220 F1100
M5
G0 X-1.262 Y4.130 F2500
M3 S220
G1 X-1.280 Y4.328 F1100
G1 X-1.154 Y4.310 F1100
G1 X-0.757 Y4.148 F1100
M5
G0 X5.681 Y4.130 F2500
M3 S220
G1 X5.501 Y4.274 F1100
M5
G0 X9.955 Y4.184 F2500
M3 S220
G1 X9.937 Y4.256 F1100
G1 X9.757 Y4.238 F1100
M5
G0 X-3.499 Y4.238 F2500
M3 S220
G1 X-3.445 Y4.292 F1100
G1 X-3.084 Y4.292 F1100
M5
G0 X-5.807 Y4.256 F2500
M3 S220
G1 X-5.933 Y4.364 F1100
G1 X-6.168 Y4.400 F1100
G1 X-6.294 Y4.382 F1100
M5
G0 X9.937 Y4.274 F2500
M3 S220
G1 X9.919 Y4.346 F1100
G1 X9.739 Y4.328 F1100
M5
G0 X-4.310 Y4.292 F2500
M3 S220
G1 X-4.382 Y4.382 F1100
G1 X-4.671 Y4.382 F1100
M5
G0 X5.446 Y4.292 F2500
M3 S220
G1 X5.284 Y4.437 F1100
G1 X5.050 Y4.437 F1100
G1 X4.996 Y4.473 F1100
M5
G0 X-7.827 Y4.310 F2500
M3 S220
G1 X-7.917 Y4.400 F1100
G1 X-8.007 Y4.437 F1100
G1 X-8.098 Y4.400 F1100
M5
G0 X-7.466 Y4.310 F2500
M3 S220
G1 X-7.322 Y4.437 F1100
G1 X-7.142 Y4.364 F1100
G1 X-7.088 Y4.310 F1100
M5
G0 X-2.615 Y4.310 F2500
M3 S220
G1 X-2.579 Y4.310 F1100
G1 X-2.525 Y4.382 F1100
G1 X-2.525 Y4.581 F1100
G1 X-2.561 Y4.617 F1100
G1 X-2.723 Y4.617 F1100
G1 X-2.741 Y4.545 F1100
M5
G0 X-5.753 Y4.328 F2500
M3 S220
G1 X-5.753 Y4.689 F1100
G1 X-5.645 Y4.707 F1100
G1 X-5.519 Y4.815 F1100
G1 X-5.465 Y4.815 F1100
G1 X-5.446 Y4.761 F1100
G1 X-5.537 Y4.671 F1100
G1 X-5.555 Y4.527 F1100
M5
G0 X-3.950 Y4.328 F2500
M3 S220
G1 X-3.950 Y4.779 F1100
G1 X-3.914 Y4.779 F1100
G1 X-3.841 Y4.869 F1100
G1 X-3.859 Y4.978 F1100
G1 X-3.914 Y4.996 F1100
G1 X-3.986 Y4.960 F1100
G1 X-4.004 Y4.851 F1100
G1 X-3.968 Y4.797 F1100
M5
G0 X-1.280 Y4.346 F2500
M3 S220
G1 X-1.641 Y4.815 F1100
G1 X-1.803 Y5.248 F1100
G1 X-1.858 Y5.537 F1100
G1 X-1.803 Y6.186 F1100
G1 X-1.641 Y6.727 F1100
G1 X-1.461 Y7.106 F1100
G1 X-0.974 Y7.863 F1100
G1 X-0.649 Y8.458 F1100
G1 X-0.451 Y9.144 F1100
G1 X-0.343 Y10.117 F1100
G1 X-0.289 Y10.262 F1100
G1 X-0.162 Y10.388 F1100
G1 X-0.054 Y10.424 F1100
G1 X0.126 Y10.370 F1100
G1 X0.379 Y10.117 F1100
G1 X0.505 Y9.937 F1100
G1 X0.649 Y9.631 F1100
G1 X0.812 Y9.089 F1100
G1 X0.974 Y8.711 F1100
G1 X1.858 Y7.484 F1100
G1 X2.038 Y7.142 F1100
G1 X2.128 Y6.889 F1100
G1 X2.218 Y6.402 F1100
G1 X2.218 Y5.897 F1100
G1 X2.146 Y5.555 F1100
G1 X1.930 Y5.086 F1100
G1 X1.551 Y4.689 F1100
M5
G0 X9.919 Y4.364 F2500
M3 S220
G1 X9.901 Y4.491 F1100
G1 X9.865 Y4.509 F1100
M5
G0 X-3.048 Y4.382 F2500
M3 S220
G1 X-2.976 Y4.473 F1100
G1 X-2.976 Y4.635 F1100
G1 X-3.102 Y4.689 F1100
M5
G0 X-7.755 Y4.400 F2500
M3 S220
G1 X-7.773 Y4.563 F1100
G1 X-7.701 Y4.635 F1100
G1 X-7.701 Y4.743 F1100
G1 X-7.773 Y4.797 F1100
G1 X-7.863 Y4.743 F1100
G1 X-8.007 Y4.455 F1100
M5
G0 X-6.492 Y4.400 F2500
M3 S220
G1 X-6.547 Y4.455 F1100
G1 X-6.547 Y4.617 F1100
G1 X-6.583 Y4.671 F1100
G1 X-6.511 Y4.707 F1100
G1 X-6.474 Y4.869 F1100
G1 X-6.492 Y4.923 F1100
G1 X-6.655 Y4.905 F1100
G1 X-6.655 Y4.761 F1100
G1 X-6.601 Y4.689 F1100
M5
G0 X-4.364 Y4.400 F2500
M3 S220
G1 X-4.328 Y4.455 F1100
G1 X-4.310 Y4.797 F1100
G1 X-4.400 Y4.905 F1100
G1 X-4.400 Y5.014 F1100
G1 X-4.346 Y5.068 F1100
G1 X-4.274 Y5.068 F1100
G1 X-4.238 Y5.032 F1100
G1 X-4.238 Y4.887 F1100
G1 X-4.310 Y4.815 F1100
M5
G0 X-9.937 Y4.418 F2500
M3 S220
G1 X-9.811 Y4.509 F1100
G1 X-9.721 Y4.923 F1100
G1 X-9.558 Y5.428 F1100
G1 X-9.252 Y6.168 F1100
G1 X-8.927 Y6.763 F1100
G1 X-8.945 Y6.817 F1100
G1 X-8.873 Y6.853 F1100
G1 X-8.891 Y6.979 F1100
M5
G0 X-6.204 Y4.418 F2500
M3 S220
G1 X-6.222 Y4.797 F1100
G1 X-6.168 Y4.797 F1100
G1 X-6.114 Y4.851 F1100
G1 X-6.132 Y4.996 F1100
G1 X-6.258 Y4.996 F1100
G1 X-6.294 Y4.960 F1100
G1 X-6.240 Y4.815 F1100
M5
G0 X-8.278 Y4.437 F2500
M3 S220
G1 X-8.260 Y4.563 F1100
G1 X-8.098 Y4.761 F1100
G1 X-8.025 Y4.761 F1100
G1 X-7.935 Y4.653 F1100
M5
G0 X-7.304 Y4.455 F2500
M3 S220
G1 X-7.322 Y4.563 F1100
G1 X-7.250 Y4.617 F1100
G1 X-7.250 Y4.743 F1100
G1 X-7.322 Y4.833 F1100
G1 X-7.394 Y4.761 F1100
G1 X-7.394 Y4.635 F1100
G1 X-7.340 Y4.581 F1100
M5
G0 X9.901 Y4.509 F2500
M3 S220
G1 X9.919 Y4.671 F1100
G1 X9.883 Y4.851 F1100
G1 X9.649 Y5.609 F1100
G1 X9.360 Y6.276 F1100
G1 X9.089 Y6.727 F1100
G1 X8.981 Y6.655 F1100
G1 X9.396 Y5.807 F1100
G1 X9.612 Y5.230 F1100
G1 X9.739 Y4.761 F1100
M5
G0 X-5.356 Y4.527 F2500
M3 S220
G1 X-5.356 Y4.653 F1100
G1 X-5.428 Y4.743 F1100
M5
G0 X-7.881 Y4.581 F2500
M3 S220
G1 X-7.791 Y4.581 F1100
M5
G0 X-6.925 Y4.581 F2500
M3 S220
G1 X-6.871 Y4.617 F1100
G1 X-6.853 Y4.851 F1100
G1 X-6.907 Y4.923 F1100
M5
G0 X5.104 Y4.581 F2500
M3 S220
G1 X5.284 Y4.581 F1100
G1 X5.356 Y4.653 F1100
G1 X5.483 Y4.671 F1100
M5
G0 X-2.759 Y4.599 F2500
M3 S220
G1 X-2.759 Y4.689 F1100
G1 X-2.813 Y4.761 F1100
G1 X-2.868 Y4.761 F1100
G1 X-2.994 Y4.671 F1100
M5
G0 X5.086 Y4.599 F2500
M3 S220
G1 X5.014 Y4.671 F1100
G1 X5.086 Y4.725 F1100
G1 X5.284 Y4.725 F1100
G1 X5.338 Y4.671 F1100
M5
G0 X-5.807 Y4.725 F2500
M3 S220
G1 X-5.843 Y4.851 F1100
G1 X-5.825 Y4.978 F1100
G1 X-5.627 Y4.978 F1100
G1 X-5.609 Y4.905 F1100
G1 X-5.537 Y4.833 F1100
M5
G0 X-5.446 Y4.815 F2500
M3 S220
G1 X-5.356 Y4.851 F1100
M5
G0 X-6.655 Y4.923 F2500
M3 S220
G1 X-6.673 Y4.996 F1100
G1 X-6.619 Y5.050 F1100
G1 X-6.547 Y5.050 F1100
G1 X-6.511 Y5.014 F1100
G1 X-6.511 Y4.942 F1100
M5
G0 X-5.320 Y4.923 F2500
M3 S220
G1 X-5.338 Y5.014 F1100
G1 X-5.158 Y5.122 F1100
G1 X-5.050 Y5.086 F1100
G1 X-5.032 Y4.923 F1100
M5
G0 X-4.599 Y4.923 F2500
M3 S220
G1 X-4.599 Y5.050 F1100
G1 X-4.653 Y5.122 F1100
G1 X-4.743 Y5.086 F1100
G1 X-4.761 Y4.942 F1100
M5
G0 X-6.276 Y4.996 F2500
M3 S220
G1 X-6.276 Y5.068 F1100
G1 X-6.240 Y5.104 F1100
G1 X-6.168 Y5.104 F1100
G1 X-6.132 Y5.014 F1100
M5
G0 X-5.843 Y4.996 F2500
M3 S220
G1 X-5.843 Y5.068 F1100
G1 X-5.789 Y5.122 F1100
G1 X-5.717 Y5.104 F1100
G1 X-5.627 Y4.996 F1100
M5
G0 X-5.627 Y5.032 F2500
M3 S220
G1 X-5.573 Y5.068 F1100
G1 X-5.573 Y5.879 F1100
G1 X-5.519 Y5.897 F1100
G1 X-5.356 Y5.879 F1100
G1 X-5.356 Y5.032 F1100
M5
G0 X5.591 Y5.753 F2500
M3 S220
G1 X5.717 Y5.843 F1100
G1 X5.771 Y5.933 F1100
G1 X5.825 Y6.348 F1100
G1 X5.735 Y6.456 F1100
M5
G0 X-5.573 Y5.897 F2500
M3 S220
G1 X-5.555 Y7.412 F1100
G1 X-5.627 Y7.484 F1100
G1 X-5.627 Y7.538 F1100
G1 X-5.591 Y7.575 F1100
G1 X-5.446 Y7.575 F1100
G1 X-5.338 Y7.629 F1100
G1 X-5.284 Y7.557 F1100
G1 X-5.284 Y7.466 F1100
G1 X-5.374 Y7.358 F1100
G1 X-5.374 Y5.915 F1100
M5
G0 X1.731 Y6.132 F2500
M3 S220
G1 X1.587 Y6.186 F1100
M5
G0 X4.779 Y6.132 F2500
M3 S220
G1 X4.905 Y6.168 F1100
G1 X4.869 Y6.330 F1100
M5
G0 X1.190 Y6.294 F2500
M3 S220
G1 X1.190 Y6.330 F1100
G1 X1.118 Y6.366 F1100
M5
G0 X1.677 Y6.384 F2500
M3 S220
G1 X1.767 Y6.384 F1100
M5
G0 X0.775 Y6.402 F2500
M3 S220
G1 X0.866 Y6.511 F1100
G1 X0.830 Y6.547 F1100
G1 X0.830 Y6.655 F1100
M5
G0 X4.996 Y6.456 F2500
M3 S220
G1 X4.923 Y6.529 F1100
G1 X4.833 Y6.547 F1100
M5
G0 X5.609 Y6.456 F2500
M3 S220
G1 X5.446 Y6.474 F1100
M5
G0 X0.884 Y6.529 F2500
M3 S220
G1 X1.010 Y6.547 F1100
M5
G0 X8.981 Y6.673 F2500
M3 S220
G1 X8.927 Y6.745 F1100
G1 X8.963 Y6.835 F1100
G1 X9.035 Y6.817 F1100
G1 X9.089 Y6.745 F1100
M5
G0 X0.830 Y6.691 F2500
M3 S220
G1 X0.559 Y6.871 F1100
M5
G0 X0.830 Y6.727 F2500
M3 S220
G1 X0.812 Y6.835 F1100
G1 X0.613 Y6.853 F1100
M5
G0 X4.635 Y6.763 F2500
M3 S220
G1 X4.635 Y6.871 F1100
G1 X4.509 Y7.015 F1100
M5
G0 X8.981 Y6.853 F2500
M3 S220
G1 X8.657 Y7.358 F1100
G1 X8.188 Y7.935 F1100
G1 X7.520 Y8.548 F1100
G1 X6.835 Y8.999 F1100
G1 X6.799 Y8.963 F1100
G1 X6.691 Y8.963 F1100
G1 X6.637 Y8.999 F1100
G1 X6.583 Y9.126 F1100
G1 X6.529 Y9.089 F1100
G1 X6.420 Y9.089 F1100
G1 X6.312 Y9.162 F1100
G1 X6.006 Y9.234 F1100
G1 X5.861 Y9.378 F1100
G1 X5.356 Y9.468 F1100
G1 X4.833 Y9.486 F1100
G1 X4.797 Y9.450 F1100
G1 X4.815 Y9.234 F1100
M5
G0 X6.024 Y7.106 F2500
M3 S220
G1 X5.988 Y7.268 F1100
M5
G0 X5.086 Y7.268 F2500
M3 S220
G1 X5.014 Y7.322 F1100
G1 X4.725 Y7.286 F1100
G1 X4.473 Y7.286 F1100
G1 X4.310 Y7.322 F1100
M5
G0 X8.422 Y7.268 F2500
M3 S220
G1 X8.386 Y7.322 F1100
G1 X8.314 Y7.340 F1100
M5
G0 X-5.410 Y7.394 F2500
M3 S220
G1 X-5.537 Y7.430 F1100
M5
G0 X6.006 Y7.430 F2500
M3 S220
G1 X6.042 Y7.484 F1100
G1 X6.060 Y7.647 F1100
G1 X6.222 Y7.647 F1100
G1 X6.258 Y7.701 F1100
G1 X6.312 Y7.683 F1100
M5
G0 X4.310 Y7.484 F2500
M3 S220
G1 X4.202 Y7.593 F1100
G1 X4.130 Y7.593 F1100
G1 X4.022 Y7.683 F1100
G1 X4.022 Y7.737 F1100
G1 X4.112 Y7.809 F1100
G1 X4.166 Y7.809 F1100
G1 X4.238 Y7.737 F1100
G1 X4.310 Y7.737 F1100
G1 X4.364 Y7.538 F1100
M5
G0 X-5.609 Y7.593 F2500
M3 S220
G1 X-5.627 Y8.170 F1100
G1 X-5.555 Y8.260 F1100
G1 X-5.428 Y8.296 F1100
G1 X-5.338 Y8.224 F1100
G1 X-5.338 Y7.647 F1100
M5
G0 X0.595 Y7.593 F2500
M3 S220
G1 X0.505 Y7.683 F1100
M5
G0 X5.717 Y7.665 F2500
M3 S220
G1 X5.789 Y7.791 F1100
G1 X5.915 Y7.791 F1100
G1 X6.042 Y7.665 F1100
M5
G0 X6.258 Y7.719 F2500
M3 S220
G1 X6.060 Y7.989 F1100
G1 X5.573 Y8.043 F1100
G1 X4.996 Y8.043 F1100
G1 X4.418 Y7.989 F1100
G1 X4.220 Y7.917 F1100
G1 X4.166 Y7.827 F1100
M5
G0 X4.328 Y7.755 F2500
M3 S220
G1 X5.104 Y7.863 F1100
G1 X5.627 Y7.863 F1100
G1 X5.789 Y7.809 F1100
M5
G0 X7.701 Y8.025 F2500
M3 S220
G1 X7.629 Y8.152 F1100
G1 X7.538 Y8.152 F1100
M5
G0 X7.557 Y8.188 F2500
M3 S220
G1 X7.448 Y8.296 F1100
G1 X7.394 Y8.242 F1100
M5
G0 X-7.430 Y8.278 F2500
M3 S220
G1 X-7.412 Y8.332 F1100
G1 X-7.178 Y8.530 F1100
G1 X-6.817 Y8.765 F1100
G1 X-6.492 Y8.927 F1100
G1 X-6.006 Y9.108 F1100
G1 X-5.645 Y9.198 F1100
G1 X-5.356 Y9.234 F1100
G1 X-5.338 Y9.162 F1100
M5
G0 X7.430 Y8.296 F2500
M3 S220
G1 X7.358 Y8.368 F1100
G1 X7.304 Y8.314 F1100
M5
G0 X7.340 Y8.368 F2500
M3 S220
G1 X6.925 Y8.693 F1100
G1 X6.366 Y8.981 F1100
G1 X6.006 Y9.108 F1100
G1 X5.483 Y9.216 F1100
G1 X5.465 Y9.144 F1100
M5
G0 X0.631 Y8.693 F2500
M3 S220
G1 X0.541 Y8.819 F1100
G1 X0.379 Y8.801 F1100
M5
G0 X0.541 Y8.837 F2500
M3 S220
G1 X0.541 Y8.963 F1100
G1 X0.469 Y9.053 F1100
G1 X0.325 Y9.035 F1100
M5
G0 X4.130 Y8.837 F2500
M3 S220
G1 X4.058 Y9.089 F1100
G1 X3.895 Y9.414 F1100
G1 X3.607 Y9.739 F1100
G1 X3.391 Y9.901 F1100
G1 X2.958 Y10.117 F1100
G1 X1.731 Y10.532 F1100
G1 X1.064 Y10.821 F1100
G1 X0.613 Y11.091 F1100
G1 X0.000 Y11.578 F1100
M5
G0 X6.817 Y8.999 F2500
M3 S220
G1 X6.763 Y9.089 F1100
G1 X6.601 Y9.126 F1100
M5
G0 X0.469 Y9.071 F2500
M3 S220
G1 X0.469 Y9.162 F1100
G1 X0.433 Y9.198 F1100
G1 X0.325 Y9.198 F1100
G1 X0.289 Y9.162 F1100
M5
G0 X-6.637 Y9.108 F2500
M3 S220
G1 X-6.547 Y9.198 F1100
G1 X-6.402 Y9.198 F1100
M5
G0 X-4.581 Y9.126 F2500
M3 S220
G1 X-4.346 Y9.126 F1100
G1 X-4.310 Y9.162 F1100
G1 X-4.310 Y9.288 F1100
G1 X-4.364 Y9.342 F1100
M5
G0 X-4.437 Y9.144 F2500
M3 S220
G1 X-4.437 Y9.288 F1100
M5
G0 X4.455 Y9.144 F2500
M3 S220
G1 X4.437 Y9.270 F1100
G1 X4.581 Y9.252 F1100
G1 X4.617 Y9.216 F1100
M5
G0 X6.547 Y9.144 F2500
M3 S220
G1 X6.438 Y9.252 F1100
G1 X6.366 Y9.252 F1100
G1 X6.330 Y9.162 F1100
M5
G0 X-8.657 Y9.162 F2500
M3 S220
G1 X-8.548 Y9.162 F1100
G1 X-8.025 Y9.450 F1100
G1 X-7.827 Y9.649 F1100
G1 X-7.827 Y9.739 F1100
G1 X-7.917 Y9.757 F1100
G1 X-8.170 Y9.612 F1100
G1 X-8.368 Y9.576 F1100
M5
G0 X5.320 Y9.162 F2500
M3 S220
G1 X5.302 Y9.234 F1100
G1 X5.465 Y9.216 F1100
M5
G0 X-5.140 Y9.180 F2500
M3 S220
G1 X-5.158 Y9.234 F1100
G1 X-5.068 Y9.270 F1100
G1 X-4.707 Y9.270 F1100
G1 X-4.671 Y9.234 F1100
M5
G0 X5.122 Y9.198 F2500
M3 S220
G1 X5.104 Y9.216 F1100
G1 X5.158 Y9.252 F1100
G1 X5.284 Y9.252 F1100
M5
G0 X0.433 Y9.216 F2500
M3 S220
G1 X0.397 Y9.306 F1100
G1 X0.252 Y9.252 F1100
M5
G0 X8.783 Y9.216 F2500
M3 S220
G1 X8.711 Y9.252 F1100
M5
G0 X-5.338 Y9.234 F2500
M3 S220
G1 X-5.176 Y9.252 F1100
M5
G0 X5.086 Y9.234 F2500
M3 S220
G1 X4.942 Y9.288 F1100
G1 X4.833 Y9.270 F1100
M5
G0 X6.348 Y9.252 F2500
M3 S220
G1 X6.294 Y9.306 F1100
G1 X6.078 Y9.378 F1100
G1 X5.915 Y9.360 F1100
M5
G0 X4.437 Y9.288 F2500
M3 S220
G1 X4.346 Y9.342 F1100
M5
G0 X-6.222 Y9.306 F2500
M3 S220
G1 X-5.933 Y9.414 F1100
G1 X-5.771 Y9.396 F1100
M5
G0 X0.415 Y9.306 F2500
M3 S220
G1 X0.379 Y9.450 F1100
G1 X0.216 Y9.396 F1100
M5
G0 X4.382 Y9.360 F2500
M3 S220
G1 X4.382 Y9.450 F1100
G1 X4.418 Y9.504 F1100
G1 X4.473 Y9.468 F1100
G1 X4.797 Y9.468 F1100
M5
G0 X-4.382 Y9.414 F2500
M3 S220
G1 X-4.400 Y9.504 F1100
M5
G0 X0.379 Y9.468 F2500
M3 S220
G1 X0.361 Y9.540 F1100
G1 X0.289 Y9.612 F1100
G1 X0.198 Y9.631 F1100
M5
G0 X4.418 Y9.522 F2500
M3 S220
G1 X4.382 Y9.594 F1100
G1 X4.437 Y9.631 F1100
G1 X4.418 Y9.757 F1100
G1 X4.364 Y9.829 F1100
G1 X4.256 Y9.865 F1100
G1 X4.202 Y9.739 F1100
G1 X4.292 Y9.631 F1100
G1 X4.364 Y9.612 F1100
M5
G0 X0.252 Y9.649 F2500
M3 S220
G1 X0.252 Y9.775 F1100
G1 X0.144 Y9.865 F1100
M5
G0 X-7.827 Y9.757 F2500
M3 S220
G1 X-7.809 Y9.793 F1100
G1 X-7.665 Y9.811 F1100
M5
G0 X7.791 Y9.775 F2500
M3 S220
G1 X7.737 Y9.811 F1100
G1 X7.629 Y9.793 F1100
M5
G0 X4.094 Y9.793 F2500
M3 S220
G1 X4.058 Y9.901 F1100
G1 X4.256 Y9.883 F1100
M5
G0 X4.040 Y9.919 F2500
M3 S220
G1 X3.787 Y10.154 F1100
M5
G0 X4.238 Y9.919 F2500
M3 S220
G1 X4.202 Y10.045 F1100
G1 X4.004 Y10.244 F1100
G1 X3.859 Y10.352 F1100
G1 X3.751 Y10.370 F1100
M5
G0 X-4.202 Y9.991 F2500
M3 S220
G1 X-4.094 Y10.154 F1100
G1 X-4.004 Y10.081 F1100
M5
G0 X3.481 Y10.135 F2500
M3 S220
G1 X3.030 Y10.370 F1100
G1 X1.659 Y10.839 F1100
G1 X0.974 Y11.163 F1100
G1 X0.433 Y11.560 F1100
G1 X0.415 Y11.705 F1100
G1 X0.613 Y11.614 F1100
M5
G0 X-4.058 Y10.154 F2500
M3 S220
G1 X-3.968 Y10.280 F1100
G1 X-3.805 Y10.352 F1100
M5
G0 X3.643 Y10.442 F2500
M3 S220
G1 X3.589 Y10.532 F1100
G1 X3.445 Y10.586 F1100
G1 X3.409 Y10.514 F1100
M5
G0 X3.427 Y10.604 F2500
M3 S220
G1 X2.976 Y10.821 F1100
G1 X1.605 Y11.290 F1100
G1 X0.992 Y11.614 F1100
G1 X0.415 Y12.065 F1100
G1 X0.198 Y12.101 F1100
G1 X0.180 Y12.065 F1100
G1 X0.234 Y11.885 F1100
G1 X0.397 Y11.723 F1100
M5
G0 X-3.354 Y10.640 F2500
M3 S220
G1 X-3.030 Y10.803 F1100
G1 X-1.569 Y11.308 F1100
G1 X-1.028 Y11.596 F1100
G1 X-0.451 Y12.029 F1100
G1 X-0.234 Y12.065 F1100
M5
G0 X-0.577 Y11.650 F2500
M3 S220
G1 X-0.433 Y11.723 F1100
M5
M5 ; Laser OFF
G0 X0 Y0 F1500 ; Return to Center
M2 ; End
