; --- Creality Falcon 5W - High-Fidelity Continuous Vector Line Tracing ---
; 100% Vector Scoring (Zero Raster Scanning)
; Fully Upright & Non-Mirrored (CNC Y = -SVG Y)
; Tracing Feedrate: F900 mm/min | Rapid: F2500 mm/min
; Solid Burn Power: S280 (28% optical power ~1.4W)
; Total Paths: 767
G21 ; mm
G90 ; Absolute positioning
G92 X0 Y0 ; Assert current laser head position as Center (0, 0)
M5 ; Laser OFF
G0 F2500
; --- Continuous Border Circle R=17.5mm ---
G0 X0 Y17.500 F2500
M3 S280
G2 X0 Y17.500 I0 J-17.500 F900
G2 X4.529 Y16.904 I0 J-17.500 F900
M5
; --- Continuous Border Circle R=16.7mm ---
G0 X0 Y16.700 F2500
M3 S280
G2 X0 Y16.700 I0 J-16.700 F900
G2 X4.322 Y16.131 I0 J-16.700 F900
M5
; --- Continuous Text & Shield Detailing ---
G0 X0.950 Y0.219 F2500
M3 S280
G1 F900
G1 X1.041 Y0.164
G1 X0.968 Y-0.000
G1 X0.877 Y-0.420
G1 X0.858 Y-0.621
G1 X0.822 Y-0.658
G1 X0.749 Y-0.658
G1 X0.712 Y-0.694
G1 X0.639 Y-0.694
G1 X0.639 Y-0.621
G1 X0.694 Y-0.402
G1 X0.804 Y-0.073
G1 X0.950 Y0.219
G1 X1.041 Y0.164
M5
G0 X1.132 Y0.164 F2500
M3 S280
G1 F900
G1 X1.187 Y0.146
G1 X1.151 Y0.128
G1 X1.187 Y0.110
G1 X1.187 Y0.073
G1 X1.151 Y0.073
G1 X1.132 Y0.037
G1 X1.206 Y0.018
G1 X1.151 Y-0.000
G1 X1.132 Y-0.073
G1 X1.206 Y-0.037
G1 X1.206 Y-0.091
G1 X1.169 Y-0.128
G1 X1.132 Y-0.110
G1 X1.041 Y-0.128
G1 X1.114 Y-0.128
G1 X1.151 Y-0.164
G1 X1.169 Y-0.128
G1 X1.169 Y-0.201
G1 X1.096 Y-0.201
G1 X1.132 Y-0.219
G1 X1.096 Y-0.256
G1 X1.041 Y-0.274
G1 X1.132 Y-0.274
G1 X1.132 Y-0.311
G1 X1.096 Y-0.347
G1 X1.041 Y-0.347
G1 X1.096 Y-0.347
G1 X1.132 Y-0.384
G1 X1.059 Y-0.438
G1 X1.151 Y-0.438
G1 X1.132 Y-0.384
G1 X1.187 Y-0.274
G1 X1.169 Y-0.493
G1 X1.005 Y-0.493
G1 X1.096 Y-0.511
G1 X1.114 Y-0.566
G1 X0.986 Y-0.566
G1 X1.059 Y-0.548
G1 X1.005 Y-0.548
G1 X0.950 Y-0.585
G1 X1.078 Y-0.639
G1 X1.005 Y-0.639
G1 X0.968 Y-0.621
G1 X1.005 Y-0.639
G1 X0.932 Y-0.694
G1 X0.877 Y-0.658
G1 X0.986 Y-0.055
G1 X1.059 Y0.128
G1 X1.132 Y0.164
G1 X1.187 Y0.146
M5
G0 X1.187 Y0.237 F2500
M3 S280
G1 F900
G1 X1.169 Y0.164
G1 X1.114 Y0.183
G1 X1.078 Y0.146
G1 X1.078 Y0.219
G1 X1.187 Y0.237
G1 X1.169 Y0.164
M5
G0 X1.187 Y0.347 F2500
M3 S280
G1 F900
G1 X1.169 Y0.292
G1 X1.096 Y0.311
G1 X1.187 Y0.347
G1 X1.169 Y0.292
M5
G0 X1.206 Y0.603 F2500
M3 S280
G1 F900
G1 X1.206 Y0.420
G1 X1.151 Y0.384
G1 X1.151 Y0.420
G1 X1.041 Y0.347
G1 X1.078 Y0.329
G1 X1.041 Y0.292
G1 X0.913 Y0.292
G1 X0.895 Y0.347
G1 X0.858 Y0.384
G1 X0.932 Y0.457
G1 X1.206 Y0.603
G1 X1.206 Y0.420
M5
G0 X1.169 Y0.731 F2500
M3 S280
G1 F900
G1 X1.187 Y0.676
G1 X1.114 Y0.676
G1 X1.151 Y0.694
G1 X1.169 Y0.731
G1 X1.187 Y0.676
M5
G0 X1.534 Y1.078 F2500
M3 S280
G1 F900
G1 X1.516 Y1.041
G1 X1.516 Y0.895
G1 X1.516 Y1.041
G1 X1.534 Y1.078
G1 X1.516 Y1.041
M5
G0 X1.973 Y1.005 F2500
M3 S280
G1 F900
G1 X2.283 Y0.658
G1 X2.192 Y0.785
G1 X2.009 Y0.950
G1 X1.973 Y1.005
G1 X2.283 Y0.658
M5
G0 X2.484 Y0.585 F2500
M3 S280
G1 F900
G1 X2.375 Y0.457
G1 X2.338 Y0.457
G1 X2.356 Y0.420
G1 X2.375 Y0.475
G1 X2.484 Y0.585
G1 X2.375 Y0.457
M5
G0 X2.265 Y0.256 F2500
M3 S280
G1 F900
G1 X2.265 Y0.201
G1 X2.302 Y0.146
G1 X2.302 Y0.091
G1 X2.302 Y0.146
G1 X2.265 Y0.201
G1 X2.265 Y0.256
G1 X2.265 Y0.201
M5
G0 X2.174 Y0.146 F2500
M3 S280
G1 F900
G1 X2.228 Y0.128
G1 X2.228 Y0.073
G1 X2.228 Y0.146
G1 X2.174 Y0.146
G1 X2.228 Y0.128
M5
G0 X2.283 Y-0.018 F2500
M3 S280
G1 F900
G1 X2.302 Y-0.055
G1 X2.411 Y-0.055
G1 X2.448 Y-0.037
G1 X2.411 Y-0.055
G1 X2.320 Y-0.055
G1 X2.283 Y-0.018
G1 X2.302 Y-0.055
M5
G0 X2.155 Y-0.146 F2500
M3 S280
G1 F900
G1 X2.283 Y-0.219
G1 X2.247 Y-0.237
G1 X2.210 Y-0.183
G1 X2.155 Y-0.146
G1 X2.283 Y-0.219
M5
G0 X2.101 Y-0.146 F2500
M3 S280
G1 F900
G1 X2.119 Y-0.183
G1 X2.082 Y-0.256
G1 X2.101 Y-0.201
G1 X2.137 Y-0.201
G1 X2.101 Y-0.146
G1 X2.119 Y-0.183
M5
G0 X2.028 Y-0.128 F2500
M3 S280
G1 F900
G1 X1.991 Y-0.237
G1 X2.009 Y-0.183
G1 X2.046 Y-0.183
G1 X2.028 Y-0.128
G1 X1.991 Y-0.237
M5
G0 X1.991 Y-0.274 F2500
M3 S280
G1 F900
G1 X2.028 Y-0.329
G1 X2.064 Y-0.329
G1 X1.991 Y-0.274
G1 X2.028 Y-0.329
M5
G0 X1.881 Y-0.274 F2500
M3 S280
G1 F900
G1 X1.881 Y-0.347
G1 X1.918 Y-0.402
G1 X1.881 Y-0.347
G1 X1.881 Y-0.274
G1 X1.881 Y-0.347
M5
G0 X1.863 Y-0.475 F2500
M3 S280
G1 F900
G1 X1.918 Y-0.548
G1 X1.954 Y-0.566
G1 X2.101 Y-0.585
G1 X1.954 Y-0.566
G1 X1.900 Y-0.530
G1 X1.863 Y-0.475
G1 X1.918 Y-0.548
M5
G0 X2.228 Y-0.438 F2500
M3 S280
G1 F900
G1 X2.283 Y-0.384
G1 X2.302 Y-0.329
G1 X2.411 Y-0.329
G1 X2.448 Y-0.420
G1 X2.484 Y-0.457
G1 X2.557 Y-0.475
G1 X2.521 Y-0.475
G1 X2.448 Y-0.420
G1 X2.411 Y-0.347
G1 X2.429 Y-0.311
G1 X2.302 Y-0.329
G1 X2.283 Y-0.384
G1 X2.228 Y-0.438
G1 X2.283 Y-0.384
M5
G0 X2.502 Y-0.548 F2500
M3 S280
G1 F900
G1 X2.448 Y-0.530
G1 X2.356 Y-0.438
G1 X2.356 Y-0.402
G1 X2.247 Y-0.530
G1 X2.155 Y-0.566
G1 X2.247 Y-0.530
G1 X2.356 Y-0.438
G1 X2.448 Y-0.530
G1 X2.502 Y-0.548
G1 X2.448 Y-0.530
M5
G0 X2.594 Y-0.201 F2500
M3 S280
G1 F900
G1 X2.502 Y-0.311
G1 X2.575 Y-0.438
G1 X2.502 Y-0.311
G1 X2.594 Y-0.201
G1 X2.502 Y-0.311
M5
G0 X2.557 Y-0.164 F2500
M3 S280
G1 F900
G1 X2.484 Y-0.237
G1 X2.539 Y-0.201
G1 X2.557 Y-0.164
G1 X2.484 Y-0.237
M5
G0 X2.795 Y-0.146 F2500
M3 S280
G1 F900
G1 X2.813 Y-0.274
G1 X2.776 Y-0.311
G1 X2.776 Y-0.347
G1 X2.776 Y-0.311
G1 X2.813 Y-0.274
G1 X2.813 Y-0.183
G1 X2.795 Y-0.146
G1 X2.813 Y-0.274
M5
G0 X2.849 Y-0.347 F2500
M3 S280
G1 F900
G1 X2.758 Y-0.457
G1 X2.612 Y-0.493
G1 X2.722 Y-0.475
G1 X2.795 Y-0.438
G1 X2.849 Y-0.347
G1 X2.758 Y-0.457
M5
G0 X2.740 Y-0.000 F2500
M3 S280
G1 F900
G1 X2.722 Y-0.055
G1 X2.776 Y-0.073
G1 X2.740 Y-0.055
G1 X2.740 Y-0.000
G1 X2.722 Y-0.055
M5
G0 X2.740 Y0.274 F2500
M3 S280
G1 F900
G1 X2.722 Y0.201
G1 X2.776 Y0.164
G1 X2.849 Y0.183
G1 X2.813 Y0.219
G1 X2.795 Y0.274
G1 X2.740 Y0.274
G1 X2.722 Y0.201
M5
G0 X2.776 Y0.274 F2500
M3 S280
G1 F900
G1 X2.813 Y0.237
G1 X2.813 Y0.201
G1 X2.758 Y0.164
G1 X2.722 Y0.201
G1 X2.722 Y0.237
G1 X2.776 Y0.274
G1 X2.813 Y0.237
M5
G0 X2.630 Y0.347 F2500
M3 S280
G1 F900
G1 X2.557 Y0.292
G1 X2.557 Y0.256
G1 X2.612 Y0.201
G1 X2.557 Y0.256
G1 X2.557 Y0.292
G1 X2.630 Y0.347
G1 X2.557 Y0.292
M5
G0 X2.685 Y0.457 F2500
M3 S280
G1 F900
G1 X2.630 Y0.457
G1 X2.539 Y0.402
G1 X2.429 Y0.219
G1 X2.429 Y0.146
G1 X2.375 Y0.128
G1 X2.411 Y0.091
G1 X2.429 Y0.219
G1 X2.484 Y0.329
G1 X2.594 Y0.438
G1 X2.685 Y0.457
G1 X2.630 Y0.457
M5
G0 X2.740 Y0.438 F2500
M3 S280
G1 F900
G1 X2.667 Y0.329
G1 X2.722 Y0.347
G1 X2.740 Y0.438
G1 X2.667 Y0.329
M5
G0 X2.776 Y0.694 F2500
M3 S280
G1 F900
G1 X2.594 Y0.639
G1 X2.722 Y0.658
G1 X2.776 Y0.694
G1 X2.594 Y0.639
M5
G0 X2.722 Y1.041 F2500
M3 S280
G1 F900
G1 X2.703 Y0.950
G1 X2.502 Y0.749
G1 X2.429 Y0.639
G1 X2.703 Y0.932
G1 X2.722 Y0.968
G1 X2.722 Y1.041
G1 X2.703 Y0.950
M5
G0 X2.649 Y1.206 F2500
M3 S280
G1 F900
G1 X2.612 Y1.187
G1 X2.539 Y1.096
G1 X2.649 Y1.206
G1 X2.612 Y1.187
M5
G0 X2.356 Y1.644 F2500
M3 S280
G1 F900
G1 X2.466 Y1.571
G1 X2.667 Y1.352
G1 X2.740 Y1.224
G1 X2.758 Y1.114
G1 X2.813 Y1.041
G1 X2.813 Y0.986
G1 X2.849 Y0.932
G1 X2.923 Y0.621
G1 X2.923 Y-0.347
G1 X2.886 Y-0.457
G1 X2.795 Y-0.548
G1 X2.685 Y-0.585
G1 X2.612 Y-0.585
G1 X2.758 Y-0.566
G1 X2.831 Y-0.530
G1 X2.886 Y-0.457
G1 X2.904 Y-0.530
G1 X2.886 Y-0.566
G1 X2.813 Y-0.621
G1 X2.758 Y-0.621
G1 X2.923 Y-0.603
G1 X2.904 Y-0.676
G1 X2.247 Y-0.694
G1 X1.827 Y-0.676
G1 X1.845 Y-0.566
G1 X1.991 Y-0.639
G1 X2.101 Y-0.639
G1 X1.991 Y-0.639
G1 X1.845 Y-0.566
G1 X1.808 Y-0.511
G1 X1.827 Y-0.402
G1 X1.808 Y0.511
G1 X1.827 Y0.749
G1 X1.900 Y1.005
G1 X2.046 Y1.297
G1 X2.082 Y1.297
G1 X2.046 Y1.315
G1 X2.137 Y1.425
G1 X2.155 Y1.406
G1 X2.192 Y1.425
G1 X2.302 Y1.534
G1 X2.320 Y1.480
G1 X2.283 Y1.425
G1 X2.265 Y1.333
G1 X2.283 Y1.425
G1 X2.338 Y1.516
G1 X2.320 Y1.553
G1 X2.356 Y1.589
G1 X2.411 Y1.480
G1 X2.411 Y1.534
G1 X2.448 Y1.498
G1 X2.393 Y1.571
G1 X2.338 Y1.589
G1 X2.155 Y1.406
G1 X2.137 Y1.443
G1 X2.356 Y1.644
G1 X2.466 Y1.571
M5
G0 X2.977 Y1.589 F2500
M3 S280
G1 F900
G1 X3.050 Y1.571
G1 X3.069 Y-0.311
G1 X3.050 Y-0.694
G1 X2.959 Y-0.676
G1 X2.977 Y1.589
G1 X3.050 Y1.571
M5
G0 X3.105 Y1.553 F2500
M3 S280
G1 F900
G1 X3.270 Y1.498
G1 X3.306 Y1.461
G1 X3.306 Y-0.548
G1 X3.270 Y-0.694
G1 X3.123 Y-0.694
G1 X3.087 Y-0.658
G1 X3.105 Y1.553
G1 X3.270 Y1.498
M5
G0 X3.178 Y1.297 F2500
M3 S280
G1 F900
G1 X3.215 Y1.242
G1 X3.215 Y1.206
G1 X3.215 Y1.242
G1 X3.178 Y1.297
G1 X3.215 Y1.242
M5
G0 X3.598 Y1.370 F2500
M3 S280
G1 F900
G1 X3.671 Y1.352
G1 X3.690 Y1.279
G1 X3.690 Y1.096
G1 X3.745 Y1.114
G1 X3.872 Y1.078
G1 X3.854 Y0.877
G1 X4.055 Y0.840
G1 X4.092 Y0.804
G1 X4.073 Y0.712
G1 X3.964 Y0.712
G1 X3.726 Y0.895
G1 X3.617 Y1.005
G1 X3.617 Y1.041
G1 X3.580 Y1.005
G1 X3.653 Y0.913
G1 X3.872 Y0.731
G1 X3.580 Y0.712
G1 X3.544 Y0.749
G1 X3.544 Y1.315
G1 X3.598 Y1.370
G1 X3.671 Y1.352
M5
G0 X3.544 Y0.621 F2500
M3 S280
G1 F900
G1 X3.580 Y0.658
G1 X4.073 Y0.639
G1 X4.055 Y0.274
G1 X3.635 Y0.237
G1 X3.544 Y0.256
G1 X3.544 Y0.621
G1 X3.580 Y0.658
M5
G0 X4.165 Y0.767 F2500
M3 S280
G1 F900
G1 X4.238 Y0.749
G1 X4.238 Y0.256
G1 X4.201 Y0.018
G1 X4.165 Y0.018
G1 X4.128 Y0.055
G1 X4.110 Y0.219
G1 X4.110 Y0.676
G1 X4.128 Y0.731
G1 X4.165 Y0.767
G1 X4.238 Y0.749
M5
G0 X4.311 Y0.767 F2500
M3 S280
G1 F900
G1 X4.366 Y0.767
G1 X4.402 Y0.731
G1 X4.402 Y0.055
G1 X4.366 Y0.018
G1 X4.347 Y0.073
G1 X4.311 Y0.055
G1 X4.329 Y0.018
G1 X4.274 Y0.018
G1 X4.274 Y0.731
G1 X4.311 Y0.767
G1 X4.366 Y0.767
M5
G0 X4.439 Y0.639 F2500
M3 S280
G1 F900
G1 X4.475 Y0.676
G1 X5.370 Y0.658
G1 X5.370 Y0.365
G1 X5.315 Y0.237
G1 X5.078 Y0.256
G1 X4.439 Y0.256
G1 X4.457 Y0.292
G1 X4.439 Y0.639
G1 X4.475 Y0.676
M5
G0 X4.439 Y0.201 F2500
M3 S280
G1 F900
G1 X4.658 Y0.237
G1 X5.352 Y0.219
G1 X5.352 Y0.164
G1 X5.315 Y0.128
G1 X4.512 Y0.146
G1 X4.457 Y0.164
G1 X4.439 Y0.201
G1 X4.658 Y0.237
M5
G0 X4.073 Y0.201 F2500
M3 S280
G1 F900
G1 X4.055 Y0.110
G1 X3.872 Y0.110
G1 X3.598 Y0.055
G1 X3.544 Y0.073
G1 X3.580 Y0.146
G1 X3.562 Y0.201
G1 X3.891 Y0.219
G1 X4.073 Y0.201
G1 X4.055 Y0.110
M5
G0 X4.073 Y0.018 F2500
M3 S280
G1 F900
G1 X4.073 Y-0.055
G1 X4.000 Y-0.055
G1 X4.000 Y-0.000
G1 X3.927 Y0.018
G1 X3.745 Y-0.037
G1 X3.781 Y-0.000
G1 X3.726 Y-0.000
G1 X3.708 Y-0.055
G1 X3.671 Y-0.018
G1 X3.635 Y-0.055
G1 X3.653 Y-0.091
G1 X3.635 Y-0.128
G1 X3.763 Y-0.055
G1 X3.580 Y-0.237
G1 X3.544 Y-0.164
G1 X3.544 Y-0.110
G1 X3.580 Y-0.000
G1 X3.598 Y-0.037
G1 X3.580 Y-0.000
G1 X3.617 Y0.018
G1 X3.799 Y0.055
G1 X3.818 Y0.018
G1 X3.854 Y0.037
G1 X3.872 Y0.073
G1 X4.018 Y0.073
G1 X4.073 Y0.018
G1 X4.073 Y-0.055
M5
G0 X4.000 Y-0.000 F2500
M3 S280
G1 F900
G1 X3.982 Y-0.073
G1 X4.018 Y-0.091
G1 X3.872 Y-0.183
G1 X3.799 Y-0.274
G1 X3.854 Y-0.274
G1 X3.854 Y-0.365
G1 X3.799 Y-0.420
G1 X3.726 Y-0.420
G1 X3.690 Y-0.384
G1 X3.690 Y-0.475
G1 X3.635 Y-0.676
G1 X3.580 Y-0.694
G1 X3.562 Y-0.749
G1 X3.544 Y-0.402
G1 X3.598 Y-0.292
G1 X3.653 Y-0.219
G1 X3.836 Y-0.055
G1 X3.945 Y0.018
G1 X4.000 Y-0.000
G1 X3.982 Y-0.073
M5
G0 X4.055 Y0.219 F2500
M3 S280
G1 F900
G1 X3.799 Y0.219
G1 X3.781 Y0.201
G1 X3.544 Y0.219
G1 X3.671 Y0.256
G1 X3.982 Y0.274
G1 X4.055 Y0.219
G1 X3.799 Y0.219
M5
G0 X3.726 Y-0.256 F2500
M3 S280
G1 F900
G1 X3.617 Y-0.365
G1 X3.617 Y-0.402
G1 X3.653 Y-0.329
G1 X3.726 Y-0.256
G1 X3.617 Y-0.365
M5
G0 X3.215 Y0.037 F2500
M3 S280
G1 F900
G1 X3.178 Y-0.018
G1 X3.178 Y-0.055
G1 X3.215 Y-0.091
G1 X3.178 Y-0.018
G1 X3.215 Y-0.000
G1 X3.215 Y0.037
G1 X3.178 Y-0.018
M5
G0 X3.288 Y-1.023 F2500
M3 S280
G1 F900
G1 X3.306 Y-1.224
G1 X3.160 Y-1.242
G1 X3.087 Y-1.151
G1 X3.142 Y-1.224
G1 X2.557 Y-1.206
G1 X2.612 Y-1.114
G1 X2.831 Y-0.913
G1 X2.959 Y-0.913
G1 X3.014 Y-0.950
G1 X3.160 Y-1.114
G1 X3.123 Y-1.059
G1 X2.959 Y-0.913
G1 X3.032 Y-0.895
G1 X3.069 Y-0.913
G1 X3.197 Y-1.041
G1 X3.123 Y-0.913
G1 X3.160 Y-0.932
G1 X3.178 Y-0.913
G1 X3.288 Y-1.023
G1 X3.306 Y-1.224
M5
G0 X2.776 Y-1.187 F2500
M3 S280
G1 F900
G1 X2.849 Y-1.078
G1 X2.923 Y-1.059
G1 X3.050 Y-1.206
G1 X2.977 Y-1.096
G1 X2.923 Y-1.059
G1 X2.849 Y-1.078
G1 X2.776 Y-1.187
G1 X2.849 Y-1.078
M5
G0 X2.685 Y-1.206 F2500
M3 S280
G1 F900
G1 X2.703 Y-1.132
G1 X2.849 Y-0.986
G1 X2.904 Y-0.968
G1 X3.069 Y-1.114
G1 X3.014 Y-1.041
G1 X2.904 Y-0.950
G1 X2.703 Y-1.132
G1 X2.685 Y-1.206
G1 X2.703 Y-1.132
M5
G0 X2.594 Y-1.754 F2500
M3 S280
G1 F900
G1 X2.612 Y-1.808
G1 X2.685 Y-1.863
G1 X2.630 Y-1.827
G1 X2.594 Y-1.754
G1 X2.612 Y-1.808
M5
G0 X2.411 Y-1.900 F2500
M3 S280
G1 F900
G1 X2.521 Y-2.009
G1 X2.594 Y-2.046
G1 X2.521 Y-2.009
G1 X2.411 Y-1.900
G1 X2.521 Y-2.009
M5
G0 X2.192 Y-1.534 F2500
M3 S280
G1 F900
G1 X2.356 Y-1.553
G1 X2.375 Y-1.680
G1 X2.429 Y-1.808
G1 X2.539 Y-1.936
G1 X2.630 Y-1.991
G1 X2.685 Y-1.991
G1 X2.630 Y-1.991
G1 X2.539 Y-1.936
G1 X2.411 Y-1.772
G1 X2.375 Y-1.680
G1 X2.375 Y-1.571
G1 X2.411 Y-1.534
G1 X2.484 Y-1.553
G1 X2.484 Y-1.699
G1 X2.502 Y-1.772
G1 X2.575 Y-1.881
G1 X2.703 Y-1.936
G1 X2.776 Y-1.936
G1 X2.703 Y-1.936
G1 X2.612 Y-1.900
G1 X2.521 Y-1.808
G1 X2.484 Y-1.680
G1 X2.502 Y-1.534
G1 X2.557 Y-1.553
G1 X2.575 Y-1.699
G1 X2.557 Y-1.644
G1 X2.612 Y-1.553
G1 X2.630 Y-1.644
G1 X2.649 Y-1.534
G1 X2.667 Y-1.662
G1 X2.722 Y-1.589
G1 X2.703 Y-1.626
G1 X2.722 Y-1.717
G1 X2.740 Y-1.571
G1 X2.776 Y-1.626
G1 X2.776 Y-1.754
G1 X2.813 Y-1.881
G1 X2.868 Y-1.973
G1 X2.959 Y-2.046
G1 X2.996 Y-2.101
G1 X2.849 Y-2.137
G1 X2.630 Y-2.137
G1 X2.466 Y-2.064
G1 X2.375 Y-1.973
G1 X2.302 Y-1.863
G1 X2.210 Y-1.680
G1 X2.192 Y-1.534
G1 X2.356 Y-1.553
M5
G0 X1.900 Y-1.461 F2500
M3 S280
G1 F900
G1 X2.228 Y-1.425
G1 X2.923 Y-1.425
G1 X3.251 Y-1.461
G1 X1.900 Y-1.461
G1 X2.228 Y-1.425
M5
G0 X2.046 Y-1.078 F2500
M3 S280
G1 F900
G1 X2.137 Y-1.151
G1 X2.174 Y-1.206
G1 X2.046 Y-1.078
G1 X2.137 Y-1.151
M5
G0 X1.096 Y-1.078 F2500
M3 S280
G1 F900
G1 X1.169 Y-1.059
G1 X1.297 Y-1.206
G1 X1.169 Y-1.059
G1 X1.096 Y-1.078
G1 X1.169 Y-1.059
M5
G0 X0.913 Y-1.187 F2500
M3 S280
G1 F900
G1 X1.132 Y-0.950
G1 X1.169 Y-0.950
G1 X1.388 Y-1.169
G1 X1.388 Y-1.242
G1 X0.913 Y-1.224
G1 X0.913 Y-1.187
G1 X1.132 Y-0.950
M5
G0 X0.968 Y-0.676 F2500
M3 S280
G1 F900
G1 X1.005 Y-0.639
G1 X1.059 Y-0.658
G1 X1.078 Y-0.639
G1 X1.078 Y-0.694
G1 X0.968 Y-0.676
G1 X1.005 Y-0.639
M5
G0 X1.187 Y-0.603 F2500
M3 S280
G1 F900
G1 X1.132 Y-0.676
G1 X1.132 Y-0.621
G1 X1.187 Y-0.603
G1 X1.132 Y-0.676
M5
G0 X1.169 Y-0.493 F2500
M3 S280
G1 F900
G1 X1.169 Y-0.585
G1 X1.132 Y-0.530
G1 X1.169 Y-0.493
G1 X1.169 Y-0.585
M5
G0 X0.712 Y-0.694 F2500
M3 S280
G1 F900
G1 X0.785 Y-0.658
G1 X0.840 Y-0.676
G1 X0.785 Y-0.712
G1 X0.712 Y-0.694
G1 X0.785 Y-0.658
M5
G0 X0.804 Y-1.224 F2500
M3 S280
G1 F900
G1 X0.804 Y-1.187
G1 X0.840 Y-1.132
G1 X0.986 Y-0.986
G1 X1.114 Y-0.895
G1 X1.206 Y-0.895
G1 X1.406 Y-1.078
G1 X1.242 Y-0.913
G1 X1.315 Y-0.895
G1 X1.498 Y-1.078
G1 X1.388 Y-0.895
G1 X1.516 Y-1.005
G1 X1.461 Y-0.895
G1 X1.827 Y-0.913
G1 X1.699 Y-1.059
G1 X1.845 Y-0.913
G1 X1.881 Y-0.895
G1 X1.936 Y-0.913
G1 X1.717 Y-1.132
G1 X1.918 Y-0.932
G1 X1.991 Y-0.895
G1 X2.009 Y-0.932
G1 X1.808 Y-1.151
G1 X1.936 Y-1.005
G1 X2.064 Y-0.913
G1 X2.155 Y-0.986
G1 X2.320 Y-1.169
G1 X2.302 Y-1.132
G1 X2.064 Y-0.913
G1 X2.155 Y-0.895
G1 X2.338 Y-1.078
G1 X2.192 Y-0.913
G1 X2.521 Y-0.913
G1 X2.594 Y-0.950
G1 X2.521 Y-1.005
G1 X2.484 Y-1.059
G1 X2.539 Y-0.986
G1 X2.649 Y-0.895
G1 X2.703 Y-0.932
G1 X2.502 Y-1.132
G1 X2.722 Y-0.913
G1 X2.758 Y-0.895
G1 X2.813 Y-0.913
G1 X2.612 Y-1.114
G1 X2.557 Y-1.224
G1 X1.863 Y-1.242
G1 X1.827 Y-1.224
G1 X1.808 Y-1.187
G1 X1.827 Y-1.224
G1 X1.680 Y-1.187
G1 X1.662 Y-1.224
G1 X1.406 Y-1.224
G1 X1.388 Y-1.169
G1 X1.151 Y-0.932
G1 X0.950 Y-1.132
G1 X0.877 Y-1.242
G1 X0.804 Y-1.224
G1 X0.804 Y-1.187
M5
G0 X0.347 Y-1.059 F2500
M3 S280
G1 F900
G1 X0.292 Y-1.078
G1 X0.256 Y-1.132
G1 X0.292 Y-1.078
G1 X0.347 Y-1.059
G1 X0.292 Y-1.078
M5
G0 X0.292 Y-1.005 F2500
M3 S280
G1 F900
G1 X0.365 Y-0.950
G1 X0.530 Y-1.114
G1 X0.566 Y-1.187
G1 X0.530 Y-1.114
G1 X0.365 Y-0.950
G1 X0.292 Y-1.005
G1 X0.365 Y-0.950
M5
G0 X-0.913 Y-0.694 F2500
M3 S280
G1 F900
G1 X-1.114 Y-0.694
G1 X-1.005 Y-0.658
G1 X-0.968 Y-0.658
G1 X-0.913 Y-0.694
G1 X-1.114 Y-0.694
M5
G0 X-1.169 Y-0.365 F2500
M3 S280
G1 F900
G1 X-1.187 Y-0.475
G1 X-1.224 Y-0.420
G1 X-1.169 Y-0.365
G1 X-1.187 Y-0.475
M5
G0 X-1.187 Y-0.183 F2500
M3 S280
G1 F900
G1 X-1.151 Y-0.164
G1 X-1.078 Y-0.183
G1 X-1.023 Y-0.164
G1 X-0.986 Y-0.201
G1 X-1.023 Y-0.237
G1 X-1.169 Y-0.219
G1 X-1.187 Y-0.183
G1 X-1.151 Y-0.164
M5
G0 X-1.005 Y-0.219 F2500
M3 S280
G1 F900
G1 X-0.968 Y-0.274
G1 X-0.932 Y-0.420
G1 X-0.913 Y-0.566
G1 X-0.932 Y-0.658
G1 X-1.041 Y-0.639
G1 X-0.986 Y-0.585
G1 X-1.096 Y-0.603
G1 X-1.023 Y-0.621
G1 X-1.059 Y-0.658
G1 X-1.132 Y-0.658
G1 X-1.114 Y-0.475
G1 X-1.041 Y-0.475
G1 X-1.114 Y-0.420
G1 X-1.041 Y-0.402
G1 X-1.114 Y-0.420
G1 X-1.151 Y-0.384
G1 X-1.132 Y-0.329
G1 X-1.059 Y-0.329
G1 X-1.151 Y-0.311
G1 X-1.132 Y-0.237
G1 X-1.005 Y-0.219
G1 X-0.968 Y-0.274
M5
G0 X-1.059 Y-0.000 F2500
M3 S280
G1 F900
G1 X-1.023 Y-0.055
G1 X-1.023 Y-0.164
G1 X-1.096 Y-0.183
G1 X-1.132 Y-0.164
G1 X-1.169 Y-0.110
G1 X-1.169 Y-0.055
G1 X-1.132 Y-0.018
G1 X-1.059 Y-0.000
G1 X-1.023 Y-0.055
M5
G0 X-1.096 Y0.146 F2500
M3 S280
G1 F900
G1 X-1.096 Y0.073
G1 X-1.059 Y0.055
G1 X-1.041 Y0.018
G1 X-1.078 Y-0.018
G1 X-1.169 Y-0.000
G1 X-1.151 Y0.055
G1 X-1.114 Y0.037
G1 X-1.151 Y0.110
G1 X-1.096 Y0.146
G1 X-1.096 Y0.073
M5
G0 X-1.078 Y0.219 F2500
M3 S280
G1 F900
G1 X-0.986 Y0.237
G1 X-0.932 Y0.164
G1 X-0.694 Y-0.475
G1 X-0.712 Y-0.548
G1 X-0.676 Y-0.566
G1 X-0.676 Y-0.621
G1 X-0.658 Y-0.639
G1 X-0.676 Y-0.694
G1 X-0.858 Y-0.676
G1 X-0.913 Y-0.329
G1 X-0.950 Y-0.237
G1 X-0.950 Y-0.183
G1 X-0.913 Y-0.146
G1 X-0.968 Y-0.146
G1 X-0.986 Y-0.037
G1 X-1.078 Y0.219
G1 X-0.986 Y0.237
M5
G0 X-1.169 Y0.219 F2500
M3 S280
G1 F900
G1 X-1.132 Y0.183
G1 X-1.187 Y0.146
G1 X-1.187 Y0.219
G1 X-1.169 Y0.219
G1 X-1.132 Y0.183
M5
G0 X-1.187 Y0.603 F2500
M3 S280
G1 F900
G1 X-0.986 Y0.457
G1 X-0.932 Y0.438
G1 X-0.895 Y0.402
G1 X-0.877 Y0.347
G1 X-0.950 Y0.292
G1 X-1.078 Y0.292
G1 X-1.206 Y0.347
G1 X-1.187 Y0.384
G1 X-1.224 Y0.402
G1 X-1.224 Y0.511
G1 X-1.187 Y0.603
G1 X-0.986 Y0.457
M5
G0 X-1.187 Y0.840 F2500
M3 S280
G1 F900
G1 X-1.151 Y0.712
G1 X-1.169 Y0.749
G1 X-1.132 Y0.767
G1 X-1.114 Y0.804
G1 X-1.078 Y0.749
G1 X-1.132 Y0.639
G1 X-1.187 Y0.639
G1 X-1.206 Y0.694
G1 X-1.187 Y0.840
G1 X-1.151 Y0.712
M5
G0 X-1.187 Y1.388 F2500
M3 S280
G1 F900
G1 X-1.151 Y1.315
G1 X-1.151 Y1.187
G1 X-1.132 Y1.206
G1 X-1.114 Y1.151
G1 X-1.169 Y1.078
G1 X-1.151 Y1.023
G1 X-1.187 Y0.895
G1 X-1.206 Y1.114
G1 X-1.169 Y1.114
G1 X-1.206 Y1.151
G1 X-1.187 Y1.388
G1 X-1.151 Y1.315
M5
G0 X-0.749 Y1.845 F2500
M3 S280
G1 F900
G1 X-0.749 Y1.808
G1 X-0.712 Y1.808
G1 X-0.712 Y1.735
G1 X-0.785 Y1.443
G1 X-0.822 Y1.370
G1 X-0.877 Y1.370
G1 X-0.822 Y1.333
G1 X-0.840 Y1.260
G1 X-0.895 Y1.169
G1 X-0.895 Y1.114
G1 X-1.041 Y0.804
G1 X-1.078 Y0.767
G1 X-1.096 Y0.804
G1 X-1.151 Y0.840
G1 X-1.114 Y0.986
G1 X-1.059 Y0.986
G1 X-1.096 Y1.041
G1 X-0.968 Y1.059
G1 X-1.096 Y1.041
G1 X-1.114 Y1.078
G1 X-1.059 Y1.132
G1 X-1.023 Y1.132
G1 X-1.078 Y1.169
G1 X-1.041 Y1.206
G1 X-0.986 Y1.206
G1 X-1.078 Y1.187
G1 X-1.078 Y1.260
G1 X-1.041 Y1.242
G1 X-1.005 Y1.260
G1 X-1.096 Y1.279
G1 X-1.078 Y1.425
G1 X-1.023 Y1.388
G1 X-1.041 Y1.297
G1 X-1.005 Y1.333
G1 X-0.968 Y1.333
G1 X-1.023 Y1.352
G1 X-0.986 Y1.388
G1 X-0.913 Y1.388
G1 X-0.968 Y1.388
G1 X-1.005 Y1.425
G1 X-1.005 Y1.461
G1 X-0.968 Y1.480
G1 X-0.968 Y1.571
G1 X-0.895 Y1.571
G1 X-0.950 Y1.644
G1 X-0.840 Y1.626
G1 X-0.895 Y1.680
G1 X-0.858 Y1.699
G1 X-0.767 Y1.699
G1 X-0.932 Y1.699
G1 X-0.895 Y1.735
G1 X-0.840 Y1.754
G1 X-0.749 Y1.754
G1 X-0.840 Y1.772
G1 X-0.749 Y1.845
G1 X-0.749 Y1.808
M5
G0 X-0.566 Y1.754 F2500
M3 S280
G1 F900
G1 X-0.511 Y1.790
G1 X-0.420 Y1.808
G1 X-0.457 Y1.790
G1 X-0.530 Y1.808
G1 X-0.566 Y1.754
G1 X-0.511 Y1.790
M5
G0 X-0.329 Y1.991 F2500
M3 S280
G1 F900
G1 X-0.493 Y1.973
G1 X-0.457 Y1.991
G1 X-0.329 Y1.973
G1 X-0.347 Y1.863
G1 X-0.384 Y1.808
G1 X-0.457 Y1.534
G1 X-0.658 Y1.078
G1 X-0.877 Y0.767
G1 X-1.041 Y0.585
G1 X-1.096 Y0.621
G1 X-0.950 Y0.877
G1 X-0.895 Y1.023
G1 X-0.840 Y1.059
G1 X-0.858 Y1.114
G1 X-0.822 Y1.114
G1 X-0.858 Y1.151
G1 X-0.804 Y1.242
G1 X-0.804 Y1.297
G1 X-0.767 Y1.352
G1 X-0.712 Y1.333
G1 X-0.767 Y1.352
G1 X-0.767 Y1.388
G1 X-0.712 Y1.516
G1 X-0.658 Y1.790
G1 X-0.603 Y1.827
G1 X-0.621 Y1.881
G1 X-0.585 Y1.881
G1 X-0.603 Y1.936
G1 X-0.548 Y1.936
G1 X-0.530 Y1.900
G1 X-0.511 Y1.918
G1 X-0.548 Y1.954
G1 X-0.585 Y1.936
G1 X-0.585 Y1.991
G1 X-0.548 Y2.009
G1 X-0.603 Y2.028
G1 X-0.511 Y2.064
G1 X-0.511 Y2.028
G1 X-0.438 Y2.028
G1 X-0.329 Y1.991
G1 X-0.493 Y1.973
M5
G0 X-0.694 Y1.991 F2500
M3 S280
G1 F900
G1 X-0.676 Y1.936
G1 X-0.712 Y1.900
G1 X-0.694 Y1.991
G1 X-0.676 Y1.936
M5
G0 X-0.658 Y2.210 F2500
M3 S280
G1 F900
G1 X-0.749 Y2.137
G1 X-0.767 Y2.174
G1 X-0.785 Y2.155
G1 X-0.749 Y2.137
G1 X-0.822 Y2.028
G1 X-0.913 Y1.936
G1 X-1.078 Y1.845
G1 X-1.151 Y1.863
G1 X-1.132 Y2.009
G1 X-1.151 Y2.155
G1 X-1.169 Y1.443
G1 X-1.169 Y1.699
G1 X-1.132 Y1.790
G1 X-1.041 Y1.863
G1 X-0.932 Y1.918
G1 X-0.658 Y2.210
G1 X-0.749 Y2.137
M5
G0 X-0.658 Y2.302 F2500
M3 S280
G1 F900
G1 X-0.603 Y2.228
G1 X-0.566 Y2.265
G1 X-0.658 Y2.302
G1 X-0.603 Y2.228
M5
G0 X-0.840 Y2.302 F2500
M3 S280
G1 F900
G1 X-0.767 Y2.228
G1 X-0.767 Y2.283
G1 X-0.840 Y2.302
G1 X-0.767 Y2.228
M5
G0 X-0.986 Y2.174 F2500
M3 S280
G1 F900
G1 X-0.913 Y2.082
G1 X-0.913 Y2.155
G1 X-0.950 Y2.137
G1 X-0.986 Y2.174
G1 X-0.913 Y2.082
M5
G0 X-1.005 Y2.338 F2500
M3 S280
G1 F900
G1 X-1.041 Y2.302
G1 X-1.132 Y2.265
G1 X-1.151 Y2.228
G1 X-1.132 Y2.192
G1 X-1.151 Y2.228
G1 X-1.114 Y2.265
G1 X-1.078 Y2.247
G1 X-1.059 Y2.302
G1 X-1.005 Y2.338
G1 X-1.041 Y2.302
M5
G0 X-0.950 Y2.375 F2500
M3 S280
G1 F900
G1 X-0.858 Y2.375
G1 X-0.913 Y2.393
G1 X-0.877 Y2.429
G1 X-0.950 Y2.375
G1 X-0.858 Y2.375
M5
G0 X-0.840 Y2.484 F2500
M3 S280
G1 F900
G1 X-0.840 Y2.539
G1 X-0.731 Y2.521
G1 X-0.840 Y2.484
G1 X-0.840 Y2.539
M5
G0 X-0.712 Y2.521 F2500
M3 S280
G1 F900
G1 X-0.621 Y2.521
G1 X-0.676 Y2.484
G1 X-0.712 Y2.521
G1 X-0.621 Y2.521
M5
G0 X-0.128 Y2.228 F2500
M3 S280
G1 F900
G1 X-0.183 Y2.155
G1 X-0.183 Y2.228
G1 X-0.128 Y2.228
G1 X-0.183 Y2.155
M5
G0 X-0.073 Y2.210 F2500
M3 S280
G1 F900
G1 X-0.091 Y2.064
G1 X-0.219 Y1.589
G1 X-0.365 Y1.242
G1 X-0.658 Y0.785
G1 X-0.712 Y0.731
G1 X-0.749 Y0.767
G1 X-0.712 Y0.731
G1 X-0.749 Y0.676
G1 X-0.950 Y0.493
G1 X-0.986 Y0.511
G1 X-1.005 Y0.548
G1 X-0.712 Y0.932
G1 X-0.530 Y1.279
G1 X-0.511 Y1.370
G1 X-0.457 Y1.461
G1 X-0.384 Y1.699
G1 X-0.329 Y1.790
G1 X-0.329 Y1.845
G1 X-0.292 Y1.936
G1 X-0.219 Y1.936
G1 X-0.256 Y1.954
G1 X-0.274 Y1.991
G1 X-0.256 Y2.064
G1 X-0.219 Y2.119
G1 X-0.201 Y2.082
G1 X-0.128 Y2.101
G1 X-0.201 Y2.155
G1 X-0.164 Y2.137
G1 X-0.146 Y2.174
G1 X-0.110 Y2.174
G1 X-0.146 Y2.192
G1 X-0.073 Y2.210
G1 X-0.091 Y2.064
M5
G0 X-0.018 Y2.137 F2500
M3 S280
G1 F900
G1 X0.110 Y1.662
G1 X0.329 Y1.151
G1 X0.603 Y0.749
G1 X0.694 Y0.639
G1 X0.877 Y0.475
G1 X0.822 Y0.402
G1 X0.822 Y0.311
G1 X0.877 Y0.201
G1 X0.877 Y0.164
G1 X0.749 Y-0.110
G1 X0.585 Y-0.694
G1 X-0.621 Y-0.676
G1 X-0.676 Y-0.402
G1 X-0.913 Y0.237
G1 X-0.840 Y0.329
G1 X-0.877 Y0.457
G1 X-0.530 Y0.840
G1 X-0.420 Y1.005
G1 X-0.292 Y1.260
G1 X-0.128 Y1.717
G1 X-0.091 Y1.918
G1 X-0.018 Y2.137
G1 X0.110 Y1.662
M5
G0 X0.329 Y2.082 F2500
M3 S280
G1 F900
G1 X0.347 Y2.028
G1 X0.402 Y2.009
G1 X0.384 Y2.046
G1 X0.475 Y2.046
G1 X0.438 Y1.991
G1 X0.511 Y2.009
G1 X0.566 Y1.991
G1 X0.603 Y1.954
G1 X0.438 Y1.936
G1 X0.585 Y1.881
G1 X0.511 Y1.881
G1 X0.438 Y1.845
G1 X0.511 Y1.881
G1 X0.621 Y1.845
G1 X0.566 Y1.808
G1 X0.639 Y1.772
G1 X0.621 Y1.699
G1 X0.658 Y1.680
G1 X0.676 Y1.626
G1 X0.658 Y1.534
G1 X0.639 Y1.534
G1 X0.621 Y1.498
G1 X0.639 Y1.534
G1 X0.694 Y1.516
G1 X0.712 Y1.480
G1 X0.676 Y1.425
G1 X0.731 Y1.406
G1 X0.749 Y1.370
G1 X0.694 Y1.352
G1 X0.731 Y1.352
G1 X0.767 Y1.315
G1 X0.804 Y1.206
G1 X0.785 Y1.114
G1 X0.840 Y1.114
G1 X0.822 Y1.041
G1 X0.877 Y1.023
G1 X0.932 Y0.877
G1 X0.877 Y0.804
G1 X0.932 Y0.877
G1 X1.023 Y0.731
G1 X0.986 Y0.712
G1 X1.023 Y0.731
G1 X1.078 Y0.639
G1 X1.041 Y0.621
G1 X1.078 Y0.603
G1 X1.041 Y0.566
G1 X0.804 Y0.822
G1 X0.694 Y0.986
G1 X0.511 Y1.370
G1 X0.530 Y1.443
G1 X0.493 Y1.443
G1 X0.438 Y1.626
G1 X0.493 Y1.680
G1 X0.438 Y1.644
G1 X0.402 Y1.717
G1 X0.311 Y2.009
G1 X0.329 Y2.082
G1 X0.347 Y2.028
M5
G0 X0.073 Y2.155 F2500
M3 S280
G1 F900
G1 X0.128 Y2.155
G1 X0.219 Y2.101
G1 X0.201 Y2.009
G1 X0.164 Y2.009
G1 X0.256 Y1.954
G1 X0.219 Y1.954
G1 X0.311 Y1.918
G1 X0.256 Y1.900
G1 X0.256 Y1.863
G1 X0.329 Y1.845
G1 X0.347 Y1.808
G1 X0.292 Y1.772
G1 X0.365 Y1.754
G1 X0.347 Y1.699
G1 X0.311 Y1.699
G1 X0.365 Y1.699
G1 X0.402 Y1.662
G1 X0.329 Y1.644
G1 X0.365 Y1.589
G1 X0.402 Y1.589
G1 X0.438 Y1.553
G1 X0.402 Y1.534
G1 X0.384 Y1.498
G1 X0.493 Y1.406
G1 X0.475 Y1.352
G1 X0.438 Y1.352
G1 X0.511 Y1.333
G1 X0.658 Y0.968
G1 X0.712 Y0.932
G1 X0.767 Y0.822
G1 X0.986 Y0.548
G1 X0.950 Y0.511
G1 X0.913 Y0.511
G1 X0.676 Y0.731
G1 X0.548 Y0.895
G1 X0.365 Y1.187
G1 X0.292 Y1.333
G1 X0.183 Y1.607
G1 X0.183 Y1.662
G1 X0.128 Y1.772
G1 X0.055 Y2.064
G1 X0.073 Y2.155
G1 X0.128 Y2.155
M5
G0 X0.055 Y2.137 F2500
M3 S280
G1 F900
G1 X0.091 Y2.210
G1 X0.183 Y2.192
G1 X0.201 Y2.119
G1 X0.146 Y2.155
G1 X0.055 Y2.137
G1 X0.091 Y2.210
M5
G0 X0.073 Y2.247 F2500
M3 S280
G1 F900
G1 X0.110 Y2.283
G1 X0.183 Y2.210
G1 X0.146 Y2.192
G1 X0.073 Y2.247
G1 X0.110 Y2.283
M5
G0 X0.000 Y2.557 F2500
M3 S280
G1 F900
G1 X0.091 Y2.557
G1 X0.201 Y2.356
G1 X0.292 Y2.283
G1 X0.384 Y2.247
G1 X0.475 Y2.265
G1 X0.511 Y2.228
G1 X0.493 Y2.265
G1 X0.420 Y2.265
G1 X0.292 Y2.302
G1 X0.164 Y2.466
G1 X0.110 Y2.575
G1 X0.128 Y2.612
G1 X0.183 Y2.594
G1 X0.164 Y2.575
G1 X0.256 Y2.539
G1 X0.329 Y2.557
G1 X0.347 Y2.502
G1 X0.365 Y2.539
G1 X0.438 Y2.521
G1 X0.384 Y2.484
G1 X0.402 Y2.429
G1 X0.402 Y2.484
G1 X0.438 Y2.521
G1 X0.475 Y2.502
G1 X0.493 Y2.539
G1 X0.548 Y2.521
G1 X0.493 Y2.466
G1 X0.566 Y2.466
G1 X0.585 Y2.539
G1 X0.621 Y2.502
G1 X0.658 Y2.502
G1 X0.712 Y2.539
G1 X0.822 Y2.429
G1 X0.822 Y2.411
G1 X0.858 Y2.393
G1 X0.785 Y2.539
G1 X1.023 Y2.539
G1 X1.114 Y2.502
G1 X1.114 Y2.393
G1 X1.132 Y2.521
G1 X0.822 Y2.557
G1 X0.785 Y2.539
G1 X0.201 Y2.575
G1 X0.895 Y2.594
G1 X1.132 Y2.575
G1 X1.169 Y2.539
G1 X1.187 Y2.484
G1 X1.224 Y1.954
G1 X1.206 Y1.443
G1 X1.224 Y1.388
G1 X1.187 Y1.388
G1 X1.151 Y1.425
G1 X1.169 Y1.461
G1 X1.132 Y1.790
G1 X1.132 Y2.338
G1 X1.114 Y2.302
G1 X1.114 Y2.210
G1 X1.078 Y2.210
G1 X1.132 Y2.174
G1 X1.114 Y1.827
G1 X0.986 Y1.881
G1 X0.895 Y1.954
G1 X0.585 Y2.265
G1 X0.639 Y2.302
G1 X0.585 Y2.283
G1 X0.566 Y2.247
G1 X0.676 Y2.192
G1 X0.950 Y1.900
G1 X1.078 Y1.827
G1 X1.132 Y1.772
G1 X1.151 Y1.662
G1 X1.132 Y1.406
G1 X1.096 Y1.480
G1 X1.059 Y1.717
G1 X0.986 Y1.790
G1 X0.913 Y1.827
G1 X0.603 Y2.155
G1 X0.384 Y2.155
G1 X0.201 Y2.247
G1 X0.073 Y2.393
G1 X0.000 Y2.557
G1 X0.091 Y2.557
M5
G0 X0.000 Y2.557 F2500
M3 S280
G1 F900
G1 X-0.146 Y2.320
G1 X-0.274 Y2.210
G1 X-0.420 Y2.155
G1 X-0.621 Y2.155
G1 X-0.932 Y1.827
G1 X-1.059 Y1.754
G1 X-1.114 Y1.607
G1 X-1.114 Y1.443
G1 X-1.151 Y1.406
G1 X-1.242 Y1.443
G1 X-1.224 Y1.516
G1 X-1.242 Y1.881
G1 X-1.224 Y2.393
G1 X-1.169 Y2.557
G1 X-0.858 Y2.594
G1 X-0.311 Y2.612
G1 X-0.274 Y2.575
G1 X-1.096 Y2.539
G1 X-1.151 Y2.521
G1 X-1.132 Y2.320
G1 X-1.132 Y2.484
G1 X-1.096 Y2.521
G1 X-1.041 Y2.539
G1 X-0.932 Y2.539
G1 X-0.877 Y2.521
G1 X-0.932 Y2.466
G1 X-1.005 Y2.429
G1 X-1.041 Y2.466
G1 X-1.005 Y2.429
G1 X-1.059 Y2.375
G1 X-0.913 Y2.484
G1 X-0.822 Y2.484
G1 X-0.822 Y2.429
G1 X-0.767 Y2.466
G1 X-0.767 Y2.484
G1 X-0.712 Y2.502
G1 X-0.658 Y2.484
G1 X-0.585 Y2.539
G1 X-0.511 Y2.448
G1 X-0.511 Y2.393
G1 X-0.511 Y2.484
G1 X-0.420 Y2.521
G1 X-0.384 Y2.466
G1 X-0.420 Y2.521
G1 X-0.347 Y2.521
G1 X-0.311 Y2.466
G1 X-0.292 Y2.539
G1 X-0.237 Y2.484
G1 X-0.292 Y2.411
G1 X-0.365 Y2.411
G1 X-0.384 Y2.375
G1 X-0.438 Y2.356
G1 X-0.402 Y2.356
G1 X-0.365 Y2.393
G1 X-0.329 Y2.375
G1 X-0.256 Y2.448
G1 X-0.237 Y2.502
G1 X-0.274 Y2.539
G1 X-0.237 Y2.575
G1 X-0.128 Y2.539
G1 X-0.219 Y2.393
G1 X-0.329 Y2.283
G1 X-0.420 Y2.283
G1 X-0.493 Y2.247
G1 X-0.493 Y2.283
G1 X-0.530 Y2.265
G1 X-0.511 Y2.247
G1 X-0.548 Y2.228
G1 X-0.384 Y2.247
G1 X-0.274 Y2.302
G1 X-0.183 Y2.393
G1 X-0.110 Y2.539
G1 X-0.073 Y2.575
G1 X0.000 Y2.557
G1 X-0.146 Y2.320
M5
G0 X0.676 Y2.009 F2500
M3 S280
G1 F900
G1 X0.712 Y1.936
G1 X0.658 Y1.936
G1 X0.676 Y2.009
G1 X0.712 Y1.936
M5
G0 X0.731 Y1.881 F2500
M3 S280
G1 F900
G1 X0.712 Y1.845
G1 X0.804 Y1.845
G1 X0.731 Y1.790
G1 X0.822 Y1.772
G1 X0.840 Y1.735
G1 X0.822 Y1.699
G1 X0.895 Y1.680
G1 X0.804 Y1.644
G1 X0.858 Y1.662
G1 X0.950 Y1.644
G1 X0.858 Y1.607
G1 X0.950 Y1.626
G1 X0.950 Y1.571
G1 X0.877 Y1.553
G1 X0.986 Y1.516
G1 X0.895 Y1.498
G1 X1.005 Y1.480
G1 X0.913 Y1.443
G1 X0.968 Y1.443
G1 X1.005 Y1.406
G1 X0.932 Y1.406
G1 X0.986 Y1.388
G1 X1.023 Y1.352
G1 X0.932 Y1.333
G1 X1.041 Y1.279
G1 X0.913 Y1.279
G1 X1.041 Y1.224
G1 X1.005 Y1.224
G1 X1.059 Y1.242
G1 X1.078 Y1.206
G1 X1.041 Y1.169
G1 X0.950 Y1.151
G1 X1.005 Y1.151
G1 X1.023 Y1.169
G1 X1.059 Y1.114
G1 X0.968 Y1.078
G1 X1.005 Y1.096
G1 X1.096 Y1.078
G1 X1.078 Y1.023
G1 X1.041 Y1.041
G1 X1.023 Y1.005
G1 X1.059 Y1.023
G1 X1.114 Y1.005
G1 X1.096 Y0.932
G1 X1.023 Y0.913
G1 X1.096 Y0.913
G1 X1.114 Y0.950
G1 X1.114 Y0.877
G1 X1.078 Y0.858
G1 X1.132 Y0.822
G1 X1.078 Y0.804
G1 X1.132 Y0.822
G1 X1.132 Y0.767
G1 X1.078 Y0.731
G1 X1.041 Y0.767
G1 X0.913 Y1.005
G1 X0.767 Y1.388
G1 X0.676 Y1.754
G1 X0.731 Y1.881
G1 X0.712 Y1.845
M5
G0 X0.895 Y2.137 F2500
M3 S280
G1 F900
G1 X0.895 Y2.082
G1 X0.968 Y2.064
G1 X0.950 Y2.101
G1 X0.895 Y2.137
G1 X0.895 Y2.082
M5
G0 X1.260 Y2.484 F2500
M3 S280
G1 F900
G1 X1.352 Y2.448
G1 X1.388 Y2.411
G1 X1.370 Y-0.712
G1 X1.260 Y-0.731
G1 X1.224 Y0.274
G1 X1.260 Y2.484
G1 X1.352 Y2.448
M5
G0 X1.425 Y2.393 F2500
M3 S280
G1 F900
G1 X1.461 Y2.448
G1 X1.516 Y2.375
G1 X1.480 Y2.393
G1 X1.553 Y2.356
G1 X1.553 Y2.411
G1 X1.589 Y2.411
G1 X1.662 Y2.356
G1 X1.717 Y2.411
G1 X1.754 Y2.375
G1 X1.699 Y2.338
G1 X1.735 Y2.320
G1 X1.754 Y2.356
G1 X1.808 Y2.356
G1 X1.827 Y2.338
G1 X1.900 Y2.356
G1 X1.936 Y2.302
G1 X2.009 Y2.320
G1 X2.082 Y2.265
G1 X2.119 Y2.265
G1 X2.155 Y2.302
G1 X2.192 Y2.283
G1 X2.228 Y2.228
G1 X2.283 Y2.210
G1 X2.338 Y2.265
G1 X2.411 Y2.210
G1 X2.448 Y2.155
G1 X2.484 Y2.155
G1 X2.539 Y2.101
G1 X2.521 Y2.137
G1 X2.466 Y2.155
G1 X2.429 Y2.192
G1 X2.484 Y2.228
G1 X2.594 Y2.137
G1 X2.776 Y2.119
G1 X2.795 Y2.082
G1 X2.831 Y2.064
G1 X2.886 Y2.082
G1 X2.996 Y1.991
G1 X2.941 Y2.028
G1 X2.977 Y2.064
G1 X3.014 Y2.064
G1 X3.014 Y2.028
G1 X3.050 Y2.064
G1 X3.123 Y2.028
G1 X3.069 Y1.991
G1 X3.050 Y1.954
G1 X3.160 Y2.046
G1 X3.215 Y2.046
G1 X3.251 Y2.009
G1 X3.306 Y1.863
G1 X3.251 Y1.735
G1 X3.160 Y1.754
G1 X2.996 Y1.827
G1 X2.685 Y1.900
G1 X2.375 Y2.009
G1 X1.863 Y2.137
G1 X1.461 Y2.210
G1 X1.425 Y2.247
G1 X1.425 Y2.393
G1 X1.461 Y2.448
M5
G0 X1.607 Y2.411 F2500
M3 S280
G1 F900
G1 X1.626 Y2.466
G1 X1.680 Y2.429
G1 X1.607 Y2.411
G1 X1.626 Y2.466
M5
G0 X1.772 Y2.393 F2500
M3 S280
G1 F900
G1 X1.845 Y2.411
G1 X1.881 Y2.375
G1 X1.845 Y2.338
G1 X1.772 Y2.393
G1 X1.845 Y2.411
M5
G0 X1.936 Y2.393 F2500
M3 S280
G1 F900
G1 X2.009 Y2.338
G1 X1.954 Y2.302
G1 X1.918 Y2.338
G1 X1.936 Y2.393
G1 X2.009 Y2.338
M5
G0 X2.046 Y2.375 F2500
M3 S280
G1 F900
G1 X2.119 Y2.338
G1 X2.119 Y2.283
G1 X2.046 Y2.302
G1 X2.046 Y2.375
G1 X2.119 Y2.338
M5
G0 X2.210 Y2.320 F2500
M3 S280
G1 F900
G1 X2.247 Y2.320
G1 X2.302 Y2.283
G1 X2.302 Y2.228
G1 X2.247 Y2.228
G1 X2.192 Y2.283
G1 X2.210 Y2.320
G1 X2.247 Y2.320
M5
G0 X2.356 Y2.265 F2500
M3 S280
G1 F900
G1 X2.411 Y2.283
G1 X2.466 Y2.247
G1 X2.393 Y2.228
G1 X2.356 Y2.265
G1 X2.411 Y2.283
M5
G0 X2.521 Y2.228 F2500
M3 S280
G1 F900
G1 X2.557 Y2.247
G1 X2.649 Y2.174
G1 X2.612 Y2.155
G1 X2.521 Y2.228
G1 X2.557 Y2.247
M5
G0 X2.649 Y2.192 F2500
M3 S280
G1 F900
G1 X2.685 Y2.210
G1 X2.758 Y2.119
G1 X2.685 Y2.137
G1 X2.649 Y2.192
G1 X2.685 Y2.210
M5
G0 X2.941 Y2.119 F2500
M3 S280
G1 F900
G1 X2.977 Y2.082
G1 X2.941 Y2.046
G1 X2.904 Y2.082
G1 X2.941 Y2.119
G1 X2.977 Y2.082
M5
G0 X3.197 Y2.009 F2500
M3 S280
G1 F900
G1 X3.123 Y1.918
G1 X3.197 Y1.973
G1 X3.233 Y1.918
G1 X3.197 Y2.009
G1 X3.123 Y1.918
M5
G0 X2.064 Y1.206 F2500
M3 S280
G1 F900
G1 X2.028 Y1.169
G1 X2.082 Y1.187
G1 X2.155 Y1.114
G1 X2.192 Y1.041
G1 X2.137 Y1.151
G1 X2.064 Y1.206
G1 X2.028 Y1.169
M5
G0 X1.954 Y0.694 F2500
M3 S280
G1 F900
G1 X1.991 Y0.658
G1 X2.101 Y0.658
G1 X2.028 Y0.658
G1 X1.954 Y0.694
G1 X1.991 Y0.658
M5
G0 X1.863 Y0.384 F2500
M3 S280
G1 F900
G1 X1.900 Y0.457
G1 X2.009 Y0.530
G1 X2.119 Y0.530
G1 X2.192 Y0.493
G1 X2.302 Y0.384
G1 X2.356 Y0.237
G1 X2.356 Y0.292
G1 X2.429 Y0.402
G1 X2.521 Y0.493
G1 X2.594 Y0.530
G1 X2.740 Y0.511
G1 X2.868 Y0.402
G1 X2.849 Y0.438
G1 X2.758 Y0.511
G1 X2.703 Y0.530
G1 X2.575 Y0.530
G1 X2.466 Y0.457
G1 X2.356 Y0.292
G1 X2.283 Y0.420
G1 X2.210 Y0.493
G1 X2.137 Y0.530
G1 X1.991 Y0.530
G1 X1.881 Y0.438
G1 X1.863 Y0.384
G1 X1.900 Y0.457
M5
G0 X1.881 Y0.256 F2500
M3 S280
G1 F900
G1 X1.918 Y0.365
G1 X2.009 Y0.457
G1 X2.101 Y0.457
G1 X2.228 Y0.347
G1 X2.137 Y0.438
G1 X2.101 Y0.457
G1 X2.009 Y0.457
G1 X1.918 Y0.365
G1 X1.881 Y0.256
G1 X1.918 Y0.365
M5
G0 X2.137 Y0.365 F2500
M3 S280
G1 F900
G1 X2.101 Y0.347
G1 X1.991 Y0.347
G1 X1.954 Y0.292
G1 X1.936 Y0.201
G1 X1.881 Y0.201
G1 X1.900 Y0.164
G1 X1.973 Y0.219
G1 X2.009 Y0.183
G1 X2.064 Y0.183
G1 X2.101 Y0.219
G1 X2.101 Y0.274
G1 X2.082 Y0.219
G1 X2.046 Y0.183
G1 X2.009 Y0.183
G1 X1.954 Y0.237
G1 X1.954 Y0.292
G1 X1.991 Y0.347
G1 X2.137 Y0.365
G1 X2.101 Y0.347
M5
G0 X1.169 Y1.370 F2500
M3 S280
G1 F900
G1 X1.169 Y1.005
G1 X1.114 Y1.023
G1 X1.151 Y1.169
G1 X1.132 Y1.187
G1 X1.132 Y1.315
G1 X1.169 Y1.370
G1 X1.169 Y1.005
M5
G0 X1.078 Y1.443 F2500
M3 S280
G1 F900
G1 X1.114 Y1.352
G1 X1.132 Y1.206
G1 X1.078 Y1.206
G1 X1.078 Y1.315
G1 X1.059 Y1.333
G1 X1.078 Y1.443
G1 X1.114 Y1.352
M5
G0 X1.443 Y1.991 F2500
M3 S280
G1 F900
G1 X1.607 Y1.954
G1 X1.644 Y1.918
G1 X1.644 Y-0.402
G1 X1.607 Y-0.694
G1 X1.425 Y-0.676
G1 X1.443 Y1.991
G1 X1.607 Y1.954
M5
G0 X1.680 Y1.936 F2500
M3 S280
G1 F900
G1 X1.772 Y1.918
G1 X1.754 Y-0.694
G1 X1.662 Y-0.676
G1 X1.680 Y1.936
G1 X1.772 Y1.918
M5
G0 X1.827 Y1.918 F2500
M3 S280
G1 F900
G1 X2.338 Y1.790
G1 X2.904 Y1.607
G1 X2.904 Y0.840
G1 X2.849 Y1.059
G1 X2.740 Y1.297
G1 X2.557 Y1.534
G1 X2.356 Y1.699
G1 X2.228 Y1.607
G1 X2.119 Y1.498
G1 X1.991 Y1.315
G1 X1.881 Y1.059
G1 X1.863 Y0.895
G1 X1.827 Y0.785
G1 X1.827 Y1.918
G1 X2.338 Y1.790
M5
G0 X1.443 Y2.174 F2500
M3 S280
G1 F900
G1 X1.699 Y2.137
G1 X2.265 Y2.009
G1 X3.105 Y1.754
G1 X3.270 Y1.680
G1 X3.306 Y1.644
G1 X3.288 Y1.534
G1 X2.429 Y1.808
G1 X1.845 Y1.954
G1 X1.461 Y2.028
G1 X1.425 Y2.064
G1 X1.443 Y2.174
G1 X1.699 Y2.137
M5
G0 X1.242 Y2.502 F2500
M3 S280
G1 F900
G1 X1.297 Y2.521
G1 X1.370 Y2.466
G1 X1.333 Y2.448
G1 X1.242 Y2.502
G1 X1.297 Y2.521
M5
G0 X2.119 Y4.530 F2500
M3 S280
G1 F900
G1 X2.064 Y4.457
G1 X2.082 Y4.402
G1 X2.046 Y4.329
G1 X1.991 Y4.311
G1 X2.046 Y4.274
G1 X1.954 Y4.037
G1 X1.918 Y3.854
G1 X1.881 Y3.799
G1 X1.845 Y3.781
G1 X1.772 Y3.781
G1 X1.735 Y3.818
G1 X1.827 Y4.000
G1 X1.881 Y4.292
G1 X2.009 Y4.530
G1 X2.064 Y4.512
G1 X2.119 Y4.530
G1 X2.064 Y4.457
M5
G0 X2.064 Y4.621 F2500
M3 S280
G1 F900
G1 X2.064 Y4.640
G1 X2.174 Y4.640
G1 X2.137 Y4.603
G1 X2.064 Y4.621
G1 X2.064 Y4.640
M5
G0 X2.082 Y4.676 F2500
M3 S280
G1 F900
G1 X2.101 Y4.713
G1 X2.210 Y4.713
G1 X2.174 Y4.676
G1 X2.082 Y4.676
G1 X2.101 Y4.713
M5
G0 X2.028 Y4.694 F2500
M3 S280
G1 F900
G1 X1.772 Y4.146
G1 X1.699 Y4.055
G1 X1.735 Y4.037
G1 X1.699 Y3.982
G1 X1.662 Y3.818
G1 X1.516 Y3.854
G1 X1.534 Y3.945
G1 X1.571 Y3.982
G1 X1.571 Y4.092
G1 X1.845 Y4.658
G1 X1.991 Y4.713
G1 X2.028 Y4.694
G1 X1.772 Y4.146
M5
G0 X1.881 Y4.859 F2500
M3 S280
G1 F900
G1 X1.900 Y4.804
G1 X1.845 Y4.767
G1 X1.827 Y4.694
G1 X1.589 Y4.329
G1 X1.607 Y4.311
G1 X1.553 Y4.256
G1 X1.553 Y4.201
G1 X1.498 Y4.183
G1 X1.534 Y4.165
G1 X1.498 Y4.110
G1 X1.480 Y4.037
G1 X1.406 Y3.927
G1 X1.388 Y3.964
G1 X1.352 Y3.891
G1 X1.370 Y3.854
G1 X1.315 Y3.781
G1 X1.242 Y3.781
G1 X1.206 Y3.799
G1 X1.187 Y3.836
G1 X1.242 Y3.909
G1 X1.315 Y4.073
G1 X1.406 Y4.146
G1 X1.388 Y4.201
G1 X1.498 Y4.366
G1 X1.699 Y4.786
G1 X1.790 Y4.914
G1 X1.881 Y4.859
G1 X1.900 Y4.804
M5
G0 X1.662 Y5.023 F2500
M3 S280
G1 F900
G1 X1.735 Y4.950
G1 X1.717 Y4.914
G1 X1.626 Y4.895
G1 X1.626 Y4.859
G1 X1.662 Y4.804
G1 X1.626 Y4.749
G1 X1.626 Y4.713
G1 X1.461 Y4.420
G1 X1.443 Y4.347
G1 X1.260 Y4.055
G1 X1.151 Y3.909
G1 X1.023 Y3.781
G1 X0.877 Y3.818
G1 X1.096 Y4.146
G1 X1.187 Y4.329
G1 X1.370 Y4.585
G1 X1.498 Y4.822
G1 X1.607 Y4.987
G1 X1.662 Y5.023
G1 X1.735 Y4.950
M5
G0 X1.589 Y5.096 F2500
M3 S280
G1 F900
G1 X1.626 Y5.060
G1 X1.516 Y4.895
G1 X1.425 Y4.713
G1 X1.169 Y4.347
G1 X1.096 Y4.201
G1 X0.858 Y3.854
G1 X0.785 Y3.781
G1 X0.658 Y3.799
G1 X0.676 Y3.872
G1 X0.822 Y4.055
G1 X0.913 Y4.219
G1 X1.388 Y4.804
G1 X1.516 Y4.987
G1 X1.534 Y5.060
G1 X1.589 Y5.096
G1 X1.626 Y5.060
M5
G0 X1.516 Y5.188 F2500
M3 S280
G1 F900
G1 X1.553 Y5.133
G1 X1.352 Y4.877
G1 X1.406 Y4.950
G1 X1.498 Y4.987
G1 X1.480 Y4.950
G1 X1.388 Y4.859
G1 X1.315 Y4.749
G1 X1.151 Y4.585
G1 X1.059 Y4.457
G1 X0.785 Y4.201
G1 X0.603 Y4.128
G1 X0.530 Y4.165
G1 X0.804 Y4.402
G1 X1.151 Y4.749
G1 X1.516 Y5.188
G1 X1.553 Y5.133
M5
G0 X1.516 Y5.242 F2500
M3 S280
G1 F900
G1 X1.553 Y5.279
G1 X1.735 Y5.078
G1 X1.936 Y4.932
G1 X2.046 Y4.877
G1 X2.174 Y4.840
G1 X2.375 Y4.822
G1 X2.283 Y4.786
G1 X2.009 Y4.840
G1 X1.808 Y4.950
G1 X1.680 Y5.060
G1 X1.516 Y5.242
G1 X1.553 Y5.279
M5
G0 X1.589 Y5.370 F2500
M3 S280
G1 F900
G1 X1.918 Y5.041
G1 X2.101 Y4.932
G1 X2.046 Y4.914
G1 X1.881 Y5.005
G1 X1.790 Y5.078
G1 X1.571 Y5.315
G1 X1.589 Y5.370
G1 X1.918 Y5.041
M5
G0 X2.393 Y5.078 F2500
M3 S280
G1 F900
G1 X2.557 Y5.261
G1 X2.813 Y5.462
G1 X3.215 Y5.662
G1 X3.635 Y5.772
G1 X3.818 Y5.790
G1 X4.201 Y5.772
G1 X4.457 Y5.699
G1 X4.676 Y5.589
G1 X4.822 Y5.480
G1 X5.151 Y5.114
G1 X5.443 Y4.676
G1 X5.571 Y4.548
G1 X5.735 Y4.420
G1 X5.681 Y4.402
G1 X5.535 Y4.475
G1 X5.425 Y4.585
G1 X5.315 Y4.621
G1 X5.169 Y4.749
G1 X4.968 Y4.987
G1 X4.713 Y5.242
G1 X4.548 Y5.352
G1 X4.384 Y5.425
G1 X4.366 Y5.480
G1 X4.329 Y5.443
G1 X4.219 Y5.480
G1 X4.183 Y5.516
G1 X4.092 Y5.535
G1 X3.671 Y5.553
G1 X3.653 Y5.516
G1 X3.598 Y5.498
G1 X3.416 Y5.480
G1 X3.215 Y5.407
G1 X3.160 Y5.425
G1 X3.379 Y5.535
G1 X3.397 Y5.516
G1 X3.471 Y5.571
G1 X3.507 Y5.571
G1 X3.178 Y5.462
G1 X2.667 Y5.206
G1 X2.703 Y5.188
G1 X2.667 Y5.151
G1 X2.484 Y5.060
G1 X2.393 Y5.078
G1 X2.557 Y5.261
M5
G0 X3.270 Y5.571 F2500
M3 S280
G1 F900
G1 X3.142 Y5.535
G1 X2.923 Y5.425
G1 X2.740 Y5.297
G1 X2.776 Y5.334
G1 X2.977 Y5.443
G1 X3.270 Y5.571
G1 X3.142 Y5.535
M5
G0 X3.690 Y6.083 F2500
M3 S280
G1 F900
G1 X3.635 Y6.046
G1 X3.544 Y6.046
G1 X3.288 Y5.918
G1 X3.562 Y6.046
G1 X3.617 Y6.028
G1 X3.270 Y5.845
G1 X3.014 Y5.681
G1 X2.302 Y5.078
G1 X2.228 Y5.096
G1 X2.192 Y5.188
G1 X2.228 Y5.151
G1 X2.302 Y5.133
G1 X2.302 Y5.169
G1 X2.265 Y5.188
G1 X2.247 Y5.224
G1 X2.283 Y5.261
G1 X2.375 Y5.279
G1 X2.411 Y5.315
G1 X2.375 Y5.297
G1 X2.320 Y5.315
G1 X2.393 Y5.407
G1 X2.429 Y5.425
G1 X2.429 Y5.388
G1 X2.429 Y5.425
G1 X2.502 Y5.498
G1 X2.667 Y5.571
G1 X2.594 Y5.571
G1 X2.813 Y5.754
G1 X3.050 Y5.900
G1 X3.397 Y6.064
G1 X3.507 Y6.101
G1 X3.690 Y6.083
G1 X3.635 Y6.046
M5
G0 X3.215 Y6.320 F2500
M3 S280
G1 F900
G1 X3.251 Y6.357
G1 X3.306 Y6.338
G1 X3.215 Y6.320
G1 X3.251 Y6.357
M5
G0 X3.434 Y6.557 F2500
M3 S280
G1 F900
G1 X3.270 Y6.484
G1 X3.233 Y6.448
G1 X3.160 Y6.448
G1 X3.379 Y6.612
G1 X3.434 Y6.557
G1 X3.270 Y6.484
M5
G0 X3.160 Y6.704 F2500
M3 S280
G1 F900
G1 X3.050 Y6.594
G1 X2.923 Y6.539
G1 X2.977 Y6.612
G1 X3.160 Y6.704
G1 X3.050 Y6.594
M5
G0 X2.886 Y6.503 F2500
M3 S280
G1 F900
G1 X2.904 Y6.466
G1 X2.667 Y6.229
G1 X2.649 Y6.265
G1 X2.886 Y6.503
G1 X2.904 Y6.466
M5
G0 X2.612 Y6.850 F2500
M3 S280
G1 F900
G1 X2.539 Y6.685
G1 X2.502 Y6.649
G1 X2.502 Y6.612
G1 X2.575 Y6.740
G1 X2.612 Y6.850
G1 X2.539 Y6.685
M5
G0 X3.069 Y7.124 F2500
M3 S280
G1 F900
G1 X3.050 Y7.087
G1 X2.813 Y6.868
G1 X2.722 Y6.704
G1 X2.630 Y6.612
G1 X2.612 Y6.649
G1 X2.795 Y6.959
G1 X2.831 Y6.996
G1 X2.941 Y7.032
G1 X3.069 Y7.124
G1 X3.050 Y7.087
M5
G0 X3.215 Y7.288 F2500
M3 S280
G1 F900
G1 X3.087 Y7.178
G1 X3.069 Y7.215
G1 X3.142 Y7.288
G1 X3.215 Y7.288
G1 X3.087 Y7.178
M5
G0 X3.379 Y6.886 F2500
M3 S280
G1 F900
G1 X3.197 Y6.813
G1 X3.069 Y6.722
G1 X3.050 Y6.758
G1 X3.215 Y6.905
G1 X3.270 Y6.923
G1 X3.379 Y6.886
G1 X3.197 Y6.813
M5
G0 X3.544 Y6.740 F2500
M3 S280
G1 F900
G1 X3.562 Y6.704
G1 X3.471 Y6.631
G1 X3.416 Y6.649
G1 X3.544 Y6.740
G1 X3.562 Y6.704
M5
G0 X3.653 Y6.722 F2500
M3 S280
G1 F900
G1 X3.580 Y6.649
G1 X3.507 Y6.649
G1 X3.544 Y6.685
G1 X3.653 Y6.722
G1 X3.580 Y6.649
M5
G0 X3.872 Y6.758 F2500
M3 S280
G1 F900
G1 X4.073 Y6.905
G1 X4.165 Y6.905
G1 X4.274 Y6.813
G1 X4.292 Y6.722
G1 X4.238 Y6.667
G1 X4.146 Y6.649
G1 X4.055 Y6.667
G1 X3.964 Y6.740
G1 X3.872 Y6.758
G1 X4.073 Y6.905
M5
G0 X4.000 Y6.868 F2500
M3 S280
G1 F900
G1 X3.964 Y6.831
G1 X3.945 Y6.850
G1 X3.763 Y6.740
G1 X3.708 Y6.758
G1 X3.745 Y6.795
G1 X3.799 Y6.813
G1 X3.763 Y6.831
G1 X3.891 Y6.868
G1 X3.836 Y6.868
G1 X3.818 Y6.850
G1 X3.763 Y6.868
G1 X3.854 Y6.923
G1 X3.982 Y6.905
G1 X4.000 Y6.868
G1 X3.964 Y6.831
M5
G0 X3.891 Y6.777 F2500
M3 S280
G1 F900
G1 X3.818 Y6.722
G1 X3.763 Y6.740
G1 X3.818 Y6.777
G1 X3.891 Y6.777
G1 X3.818 Y6.722
M5
G0 X3.945 Y6.667 F2500
M3 S280
G1 F900
G1 X3.891 Y6.612
G1 X3.671 Y6.484
G1 X3.525 Y6.430
G1 X3.471 Y6.448
G1 X3.361 Y6.411
G1 X3.178 Y6.320
G1 X3.050 Y6.229
G1 X2.904 Y6.192
G1 X3.087 Y6.338
G1 X3.653 Y6.631
G1 X3.818 Y6.685
G1 X3.945 Y6.667
G1 X3.891 Y6.612
M5
G0 X3.909 Y6.959 F2500
M3 S280
G1 F900
G1 X4.000 Y7.014
G1 X4.256 Y7.069
G1 X4.530 Y7.069
G1 X5.041 Y6.905
G1 X5.133 Y6.850
G1 X5.315 Y6.795
G1 X5.388 Y6.758
G1 X5.553 Y6.576
G1 X5.462 Y6.557
G1 X5.334 Y6.594
G1 X5.151 Y6.685
G1 X5.096 Y6.740
G1 X4.987 Y6.777
G1 X4.932 Y6.831
G1 X5.370 Y6.685
G1 X5.498 Y6.594
G1 X5.388 Y6.685
G1 X5.133 Y6.813
G1 X4.987 Y6.831
G1 X4.749 Y6.923
G1 X4.256 Y6.923
G1 X3.909 Y6.959
G1 X4.000 Y7.014
M5
G0 X4.238 Y7.124 F2500
M3 S280
G1 F900
G1 X4.292 Y7.160
G1 X4.493 Y7.197
G1 X4.640 Y7.252
G1 X4.694 Y7.252
G1 X4.877 Y7.160
G1 X5.023 Y6.996
G1 X4.950 Y6.978
G1 X4.877 Y6.996
G1 X4.621 Y7.105
G1 X4.566 Y7.105
G1 X4.548 Y7.142
G1 X4.329 Y7.105
G1 X4.238 Y7.124
G1 X4.292 Y7.160
M5
G0 X4.329 Y6.886 F2500
M3 S280
G1 F900
G1 X4.402 Y6.886
G1 X4.493 Y6.850
G1 X4.731 Y6.667
G1 X4.658 Y6.758
G1 X4.676 Y6.795
G1 X4.621 Y6.868
G1 X4.694 Y6.886
G1 X4.859 Y6.831
G1 X4.950 Y6.740
G1 X4.968 Y6.649
G1 X4.840 Y6.777
G1 X4.731 Y6.831
G1 X4.840 Y6.777
G1 X5.023 Y6.576
G1 X5.041 Y6.521
G1 X5.151 Y6.393
G1 X5.114 Y6.375
G1 X4.877 Y6.521
G1 X4.603 Y6.594
G1 X4.420 Y6.685
G1 X4.366 Y6.740
G1 X4.347 Y6.813
G1 X4.311 Y6.850
G1 X4.329 Y6.886
G1 X4.402 Y6.886
M5
G0 X4.493 Y6.557 F2500
M3 S280
G1 F900
G1 X4.420 Y6.503
G1 X4.238 Y6.448
G1 X3.982 Y6.430
G1 X3.891 Y6.448
G1 X3.927 Y6.466
G1 X3.763 Y6.411
G1 X3.653 Y6.430
G1 X3.690 Y6.466
G1 X3.891 Y6.557
G1 X4.165 Y6.612
G1 X4.311 Y6.667
G1 X4.384 Y6.667
G1 X4.439 Y6.631
G1 X4.493 Y6.557
G1 X4.420 Y6.503
M5
G0 X4.895 Y6.466 F2500
M3 S280
G1 F900
G1 X4.804 Y6.430
G1 X4.658 Y6.411
G1 X4.603 Y6.375
G1 X4.548 Y6.393
G1 X4.457 Y6.357
G1 X4.292 Y6.375
G1 X4.256 Y6.411
G1 X4.311 Y6.448
G1 X4.475 Y6.484
G1 X4.603 Y6.557
G1 X4.731 Y6.539
G1 X4.895 Y6.466
G1 X4.804 Y6.430
M5
G0 X5.023 Y6.631 F2500
M3 S280
G1 F900
G1 X5.078 Y6.576
G1 X5.078 Y6.503
G1 X5.005 Y6.594
G1 X5.023 Y6.631
G1 X5.078 Y6.576
M5
G0 X5.023 Y6.649 F2500
M3 S280
G1 F900
G1 X5.060 Y6.667
G1 X5.114 Y6.631
G1 X5.352 Y6.411
G1 X5.407 Y6.320
G1 X5.480 Y6.119
G1 X5.462 Y6.064
G1 X5.279 Y6.265
G1 X5.206 Y6.393
G1 X5.133 Y6.466
G1 X5.078 Y6.594
G1 X5.023 Y6.649
G1 X5.060 Y6.667
M5
G0 X4.950 Y6.740 F2500
M3 S280
G1 F900
G1 X5.005 Y6.758
G1 X5.297 Y6.576
G1 X5.425 Y6.539
G1 X5.516 Y6.484
G1 X5.809 Y6.210
G1 X5.845 Y6.156
G1 X5.809 Y6.101
G1 X5.735 Y6.119
G1 X5.589 Y6.283
G1 X5.626 Y6.156
G1 X5.516 Y6.247
G1 X5.206 Y6.576
G1 X5.078 Y6.667
G1 X5.023 Y6.667
G1 X4.950 Y6.740
G1 X5.005 Y6.758
M5
G0 X5.462 Y6.923 F2500
M3 S280
G1 F900
G1 X5.681 Y6.795
G1 X5.827 Y6.740
G1 X5.918 Y6.649
G1 X6.028 Y6.430
G1 X6.028 Y6.338
G1 X6.046 Y6.320
G1 X6.028 Y6.229
G1 X5.863 Y6.411
G1 X5.790 Y6.594
G1 X5.790 Y6.649
G1 X5.790 Y6.576
G1 X5.809 Y6.557
G1 X5.772 Y6.503
G1 X5.498 Y6.758
G1 X5.443 Y6.850
G1 X5.462 Y6.923
G1 X5.681 Y6.795
M5
G0 X5.717 Y6.996 F2500
M3 S280
G1 F900
G1 X5.827 Y6.978
G1 X6.028 Y6.868
G1 X6.156 Y6.685
G1 X5.936 Y6.704
G1 X5.809 Y6.758
G1 X5.754 Y6.813
G1 X5.699 Y6.941
G1 X5.717 Y6.996
G1 X5.827 Y6.978
M5
G0 X5.809 Y7.197 F2500
M3 S280
G1 F900
G1 X5.845 Y7.215
G1 X5.882 Y7.197
G1 X5.900 Y7.124
G1 X5.809 Y7.197
G1 X5.845 Y7.215
M5
G0 X5.991 Y7.452 F2500
M3 S280
G1 F900
G1 X6.028 Y7.489
G1 X6.119 Y7.489
G1 X6.247 Y7.416
G1 X6.411 Y7.197
G1 X6.174 Y7.233
G1 X6.064 Y7.343
G1 X5.991 Y7.452
G1 X6.028 Y7.489
M5
G0 X5.790 Y7.489 F2500
M3 S280
G1 F900
G1 X5.863 Y7.507
G1 X5.991 Y7.434
G1 X6.083 Y7.325
G1 X6.119 Y7.252
G1 X6.156 Y6.959
G1 X5.991 Y7.105
G1 X5.900 Y7.270
G1 X5.882 Y7.343
G1 X5.790 Y7.489
G1 X5.863 Y7.507
M5
G0 X6.156 Y7.233 F2500
M3 S280
G1 F900
G1 X6.338 Y7.160
G1 X6.521 Y7.160
G1 X6.594 Y7.124
G1 X6.704 Y7.014
G1 X6.758 Y6.905
G1 X6.704 Y6.886
G1 X6.557 Y6.959
G1 X6.411 Y7.087
G1 X6.338 Y7.124
G1 X6.685 Y6.685
G1 X6.740 Y6.393
G1 X6.722 Y6.320
G1 X6.557 Y6.503
G1 X6.393 Y6.740
G1 X6.357 Y6.886
G1 X6.302 Y6.996
G1 X6.265 Y6.978
G1 X6.174 Y7.087
G1 X6.137 Y7.178
G1 X6.156 Y7.233
G1 X6.338 Y7.160
M5
G0 X6.192 Y7.032 F2500
M3 S280
G1 F900
G1 X6.229 Y6.996
G1 X6.302 Y6.850
G1 X6.192 Y6.959
G1 X6.174 Y6.996
G1 X6.192 Y7.032
G1 X6.229 Y6.996
M5
G0 X6.539 Y6.777 F2500
M3 S280
G1 F900
G1 X6.594 Y6.667
G1 X6.612 Y6.576
G1 X6.612 Y6.685
G1 X6.539 Y6.777
G1 X6.594 Y6.667
M5
G0 X6.777 Y6.576 F2500
M3 S280
G1 F900
G1 X6.850 Y6.503
G1 X6.941 Y6.247
G1 X6.959 Y6.137
G1 X6.905 Y5.936
G1 X6.813 Y6.119
G1 X6.758 Y6.302
G1 X6.722 Y6.539
G1 X6.777 Y6.576
G1 X6.850 Y6.503
M5
G0 X6.813 Y6.557 F2500
M3 S280
G1 F900
G1 X6.905 Y6.576
G1 X6.978 Y6.539
G1 X7.087 Y6.430
G1 X7.215 Y6.229
G1 X7.215 Y6.137
G1 X7.233 Y6.119
G1 X7.215 Y6.046
G1 X7.124 Y6.174
G1 X6.959 Y6.338
G1 X6.905 Y6.448
G1 X6.813 Y6.557
G1 X6.905 Y6.576
M5
G0 X6.978 Y6.283 F2500
M3 S280
G1 F900
G1 X7.105 Y6.137
G1 X7.252 Y5.900
G1 X7.270 Y5.644
G1 X7.233 Y5.626
G1 X7.105 Y5.790
G1 X6.978 Y6.028
G1 X6.978 Y6.156
G1 X6.959 Y6.174
G1 X6.978 Y6.283
G1 X7.105 Y6.137
M5
G0 X6.466 Y6.101 F2500
M3 S280
G1 F900
G1 X6.685 Y5.900
G1 X6.831 Y5.717
G1 X6.905 Y5.571
G1 X6.959 Y5.407
G1 X6.941 Y5.334
G1 X6.831 Y5.443
G1 X6.594 Y5.754
G1 X6.448 Y6.064
G1 X6.466 Y6.101
G1 X6.685 Y5.900
M5
G0 X6.612 Y5.699 F2500
M3 S280
G1 F900
G1 X6.685 Y5.589
G1 X6.649 Y5.334
G1 X6.631 Y5.279
G1 X6.594 Y5.242
G1 X6.557 Y5.297
G1 X6.521 Y5.462
G1 X6.557 Y5.626
G1 X6.612 Y5.699
G1 X6.685 Y5.589
M5
G0 X6.704 Y5.553 F2500
M3 S280
G1 F900
G1 X6.740 Y5.516
G1 X6.722 Y5.206
G1 X6.758 Y5.133
G1 X6.758 Y5.060
G1 X6.722 Y4.895
G1 X6.685 Y4.822
G1 X6.649 Y4.859
G1 X6.612 Y4.987
G1 X6.612 Y5.242
G1 X6.667 Y5.407
G1 X6.667 Y5.498
G1 X6.704 Y5.553
G1 X6.740 Y5.516
M5
G0 X6.758 Y5.462 F2500
M3 S280
G1 F900
G1 X6.905 Y5.297
G1 X7.032 Y5.060
G1 X7.051 Y4.932
G1 X7.014 Y4.895
G1 X6.868 Y5.060
G1 X6.740 Y5.261
G1 X6.758 Y5.462
G1 X6.905 Y5.297
M5
G0 X6.795 Y5.096 F2500
M3 S280
G1 F900
G1 X6.905 Y4.987
G1 X6.959 Y4.859
G1 X6.959 Y4.621
G1 X6.941 Y4.512
G1 X6.905 Y4.475
G1 X6.831 Y4.566
G1 X6.758 Y4.749
G1 X6.758 Y4.968
G1 X6.795 Y5.096
G1 X6.905 Y4.987
M5
G0 X5.900 Y5.553 F2500
M3 S280
G1 F900
G1 X5.991 Y5.462
G1 X6.064 Y5.315
G1 X6.083 Y5.224
G1 X6.083 Y5.023
G1 X6.064 Y4.968
G1 X6.028 Y4.932
G1 X5.973 Y5.005
G1 X5.900 Y5.169
G1 X5.882 Y5.297
G1 X5.900 Y5.553
G1 X5.991 Y5.462
M5
G0 X5.900 Y5.790 F2500
M3 S280
G1 F900
G1 X6.064 Y5.644
G1 X6.119 Y5.516
G1 X6.156 Y5.334
G1 X6.101 Y5.334
G1 X6.009 Y5.480
G1 X5.900 Y5.589
G1 X5.863 Y5.754
G1 X5.900 Y5.790
G1 X6.064 Y5.644
M5
G0 X5.790 Y6.064 F2500
M3 S280
G1 F900
G1 X5.918 Y6.028
G1 X5.991 Y5.955
G1 X6.046 Y5.863
G1 X6.083 Y5.754
G1 X6.064 Y5.699
G1 X5.809 Y5.936
G1 X5.772 Y6.009
G1 X5.790 Y6.064
G1 X5.918 Y6.028
M5
G0 X5.699 Y6.137 F2500
M3 S280
G1 F900
G1 X5.772 Y6.046
G1 X5.809 Y5.882
G1 X5.863 Y5.772
G1 X5.845 Y5.334
G1 X5.809 Y5.370
G1 X5.754 Y5.553
G1 X5.735 Y5.662
G1 X5.735 Y5.900
G1 X5.717 Y6.009
G1 X5.681 Y6.083
G1 X5.699 Y6.137
G1 X5.772 Y6.046
M5
G0 X5.516 Y6.247 F2500
M3 S280
G1 F900
G1 X5.571 Y6.210
G1 X5.681 Y6.083
G1 X5.717 Y5.827
G1 X5.699 Y5.717
G1 X5.608 Y5.809
G1 X5.535 Y5.936
G1 X5.498 Y6.156
G1 X5.516 Y6.247
G1 X5.571 Y6.210
M5
G0 X6.101 Y6.393 F2500
M3 S280
G1 F900
G1 X6.229 Y6.229
G1 X6.320 Y6.009
G1 X6.320 Y5.845
G1 X6.283 Y5.809
G1 X6.156 Y5.991
G1 X6.101 Y6.119
G1 X6.064 Y6.357
G1 X6.101 Y6.393
G1 X6.229 Y6.229
M5
G0 X6.283 Y6.357 F2500
M3 S280
G1 F900
G1 X6.338 Y6.375
G1 X6.357 Y6.357
G1 X6.430 Y6.357
G1 X6.521 Y6.302
G1 X6.685 Y6.119
G1 X6.722 Y6.009
G1 X6.704 Y5.918
G1 X6.393 Y6.192
G1 X6.283 Y6.357
G1 X6.338 Y6.375
M5
G0 X6.210 Y6.375 F2500
M3 S280
G1 F900
G1 X6.247 Y6.375
G1 X6.338 Y6.265
G1 X6.338 Y6.210
G1 X6.375 Y6.156
G1 X6.375 Y6.101
G1 X6.466 Y5.991
G1 X6.539 Y5.790
G1 X6.539 Y5.644
G1 X6.521 Y5.571
G1 X6.484 Y5.516
G1 X6.411 Y5.608
G1 X6.375 Y5.699
G1 X6.338 Y5.882
G1 X6.338 Y6.028
G1 X6.210 Y6.283
G1 X6.210 Y6.375
G1 X6.247 Y6.375
M5
G0 X5.936 Y6.649 F2500
M3 S280
G1 F900
G1 X6.028 Y6.685
G1 X6.119 Y6.667
G1 X6.265 Y6.594
G1 X6.393 Y6.484
G1 X6.411 Y6.393
G1 X6.265 Y6.430
G1 X6.119 Y6.411
G1 X6.046 Y6.448
G1 X6.009 Y6.484
G1 X5.936 Y6.649
G1 X6.028 Y6.685
M5
G0 X6.594 Y6.886 F2500
M3 S280
G1 F900
G1 X6.649 Y6.886
G1 X6.886 Y6.777
G1 X7.014 Y6.649
G1 X6.996 Y6.557
G1 X6.722 Y6.667
G1 X6.612 Y6.777
G1 X6.576 Y6.850
G1 X6.594 Y6.886
G1 X6.649 Y6.886
M5
G0 X6.996 Y7.215 F2500
M3 S280
G1 F900
G1 X7.014 Y7.197
G1 X7.087 Y7.215
G1 X7.124 Y7.197
G1 X7.288 Y7.032
G1 X7.434 Y6.941
G1 X7.489 Y6.886
G1 X7.526 Y6.740
G1 X7.507 Y6.393
G1 X7.379 Y6.667
G1 X7.325 Y6.886
G1 X7.069 Y7.160
G1 X7.215 Y6.996
G1 X7.306 Y6.831
G1 X7.361 Y6.631
G1 X7.306 Y6.448
G1 X7.197 Y6.612
G1 X7.124 Y6.777
G1 X7.105 Y6.978
G1 X7.051 Y7.124
G1 X7.051 Y7.032
G1 X7.069 Y7.014
G1 X7.087 Y6.886
G1 X7.051 Y6.831
G1 X7.014 Y6.868
G1 X6.978 Y7.124
G1 X6.996 Y7.215
G1 X7.014 Y7.197
M5
G0 X7.398 Y7.288 F2500
M3 S280
G1 F900
G1 X7.452 Y7.288
G1 X7.526 Y7.252
G1 X7.763 Y6.959
G1 X7.763 Y6.850
G1 X7.580 Y6.941
G1 X7.489 Y7.032
G1 X7.398 Y7.178
G1 X7.379 Y7.233
G1 X7.398 Y7.288
G1 X7.452 Y7.288
M5
G0 X7.562 Y7.288 F2500
M3 S280
G1 F900
G1 X7.653 Y7.306
G1 X7.745 Y7.252
G1 X7.946 Y7.051
G1 X7.946 Y6.941
G1 X7.726 Y7.069
G1 X7.653 Y7.142
G1 X7.562 Y7.288
G1 X7.653 Y7.306
M5
G0 X7.781 Y6.941 F2500
M3 S280
G1 F900
G1 X7.818 Y6.959
G1 X7.909 Y6.905
G1 X8.092 Y6.722
G1 X8.165 Y6.594
G1 X8.201 Y6.484
G1 X8.201 Y6.357
G1 X8.074 Y6.484
G1 X7.836 Y6.831
G1 X7.781 Y6.941
G1 X7.818 Y6.959
M5
G0 X7.544 Y6.905 F2500
M3 S280
G1 F900
G1 X7.726 Y6.831
G1 X7.854 Y6.722
G1 X7.946 Y6.557
G1 X7.873 Y6.539
G1 X7.818 Y6.576
G1 X7.672 Y6.740
G1 X7.745 Y6.612
G1 X7.854 Y6.539
G1 X7.982 Y6.393
G1 X8.055 Y6.229
G1 X8.037 Y6.174
G1 X7.946 Y6.283
G1 X7.836 Y6.357
G1 X7.726 Y6.466
G1 X7.599 Y6.722
G1 X7.544 Y6.777
G1 X7.526 Y6.831
G1 X7.544 Y6.905
G1 X7.726 Y6.831
M5
G0 X7.580 Y6.649 F2500
M3 S280
G1 F900
G1 X7.708 Y6.430
G1 X7.708 Y6.229
G1 X7.690 Y6.137
G1 X7.617 Y6.083
G1 X7.617 Y6.119
G1 X7.544 Y6.283
G1 X7.544 Y6.484
G1 X7.580 Y6.649
G1 X7.708 Y6.430
M5
G0 X7.781 Y6.357 F2500
M3 S280
G1 F900
G1 X7.854 Y6.210
G1 X7.873 Y6.064
G1 X7.854 Y5.717
G1 X7.818 Y5.644
G1 X7.781 Y5.681
G1 X7.708 Y5.936
G1 X7.726 Y6.192
G1 X7.781 Y6.357
G1 X7.854 Y6.210
M5
G0 X7.836 Y6.338 F2500
M3 S280
G1 F900
G1 X8.019 Y6.156
G1 X8.128 Y5.955
G1 X8.165 Y5.827
G1 X8.147 Y5.662
G1 X8.092 Y5.735
G1 X8.019 Y5.918
G1 X7.909 Y6.046
G1 X7.854 Y6.247
G1 X7.818 Y6.302
G1 X7.836 Y6.338
G1 X8.019 Y6.156
M5
G0 X7.964 Y5.918 F2500
M3 S280
G1 F900
G1 X8.037 Y5.790
G1 X8.092 Y5.553
G1 X8.092 Y5.315
G1 X8.055 Y5.279
G1 X7.964 Y5.388
G1 X7.891 Y5.608
G1 X7.891 Y5.827
G1 X7.964 Y5.918
G1 X8.037 Y5.790
M5
G0 X7.288 Y7.580 F2500
M3 S280
G1 F900
G1 X7.398 Y7.562
G1 X7.580 Y7.471
G1 X7.672 Y7.398
G1 X7.690 Y7.306
G1 X7.398 Y7.343
G1 X7.361 Y7.379
G1 X7.361 Y7.452
G1 X7.398 Y7.434
G1 X7.343 Y7.452
G1 X7.270 Y7.526
G1 X7.288 Y7.580
G1 X7.398 Y7.562
M5
G0 X7.014 Y7.745 F2500
M3 S280
G1 F900
G1 X7.069 Y7.781
G1 X7.252 Y7.781
G1 X7.379 Y7.708
G1 X7.489 Y7.580
G1 X7.379 Y7.580
G1 X7.379 Y7.617
G1 X7.306 Y7.599
G1 X7.178 Y7.617
G1 X7.014 Y7.745
G1 X7.069 Y7.781
M5
G0 X6.959 Y7.599 F2500
M3 S280
G1 F900
G1 X7.087 Y7.489
G1 X7.361 Y7.197
G1 X7.434 Y7.087
G1 X7.416 Y7.014
G1 X7.270 Y7.105
G1 X7.142 Y7.215
G1 X7.032 Y7.270
G1 X6.978 Y7.325
G1 X6.941 Y7.416
G1 X6.959 Y7.599
G1 X7.087 Y7.489
M5
G0 X6.667 Y7.526 F2500
M3 S280
G1 F900
G1 X6.959 Y7.215
G1 X6.978 Y7.160
G1 X6.978 Y7.032
G1 X6.996 Y7.014
G1 X6.959 Y6.886
G1 X6.795 Y7.032
G1 X6.740 Y7.124
G1 X6.704 Y7.379
G1 X6.667 Y7.434
G1 X6.667 Y7.526
G1 X6.959 Y7.215
M5
G0 X6.740 Y7.854 F2500
M3 S280
G1 F900
G1 X6.941 Y7.800
G1 X7.069 Y7.672
G1 X7.178 Y7.599
G1 X7.288 Y7.471
G1 X7.325 Y7.398
G1 X7.325 Y7.306
G1 X7.160 Y7.434
G1 X6.868 Y7.726
G1 X6.758 Y7.781
G1 X6.722 Y7.818
G1 X6.740 Y7.854
G1 X6.941 Y7.800
M5
G0 X6.667 Y7.946 F2500
M3 S280
G1 F900
G1 X6.722 Y7.927
G1 X6.777 Y7.982
G1 X6.978 Y8.000
G1 X7.178 Y7.927
G1 X7.215 Y7.873
G1 X7.197 Y7.818
G1 X6.886 Y7.818
G1 X6.667 Y7.891
G1 X6.667 Y7.946
G1 X6.722 Y7.927
M5
G0 X6.594 Y7.818 F2500
M3 S280
G1 F900
G1 X6.685 Y7.818
G1 X6.923 Y7.617
G1 X6.941 Y7.526
G1 X6.905 Y7.379
G1 X6.905 Y7.416
G1 X6.868 Y7.398
G1 X6.831 Y7.434
G1 X6.813 Y7.507
G1 X6.740 Y7.580
G1 X6.831 Y7.471
G1 X6.795 Y7.452
G1 X6.631 Y7.617
G1 X6.557 Y7.745
G1 X6.557 Y7.781
G1 X6.594 Y7.818
G1 X6.685 Y7.818
M5
G0 X6.302 Y7.873 F2500
M3 S280
G1 F900
G1 X6.430 Y7.854
G1 X6.503 Y7.800
G1 X6.539 Y7.745
G1 X6.631 Y7.489
G1 X6.576 Y7.544
G1 X6.466 Y7.599
G1 X6.320 Y7.726
G1 X6.283 Y7.800
G1 X6.302 Y7.873
G1 X6.430 Y7.854
M5
G0 X6.338 Y8.147 F2500
M3 S280
G1 F900
G1 X6.430 Y8.220
G1 X6.557 Y8.238
G1 X6.722 Y8.183
G1 X6.905 Y8.092
G1 X6.868 Y8.055
G1 X6.758 Y8.092
G1 X6.831 Y8.037
G1 X6.758 Y8.037
G1 X6.722 Y8.019
G1 X6.704 Y7.982
G1 X6.576 Y7.982
G1 X6.357 Y8.110
G1 X6.338 Y8.147
G1 X6.430 Y8.220
M5
G0 X6.357 Y8.658 F2500
M3 S280
G1 F900
G1 X6.430 Y8.695
G1 X6.576 Y8.695
G1 X6.667 Y8.658
G1 X6.777 Y8.530
G1 X6.795 Y8.439
G1 X6.740 Y8.439
G1 X6.685 Y8.494
G1 X6.576 Y8.530
G1 X6.667 Y8.494
G1 X6.740 Y8.439
G1 X6.850 Y8.402
G1 X6.886 Y8.348
G1 X6.740 Y8.366
G1 X6.576 Y8.439
G1 X6.503 Y8.494
G1 X6.357 Y8.658
G1 X6.430 Y8.695
M5
G0 X6.448 Y8.731 F2500
M3 S280
G1 F900
G1 X6.539 Y8.822
G1 X6.704 Y8.877
G1 X7.051 Y8.877
G1 X7.178 Y8.841
G1 X7.197 Y8.768
G1 X7.032 Y8.713
G1 X6.503 Y8.695
G1 X6.448 Y8.731
G1 X6.539 Y8.822
M5
G0 X6.758 Y8.932 F2500
M3 S280
G1 F900
G1 X6.704 Y8.877
G1 X6.594 Y8.859
G1 X6.503 Y8.804
G1 X6.210 Y8.822
G1 X6.283 Y8.877
G1 X6.430 Y8.932
G1 X6.722 Y8.987
G1 X6.758 Y8.932
G1 X6.704 Y8.877
M5
G0 X6.722 Y8.640 F2500
M3 S280
G1 F900
G1 X6.905 Y8.658
G1 X6.978 Y8.622
G1 X7.142 Y8.457
G1 X7.233 Y8.293
G1 X7.288 Y8.238
G1 X7.270 Y8.165
G1 X6.978 Y8.348
G1 X6.722 Y8.640
G1 X6.905 Y8.658
M5
G0 X6.959 Y8.658 F2500
M3 S280
G1 F900
G1 X7.124 Y8.731
G1 X7.270 Y8.731
G1 X7.416 Y8.695
G1 X7.617 Y8.585
G1 X7.562 Y8.548
G1 X7.471 Y8.548
G1 X7.398 Y8.512
G1 X7.197 Y8.530
G1 X7.032 Y8.585
G1 X6.959 Y8.658
G1 X7.124 Y8.731
M5
G0 X7.197 Y8.494 F2500
M3 S280
G1 F900
G1 X7.325 Y8.475
G1 X7.452 Y8.366
G1 X7.507 Y8.274
G1 X7.580 Y8.055
G1 X7.288 Y8.274
G1 X7.215 Y8.421
G1 X7.178 Y8.457
G1 X7.197 Y8.494
G1 X7.325 Y8.475
M5
G0 X7.398 Y8.475 F2500
M3 S280
G1 F900
G1 X7.526 Y8.494
G1 X7.544 Y8.475
G1 X7.690 Y8.475
G1 X7.909 Y8.366
G1 X7.982 Y8.293
G1 X7.946 Y8.256
G1 X7.891 Y8.256
G1 X7.544 Y8.366
G1 X7.690 Y8.274
G1 X7.873 Y8.055
G1 X7.964 Y7.854
G1 X7.927 Y7.726
G1 X7.690 Y8.000
G1 X7.599 Y8.165
G1 X7.526 Y8.238
G1 X7.471 Y8.402
G1 X7.398 Y8.475
G1 X7.526 Y8.494
M5
G0 X7.708 Y8.256 F2500
M3 S280
G1 F900
G1 X7.781 Y8.274
G1 X7.891 Y8.238
G1 X8.055 Y8.147
G1 X8.165 Y8.037
G1 X8.128 Y8.019
G1 X8.074 Y8.055
G1 X8.000 Y8.055
G1 X8.000 Y8.092
G1 X7.946 Y8.074
G1 X7.873 Y8.110
G1 X7.708 Y8.256
G1 X7.781 Y8.274
M5
G0 X7.946 Y8.055 F2500
M3 S280
G1 F900
G1 X8.147 Y7.946
G1 X8.311 Y7.781
G1 X8.366 Y7.635
G1 X8.348 Y7.562
G1 X8.256 Y7.653
G1 X8.165 Y7.708
G1 X7.982 Y7.891
G1 X7.909 Y8.019
G1 X7.946 Y8.055
G1 X8.147 Y7.946
M5
G0 X8.804 Y8.987 F2500
M3 S280
G1 F900
G1 X9.462 Y8.311
G1 X9.827 Y7.982
G1 X10.375 Y7.544
G1 X10.412 Y7.489
G1 X10.247 Y7.306
G1 X9.918 Y6.831
G1 X9.535 Y6.101
G1 X9.334 Y5.626
G1 X9.096 Y4.932
G1 X8.987 Y4.512
G1 X8.987 Y4.439
G1 X8.950 Y4.347
G1 X8.950 Y4.292
G1 X8.950 Y4.347
G1 X8.987 Y4.439
G1 X8.987 Y4.512
G1 X9.115 Y4.987
G1 X9.243 Y5.370
G1 X9.462 Y5.918
G1 X9.699 Y6.411
G1 X9.937 Y6.831
G1 X10.119 Y7.105
G1 X10.375 Y7.416
G1 X10.430 Y7.507
G1 X9.553 Y8.238
G1 X9.279 Y8.494
G1 X8.804 Y8.987
G1 X9.462 Y8.311
M5
G0 X8.457 Y9.224 F2500
M3 S280
G1 F900
G1 X8.804 Y8.804
G1 X9.279 Y8.311
G1 X9.809 Y7.836
G1 X10.138 Y7.580
G1 X10.229 Y7.471
G1 X10.046 Y7.252
G1 X9.772 Y6.831
G1 X9.352 Y5.991
G1 X9.096 Y5.334
G1 X9.078 Y5.224
G1 X9.023 Y5.114
G1 X8.932 Y4.804
G1 X8.749 Y3.982
G1 X8.731 Y3.763
G1 X8.749 Y3.964
G1 X8.932 Y4.767
G1 X9.133 Y5.407
G1 X9.297 Y5.827
G1 X9.517 Y6.320
G1 X9.736 Y6.740
G1 X10.028 Y7.197
G1 X10.265 Y7.489
G1 X9.644 Y8.000
G1 X9.279 Y8.329
G1 X8.749 Y8.877
G1 X8.457 Y9.224
G1 X8.804 Y8.804
M5
G0 X7.672 Y10.558 F2500
M3 S280
G1 F900
G1 X7.452 Y10.941
G1 X7.343 Y10.960
G1 X7.032 Y10.886
G1 X6.503 Y10.813
G1 X6.247 Y10.795
G1 X5.388 Y10.795
G1 X6.302 Y10.795
G1 X6.813 Y10.850
G1 X7.233 Y10.923
G1 X7.343 Y10.960
G1 X7.416 Y10.960
G1 X7.507 Y10.850
G1 X7.672 Y10.558
G1 X7.452 Y10.941
M5
G0 X7.580 Y10.503 F2500
M3 S280
G1 F900
G1 X7.416 Y10.813
G1 X7.288 Y10.832
G1 X6.850 Y10.740
G1 X6.137 Y10.667
G1 X5.297 Y10.667
G1 X6.174 Y10.667
G1 X6.430 Y10.686
G1 X6.996 Y10.759
G1 X7.215 Y10.813
G1 X7.379 Y10.832
G1 X7.434 Y10.777
G1 X7.580 Y10.503
G1 X7.416 Y10.813
M5
G0 X6.594 Y9.425 F2500
M3 S280
G1 F900
G1 X6.448 Y9.352
G1 X6.357 Y9.352
G1 X6.192 Y9.297
G1 X6.192 Y9.261
G1 X6.137 Y9.206
G1 X5.863 Y9.096
G1 X5.809 Y9.115
G1 X5.845 Y9.169
G1 X5.754 Y9.133
G1 X5.882 Y9.297
G1 X6.083 Y9.407
G1 X6.302 Y9.462
G1 X6.539 Y9.462
G1 X6.594 Y9.425
G1 X6.448 Y9.352
M5
G0 X6.283 Y9.297 F2500
M3 S280
G1 F900
G1 X6.338 Y9.334
G1 X6.393 Y9.316
G1 X6.338 Y9.279
G1 X6.283 Y9.297
G1 X6.338 Y9.334
M5
G0 X6.156 Y9.279 F2500
M3 S280
G1 F900
G1 X6.101 Y9.279
G1 X6.083 Y9.261
G1 X5.955 Y9.243
G1 X5.863 Y9.206
G1 X6.156 Y9.279
G1 X6.101 Y9.279
M5
G0 X6.009 Y9.425 F2500
M3 S280
G1 F900
G1 X5.955 Y9.370
G1 X5.790 Y9.279
G1 X5.644 Y9.279
G1 X5.553 Y9.243
G1 X5.498 Y9.261
G1 X5.589 Y9.352
G1 X5.772 Y9.425
G1 X5.882 Y9.443
G1 X6.009 Y9.425
G1 X5.955 Y9.370
M5
G0 X5.790 Y9.243 F2500
M3 S280
G1 F900
G1 X5.790 Y9.206
G1 X5.662 Y9.078
G1 X5.553 Y9.005
G1 X5.425 Y8.950
G1 X5.242 Y8.969
G1 X5.297 Y9.060
G1 X5.480 Y9.224
G1 X5.571 Y9.261
G1 X5.790 Y9.243
G1 X5.790 Y9.206
M5
G0 X5.900 Y8.932 F2500
M3 S280
G1 F900
G1 X5.845 Y8.877
G1 X5.699 Y8.804
G1 X5.644 Y8.804
G1 X5.699 Y8.786
G1 X5.553 Y8.695
G1 X5.462 Y8.676
G1 X5.315 Y8.695
G1 X5.644 Y8.914
G1 X5.790 Y8.969
G1 X5.900 Y8.932
G1 X5.845 Y8.877
M5
G0 X6.028 Y8.987 F2500
M3 S280
G1 F900
G1 X6.046 Y9.023
G1 X6.375 Y9.005
G1 X6.174 Y8.969
G1 X6.028 Y8.987
G1 X6.046 Y9.023
M5
G0 X6.320 Y8.950 F2500
M3 S280
G1 F900
G1 X6.156 Y8.822
G1 X6.028 Y8.768
G1 X5.827 Y8.713
G1 X5.699 Y8.749
G1 X5.754 Y8.822
G1 X5.809 Y8.822
G1 X6.064 Y8.950
G1 X6.174 Y8.969
G1 X6.320 Y8.950
G1 X6.156 Y8.822
M5
G0 X6.009 Y8.713 F2500
M3 S280
G1 F900
G1 X6.046 Y8.749
G1 X6.174 Y8.804
G1 X6.357 Y8.804
G1 X6.448 Y8.768
G1 X6.430 Y8.713
G1 X6.338 Y8.676
G1 X6.174 Y8.695
G1 X6.210 Y8.695
G1 X6.338 Y8.622
G1 X6.466 Y8.494
G1 X6.430 Y8.457
G1 X6.338 Y8.457
G1 X6.046 Y8.585
G1 X6.009 Y8.640
G1 X6.046 Y8.676
G1 X6.009 Y8.713
G1 X6.046 Y8.749
M5
G0 X5.882 Y8.658 F2500
M3 S280
G1 F900
G1 X5.790 Y8.658
G1 X5.553 Y8.603
G1 X5.717 Y8.622
G1 X5.809 Y8.658
G1 X5.882 Y8.658
G1 X5.790 Y8.658
M5
G0 X5.662 Y8.494 F2500
M3 S280
G1 F900
G1 X5.681 Y8.421
G1 X5.498 Y8.329
G1 X5.516 Y8.274
G1 X5.407 Y8.183
G1 X5.224 Y8.128
G1 X4.968 Y8.147
G1 X5.370 Y8.475
G1 X5.516 Y8.530
G1 X5.662 Y8.494
G1 X5.681 Y8.421
M5
G0 X5.498 Y8.238 F2500
M3 S280
G1 F900
G1 X5.535 Y8.293
G1 X5.644 Y8.384
G1 X5.900 Y8.494
G1 X6.101 Y8.475
G1 X6.174 Y8.457
G1 X6.229 Y8.421
G1 X5.973 Y8.311
G1 X5.918 Y8.311
G1 X5.973 Y8.293
G1 X6.156 Y8.366
G1 X6.338 Y8.366
G1 X6.557 Y8.293
G1 X6.557 Y8.238
G1 X6.448 Y8.238
G1 X6.320 Y8.165
G1 X6.009 Y8.165
G1 X5.790 Y8.220
G1 X5.498 Y8.238
G1 X5.535 Y8.293
M5
G0 X5.462 Y8.183 F2500
M3 S280
G1 F900
G1 X5.516 Y8.220
G1 X5.772 Y8.201
G1 X5.809 Y8.183
G1 X5.936 Y8.037
G1 X5.900 Y8.000
G1 X5.809 Y8.000
G1 X5.553 Y8.092
G1 X5.498 Y8.128
G1 X5.462 Y8.183
G1 X5.516 Y8.220
M5
G0 X5.315 Y8.092 F2500
M3 S280
G1 F900
G1 X5.370 Y8.128
G1 X5.425 Y8.092
G1 X5.315 Y8.092
G1 X5.370 Y8.128
M5
G0 X5.279 Y8.055 F2500
M3 S280
G1 F900
G1 X5.242 Y8.019
G1 X5.114 Y7.964
G1 X4.713 Y7.927
G1 X4.713 Y7.982
G1 X4.950 Y8.074
G1 X5.224 Y8.092
G1 X5.279 Y8.055
G1 X5.242 Y8.019
M5
G0 X5.297 Y8.000 F2500
M3 S280
G1 F900
G1 X5.334 Y8.037
G1 X5.388 Y8.055
G1 X5.498 Y8.055
G1 X5.681 Y8.019
G1 X5.827 Y7.909
G1 X5.790 Y7.964
G1 X5.900 Y7.982
G1 X6.064 Y7.927
G1 X6.320 Y7.726
G1 X6.393 Y7.617
G1 X6.357 Y7.599
G1 X6.484 Y7.526
G1 X6.649 Y7.361
G1 X6.685 Y7.306
G1 X6.704 Y7.233
G1 X6.704 Y7.160
G1 X6.722 Y7.142
G1 X6.704 Y7.087
G1 X6.576 Y7.178
G1 X6.265 Y7.507
G1 X6.302 Y7.544
G1 X6.338 Y7.507
G1 X6.338 Y7.544
G1 X6.375 Y7.544
G1 X6.101 Y7.745
G1 X6.083 Y7.690
G1 X6.046 Y7.726
G1 X5.900 Y7.800
G1 X5.845 Y7.781
G1 X5.699 Y7.818
G1 X5.480 Y7.946
G1 X5.370 Y7.964
G1 X5.297 Y8.000
G1 X5.334 Y8.037
M5
G0 X5.206 Y7.745 F2500
M3 S280
G1 F900
G1 X5.297 Y7.763
G1 X5.462 Y7.745
G1 X5.553 Y7.690
G1 X5.662 Y7.526
G1 X5.388 Y7.562
G1 X5.242 Y7.635
G1 X5.188 Y7.690
G1 X5.206 Y7.745
G1 X5.297 Y7.763
M5
G0 X5.535 Y7.763 F2500
M3 S280
G1 F900
G1 X5.644 Y7.781
G1 X5.790 Y7.781
G1 X5.863 Y7.763
G1 X6.028 Y7.690
G1 X6.083 Y7.617
G1 X6.064 Y7.562
G1 X5.991 Y7.580
G1 X6.028 Y7.544
G1 X5.973 Y7.526
G1 X5.863 Y7.562
G1 X5.717 Y7.562
G1 X5.553 Y7.690
G1 X5.535 Y7.763
G1 X5.644 Y7.781
M5
G0 X5.425 Y7.489 F2500
M3 S280
G1 F900
G1 X5.589 Y7.507
G1 X5.681 Y7.471
G1 X5.863 Y7.306
G1 X5.845 Y7.215
G1 X5.809 Y7.252
G1 X5.754 Y7.270
G1 X5.827 Y7.215
G1 X5.790 Y7.197
G1 X5.754 Y7.233
G1 X5.535 Y7.325
G1 X5.498 Y7.416
G1 X5.443 Y7.452
G1 X5.425 Y7.489
G1 X5.589 Y7.507
M5
G0 X5.553 Y7.233 F2500
M3 S280
G1 F900
G1 X5.334 Y7.215
G1 X5.188 Y7.178
G1 X5.114 Y7.197
G1 X5.060 Y7.233
G1 X4.968 Y7.252
G1 X4.749 Y7.252
G1 X4.731 Y7.288
G1 X4.676 Y7.288
G1 X4.256 Y7.160
G1 X3.927 Y7.032
G1 X3.708 Y6.923
G1 X3.251 Y6.612
G1 X3.069 Y6.448
G1 X3.087 Y6.430
G1 X2.612 Y5.991
G1 X2.630 Y5.973
G1 X2.502 Y5.863
G1 X2.375 Y5.809
G1 X2.758 Y6.265
G1 X3.123 Y6.631
G1 X3.434 Y6.868
G1 X3.562 Y6.923
G1 X3.763 Y7.069
G1 X4.018 Y7.197
G1 X4.329 Y7.306
G1 X4.859 Y7.398
G1 X5.224 Y7.361
G1 X5.425 Y7.306
G1 X5.553 Y7.233
G1 X5.334 Y7.215
M5
G0 X4.804 Y7.215 F2500
M3 S280
G1 F900
G1 X4.932 Y7.233
G1 X5.060 Y7.197
G1 X5.242 Y7.032
G1 X5.352 Y6.959
G1 X5.443 Y6.831
G1 X5.334 Y6.850
G1 X5.370 Y6.868
G1 X5.206 Y6.941
G1 X5.114 Y6.959
G1 X5.114 Y6.996
G1 X5.005 Y7.051
G1 X4.914 Y7.142
G1 X4.804 Y7.215
G1 X4.932 Y7.233
M5
G0 X4.822 Y7.672 F2500
M3 S280
G1 F900
G1 X4.859 Y7.708
G1 X4.932 Y7.726
G1 X5.078 Y7.726
G1 X5.206 Y7.653
G1 X5.462 Y7.379
G1 X5.352 Y7.379
G1 X5.261 Y7.416
G1 X5.096 Y7.526
G1 X4.859 Y7.617
G1 X4.822 Y7.672
G1 X4.859 Y7.708
M5
G0 X5.005 Y7.781 F2500
M3 S280
G1 F900
G1 X5.096 Y7.891
G1 X5.261 Y7.946
G1 X5.425 Y7.927
G1 X5.571 Y7.854
G1 X5.626 Y7.800
G1 X5.571 Y7.781
G1 X5.553 Y7.800
G1 X5.279 Y7.763
G1 X5.005 Y7.781
G1 X5.096 Y7.891
M5
G0 X5.023 Y7.873 F2500
M3 S280
G1 F900
G1 X5.023 Y7.836
G1 X4.932 Y7.745
G1 X4.877 Y7.726
G1 X4.585 Y7.708
G1 X4.457 Y7.726
G1 X4.566 Y7.854
G1 X4.676 Y7.909
G1 X4.877 Y7.927
G1 X4.987 Y7.909
G1 X5.023 Y7.873
G1 X5.023 Y7.836
M5
G0 X4.457 Y7.745 F2500
M3 S280
G1 F900
G1 X4.439 Y7.708
G1 X4.292 Y7.580
G1 X4.092 Y7.507
G1 X3.927 Y7.416
G1 X4.055 Y7.379
G1 X4.110 Y7.343
G1 X4.037 Y7.306
G1 X3.909 Y7.288
G1 X3.726 Y7.197
G1 X3.379 Y7.087
G1 X3.489 Y7.233
G1 X3.617 Y7.306
G1 X3.854 Y7.398
G1 X3.964 Y7.580
G1 X4.146 Y7.745
G1 X4.256 Y7.781
G1 X4.420 Y7.781
G1 X4.457 Y7.745
G1 X4.439 Y7.708
M5
G0 X4.402 Y7.617 F2500
M3 S280
G1 F900
G1 X4.512 Y7.672
G1 X4.640 Y7.672
G1 X4.767 Y7.635
G1 X4.968 Y7.507
G1 X4.767 Y7.489
G1 X4.914 Y7.471
G1 X4.804 Y7.434
G1 X4.713 Y7.471
G1 X4.621 Y7.471
G1 X4.402 Y7.544
G1 X4.402 Y7.617
G1 X4.512 Y7.672
M5
G0 X4.384 Y7.434 F2500
M3 S280
G1 F900
G1 X4.384 Y7.379
G1 X4.292 Y7.398
G1 X4.384 Y7.434
G1 X4.384 Y7.379
M5
G0 X4.055 Y7.398 F2500
M3 S280
G1 F900
G1 X4.165 Y7.489
G1 X4.256 Y7.526
G1 X4.329 Y7.526
G1 X4.548 Y7.434
G1 X4.493 Y7.398
G1 X4.420 Y7.398
G1 X4.402 Y7.434
G1 X4.274 Y7.416
G1 X4.201 Y7.379
G1 X4.055 Y7.398
G1 X4.165 Y7.489
M5
G0 X3.726 Y7.142 F2500
M3 S280
G1 F900
G1 X3.671 Y7.087
G1 X3.507 Y6.996
G1 X3.288 Y6.923
G1 X3.215 Y6.941
G1 X3.671 Y7.160
G1 X3.726 Y7.142
G1 X3.671 Y7.087
M5
G0 X3.507 Y7.544 F2500
M3 S280
G1 F900
G1 X3.452 Y7.507
G1 X3.379 Y7.489
G1 X3.233 Y7.325
G1 X3.142 Y7.288
G1 X3.123 Y7.325
G1 X3.270 Y7.489
G1 X3.452 Y7.562
G1 X3.507 Y7.544
G1 X3.452 Y7.507
M5
G0 X4.274 Y8.055 F2500
M3 S280
G1 F900
G1 X4.110 Y7.818
G1 X4.073 Y7.726
G1 X4.018 Y7.672
G1 X3.945 Y7.653
G1 X3.927 Y7.617
G1 X3.872 Y7.617
G1 X3.872 Y7.562
G1 X3.799 Y7.416
G1 X3.598 Y7.325
G1 X3.452 Y7.233
G1 X3.324 Y7.051
G1 X3.215 Y6.978
G1 X2.849 Y6.594
G1 X2.612 Y6.302
G1 X2.594 Y6.247
G1 X2.356 Y5.918
G1 X2.228 Y5.681
G1 X2.046 Y5.443
G1 X2.064 Y5.407
G1 X2.028 Y5.352
G1 X1.991 Y5.334
G1 X1.973 Y5.443
G1 X2.119 Y5.735
G1 X2.484 Y6.320
G1 X2.795 Y6.740
G1 X3.233 Y7.215
G1 X3.251 Y7.215
G1 X3.617 Y7.599
G1 X3.799 Y7.690
G1 X4.128 Y8.037
G1 X4.219 Y8.092
G1 X4.274 Y8.055
G1 X4.110 Y7.818
M5
G0 X3.836 Y8.421 F2500
M3 S280
G1 F900
G1 X3.854 Y8.384
G1 X3.708 Y8.074
G1 X3.507 Y7.854
G1 X3.690 Y7.964
G1 X3.763 Y7.982
G1 X3.909 Y7.964
G1 X3.836 Y7.927
G1 X3.781 Y7.873
G1 X3.763 Y7.818
G1 X3.708 Y7.763
G1 X3.635 Y7.726
G1 X3.671 Y7.690
G1 X3.617 Y7.635
G1 X3.507 Y7.599
G1 X3.434 Y7.599
G1 X3.379 Y7.562
G1 X3.288 Y7.580
G1 X3.361 Y7.800
G1 X3.452 Y7.946
G1 X3.471 Y7.854
G1 X3.489 Y8.019
G1 X3.525 Y8.092
G1 X3.836 Y8.421
G1 X3.854 Y8.384
M5
G0 X4.311 Y8.804 F2500
M3 S280
G1 F900
G1 X4.256 Y8.768
G1 X4.183 Y8.676
G1 X4.037 Y8.348
G1 X3.982 Y8.274
G1 X3.872 Y8.183
G1 X3.909 Y8.220
G1 X4.000 Y8.256
G1 X4.110 Y8.256
G1 X4.219 Y8.293
G1 X4.274 Y8.274
G1 X4.146 Y8.165
G1 X3.763 Y7.982
G1 X3.708 Y8.000
G1 X3.781 Y8.110
G1 X3.872 Y8.384
G1 X4.037 Y8.640
G1 X4.165 Y8.768
G1 X4.311 Y8.804
G1 X4.256 Y8.768
M5
G0 X4.694 Y9.005 F2500
M3 S280
G1 F900
G1 X4.530 Y8.786
G1 X4.512 Y8.731
G1 X4.457 Y8.676
G1 X4.420 Y8.731
G1 X4.366 Y8.640
G1 X4.183 Y8.439
G1 X4.238 Y8.494
G1 X4.311 Y8.530
G1 X4.366 Y8.530
G1 X4.384 Y8.512
G1 X4.493 Y8.530
G1 X4.366 Y8.530
G1 X4.347 Y8.567
G1 X4.493 Y8.695
G1 X4.621 Y8.713
G1 X4.877 Y8.713
G1 X4.932 Y8.640
G1 X4.713 Y8.530
G1 X4.493 Y8.475
G1 X4.493 Y8.439
G1 X4.457 Y8.402
G1 X4.274 Y8.311
G1 X4.146 Y8.274
G1 X4.055 Y8.293
G1 X4.128 Y8.512
G1 X4.219 Y8.676
G1 X4.420 Y8.804
G1 X4.548 Y8.950
G1 X4.694 Y9.005
G1 X4.530 Y8.786
M5
G0 X4.822 Y8.530 F2500
M3 S280
G1 F900
G1 X4.822 Y8.457
G1 X4.804 Y8.475
G1 X4.731 Y8.475
G1 X4.822 Y8.530
G1 X4.822 Y8.457
M5
G0 X4.840 Y8.402 F2500
M3 S280
G1 F900
G1 X4.767 Y8.348
G1 X4.731 Y8.402
G1 X4.840 Y8.402
G1 X4.767 Y8.348
M5
G0 X4.749 Y8.457 F2500
M3 S280
G1 F900
G1 X4.731 Y8.421
G1 X4.658 Y8.402
G1 X4.676 Y8.457
G1 X4.749 Y8.457
G1 X4.731 Y8.421
M5
G0 X5.023 Y8.567 F2500
M3 S280
G1 F900
G1 X4.950 Y8.494
G1 X4.895 Y8.512
G1 X4.840 Y8.494
G1 X4.859 Y8.548
G1 X4.932 Y8.585
G1 X5.023 Y8.567
G1 X4.950 Y8.494
M5
G0 X5.279 Y8.494 F2500
M3 S280
G1 F900
G1 X5.297 Y8.457
G1 X5.096 Y8.274
G1 X4.895 Y8.128
G1 X4.713 Y8.037
G1 X4.621 Y7.927
G1 X4.512 Y7.854
G1 X4.219 Y7.763
G1 X4.146 Y7.800
G1 X4.311 Y8.037
G1 X4.475 Y8.201
G1 X4.621 Y8.274
G1 X4.676 Y8.238
G1 X4.621 Y8.147
G1 X4.530 Y8.055
G1 X4.457 Y8.019
G1 X4.621 Y8.074
G1 X4.804 Y8.311
G1 X5.078 Y8.439
G1 X5.279 Y8.494
G1 X5.297 Y8.457
M5
G0 X5.315 Y8.548 F2500
M3 S280
G1 F900
G1 X5.352 Y8.603
G1 X5.425 Y8.603
G1 X5.315 Y8.548
G1 X5.352 Y8.603
M5
G0 X5.334 Y8.585 F2500
M3 S280
G1 F900
G1 X5.224 Y8.494
G1 X5.169 Y8.475
G1 X5.114 Y8.494
G1 X5.133 Y8.530
G1 X5.242 Y8.622
G1 X5.334 Y8.585
G1 X5.224 Y8.494
M5
G0 X5.370 Y8.548 F2500
M3 S280
G1 F900
G1 X5.443 Y8.603
G1 X5.644 Y8.695
G1 X5.900 Y8.695
G1 X5.973 Y8.640
G1 X5.955 Y8.585
G1 X5.790 Y8.530
G1 X5.589 Y8.548
G1 X5.443 Y8.530
G1 X5.370 Y8.548
G1 X5.443 Y8.603
M5
G0 X5.553 Y8.895 F2500
M3 S280
G1 F900
G1 X5.462 Y8.822
G1 X5.279 Y8.749
G1 X5.151 Y8.658
G1 X5.041 Y8.622
G1 X4.950 Y8.640
G1 X5.151 Y8.859
G1 X5.261 Y8.914
G1 X5.462 Y8.932
G1 X5.553 Y8.895
G1 X5.462 Y8.822
M5
G0 X5.151 Y9.261 F2500
M3 S280
G1 F900
G1 X5.041 Y9.096
G1 X4.877 Y8.932
G1 X4.694 Y8.841
G1 X4.676 Y8.914
G1 X4.749 Y9.023
G1 X5.078 Y9.261
G1 X5.151 Y9.261
G1 X5.041 Y9.096
M5
G0 X5.516 Y9.370 F2500
M3 S280
G1 F900
G1 X5.206 Y8.987
G1 X5.078 Y8.932
G1 X5.188 Y8.895
G1 X5.078 Y8.786
G1 X4.804 Y8.713
G1 X4.603 Y8.731
G1 X4.694 Y8.841
G1 X4.840 Y8.914
G1 X4.950 Y8.932
G1 X5.242 Y9.279
G1 X5.407 Y9.352
G1 X5.443 Y9.389
G1 X5.516 Y9.370
G1 X5.206 Y8.987
M5
G0 X5.261 Y9.791 F2500
M3 S280
G1 F900
G1 X5.206 Y9.736
G1 X4.950 Y9.571
G1 X4.439 Y9.151
G1 X4.018 Y8.731
G1 X3.489 Y8.110
G1 X3.343 Y7.982
G1 X3.251 Y7.873
G1 X3.069 Y7.580
G1 X2.941 Y7.325
G1 X2.923 Y7.233
G1 X2.977 Y7.306
G1 X3.087 Y7.544
G1 X3.215 Y7.763
G1 X3.397 Y7.891
G1 X3.324 Y7.763
G1 X3.251 Y7.526
G1 X3.142 Y7.398
G1 X3.123 Y7.434
G1 X3.105 Y7.343
G1 X3.050 Y7.233
G1 X2.923 Y7.069
G1 X2.831 Y6.996
G1 X2.795 Y7.069
G1 X2.795 Y7.142
G1 X2.813 Y7.178
G1 X2.758 Y6.978
G1 X2.521 Y6.521
G1 X2.411 Y6.357
G1 X2.228 Y5.973
G1 X2.046 Y5.681
G1 X2.028 Y5.754
G1 X2.101 Y5.936
G1 X2.393 Y6.503
G1 X2.484 Y6.758
G1 X2.667 Y7.124
G1 X2.776 Y7.270
G1 X2.868 Y7.452
G1 X2.904 Y7.580
G1 X3.123 Y8.019
G1 X3.233 Y8.201
G1 X3.434 Y8.475
G1 X3.799 Y8.877
G1 X4.274 Y9.279
G1 X4.530 Y9.462
G1 X4.749 Y9.590
G1 X5.133 Y9.772
G1 X5.261 Y9.791
G1 X5.206 Y9.736
M5
G0 X4.073 Y9.827 F2500
M3 S280
G1 F900
G1 X3.708 Y9.407
G1 X3.397 Y8.914
G1 X3.251 Y8.622
G1 X3.160 Y8.348
G1 X2.703 Y7.343
G1 X2.630 Y7.124
G1 X2.594 Y7.051
G1 X2.539 Y6.996
G1 X2.521 Y7.069
G1 X2.557 Y7.526
G1 X2.594 Y7.653
G1 X2.539 Y7.635
G1 X2.539 Y7.708
G1 X2.685 Y8.147
G1 X2.904 Y8.603
G1 X3.105 Y8.932
G1 X3.452 Y9.352
G1 X3.872 Y9.736
G1 X4.000 Y9.827
G1 X4.073 Y9.827
G1 X3.708 Y9.407
M5
G0 X1.735 Y9.845 F2500
M3 S280
G1 F900
G1 X2.028 Y9.498
G1 X2.247 Y9.096
G1 X2.356 Y8.804
G1 X2.429 Y8.512
G1 X2.521 Y7.982
G1 X2.521 Y7.361
G1 X2.466 Y6.831
G1 X2.411 Y6.631
G1 X2.155 Y6.137
G1 X2.137 Y6.229
G1 X2.174 Y6.338
G1 X2.228 Y7.270
G1 X2.210 Y8.110
G1 X2.174 Y8.494
G1 X2.064 Y9.042
G1 X1.936 Y9.407
G1 X1.772 Y9.736
G1 X1.717 Y9.809
G1 X1.735 Y9.845
G1 X2.028 Y9.498
M5
G0 X1.516 Y8.567 F2500
M3 S280
G1 F900
G1 X1.790 Y8.256
G1 X2.028 Y7.836
G1 X2.101 Y7.599
G1 X2.174 Y7.160
G1 X2.174 Y6.722
G1 X2.119 Y6.247
G1 X2.082 Y6.064
G1 X2.046 Y5.991
G1 X2.028 Y6.119
G1 X2.046 Y6.137
G1 X2.064 Y6.283
G1 X2.064 Y6.503
G1 X2.064 Y6.320
G1 X1.973 Y5.699
G1 X1.936 Y5.535
G1 X1.881 Y5.425
G1 X1.845 Y5.480
G1 X1.936 Y5.827
G1 X1.973 Y6.320
G1 X1.918 Y7.215
G1 X1.863 Y7.580
G1 X1.790 Y7.909
G1 X1.680 Y8.201
G1 X1.571 Y8.421
G1 X1.480 Y8.548
G1 X1.516 Y8.567
G1 X1.790 Y8.256
M5
G0 X0.950 Y7.982 F2500
M3 S280
G1 F900
G1 X1.242 Y7.800
G1 X1.534 Y7.526
G1 X1.699 Y7.306
G1 X1.827 Y7.032
G1 X1.881 Y6.850
G1 X1.918 Y6.631
G1 X1.936 Y6.229
G1 X1.918 Y5.845
G1 X1.845 Y5.571
G1 X1.790 Y5.498
G1 X1.735 Y5.553
G1 X1.754 Y6.283
G1 X1.735 Y6.484
G1 X1.626 Y6.941
G1 X1.425 Y7.398
G1 X1.206 Y7.708
G1 X0.913 Y7.964
G1 X0.950 Y7.982
G1 X1.242 Y7.800
M5
G0 X1.644 Y5.516 F2500
M3 S280
G1 F900
G1 X1.680 Y5.553
G1 X1.863 Y5.407
G1 X1.973 Y5.297
G1 X1.991 Y5.242
G1 X2.192 Y5.078
G1 X2.375 Y4.968
G1 X2.228 Y5.005
G1 X2.082 Y5.096
G1 X1.863 Y5.279
G1 X1.644 Y5.516
G1 X1.680 Y5.553
M5
G0 X1.607 Y5.480 F2500
M3 S280
G1 F900
G1 X2.064 Y5.060
G1 X2.210 Y4.968
G1 X2.320 Y4.932
G1 X2.247 Y4.914
G1 X2.192 Y4.932
G1 X1.973 Y5.060
G1 X1.589 Y5.425
G1 X1.607 Y5.480
G1 X2.064 Y5.060
M5
G0 X4.037 Y5.589 F2500
M3 S280
G1 F900
G1 X4.073 Y5.571
G1 X4.165 Y5.571
G1 X4.037 Y5.589
G1 X4.073 Y5.571
M5
G0 X4.201 Y5.553 F2500
M3 S280
G1 F900
G1 X4.329 Y5.535
G1 X4.493 Y5.480
G1 X4.585 Y5.425
G1 X4.676 Y5.407
G1 X4.895 Y5.242
G1 X4.767 Y5.370
G1 X4.475 Y5.535
G1 X4.329 Y5.589
G1 X4.402 Y5.571
G1 X4.457 Y5.535
G1 X4.366 Y5.516
G1 X4.274 Y5.553
G1 X4.201 Y5.553
G1 X4.329 Y5.535
M5
G0 X5.279 Y5.498 F2500
M3 S280
G1 F900
G1 X5.261 Y5.425
G1 X4.822 Y5.900
G1 X4.566 Y6.046
G1 X4.420 Y6.101
G1 X4.311 Y6.083
G1 X4.201 Y6.119
G1 X3.927 Y6.137
G1 X3.872 Y6.174
G1 X3.745 Y6.174
G1 X3.799 Y6.156
G1 X3.726 Y6.137
G1 X3.708 Y6.156
G1 X3.653 Y6.156
G1 X3.343 Y6.064
G1 X3.288 Y6.028
G1 X3.233 Y6.046
G1 X3.270 Y6.064
G1 X3.178 Y6.028
G1 X3.215 Y6.009
G1 X3.160 Y5.973
G1 X3.014 Y5.936
G1 X3.050 Y5.973
G1 X3.142 Y6.009
G1 X2.795 Y5.845
G1 X2.703 Y5.772
G1 X2.904 Y5.900
G1 X2.959 Y5.882
G1 X2.849 Y5.827
G1 X2.356 Y5.462
G1 X2.119 Y5.206
G1 X2.101 Y5.242
G1 X2.265 Y5.443
G1 X2.082 Y5.224
G1 X2.028 Y5.279
G1 X2.101 Y5.388
G1 X2.356 Y5.681
G1 X2.795 Y6.046
G1 X2.977 Y6.156
G1 X3.251 Y6.283
G1 X3.489 Y6.357
G1 X3.872 Y6.411
G1 X4.146 Y6.393
G1 X4.292 Y6.357
G1 X4.585 Y6.247
G1 X4.749 Y6.156
G1 X5.078 Y5.845
G1 X5.206 Y5.662
G1 X5.279 Y5.498
G1 X5.261 Y5.425
M5
G0 X5.936 Y8.128 F2500
M3 S280
G1 F900
G1 X6.009 Y8.165
G1 X6.137 Y8.165
G1 X6.338 Y8.110
G1 X6.503 Y8.000
G1 X6.667 Y7.836
G1 X6.539 Y7.836
G1 X6.557 Y7.854
G1 X6.503 Y7.891
G1 X6.466 Y7.873
G1 X6.338 Y7.927
G1 X6.101 Y7.982
G1 X6.009 Y8.037
G1 X5.936 Y8.128
G1 X6.009 Y8.165
M5
G0 X8.804 Y13.078 F2500
M3 S280
G1 F900
G1 X8.768 Y13.060
G1 X8.713 Y12.932
G1 X8.804 Y12.823
G1 X8.256 Y12.037
G1 X8.092 Y11.818
G1 X7.946 Y11.672
G1 X7.854 Y11.672
G1 X7.781 Y11.708
G1 X7.726 Y11.690
G1 X7.690 Y11.581
G1 X7.745 Y11.526
G1 X8.074 Y11.307
G1 X8.402 Y11.033
G1 X8.841 Y10.704
G1 X9.188 Y11.087
G1 X9.188 Y11.124
G1 X9.096 Y11.215
G1 X9.060 Y11.215
G1 X8.950 Y11.124
G1 X8.822 Y11.069
G1 X8.713 Y11.087
G1 X8.548 Y11.179
G1 X8.402 Y11.325
G1 X8.384 Y11.361
G1 X8.384 Y11.453
G1 X8.567 Y11.708
G1 X8.731 Y11.891
G1 X8.859 Y11.800
G1 X8.987 Y11.654
G1 X8.987 Y11.581
G1 X8.950 Y11.526
G1 X8.950 Y11.489
G1 X9.023 Y11.434
G1 X9.115 Y11.453
G1 X9.224 Y11.635
G1 X9.370 Y11.818
G1 X9.407 Y11.928
G1 X9.352 Y11.982
G1 X9.297 Y12.001
G1 X9.188 Y11.909
G1 X9.133 Y11.909
G1 X9.023 Y11.946
G1 X8.877 Y12.074
G1 X8.877 Y12.110
G1 X9.133 Y12.476
G1 X9.206 Y12.530
G1 X9.352 Y12.439
G1 X9.462 Y12.329
G1 X9.498 Y12.256
G1 X9.498 Y12.129
G1 X9.443 Y11.964
G1 X9.480 Y11.928
G1 X9.535 Y11.909
G1 X9.626 Y11.928
G1 X9.809 Y12.220
G1 X9.845 Y12.311
G1 X9.681 Y12.457
G1 X9.553 Y12.530
G1 X9.096 Y12.896
G1 X8.804 Y13.078
G1 X8.768 Y13.060
M5
G0 X6.868 Y13.846 F2500
M3 S280
G1 F900
G1 X6.667 Y13.736
G1 X6.557 Y13.645
G1 X6.393 Y13.425
G1 X6.302 Y13.225
G1 X6.265 Y13.078
G1 X6.247 Y12.914
G1 X6.265 Y12.713
G1 X6.302 Y12.585
G1 X6.448 Y12.348
G1 X6.576 Y12.202
G1 X6.740 Y12.074
G1 X7.069 Y11.909
G1 X7.361 Y11.818
G1 X7.507 Y11.800
G1 X7.544 Y11.818
G1 X7.599 Y11.982
G1 X7.781 Y12.311
G1 X7.854 Y12.384
G1 X7.982 Y12.366
G1 X8.037 Y12.421
G1 X8.055 Y12.494
G1 X8.019 Y12.530
G1 X7.909 Y12.567
G1 X7.580 Y12.768
G1 X7.288 Y12.914
G1 X7.252 Y12.859
G1 X7.233 Y12.750
G1 X7.361 Y12.640
G1 X7.379 Y12.567
G1 X7.215 Y12.238
G1 X7.124 Y12.147
G1 X7.051 Y12.147
G1 X6.886 Y12.238
G1 X6.813 Y12.311
G1 X6.722 Y12.476
G1 X6.685 Y12.603
G1 X6.685 Y12.786
G1 X6.740 Y13.024
G1 X6.831 Y13.206
G1 X6.959 Y13.389
G1 X7.160 Y13.572
G1 X7.325 Y13.645
G1 X7.544 Y13.645
G1 X7.617 Y13.626
G1 X7.745 Y13.553
G1 X7.854 Y13.444
G1 X7.927 Y13.298
G1 X7.946 Y13.206
G1 X7.946 Y12.951
G1 X8.000 Y12.932
G1 X8.092 Y12.932
G1 X8.128 Y12.969
G1 X8.274 Y13.352
G1 X8.256 Y13.425
G1 X8.165 Y13.480
G1 X7.982 Y13.645
G1 X7.672 Y13.827
G1 X7.361 Y13.919
G1 X7.124 Y13.919
G1 X6.868 Y13.846
G1 X6.667 Y13.736
M5
G0 X5.114 Y14.887 F2500
M3 S280
G1 F900
G1 X5.078 Y14.795
G1 X5.188 Y14.704
G1 X5.206 Y14.631
G1 X4.877 Y13.772
G1 X4.713 Y13.389
G1 X4.676 Y13.352
G1 X4.621 Y13.334
G1 X4.439 Y13.352
G1 X4.420 Y13.316
G1 X4.439 Y13.188
G1 X4.950 Y13.005
G1 X5.754 Y12.658
G1 X5.827 Y12.677
G1 X6.046 Y13.115
G1 X5.955 Y13.188
G1 X5.918 Y13.188
G1 X5.735 Y13.024
G1 X5.681 Y13.005
G1 X5.462 Y13.005
G1 X5.352 Y13.042
G1 X5.261 Y13.097
G1 X5.188 Y13.170
G1 X5.169 Y13.206
G1 X5.169 Y13.279
G1 X5.315 Y13.663
G1 X5.388 Y13.754
G1 X5.626 Y13.645
G1 X5.699 Y13.553
G1 X5.681 Y13.425
G1 X5.790 Y13.352
G1 X5.845 Y13.371
G1 X6.028 Y13.900
G1 X6.009 Y13.973
G1 X5.973 Y13.992
G1 X5.900 Y13.992
G1 X5.845 Y13.919
G1 X5.772 Y13.882
G1 X5.681 Y13.882
G1 X5.480 Y13.973
G1 X5.462 Y14.046
G1 X5.608 Y14.448
G1 X5.681 Y14.503
G1 X5.809 Y14.467
G1 X5.955 Y14.394
G1 X6.064 Y14.266
G1 X6.101 Y13.992
G1 X6.210 Y13.992
G1 X6.247 Y14.028
G1 X6.338 Y14.320
G1 X6.357 Y14.448
G1 X6.283 Y14.503
G1 X5.462 Y14.795
G1 X5.279 Y14.887
G1 X5.188 Y14.905
G1 X5.114 Y14.887
G1 X5.078 Y14.795
M5
G0 X3.434 Y15.416 F2500
M3 S280
G1 F900
G1 X3.397 Y15.325
G1 X3.397 Y15.252
G1 X3.507 Y15.197
G1 X3.525 Y15.106
G1 X3.471 Y14.887
G1 X3.434 Y14.814
G1 X3.306 Y14.247
G1 X3.178 Y13.846
G1 X3.105 Y13.772
G1 X3.014 Y13.754
G1 X2.923 Y13.772
G1 X2.904 Y13.626
G1 X2.941 Y13.590
G1 X3.160 Y13.553
G1 X3.580 Y13.444
G1 X4.238 Y13.243
G1 X4.311 Y13.261
G1 X4.384 Y13.425
G1 X4.475 Y13.772
G1 X4.439 Y13.791
G1 X4.347 Y13.791
G1 X4.183 Y13.608
G1 X4.037 Y13.553
G1 X3.854 Y13.553
G1 X3.726 Y13.590
G1 X3.635 Y13.663
G1 X3.635 Y13.791
G1 X3.708 Y13.992
G1 X3.836 Y14.558
G1 X3.964 Y15.015
G1 X4.055 Y15.088
G1 X4.183 Y15.088
G1 X4.201 Y15.124
G1 X4.201 Y15.234
G1 X4.165 Y15.252
G1 X4.092 Y15.252
G1 X4.018 Y15.289
G1 X3.945 Y15.289
G1 X3.507 Y15.416
G1 X3.434 Y15.416
G1 X3.397 Y15.325
M5
G0 X1.680 Y15.709 F2500
M3 S280
G1 F900
G1 X1.662 Y15.672
G1 X1.662 Y15.563
G1 X1.735 Y15.544
G1 X1.808 Y15.471
G1 X1.808 Y15.343
G1 X1.790 Y15.325
G1 X1.790 Y15.179
G1 X1.717 Y14.832
G1 X1.644 Y14.247
G1 X1.607 Y14.101
G1 X1.571 Y14.046
G1 X1.498 Y14.010
G1 X1.388 Y14.010
G1 X1.370 Y13.864
G1 X1.406 Y13.846
G1 X1.516 Y13.846
G1 X2.082 Y13.754
G1 X2.192 Y13.718
G1 X2.649 Y13.645
G1 X2.776 Y13.663
G1 X2.849 Y13.864
G1 X2.868 Y13.992
G1 X2.923 Y14.120
G1 X2.904 Y14.174
G1 X2.868 Y14.193
G1 X2.795 Y14.193
G1 X2.594 Y13.973
G1 X2.466 Y13.919
G1 X2.283 Y13.919
G1 X2.137 Y13.955
G1 X2.064 Y14.028
G1 X2.064 Y14.138
G1 X2.192 Y14.832
G1 X2.247 Y15.307
G1 X2.265 Y15.362
G1 X2.338 Y15.435
G1 X2.429 Y15.435
G1 X2.466 Y15.453
G1 X2.484 Y15.508
G1 X2.466 Y15.599
G1 X2.064 Y15.654
G1 X1.735 Y15.727
G1 X1.680 Y15.709
G1 X1.662 Y15.672
M5
G0 X0.201 Y15.636 F2500
M3 S280
G1 F900
G1 X0.347 Y15.636
G1 X0.493 Y15.581
G1 X0.621 Y15.453
G1 X0.694 Y15.307
G1 X0.749 Y15.088
G1 X0.767 Y14.777
G1 X0.731 Y14.485
G1 X0.676 Y14.302
G1 X0.639 Y14.229
G1 X0.530 Y14.120
G1 X0.347 Y14.046
G1 X0.164 Y14.065
G1 X0.091 Y14.101
G1 X-0.055 Y14.247
G1 X-0.146 Y14.412
G1 X-0.201 Y14.649
G1 X-0.201 Y15.069
G1 X-0.146 Y15.307
G1 X-0.091 Y15.416
G1 X0.018 Y15.544
G1 X0.201 Y15.636
G1 X0.347 Y15.636
M5
G0 X0.073 Y15.818 F2500
M3 S280
G1 F900
G1 X-0.146 Y15.745
G1 X-0.311 Y15.654
G1 X-0.493 Y15.471
G1 X-0.621 Y15.252
G1 X-0.694 Y14.978
G1 X-0.694 Y14.704
G1 X-0.658 Y14.521
G1 X-0.603 Y14.357
G1 X-0.530 Y14.211
G1 X-0.365 Y14.046
G1 X-0.256 Y13.973
G1 X-0.091 Y13.900
G1 X0.128 Y13.846
G1 X0.475 Y13.846
G1 X0.676 Y13.900
G1 X0.913 Y14.028
G1 X1.059 Y14.174
G1 X1.187 Y14.394
G1 X1.260 Y14.668
G1 X1.260 Y14.942
G1 X1.206 Y15.215
G1 X1.078 Y15.471
G1 X1.005 Y15.563
G1 X0.877 Y15.672
G1 X0.694 Y15.763
G1 X0.511 Y15.818
G1 X0.329 Y15.837
G1 X0.073 Y15.818
G1 X-0.146 Y15.745
M5
G0 X-1.151 Y15.709 F2500
M3 S280
G1 F900
G1 X-1.388 Y15.745
G1 X-1.754 Y15.745
G1 X-1.936 Y15.709
G1 X-2.101 Y15.654
G1 X-2.356 Y15.508
G1 X-2.594 Y15.252
G1 X-2.649 Y15.142
G1 X-2.722 Y14.887
G1 X-2.722 Y14.576
G1 X-2.667 Y14.339
G1 X-2.557 Y14.138
G1 X-2.429 Y13.992
G1 X-2.283 Y13.882
G1 X-2.174 Y13.827
G1 X-1.936 Y13.754
G1 X-1.680 Y13.736
G1 X-1.352 Y13.791
G1 X-1.078 Y13.882
G1 X-0.968 Y13.955
G1 X-0.932 Y14.120
G1 X-0.913 Y14.485
G1 X-1.059 Y14.467
G1 X-1.114 Y14.302
G1 X-1.206 Y14.156
G1 X-1.388 Y14.010
G1 X-1.498 Y13.973
G1 X-1.735 Y13.973
G1 X-1.918 Y14.065
G1 X-2.082 Y14.229
G1 X-2.174 Y14.412
G1 X-2.228 Y14.631
G1 X-2.247 Y14.923
G1 X-2.174 Y15.215
G1 X-2.101 Y15.343
G1 X-2.009 Y15.435
G1 X-1.918 Y15.489
G1 X-1.680 Y15.544
G1 X-1.516 Y15.508
G1 X-1.388 Y15.435
G1 X-1.279 Y15.325
G1 X-1.206 Y15.179
G1 X-1.169 Y15.142
G1 X-1.023 Y15.179
G1 X-1.151 Y15.709
G1 X-1.388 Y15.745
M5
G0 X-3.964 Y15.343 F2500
M3 S280
G1 F900
G1 X-4.055 Y15.343
G1 X-4.128 Y15.307
G1 X-4.201 Y15.234
G1 X-5.151 Y14.923
G1 X-5.352 Y14.868
G1 X-5.498 Y14.887
G1 X-5.535 Y14.850
G1 X-5.480 Y14.594
G1 X-5.370 Y14.302
G1 X-5.279 Y14.302
G1 X-5.242 Y14.320
G1 X-5.242 Y14.521
G1 X-5.224 Y14.594
G1 X-5.114 Y14.722
G1 X-4.932 Y14.795
G1 X-4.877 Y14.741
G1 X-4.658 Y14.046
G1 X-4.640 Y13.919
G1 X-4.530 Y13.608
G1 X-4.512 Y13.480
G1 X-4.493 Y13.462
G1 X-4.512 Y13.389
G1 X-4.658 Y13.261
G1 X-4.640 Y13.133
G1 X-4.530 Y13.133
G1 X-3.745 Y13.407
G1 X-3.763 Y13.517
G1 X-3.818 Y13.553
G1 X-3.945 Y13.535
G1 X-3.982 Y13.553
G1 X-4.037 Y13.608
G1 X-4.073 Y13.681
G1 X-4.457 Y14.868
G1 X-4.439 Y14.960
G1 X-4.329 Y14.996
G1 X-4.146 Y14.996
G1 X-4.000 Y14.868
G1 X-3.945 Y14.777
G1 X-3.891 Y14.741
G1 X-3.818 Y14.777
G1 X-3.799 Y14.887
G1 X-3.909 Y15.234
G1 X-3.964 Y15.343
G1 X-4.055 Y15.343
M5
G0 X-5.809 Y14.649 F2500
M3 S280
G1 F900
G1 X-5.882 Y14.649
G1 X-6.393 Y14.412
G1 X-6.430 Y14.284
G1 X-6.411 Y14.247
G1 X-6.210 Y14.266
G1 X-6.101 Y14.174
G1 X-5.772 Y13.498
G1 X-5.772 Y13.407
G1 X-6.411 Y13.718
G1 X-7.124 Y14.028
G1 X-7.178 Y14.028
G1 X-7.580 Y13.827
G1 X-7.617 Y13.791
G1 X-7.599 Y13.699
G1 X-7.507 Y13.681
G1 X-7.489 Y13.699
G1 X-7.434 Y13.699
G1 X-7.379 Y13.681
G1 X-7.288 Y13.590
G1 X-6.959 Y12.914
G1 X-6.795 Y12.494
G1 X-6.795 Y12.348
G1 X-6.886 Y12.238
G1 X-6.886 Y12.165
G1 X-6.868 Y12.129
G1 X-6.777 Y12.110
G1 X-6.283 Y12.366
G1 X-6.229 Y12.421
G1 X-6.265 Y12.530
G1 X-6.357 Y12.512
G1 X-6.448 Y12.530
G1 X-6.576 Y12.658
G1 X-6.722 Y12.914
G1 X-6.978 Y13.444
G1 X-6.923 Y13.462
G1 X-6.795 Y13.389
G1 X-6.338 Y13.206
G1 X-6.028 Y13.042
G1 X-5.662 Y12.896
G1 X-5.443 Y12.768
G1 X-5.388 Y12.768
G1 X-5.261 Y12.841
G1 X-5.261 Y12.914
G1 X-5.407 Y13.261
G1 X-5.535 Y13.498
G1 X-5.608 Y13.699
G1 X-5.717 Y13.900
G1 X-5.754 Y14.046
G1 X-5.882 Y14.339
G1 X-5.882 Y14.394
G1 X-5.790 Y14.521
G1 X-5.809 Y14.649
G1 X-5.882 Y14.649
M5
G0 X-8.055 Y13.517 F2500
M3 S280
G1 F900
G1 X-8.110 Y13.517
G1 X-8.183 Y13.480
G1 X-9.151 Y12.823
G1 X-9.169 Y12.768
G1 X-9.133 Y12.713
G1 X-9.042 Y12.695
G1 X-9.023 Y12.713
G1 X-8.950 Y12.713
G1 X-8.914 Y12.695
G1 X-8.804 Y12.549
G1 X-8.622 Y12.220
G1 X-8.421 Y11.946
G1 X-8.201 Y11.581
G1 X-8.183 Y11.526
G1 X-8.183 Y11.416
G1 X-8.256 Y11.325
G1 X-8.256 Y11.270
G1 X-8.238 Y11.234
G1 X-8.165 Y11.215
G1 X-7.653 Y11.562
G1 X-7.452 Y11.672
G1 X-7.014 Y11.964
G1 X-7.032 Y12.147
G1 X-7.124 Y12.421
G1 X-7.160 Y12.476
G1 X-7.270 Y12.439
G1 X-7.288 Y12.183
G1 X-7.325 Y12.074
G1 X-7.489 Y11.891
G1 X-7.690 Y11.782
G1 X-7.745 Y11.782
G1 X-7.836 Y11.873
G1 X-8.092 Y12.293
G1 X-8.037 Y12.348
G1 X-7.854 Y12.457
G1 X-7.763 Y12.439
G1 X-7.617 Y12.329
G1 X-7.526 Y12.403
G1 X-7.526 Y12.439
G1 X-7.617 Y12.622
G1 X-7.800 Y12.896
G1 X-7.854 Y12.951
G1 X-7.891 Y12.951
G1 X-7.964 Y12.896
G1 X-7.946 Y12.731
G1 X-7.982 Y12.658
G1 X-8.128 Y12.549
G1 X-8.220 Y12.512
G1 X-8.311 Y12.622
G1 X-8.512 Y12.932
G1 X-8.530 Y12.987
G1 X-8.366 Y13.115
G1 X-8.165 Y13.206
G1 X-8.074 Y13.188
G1 X-7.873 Y13.024
G1 X-7.781 Y13.097
G1 X-7.763 Y13.151
G1 X-7.800 Y13.225
G1 X-8.055 Y13.517
G1 X-8.110 Y13.517
M5
G0 X-9.535 Y12.512 F2500
M3 S280
G1 F900
G1 X-9.571 Y12.512
G1 X-9.717 Y12.403
G1 X-9.991 Y12.147
G1 X-9.991 Y12.074
G1 X-9.900 Y11.690
G1 X-9.827 Y11.489
G1 X-9.736 Y11.087
G1 X-9.699 Y11.014
G1 X-9.736 Y10.960
G1 X-9.900 Y11.051
G1 X-10.302 Y11.215
G1 X-10.722 Y11.434
G1 X-10.795 Y11.434
G1 X-11.234 Y11.014
G1 X-11.160 Y10.923
G1 X-11.106 Y10.923
G1 X-11.069 Y10.960
G1 X-10.941 Y10.960
G1 X-10.740 Y10.740
G1 X-10.211 Y9.991
G1 X-10.119 Y9.809
G1 X-10.174 Y9.644
G1 X-10.119 Y9.571
G1 X-10.028 Y9.590
G1 X-9.626 Y9.991
G1 X-9.626 Y10.046
G1 X-9.644 Y10.083
G1 X-9.717 Y10.101
G1 X-9.827 Y10.046
G1 X-9.900 Y10.065
G1 X-10.119 Y10.284
G1 X-10.539 Y10.813
G1 X-10.503 Y10.832
G1 X-9.864 Y10.503
G1 X-9.827 Y10.503
G1 X-9.352 Y10.265
G1 X-9.279 Y10.302
G1 X-9.261 Y10.393
G1 X-9.462 Y10.996
G1 X-9.535 Y11.325
G1 X-9.608 Y11.544
G1 X-9.608 Y11.599
G1 X-9.407 Y11.361
G1 X-9.169 Y11.124
G1 X-9.042 Y10.960
G1 X-8.969 Y10.813
G1 X-9.023 Y10.740
G1 X-9.023 Y10.704
G1 X-8.950 Y10.631
G1 X-8.859 Y10.667
G1 X-8.366 Y11.087
G1 X-8.311 Y11.160
G1 X-8.384 Y11.252
G1 X-8.439 Y11.252
G1 X-8.475 Y11.215
G1 X-8.585 Y11.215
G1 X-8.658 Y11.252
G1 X-9.060 Y11.672
G1 X-9.517 Y12.202
G1 X-9.535 Y12.238
G1 X-9.535 Y12.311
G1 X-9.462 Y12.421
G1 X-9.535 Y12.512
G1 X-9.571 Y12.512
M5
G0 X-11.562 Y10.686 F2500
M3 S280
G1 F900
G1 X-11.672 Y10.576
G1 X-11.964 Y10.192
G1 X-11.964 Y10.156
G1 X-11.873 Y10.083
G1 X-11.782 Y10.156
G1 X-11.727 Y10.174
G1 X-11.672 Y10.174
G1 X-11.562 Y10.119
G1 X-10.978 Y9.626
G1 X-12.275 Y9.608
G1 X-12.476 Y9.571
G1 X-12.786 Y9.206
G1 X-12.804 Y9.133
G1 X-12.713 Y9.060
G1 X-12.603 Y9.133
G1 X-12.476 Y9.133
G1 X-12.366 Y9.078
G1 X-11.909 Y8.695
G1 X-11.617 Y8.475
G1 X-11.434 Y8.274
G1 X-11.416 Y8.238
G1 X-11.416 Y8.110
G1 X-11.453 Y8.055
G1 X-11.434 Y8.000
G1 X-11.361 Y7.964
G1 X-11.179 Y8.165
G1 X-11.014 Y8.384
G1 X-10.941 Y8.512
G1 X-10.941 Y8.548
G1 X-11.033 Y8.585
G1 X-11.142 Y8.548
G1 X-11.288 Y8.548
G1 X-11.361 Y8.585
G1 X-11.690 Y8.822
G1 X-12.074 Y9.133
G1 X-11.928 Y9.151
G1 X-11.142 Y9.133
G1 X-10.393 Y9.151
G1 X-10.338 Y9.188
G1 X-10.284 Y9.279
G1 X-10.284 Y9.316
G1 X-10.430 Y9.480
G1 X-11.069 Y9.991
G1 X-11.453 Y10.357
G1 X-11.489 Y10.448
G1 X-11.471 Y10.576
G1 X-11.508 Y10.649
G1 X-11.562 Y10.686
G1 X-11.672 Y10.576
M5
G0 X-13.133 Y8.439 F2500
M3 S280
G1 F900
G1 X-13.279 Y8.329
G1 X-13.389 Y8.201
G1 X-13.809 Y7.544
G1 X-13.882 Y7.379
G1 X-13.772 Y7.306
G1 X-13.681 Y7.379
G1 X-13.590 Y7.379
G1 X-13.206 Y7.160
G1 X-12.768 Y6.868
G1 X-12.622 Y6.795
G1 X-12.512 Y6.722
G1 X-12.421 Y6.631
G1 X-12.403 Y6.594
G1 X-12.403 Y6.521
G1 X-12.439 Y6.466
G1 X-12.421 Y6.411
G1 X-12.329 Y6.375
G1 X-12.256 Y6.448
G1 X-12.147 Y6.685
G1 X-11.909 Y7.069
G1 X-12.001 Y7.160
G1 X-12.129 Y7.087
G1 X-12.220 Y7.105
G1 X-12.530 Y7.306
G1 X-12.585 Y7.325
G1 X-12.603 Y7.379
G1 X-12.549 Y7.452
G1 X-12.293 Y7.416
G1 X-11.964 Y7.416
G1 X-11.745 Y7.452
G1 X-11.635 Y7.544
G1 X-11.471 Y7.800
G1 X-11.453 Y7.891
G1 X-11.508 Y7.964
G1 X-11.581 Y7.909
G1 X-11.708 Y7.873
G1 X-12.147 Y7.873
G1 X-12.421 Y7.927
G1 X-12.457 Y8.147
G1 X-12.512 Y8.256
G1 X-12.640 Y8.384
G1 X-12.731 Y8.439
G1 X-12.841 Y8.475
G1 X-13.024 Y8.475
G1 X-13.133 Y8.439
G1 X-13.279 Y8.329
M5
G0 X-13.243 Y8.019 F2500
M3 S280
G1 F900
G1 X-13.133 Y8.055
G1 X-13.005 Y8.037
G1 X-12.877 Y7.964
G1 X-12.750 Y7.836
G1 X-12.713 Y7.763
G1 X-12.713 Y7.617
G1 X-12.750 Y7.544
G1 X-12.841 Y7.471
G1 X-13.352 Y7.763
G1 X-13.389 Y7.800
G1 X-13.316 Y7.946
G1 X-13.243 Y8.019
G1 X-13.133 Y8.055
M5
G0 X-14.083 Y6.905 F2500
M3 S280
G1 F900
G1 X-14.156 Y6.795
G1 X-14.357 Y6.302
G1 X-14.576 Y5.863
G1 X-14.631 Y5.717
G1 X-14.576 Y5.662
G1 X-14.503 Y5.644
G1 X-14.430 Y5.735
G1 X-14.339 Y5.735
G1 X-13.225 Y5.242
G1 X-13.097 Y5.169
G1 X-13.042 Y5.114
G1 X-13.042 Y4.950
G1 X-12.914 Y4.895
G1 X-12.768 Y5.224
G1 X-12.695 Y5.462
G1 X-12.384 Y6.119
G1 X-12.384 Y6.192
G1 X-12.403 Y6.229
G1 X-12.530 Y6.320
G1 X-12.804 Y6.466
G1 X-12.859 Y6.448
G1 X-12.859 Y6.375
G1 X-12.841 Y6.338
G1 X-12.768 Y6.265
G1 X-12.695 Y6.119
G1 X-12.695 Y5.973
G1 X-12.823 Y5.644
G1 X-12.859 Y5.608
G1 X-12.969 Y5.626
G1 X-13.298 Y5.790
G1 X-13.425 Y5.827
G1 X-13.462 Y5.863
G1 X-13.352 Y6.083
G1 X-13.298 Y6.137
G1 X-13.097 Y6.210
G1 X-13.097 Y6.320
G1 X-13.462 Y6.466
G1 X-13.572 Y6.539
G1 X-13.608 Y6.539
G1 X-13.718 Y6.448
G1 X-13.572 Y6.283
G1 X-13.572 Y6.137
G1 X-13.645 Y5.991
G1 X-13.718 Y5.973
G1 X-14.120 Y6.174
G1 X-14.174 Y6.229
G1 X-14.101 Y6.411
G1 X-14.046 Y6.503
G1 X-13.973 Y6.576
G1 X-13.882 Y6.612
G1 X-13.681 Y6.631
G1 X-13.681 Y6.722
G1 X-13.718 Y6.758
G1 X-13.900 Y6.813
G1 X-14.083 Y6.905
G1 X-14.156 Y6.795
M5
G0 X-14.741 Y5.388 F2500
M3 S280
G1 F900
G1 X-14.923 Y4.859
G1 X-14.905 Y4.786
G1 X-14.795 Y4.749
G1 X-14.777 Y4.804
G1 X-14.722 Y4.859
G1 X-14.613 Y4.877
G1 X-13.846 Y4.292
G1 X-13.992 Y4.256
G1 X-14.174 Y4.256
G1 X-14.339 Y4.219
G1 X-14.722 Y4.183
G1 X-14.905 Y4.201
G1 X-14.923 Y4.238
G1 X-14.923 Y4.366
G1 X-15.051 Y4.366
G1 X-15.234 Y3.708
G1 X-15.234 Y3.598
G1 X-15.197 Y3.580
G1 X-15.088 Y3.580
G1 X-15.069 Y3.635
G1 X-14.996 Y3.708
G1 X-14.942 Y3.726
G1 X-14.284 Y3.763
G1 X-13.535 Y3.854
G1 X-13.334 Y3.854
G1 X-13.188 Y3.891
G1 X-13.151 Y4.000
G1 X-13.279 Y4.128
G1 X-14.521 Y5.096
G1 X-14.594 Y5.188
G1 X-14.613 Y5.242
G1 X-14.613 Y5.388
G1 X-14.741 Y5.388
G1 X-14.923 Y4.859
M5
G0 X-14.668 Y3.288 F2500
M3 S280
G1 F900
G1 X-14.850 Y3.251
G1 X-15.033 Y3.178
G1 X-15.179 Y3.087
G1 X-15.325 Y2.923
G1 X-15.416 Y2.758
G1 X-15.489 Y2.521
G1 X-15.508 Y2.393
G1 X-15.508 Y2.101
G1 X-15.471 Y1.954
G1 X-15.362 Y1.735
G1 X-15.307 Y1.662
G1 X-15.106 Y1.480
G1 X-14.905 Y1.370
G1 X-14.649 Y1.297
G1 X-14.394 Y1.297
G1 X-14.138 Y1.370
G1 X-13.992 Y1.443
G1 X-13.772 Y1.644
G1 X-13.645 Y1.863
G1 X-13.572 Y2.101
G1 X-13.553 Y2.265
G1 X-13.572 Y2.502
G1 X-13.663 Y2.776
G1 X-13.754 Y2.923
G1 X-13.919 Y3.087
G1 X-14.120 Y3.197
G1 X-14.266 Y3.251
G1 X-14.467 Y3.288
G1 X-14.668 Y3.288
G1 X-14.850 Y3.251
M5
G0 X-15.289 Y2.429 F2500
M3 S280
G1 F900
G1 X-15.234 Y2.539
G1 X-15.142 Y2.649
G1 X-14.923 Y2.776
G1 X-14.759 Y2.813
G1 X-14.503 Y2.813
G1 X-14.174 Y2.740
G1 X-13.973 Y2.630
G1 X-13.882 Y2.539
G1 X-13.791 Y2.356
G1 X-13.791 Y2.247
G1 X-13.809 Y2.155
G1 X-13.864 Y2.046
G1 X-13.919 Y1.973
G1 X-14.010 Y1.900
G1 X-14.266 Y1.808
G1 X-14.558 Y1.790
G1 X-14.777 Y1.827
G1 X-15.015 Y1.918
G1 X-15.142 Y2.009
G1 X-15.234 Y2.119
G1 X-15.289 Y2.247
G1 X-15.289 Y2.429
G1 X-15.234 Y2.539
M5
G0 X-13.846 Y0.950 F2500
M3 S280
G1 F900
G1 X-14.357 Y0.950
G1 X-14.448 Y0.986
G1 X-14.521 Y1.096
G1 X-14.649 Y1.096
G1 X-14.649 Y0.712
G1 X-14.668 Y0.694
G1 X-14.649 Y0.274
G1 X-14.613 Y0.256
G1 X-14.521 Y0.274
G1 X-14.485 Y0.420
G1 X-14.394 Y0.493
G1 X-14.083 Y0.493
G1 X-14.010 Y0.475
G1 X-13.937 Y0.402
G1 X-13.919 Y0.347
G1 X-13.937 Y0.146
G1 X-13.992 Y0.018
G1 X-14.156 Y-0.146
G1 X-14.302 Y-0.219
G1 X-14.503 Y-0.274
G1 X-14.850 Y-0.274
G1 X-14.996 Y-0.237
G1 X-15.215 Y-0.128
G1 X-15.362 Y0.018
G1 X-15.416 Y0.128
G1 X-15.453 Y0.292
G1 X-15.435 Y0.475
G1 X-15.380 Y0.603
G1 X-15.270 Y0.712
G1 X-15.088 Y0.767
G1 X-15.069 Y0.804
G1 X-15.088 Y0.950
G1 X-15.234 Y0.968
G1 X-15.563 Y0.913
G1 X-15.599 Y0.877
G1 X-15.654 Y0.585
G1 X-15.672 Y0.237
G1 X-15.654 Y0.073
G1 X-15.599 Y-0.146
G1 X-15.508 Y-0.329
G1 X-15.416 Y-0.457
G1 X-15.161 Y-0.658
G1 X-14.996 Y-0.731
G1 X-14.850 Y-0.767
G1 X-14.467 Y-0.767
G1 X-14.266 Y-0.712
G1 X-14.046 Y-0.585
G1 X-13.900 Y-0.438
G1 X-13.827 Y-0.329
G1 X-13.754 Y-0.164
G1 X-13.699 Y0.037
G1 X-13.699 Y0.457
G1 X-13.772 Y0.785
G1 X-13.846 Y0.950
G1 X-14.357 Y0.950
M5
G0 X-9.517 Y-1.096 F2500
M3 S280
G1 F900
G1 X-9.663 Y-1.370
G1 X-9.882 Y-1.717
G1 X-10.065 Y-1.954
G1 X-10.192 Y-2.082
G1 X-10.174 Y-3.014
G1 X-10.083 Y-3.909
G1 X-9.973 Y-4.475
G1 X-9.809 Y-5.114
G1 X-9.663 Y-5.553
G1 X-9.498 Y-5.973
G1 X-9.261 Y-6.466
G1 X-8.987 Y-6.959
G1 X-8.841 Y-7.178
G1 X-9.169 Y-6.631
G1 X-9.425 Y-6.119
G1 X-9.663 Y-5.535
G1 X-9.827 Y-5.041
G1 X-9.955 Y-4.530
G1 X-10.046 Y-4.073
G1 X-10.119 Y-3.562
G1 X-10.174 Y-2.831
G1 X-10.174 Y-2.101
G1 X-10.028 Y-1.936
G1 X-9.845 Y-1.680
G1 X-9.517 Y-1.096
G1 X-9.663 Y-1.370
M5
G0 X-9.261 Y-0.840 F2500
M3 S280
G1 F900
G1 X-9.316 Y-0.968
G1 X-9.389 Y-1.078
G1 X-9.389 Y-1.114
G1 X-9.480 Y-1.297
G1 X-9.571 Y-1.406
G1 X-9.590 Y-1.480
G1 X-9.845 Y-1.863
G1 X-10.083 Y-2.155
G1 X-10.065 Y-2.886
G1 X-10.028 Y-3.324
G1 X-9.955 Y-3.927
G1 X-9.845 Y-4.475
G1 X-9.955 Y-3.891
G1 X-10.010 Y-3.452
G1 X-10.065 Y-2.703
G1 X-10.065 Y-2.155
G1 X-9.918 Y-1.991
G1 X-9.699 Y-1.680
G1 X-9.535 Y-1.406
G1 X-9.261 Y-0.840
G1 X-9.316 Y-0.968
M5
G0 X-7.306 Y0.329 F2500
M3 S280
G1 F900
G1 X-7.270 Y0.237
G1 X-7.178 Y0.128
G1 X-6.996 Y0.055
G1 X-6.905 Y-0.018
G1 X-6.758 Y-0.018
G1 X-6.722 Y-0.000
G1 X-6.685 Y0.055
G1 X-6.503 Y0.055
G1 X-6.357 Y0.018
G1 X-6.357 Y-0.000
G1 X-6.009 Y-0.000
G1 X-5.991 Y0.055
G1 X-4.493 Y0.055
G1 X-4.366 Y-0.055
G1 X-4.165 Y-0.055
G1 X-4.128 Y-0.110
G1 X-3.909 Y-0.256
G1 X-3.927 Y-0.365
G1 X-3.909 Y-0.420
G1 X-3.854 Y-0.475
G1 X-3.745 Y-0.511
G1 X-3.726 Y-0.658
G1 X-3.690 Y-0.731
G1 X-3.544 Y-0.895
G1 X-3.562 Y-1.480
G1 X-3.507 Y-1.553
G1 X-3.324 Y-1.571
G1 X-3.215 Y-1.516
G1 X-2.849 Y-1.516
G1 X-2.795 Y-1.571
G1 X-2.813 Y-1.790
G1 X-2.849 Y-1.863
G1 X-2.996 Y-2.028
G1 X-2.977 Y-2.174
G1 X-2.539 Y-2.174
G1 X-2.393 Y-2.119
G1 X-2.247 Y-1.954
G1 X-2.174 Y-1.827
G1 X-2.101 Y-1.607
G1 X-2.028 Y-1.516
G1 X1.242 Y-1.516
G1 X2.082 Y-1.534
G1 X2.137 Y-1.607
G1 X2.174 Y-1.735
G1 X2.283 Y-1.954
G1 X2.429 Y-2.119
G1 X2.557 Y-2.174
G1 X2.685 Y-2.192
G1 X3.014 Y-2.192
G1 X3.050 Y-2.174
G1 X3.050 Y-2.046
G1 X3.032 Y-2.009
G1 X2.904 Y-1.900
G1 X2.849 Y-1.790
G1 X2.831 Y-1.644
G1 X2.868 Y-1.534
G1 X3.215 Y-1.516
G1 X3.324 Y-1.571
G1 X3.507 Y-1.571
G1 X3.544 Y-1.553
G1 X3.562 Y-0.840
G1 X3.671 Y-0.749
G1 X3.708 Y-0.658
G1 X3.726 Y-0.511
G1 X3.763 Y-0.475
G1 X3.818 Y-0.475
G1 X3.891 Y-0.420
G1 X3.927 Y-0.311
G1 X3.909 Y-0.237
G1 X3.945 Y-0.201
G1 X4.055 Y-0.146
G1 X4.128 Y-0.073
G1 X4.183 Y-0.055
G1 X4.329 Y-0.073
G1 X4.420 Y-0.037
G1 X4.475 Y0.037
G1 X5.352 Y0.037
G1 X5.425 Y-0.018
G1 X5.571 Y-0.000
G1 X5.717 Y-0.018
G1 X5.754 Y-0.000
G1 X5.809 Y0.073
G1 X6.028 Y0.110
G1 X6.247 Y0.219
G1 X6.576 Y0.475
G1 X6.850 Y0.749
G1 X6.996 Y0.840
G1 X7.215 Y0.913
G1 X7.452 Y0.858
G1 X7.507 Y0.877
G1 X7.708 Y0.858
G1 X7.800 Y0.895
G1 X7.927 Y1.041
G1 X7.946 Y1.096
G1 X7.946 Y1.279
G1 X7.909 Y1.352
G1 X7.836 Y1.425
G1 X7.690 Y1.516
G1 X7.580 Y1.553
G1 X7.489 Y1.534
G1 X7.361 Y1.571
G1 X7.270 Y1.571
G1 X7.215 Y1.534
G1 X6.886 Y1.498
G1 X6.631 Y1.388
G1 X6.375 Y1.206
G1 X6.064 Y0.913
G1 X5.809 Y0.749
G1 X5.772 Y0.749
G1 X5.717 Y0.804
G1 X5.407 Y0.804
G1 X5.352 Y0.731
G1 X4.895 Y0.694
G1 X4.475 Y0.694
G1 X4.402 Y0.804
G1 X4.128 Y0.822
G1 X4.110 Y0.858
G1 X3.909 Y0.913
G1 X3.909 Y1.078
G1 X3.891 Y1.114
G1 X3.726 Y1.169
G1 X3.708 Y1.352
G1 X3.653 Y1.425
G1 X3.598 Y1.406
G1 X3.544 Y1.425
G1 X3.580 Y1.863
G1 X3.617 Y1.863
G1 X3.745 Y1.790
G1 X3.872 Y1.790
G1 X3.927 Y1.827
G1 X4.000 Y1.954
G1 X4.000 Y2.028
G1 X3.982 Y2.064
G1 X3.927 Y2.119
G1 X3.763 Y2.210
G1 X3.215 Y2.429
G1 X2.831 Y2.557
G1 X2.448 Y2.667
G1 X1.735 Y2.831
G1 X0.822 Y2.959
G1 X0.274 Y2.996
G1 X-0.274 Y2.996
G1 X-1.132 Y2.923
G1 X-2.064 Y2.758
G1 X-2.502 Y2.649
G1 X-3.105 Y2.466
G1 X-3.489 Y2.320
G1 X-3.927 Y2.119
G1 X-3.982 Y2.064
G1 X-4.000 Y1.954
G1 X-3.891 Y1.790
G1 X-3.854 Y1.772
G1 X-3.763 Y1.772
G1 X-3.653 Y1.827
G1 X-3.598 Y1.881
G1 X-3.562 Y1.845
G1 X-3.562 Y1.443
G1 X-3.598 Y1.406
G1 X-3.690 Y1.388
G1 X-3.726 Y1.297
G1 X-3.726 Y1.187
G1 X-3.745 Y1.151
G1 X-3.872 Y1.132
G1 X-3.909 Y1.096
G1 X-3.909 Y0.932
G1 X-3.945 Y0.895
G1 X-4.092 Y0.877
G1 X-4.128 Y0.858
G1 X-4.146 Y0.822
G1 X-4.384 Y0.804
G1 X-4.457 Y0.712
G1 X-4.676 Y0.694
G1 X-5.790 Y0.694
G1 X-5.991 Y0.731
G1 X-5.991 Y0.749
G1 X-6.064 Y0.785
G1 X-6.265 Y0.785
G1 X-6.320 Y0.767
G1 X-6.375 Y0.712
G1 X-6.722 Y0.712
G1 X-6.777 Y0.767
G1 X-6.905 Y0.767
G1 X-6.941 Y0.731
G1 X-7.051 Y0.731
G1 X-7.142 Y0.694
G1 X-7.252 Y0.585
G1 X-7.306 Y0.457
G1 X-7.306 Y0.329
G1 X-7.270 Y0.237
M5
G0 X-7.142 Y0.311 F2500
M3 S280
G1 F900
G1 X-7.124 Y0.274
G1 X-7.069 Y0.237
G1 X-7.069 Y0.292
G1 X-7.105 Y0.274
G1 X-7.142 Y0.311
G1 X-7.124 Y0.274
M5
G0 X-7.160 Y0.384 F2500
M3 S280
G1 F900
G1 X-7.160 Y0.347
G1 X-7.142 Y0.384
G1 X-7.087 Y0.347
G1 X-7.124 Y0.384
G1 X-7.160 Y0.384
G1 X-7.160 Y0.347
M5
G0 X-7.032 Y0.676 F2500
M3 S280
G1 F900
G1 X-6.959 Y0.658
G1 X-6.978 Y0.146
G1 X-7.105 Y0.183
G1 X-7.197 Y0.274
G1 X-7.233 Y0.347
G1 X-7.233 Y0.493
G1 X-7.142 Y0.621
G1 X-7.032 Y0.676
G1 X-6.959 Y0.658
M5
G0 X-6.850 Y0.749 F2500
M3 S280
G1 F900
G1 X-6.777 Y0.731
G1 X-6.813 Y0.566
G1 X-6.831 Y0.329
G1 X-6.813 Y0.183
G1 X-6.777 Y0.091
G1 X-6.795 Y0.037
G1 X-6.850 Y0.037
G1 X-6.905 Y0.091
G1 X-6.941 Y0.311
G1 X-6.941 Y0.566
G1 X-6.923 Y0.658
G1 X-6.850 Y0.749
G1 X-6.777 Y0.731
M5
G0 X-6.740 Y0.658 F2500
M3 S280
G1 F900
G1 X-6.411 Y0.676
G1 X-6.375 Y0.639
G1 X-6.393 Y0.292
G1 X-6.722 Y0.292
G1 X-6.393 Y0.237
G1 X-6.777 Y0.256
G1 X-6.777 Y0.548
G1 X-6.740 Y0.658
G1 X-6.411 Y0.676
M5
G0 X-6.265 Y0.749 F2500
M3 S280
G1 F900
G1 X-6.229 Y0.749
G1 X-6.192 Y0.712
G1 X-6.229 Y0.347
G1 X-6.229 Y0.201
G1 X-6.210 Y0.183
G1 X-6.229 Y0.037
G1 X-6.283 Y0.037
G1 X-6.320 Y0.073
G1 X-6.338 Y0.183
G1 X-6.338 Y0.603
G1 X-6.320 Y0.694
G1 X-6.265 Y0.749
G1 X-6.229 Y0.749
M5
G0 X-6.119 Y0.749 F2500
M3 S280
G1 F900
G1 X-6.064 Y0.749
G1 X-6.028 Y0.712
G1 X-6.064 Y0.548
G1 X-6.046 Y0.164
G1 X-6.064 Y0.037
G1 X-6.156 Y0.055
G1 X-6.192 Y0.219
G1 X-6.192 Y0.530
G1 X-6.174 Y0.676
G1 X-6.119 Y0.749
G1 X-6.064 Y0.749
M5
G0 X-6.009 Y0.639 F2500
M3 S280
G1 F900
G1 X-5.973 Y0.676
G1 X-4.457 Y0.658
G1 X-4.457 Y0.530
G1 X-4.493 Y0.311
G1 X-4.493 Y0.110
G1 X-4.603 Y0.146
G1 X-6.009 Y0.164
G1 X-5.991 Y0.237
G1 X-4.512 Y0.256
G1 X-6.028 Y0.274
G1 X-6.028 Y0.566
G1 X-6.009 Y0.639
G1 X-5.973 Y0.676
M5
G0 X-6.758 Y0.183 F2500
M3 S280
G1 F900
G1 X-6.740 Y0.237
G1 X-6.375 Y0.219
G1 X-6.393 Y0.201
G1 X-6.393 Y0.110
G1 X-6.649 Y0.110
G1 X-6.685 Y0.146
G1 X-6.740 Y0.146
G1 X-6.758 Y0.183
G1 X-6.740 Y0.237
M5
G0 X-5.535 Y-0.785 F2500
M3 S280
G1 F900
G1 X-5.589 Y-0.858
G1 X-5.589 Y-1.023
G1 X-5.699 Y-1.151
G1 X-5.772 Y-1.297
G1 X-5.772 Y-1.498
G1 X-5.717 Y-1.589
G1 X-5.827 Y-1.644
G1 X-5.882 Y-1.754
G1 X-5.973 Y-1.790
G1 X-6.064 Y-1.790
G1 X-6.375 Y-1.863
G1 X-6.795 Y-2.009
G1 X-7.051 Y-2.137
G1 X-7.544 Y-2.484
G1 X-7.946 Y-2.904
G1 X-8.220 Y-3.306
G1 X-8.366 Y-3.598
G1 X-8.512 Y-4.037
G1 X-8.512 Y-4.146
G1 X-8.475 Y-4.183
G1 X-8.475 Y-4.292
G1 X-8.530 Y-4.475
G1 X-8.530 Y-4.640
G1 X-8.494 Y-4.713
G1 X-8.457 Y-4.731
G1 X-8.366 Y-4.731
G1 X-8.293 Y-4.676
G1 X-8.256 Y-4.804
G1 X-8.220 Y-4.840
G1 X-8.128 Y-4.840
G1 X-8.074 Y-4.786
G1 X-8.037 Y-4.713
G1 X-8.055 Y-4.493
G1 X-7.946 Y-4.420
G1 X-7.927 Y-4.566
G1 X-7.964 Y-4.658
G1 X-7.982 Y-4.822
G1 X-7.964 Y-4.877
G1 X-7.909 Y-4.932
G1 X-7.854 Y-4.932
G1 X-7.818 Y-4.895
G1 X-7.781 Y-4.804
G1 X-7.781 Y-4.530
G1 X-7.763 Y-4.475
G1 X-7.562 Y-4.457
G1 X-7.471 Y-4.475
G1 X-7.471 Y-4.640
G1 X-7.507 Y-4.804
G1 X-7.507 Y-4.950
G1 X-7.489 Y-4.987
G1 X-7.416 Y-5.023
G1 X-7.343 Y-5.005
G1 X-7.325 Y-4.968
G1 X-7.343 Y-4.621
G1 X-7.325 Y-4.512
G1 X-7.252 Y-4.457
G1 X-7.124 Y-4.439
G1 X-7.069 Y-4.457
G1 X-7.069 Y-4.658
G1 X-7.124 Y-4.859
G1 X-7.124 Y-5.005
G1 X-7.051 Y-5.078
G1 X-6.978 Y-5.096
G1 X-6.941 Y-5.078
G1 X-6.923 Y-5.023
G1 X-6.923 Y-4.457
G1 X-6.777 Y-4.475
G1 X-6.667 Y-4.530
G1 X-6.740 Y-4.822
G1 X-6.740 Y-4.950
G1 X-6.758 Y-4.968
G1 X-6.758 Y-5.078
G1 X-6.740 Y-5.114
G1 X-6.631 Y-5.133
G1 X-6.557 Y-5.096
G1 X-6.576 Y-4.804
G1 X-6.539 Y-4.548
G1 X-6.338 Y-4.658
G1 X-6.338 Y-4.859
G1 X-6.375 Y-4.968
G1 X-6.375 Y-5.133
G1 X-6.357 Y-5.169
G1 X-6.229 Y-5.188
G1 X-6.192 Y-5.151
G1 X-6.174 Y-5.060
G1 X-6.174 Y-4.932
G1 X-6.210 Y-4.822
G1 X-6.210 Y-4.676
G1 X-6.137 Y-4.621
G1 X-5.900 Y-4.548
G1 X-5.882 Y-4.713
G1 X-5.900 Y-4.731
G1 X-5.918 Y-4.932
G1 X-5.918 Y-5.169
G1 X-5.882 Y-5.206
G1 X-5.827 Y-5.206
G1 X-5.772 Y-5.188
G1 X-5.735 Y-5.078
G1 X-5.735 Y-4.566
G1 X-5.644 Y-4.585
G1 X-5.662 Y-7.489
G1 X-5.717 Y-7.562
G1 X-5.699 Y-8.311
G1 X-5.735 Y-8.366
G1 X-5.735 Y-8.457
G1 X-5.626 Y-8.530
G1 X-5.388 Y-8.530
G1 X-5.279 Y-8.457
G1 X-5.279 Y-8.384
G1 X-5.315 Y-8.329
G1 X-5.315 Y-7.544
G1 X-5.352 Y-7.489
G1 X-5.370 Y-4.566
G1 X-5.297 Y-4.548
G1 X-5.242 Y-4.566
G1 X-5.242 Y-4.749
G1 X-5.279 Y-4.914
G1 X-5.261 Y-5.188
G1 X-5.114 Y-5.169
G1 X-5.096 Y-5.133
G1 X-5.078 Y-5.005
G1 X-5.114 Y-4.804
G1 X-5.060 Y-4.585
G1 X-4.822 Y-4.658
G1 X-4.804 Y-4.877
G1 X-4.822 Y-5.133
G1 X-4.786 Y-5.188
G1 X-4.713 Y-5.206
G1 X-4.676 Y-5.188
G1 X-4.640 Y-5.114
G1 X-4.640 Y-4.914
G1 X-4.676 Y-4.786
G1 X-4.676 Y-4.676
G1 X-4.530 Y-4.566
G1 X-4.420 Y-4.548
G1 X-4.457 Y-4.822
G1 X-4.439 Y-5.133
G1 X-4.402 Y-5.151
G1 X-4.329 Y-5.151
G1 X-4.274 Y-5.078
G1 X-4.274 Y-4.859
G1 X-4.329 Y-4.548
G1 X-4.311 Y-4.493
G1 X-4.165 Y-4.475
G1 X-4.146 Y-4.457
G1 X-4.092 Y-4.457
G1 X-4.055 Y-4.493
G1 X-4.055 Y-5.023
G1 X-4.018 Y-5.060
G1 X-3.891 Y-5.041
G1 X-3.891 Y-4.749
G1 X-3.927 Y-4.621
G1 X-3.909 Y-4.439
G1 X-3.745 Y-4.439
G1 X-3.690 Y-4.475
G1 X-3.671 Y-4.512
G1 X-3.690 Y-4.731
G1 X-3.671 Y-4.950
G1 X-3.653 Y-4.987
G1 X-3.544 Y-5.023
G1 X-3.507 Y-5.005
G1 X-3.471 Y-4.932
G1 X-3.489 Y-4.731
G1 X-3.544 Y-4.493
G1 X-3.507 Y-4.457
G1 X-3.215 Y-4.493
G1 X-3.233 Y-4.859
G1 X-3.197 Y-4.914
G1 X-3.105 Y-4.914
G1 X-3.069 Y-4.859
G1 X-3.032 Y-4.713
G1 X-3.069 Y-4.475
G1 X-3.032 Y-4.439
G1 X-2.959 Y-4.457
G1 X-2.959 Y-4.512
G1 X-2.996 Y-4.603
G1 X-2.996 Y-4.713
G1 X-2.977 Y-4.786
G1 X-2.923 Y-4.840
G1 X-2.813 Y-4.840
G1 X-2.776 Y-4.804
G1 X-2.722 Y-4.676
G1 X-2.685 Y-4.713
G1 X-2.575 Y-4.713
G1 X-2.539 Y-4.694
G1 X-2.502 Y-4.640
G1 X-2.502 Y-4.530
G1 X-2.521 Y-4.402
G1 X-2.557 Y-4.311
G1 X-2.557 Y-4.201
G1 X-2.502 Y-4.146
G1 X-2.502 Y-4.055
G1 X-2.667 Y-3.598
G1 X-2.886 Y-3.178
G1 X-3.197 Y-2.758
G1 X-3.452 Y-2.502
G1 X-3.891 Y-2.192
G1 X-4.274 Y-1.991
G1 X-4.694 Y-1.845
G1 X-5.096 Y-1.790
G1 X-5.188 Y-1.754
G1 X-5.188 Y-1.699
G1 X-5.279 Y-1.571
G1 X-5.224 Y-1.498
G1 X-5.224 Y-1.315
G1 X-5.315 Y-1.132
G1 X-5.388 Y-1.059
G1 X-5.443 Y-0.822
G1 X-5.498 Y-0.785
G1 X-5.535 Y-0.785
G1 X-5.589 Y-0.858
M5
G0 X-5.516 Y-0.858 F2500
M3 S280
G1 F900
G1 X-5.462 Y-0.877
G1 X-5.480 Y-1.005
G1 X-5.553 Y-0.986
G1 X-5.553 Y-0.895
G1 X-5.516 Y-0.858
G1 X-5.462 Y-0.877
M5
G0 X-5.571 Y-1.059 F2500
M3 S280
G1 F900
G1 X-5.535 Y-1.023
G1 X-5.443 Y-1.041
G1 X-5.462 Y-1.096
G1 X-5.516 Y-1.114
G1 X-5.571 Y-1.096
G1 X-5.571 Y-1.059
G1 X-5.535 Y-1.023
M5
G0 X-5.589 Y-1.114 F2500
M3 S280
G1 F900
G1 X-5.443 Y-1.114
G1 X-5.315 Y-1.260
G1 X-5.279 Y-1.352
G1 X-5.315 Y-1.388
G1 X-5.279 Y-1.406
G1 X-5.279 Y-1.480
G1 X-5.334 Y-1.553
G1 X-5.352 Y-1.516
G1 X-5.334 Y-1.443
G1 X-5.352 Y-1.498
G1 X-5.352 Y-1.370
G1 X-5.425 Y-1.388
G1 X-5.425 Y-1.425
G1 X-5.498 Y-1.443
G1 X-5.480 Y-1.480
G1 X-5.516 Y-1.516
G1 X-5.535 Y-1.480
G1 X-5.516 Y-1.534
G1 X-5.571 Y-1.589
G1 X-5.662 Y-1.571
G1 X-5.626 Y-1.534
G1 X-5.662 Y-1.571
G1 X-5.699 Y-1.534
G1 X-5.754 Y-1.370
G1 X-5.735 Y-1.297
G1 X-5.699 Y-1.224
G1 X-5.589 Y-1.114
G1 X-5.443 Y-1.114
M5
G0 X-5.370 Y-1.406 F2500
M3 S280
G1 F900
G1 X-5.425 Y-1.498
G1 X-5.443 Y-1.443
G1 X-5.425 Y-1.406
G1 X-5.370 Y-1.406
G1 X-5.425 Y-1.498
M5
G0 X-5.334 Y-1.827 F2500
M3 S280
G1 F900
G1 X-5.297 Y-1.808
G1 X-5.169 Y-1.918
G1 X-5.078 Y-2.028
G1 X-4.877 Y-2.338
G1 X-4.786 Y-2.521
G1 X-4.658 Y-2.886
G1 X-4.566 Y-3.306
G1 X-4.530 Y-3.270
G1 X-4.475 Y-3.251
G1 X-4.128 Y-3.215
G1 X-4.110 Y-3.233
G1 X-4.000 Y-3.233
G1 X-3.854 Y-3.270
G1 X-3.726 Y-3.343
G1 X-3.745 Y-3.233
G1 X-3.872 Y-2.977
G1 X-4.037 Y-2.722
G1 X-4.238 Y-2.466
G1 X-4.420 Y-2.283
G1 X-4.749 Y-2.046
G1 X-5.060 Y-1.900
G1 X-5.005 Y-1.881
G1 X-4.566 Y-2.101
G1 X-4.420 Y-2.210
G1 X-4.128 Y-2.484
G1 X-3.964 Y-2.685
G1 X-3.690 Y-3.142
G1 X-3.544 Y-3.452
G1 X-3.562 Y-3.507
G1 X-3.763 Y-3.397
G1 X-3.927 Y-3.343
G1 X-4.183 Y-3.306
G1 X-4.439 Y-3.343
G1 X-4.548 Y-3.379
G1 X-4.640 Y-3.434
G1 X-4.676 Y-3.379
G1 X-4.767 Y-2.941
G1 X-4.932 Y-2.448
G1 X-5.078 Y-2.155
G1 X-5.334 Y-1.827
G1 X-5.297 Y-1.808
M5
G0 X-5.608 Y-1.790 F2500
M3 S280
G1 F900
G1 X-5.535 Y-1.790
G1 X-5.681 Y-1.936
G1 X-5.772 Y-2.064
G1 X-5.936 Y-2.375
G1 X-6.009 Y-2.557
G1 X-6.101 Y-2.849
G1 X-6.174 Y-3.215
G1 X-6.046 Y-3.160
G1 X-5.699 Y-3.087
G1 X-5.297 Y-3.087
G1 X-5.005 Y-3.142
G1 X-4.859 Y-3.215
G1 X-4.895 Y-2.959
G1 X-5.023 Y-2.521
G1 X-5.261 Y-2.046
G1 X-5.443 Y-1.827
G1 X-5.407 Y-1.808
G1 X-5.169 Y-2.064
G1 X-5.060 Y-2.228
G1 X-4.932 Y-2.484
G1 X-4.804 Y-2.849
G1 X-4.694 Y-3.343
G1 X-4.713 Y-3.397
G1 X-4.950 Y-3.270
G1 X-5.315 Y-3.197
G1 X-5.735 Y-3.197
G1 X-6.046 Y-3.270
G1 X-6.174 Y-3.324
G1 X-6.302 Y-3.416
G1 X-6.320 Y-3.324
G1 X-6.265 Y-3.050
G1 X-6.083 Y-2.466
G1 X-5.863 Y-2.064
G1 X-5.608 Y-1.790
G1 X-5.535 Y-1.790
M5
G0 X-5.681 Y-1.808 F2500
M3 S280
G1 F900
G1 X-5.845 Y-1.991
G1 X-5.973 Y-2.192
G1 X-6.083 Y-2.411
G1 X-6.247 Y-2.886
G1 X-6.320 Y-3.197
G1 X-6.338 Y-3.397
G1 X-6.375 Y-3.434
G1 X-6.466 Y-3.379
G1 X-6.649 Y-3.324
G1 X-7.032 Y-3.324
G1 X-7.233 Y-3.379
G1 X-7.343 Y-3.434
G1 X-7.489 Y-3.544
G1 X-7.507 Y-3.489
G1 X-7.361 Y-3.160
G1 X-7.197 Y-2.868
G1 X-6.941 Y-2.521
G1 X-6.740 Y-2.320
G1 X-6.430 Y-2.082
G1 X-6.028 Y-1.863
G1 X-5.955 Y-1.845
G1 X-5.882 Y-1.863
G1 X-6.229 Y-2.028
G1 X-6.411 Y-2.137
G1 X-6.576 Y-2.265
G1 X-6.868 Y-2.557
G1 X-7.142 Y-2.959
G1 X-7.325 Y-3.343
G1 X-7.197 Y-3.270
G1 X-6.959 Y-3.215
G1 X-6.685 Y-3.215
G1 X-6.576 Y-3.233
G1 X-6.448 Y-3.288
G1 X-6.448 Y-3.233
G1 X-6.430 Y-3.215
G1 X-6.320 Y-2.722
G1 X-6.156 Y-2.338
G1 X-5.936 Y-2.009
G1 X-5.681 Y-1.808
G1 X-5.845 Y-1.991
M5
G0 X-5.809 Y-1.680 F2500
M3 S280
G1 F900
G1 X-5.754 Y-1.644
G1 X-5.626 Y-1.607
G1 X-5.352 Y-1.607
G1 X-5.297 Y-1.626
G1 X-5.242 Y-1.699
G1 X-5.279 Y-1.735
G1 X-5.571 Y-1.717
G1 X-5.809 Y-1.680
G1 X-5.754 Y-1.644
M5
G0 X-6.265 Y-1.936 F2500
M3 S280
G1 F900
G1 X-6.557 Y-2.119
G1 X-6.941 Y-2.466
G1 X-7.124 Y-2.703
G1 X-7.306 Y-2.996
G1 X-7.452 Y-3.288
G1 X-7.544 Y-3.525
G1 X-7.599 Y-3.544
G1 X-7.653 Y-3.507
G1 X-7.854 Y-3.489
G1 X-8.000 Y-3.507
G1 X-8.165 Y-3.562
G1 X-8.238 Y-3.617
G1 X-8.311 Y-3.617
G1 X-8.147 Y-3.324
G1 X-7.873 Y-2.941
G1 X-7.672 Y-2.703
G1 X-7.434 Y-2.484
G1 X-6.996 Y-2.174
G1 X-6.777 Y-2.064
G1 X-6.393 Y-1.936
G1 X-6.338 Y-1.936
G1 X-6.320 Y-1.918
G1 X-6.265 Y-1.936
G1 X-6.557 Y-2.119
M5
G0 X-6.594 Y-2.064 F2500
M3 S280
G1 F900
G1 X-6.959 Y-2.228
G1 X-7.361 Y-2.502
G1 X-7.726 Y-2.868
G1 X-7.927 Y-3.123
G1 X-8.165 Y-3.507
G1 X-8.055 Y-3.434
G1 X-7.927 Y-3.397
G1 X-7.672 Y-3.379
G1 X-7.599 Y-3.416
G1 X-7.416 Y-3.032
G1 X-7.178 Y-2.667
G1 X-6.941 Y-2.375
G1 X-6.722 Y-2.155
G1 X-6.594 Y-2.064
G1 X-6.959 Y-2.228
M5
G0 X-6.338 Y-3.489 F2500
M3 S280
G1 F900
G1 X-6.320 Y-3.452
G1 X-6.247 Y-3.397
G1 X-5.955 Y-3.270
G1 X-5.754 Y-3.233
G1 X-5.261 Y-3.233
G1 X-5.041 Y-3.270
G1 X-4.932 Y-3.306
G1 X-4.731 Y-3.416
G1 X-4.676 Y-3.471
G1 X-4.658 Y-3.525
G1 X-4.676 Y-3.690
G1 X-4.713 Y-3.690
G1 X-4.895 Y-3.580
G1 X-5.078 Y-3.525
G1 X-5.297 Y-3.489
G1 X-5.754 Y-3.489
G1 X-5.882 Y-3.507
G1 X-6.320 Y-3.653
G1 X-6.338 Y-3.489
G1 X-6.320 Y-3.452
M5
G0 X-6.521 Y-3.745 F2500
M3 S280
G1 F900
G1 X-6.484 Y-3.763
G1 X-6.466 Y-3.818
G1 X-6.521 Y-3.872
G1 X-6.576 Y-3.854
G1 X-6.594 Y-3.818
G1 X-6.576 Y-3.781
G1 X-6.521 Y-3.745
G1 X-6.484 Y-3.763
M5
G0 X-6.557 Y-3.909 F2500
M3 S280
G1 F900
G1 X-6.503 Y-3.909
G1 X-6.448 Y-3.982
G1 X-6.430 Y-4.238
G1 X-6.484 Y-4.311
G1 X-6.631 Y-4.292
G1 X-6.649 Y-4.238
G1 X-6.631 Y-4.018
G1 X-6.612 Y-3.964
G1 X-6.557 Y-3.909
G1 X-6.503 Y-3.909
M5
G0 X-6.210 Y-3.891 F2500
M3 S280
G1 F900
G1 X-6.156 Y-3.891
G1 X-6.083 Y-3.982
G1 X-6.101 Y-4.292
G1 X-6.137 Y-4.311
G1 X-6.210 Y-4.311
G1 X-6.247 Y-4.292
G1 X-6.283 Y-4.238
G1 X-6.283 Y-4.055
G1 X-6.265 Y-3.964
G1 X-6.210 Y-3.891
G1 X-6.156 Y-3.891
M5
G0 X-6.137 Y-3.763 F2500
M3 S280
G1 F900
G1 X-6.156 Y-3.836
G1 X-6.210 Y-3.854
G1 X-6.247 Y-3.818
G1 X-6.247 Y-3.781
G1 X-6.210 Y-3.745
G1 X-6.137 Y-3.763
G1 X-6.156 Y-3.836
M5
G0 X-5.535 Y-3.763 F2500
M3 S280
G1 F900
G1 X-5.498 Y-3.763
G1 X-5.425 Y-3.854
G1 X-5.407 Y-4.073
G1 X-5.443 Y-4.165
G1 X-5.571 Y-4.165
G1 X-5.608 Y-4.128
G1 X-5.608 Y-3.872
G1 X-5.589 Y-3.818
G1 X-5.535 Y-3.763
G1 X-5.498 Y-3.763
M5
G0 X-5.535 Y-3.598 F2500
M3 S280
G1 F900
G1 X-5.443 Y-3.617
G1 X-5.443 Y-3.653
G1 X-5.498 Y-3.708
G1 X-5.535 Y-3.708
G1 X-5.571 Y-3.671
G1 X-5.571 Y-3.635
G1 X-5.535 Y-3.598
G1 X-5.443 Y-3.617
M5
G0 X-4.932 Y-3.763 F2500
M3 S280
G1 F900
G1 X-4.840 Y-3.745
G1 X-4.804 Y-3.781
G1 X-4.822 Y-3.854
G1 X-4.895 Y-3.872
G1 X-4.932 Y-3.763
G1 X-4.840 Y-3.745
M5
G0 X-4.895 Y-3.909 F2500
M3 S280
G1 F900
G1 X-4.822 Y-3.909
G1 X-4.749 Y-4.000
G1 X-4.749 Y-4.256
G1 X-4.786 Y-4.292
G1 X-4.859 Y-4.292
G1 X-4.932 Y-4.256
G1 X-4.950 Y-4.219
G1 X-4.950 Y-4.018
G1 X-4.932 Y-3.945
G1 X-4.895 Y-3.909
G1 X-4.822 Y-3.909
M5
G0 X-4.585 Y-3.799 F2500
M3 S280
G1 F900
G1 X-4.548 Y-3.763
G1 X-4.457 Y-3.781
G1 X-4.457 Y-3.836
G1 X-4.475 Y-3.872
G1 X-4.530 Y-3.891
G1 X-4.566 Y-3.854
G1 X-4.585 Y-3.799
G1 X-4.548 Y-3.763
M5
G0 X-4.512 Y-3.909 F2500
M3 S280
G1 F900
G1 X-4.439 Y-3.945
G1 X-4.402 Y-4.037
G1 X-4.384 Y-4.256
G1 X-4.439 Y-4.329
G1 X-4.548 Y-4.329
G1 X-4.603 Y-4.274
G1 X-4.603 Y-4.018
G1 X-4.585 Y-3.964
G1 X-4.512 Y-3.909
G1 X-4.439 Y-3.945
M5
G0 X-4.146 Y-3.909 F2500
M3 S280
G1 F900
G1 X-4.073 Y-3.891
G1 X-4.037 Y-3.909
G1 X-4.000 Y-3.964
G1 X-3.982 Y-4.055
G1 X-3.982 Y-4.238
G1 X-4.000 Y-4.274
G1 X-4.165 Y-4.274
G1 X-4.183 Y-4.238
G1 X-4.183 Y-4.000
G1 X-4.146 Y-3.909
G1 X-4.073 Y-3.891
M5
G0 X-4.055 Y-3.726 F2500
M3 S280
G1 F900
G1 X-4.037 Y-3.799
G1 X-4.055 Y-3.836
G1 X-4.110 Y-3.854
G1 X-4.146 Y-3.818
G1 X-4.146 Y-3.745
G1 X-4.055 Y-3.726
G1 X-4.037 Y-3.799
M5
G0 X-3.763 Y-3.872 F2500
M3 S280
G1 F900
G1 X-3.726 Y-3.836
G1 X-3.690 Y-3.891
G1 X-3.617 Y-3.872
G1 X-3.635 Y-3.945
G1 X-3.708 Y-3.964
G1 X-3.763 Y-3.909
G1 X-3.763 Y-3.872
G1 X-3.726 Y-3.836
M5
G0 X-3.708 Y-4.000 F2500
M3 S280
G1 F900
G1 X-3.635 Y-4.000
G1 X-3.580 Y-4.073
G1 X-3.562 Y-4.183
G1 X-3.562 Y-4.366
G1 X-3.580 Y-4.402
G1 X-3.690 Y-4.420
G1 X-3.799 Y-4.347
G1 X-3.781 Y-4.092
G1 X-3.708 Y-4.000
G1 X-3.635 Y-4.000
M5
G0 X-3.361 Y-3.909 F2500
M3 S280
G1 F900
G1 X-3.324 Y-3.909
G1 X-3.306 Y-4.000
G1 X-3.343 Y-4.018
G1 X-3.397 Y-3.945
G1 X-3.361 Y-3.909
G1 X-3.324 Y-3.909
M5
G0 X-3.343 Y-4.055 F2500
M3 S280
G1 F900
G1 X-3.306 Y-4.055
G1 X-3.233 Y-4.146
G1 X-3.233 Y-4.384
G1 X-3.288 Y-4.439
G1 X-3.379 Y-4.439
G1 X-3.416 Y-4.420
G1 X-3.452 Y-4.366
G1 X-3.452 Y-4.219
G1 X-3.416 Y-4.110
G1 X-3.343 Y-4.055
G1 X-3.306 Y-4.055
M5
G0 X-3.014 Y-3.927 F2500
M3 S280
G1 F900
G1 X-2.941 Y-3.945
G1 X-2.923 Y-3.982
G1 X-2.977 Y-4.037
G1 X-3.032 Y-3.982
G1 X-3.014 Y-3.927
G1 X-2.941 Y-3.945
M5
G0 X-2.959 Y-4.092 F2500
M3 S280
G1 F900
G1 X-2.886 Y-4.165
G1 X-2.868 Y-4.219
G1 X-2.868 Y-4.329
G1 X-2.923 Y-4.402
G1 X-3.014 Y-4.420
G1 X-3.069 Y-4.366
G1 X-3.069 Y-4.292
G1 X-3.014 Y-4.110
G1 X-2.959 Y-4.092
G1 X-2.886 Y-4.165
M5
G0 X-2.795 Y-4.092 F2500
M3 S280
G1 F900
G1 X-2.722 Y-4.201
G1 X-2.722 Y-4.329
G1 X-2.776 Y-4.493
G1 X-2.831 Y-4.329
G1 X-2.831 Y-4.165
G1 X-2.795 Y-4.092
G1 X-2.722 Y-4.201
M5
G0 X-2.667 Y-4.110 F2500
M3 S280
G1 F900
G1 X-2.630 Y-4.110
G1 X-2.594 Y-4.146
G1 X-2.594 Y-4.201
G1 X-2.649 Y-4.256
G1 X-2.685 Y-4.219
G1 X-2.667 Y-4.110
G1 X-2.630 Y-4.110
M5
G0 X-2.703 Y-4.329 F2500
M3 S280
G1 F900
G1 X-2.575 Y-4.329
G1 X-2.539 Y-4.402
G1 X-2.521 Y-4.621
G1 X-2.539 Y-4.658
G1 X-2.594 Y-4.694
G1 X-2.685 Y-4.676
G1 X-2.740 Y-4.585
G1 X-2.740 Y-4.457
G1 X-2.703 Y-4.329
G1 X-2.575 Y-4.329
M5
G0 X-2.868 Y-4.420 F2500
M3 S280
G1 F900
G1 X-2.831 Y-4.420
G1 X-2.795 Y-4.457
G1 X-2.776 Y-4.512
G1 X-2.776 Y-4.749
G1 X-2.795 Y-4.786
G1 X-2.849 Y-4.822
G1 X-2.886 Y-4.822
G1 X-2.959 Y-4.731
G1 X-2.959 Y-4.530
G1 X-2.868 Y-4.420
G1 X-2.831 Y-4.420
M5
G0 X-3.105 Y-4.548 F2500
M3 S280
G1 F900
G1 X-3.069 Y-4.585
G1 X-3.069 Y-4.804
G1 X-3.087 Y-4.840
G1 X-3.160 Y-4.895
G1 X-3.215 Y-4.840
G1 X-3.215 Y-4.603
G1 X-3.197 Y-4.566
G1 X-3.105 Y-4.548
G1 X-3.069 Y-4.585
M5
G0 X-3.123 Y-4.329 F2500
M3 S280
G1 F900
G1 X-3.105 Y-4.475
G1 X-3.160 Y-4.512
G1 X-3.197 Y-4.475
G1 X-3.197 Y-4.384
G1 X-3.123 Y-4.329
G1 X-3.105 Y-4.475
M5
G0 X-3.617 Y-4.457 F2500
M3 S280
G1 F900
G1 X-3.580 Y-4.493
G1 X-3.598 Y-4.585
G1 X-3.653 Y-4.566
G1 X-3.617 Y-4.457
G1 X-3.580 Y-4.493
M5
G0 X-3.635 Y-4.621 F2500
M3 S280
G1 F900
G1 X-3.580 Y-4.621
G1 X-3.525 Y-4.694
G1 X-3.507 Y-4.950
G1 X-3.544 Y-4.987
G1 X-3.598 Y-4.987
G1 X-3.653 Y-4.932
G1 X-3.671 Y-4.877
G1 X-3.671 Y-4.658
G1 X-3.635 Y-4.621
G1 X-3.580 Y-4.621
M5
G0 X-3.854 Y-4.384 F2500
M3 S280
G1 F900
G1 X-4.073 Y-4.384
G1 X-4.311 Y-4.420
G1 X-4.603 Y-4.512
G1 X-4.731 Y-4.566
G1 X-4.767 Y-4.603
G1 X-4.804 Y-4.603
G1 X-5.060 Y-4.493
G1 X-5.334 Y-4.420
G1 X-5.151 Y-4.420
G1 X-5.005 Y-4.457
G1 X-4.786 Y-4.548
G1 X-4.530 Y-4.420
G1 X-4.311 Y-4.366
G1 X-4.092 Y-4.329
G1 X-3.854 Y-4.384
G1 X-4.073 Y-4.384
M5
G0 X-4.000 Y-4.457 F2500
M3 S280
G1 F900
G1 X-3.945 Y-4.512
G1 X-3.945 Y-4.566
G1 X-4.000 Y-4.603
G1 X-4.037 Y-4.566
G1 X-4.000 Y-4.457
G1 X-3.945 Y-4.512
M5
G0 X-4.018 Y-4.658 F2500
M3 S280
G1 F900
G1 X-3.945 Y-4.676
G1 X-3.927 Y-4.713
G1 X-3.891 Y-4.932
G1 X-3.891 Y-5.005
G1 X-4.000 Y-5.041
G1 X-4.037 Y-4.987
G1 X-4.018 Y-4.658
G1 X-3.945 Y-4.676
M5
G0 X-4.347 Y-4.749 F2500
M3 S280
G1 F900
G1 X-4.311 Y-4.786
G1 X-4.292 Y-4.859
G1 X-4.292 Y-5.078
G1 X-4.347 Y-5.133
G1 X-4.384 Y-5.133
G1 X-4.420 Y-5.114
G1 X-4.439 Y-4.804
G1 X-4.420 Y-4.767
G1 X-4.347 Y-4.749
G1 X-4.311 Y-4.786
M5
G0 X-4.366 Y-4.548 F2500
M3 S280
G1 F900
G1 X-4.329 Y-4.585
G1 X-4.347 Y-4.713
G1 X-4.402 Y-4.694
G1 X-4.420 Y-4.658
G1 X-4.420 Y-4.585
G1 X-4.366 Y-4.548
G1 X-4.329 Y-4.585
M5
G0 X-4.713 Y-4.658 F2500
M3 S280
G1 F900
G1 X-4.731 Y-4.749
G1 X-4.786 Y-4.731
G1 X-4.786 Y-4.676
G1 X-4.713 Y-4.658
G1 X-4.731 Y-4.749
M5
G0 X-4.749 Y-4.786 F2500
M3 S280
G1 F900
G1 X-4.676 Y-4.840
G1 X-4.658 Y-4.914
G1 X-4.658 Y-5.114
G1 X-4.676 Y-5.151
G1 X-4.786 Y-5.151
G1 X-4.804 Y-5.114
G1 X-4.804 Y-4.859
G1 X-4.749 Y-4.786
G1 X-4.676 Y-4.840
M5
G0 X-5.114 Y-4.786 F2500
M3 S280
G1 F900
G1 X-5.096 Y-4.895
G1 X-5.096 Y-5.078
G1 X-5.114 Y-5.133
G1 X-5.151 Y-5.169
G1 X-5.261 Y-5.151
G1 X-5.261 Y-4.877
G1 X-5.224 Y-4.786
G1 X-5.114 Y-4.786
G1 X-5.096 Y-4.895
M5
G0 X-5.206 Y-4.603 F2500
M3 S280
G1 F900
G1 X-5.151 Y-4.603
G1 X-5.169 Y-4.731
G1 X-5.224 Y-4.713
G1 X-5.224 Y-4.640
G1 X-5.206 Y-4.603
G1 X-5.151 Y-4.603
M5
G0 X-5.553 Y-4.201 F2500
M3 S280
G1 F900
G1 X-5.498 Y-4.219
G1 X-5.498 Y-7.032
G1 X-5.498 Y-4.950
G1 X-5.462 Y-4.238
G1 X-5.407 Y-4.402
G1 X-5.407 Y-7.252
G1 X-5.443 Y-7.379
G1 X-5.425 Y-7.434
G1 X-5.462 Y-7.507
G1 X-5.626 Y-7.489
G1 X-5.608 Y-5.261
G1 X-5.626 Y-5.242
G1 X-5.608 Y-5.114
G1 X-5.626 Y-5.078
G1 X-5.608 Y-4.384
G1 X-5.589 Y-4.238
G1 X-5.553 Y-4.201
G1 X-5.498 Y-4.219
M5
G0 X-5.790 Y-4.603 F2500
M3 S280
G1 F900
G1 X-5.772 Y-4.713
G1 X-5.863 Y-4.749
G1 X-5.863 Y-4.621
G1 X-5.790 Y-4.603
G1 X-5.772 Y-4.713
M5
G0 X-5.863 Y-4.804 F2500
M3 S280
G1 F900
G1 X-5.772 Y-4.822
G1 X-5.754 Y-4.877
G1 X-5.754 Y-5.114
G1 X-5.772 Y-5.151
G1 X-5.845 Y-5.188
G1 X-5.882 Y-5.169
G1 X-5.900 Y-4.895
G1 X-5.863 Y-4.804
G1 X-5.772 Y-4.822
M5
G0 X-6.283 Y-4.640 F2500
M3 S280
G1 F900
G1 X-6.229 Y-4.658
G1 X-6.265 Y-4.767
G1 X-6.302 Y-4.731
G1 X-6.283 Y-4.640
G1 X-6.229 Y-4.658
M5
G0 X-6.320 Y-4.822 F2500
M3 S280
G1 F900
G1 X-6.229 Y-4.822
G1 X-6.192 Y-4.914
G1 X-6.192 Y-5.096
G1 X-6.247 Y-5.169
G1 X-6.320 Y-5.169
G1 X-6.357 Y-5.133
G1 X-6.357 Y-4.932
G1 X-6.320 Y-4.822
G1 X-6.229 Y-4.822
M5
G0 X-6.704 Y-4.767 F2500
M3 S280
G1 F900
G1 X-6.594 Y-4.786
G1 X-6.576 Y-4.840
G1 X-6.576 Y-5.060
G1 X-6.649 Y-5.114
G1 X-6.704 Y-5.114
G1 X-6.740 Y-5.078
G1 X-6.740 Y-4.914
G1 X-6.704 Y-4.767
G1 X-6.594 Y-4.786
M5
G0 X-6.649 Y-4.566 F2500
M3 S280
G1 F900
G1 X-6.594 Y-4.566
G1 X-6.612 Y-4.713
G1 X-6.667 Y-4.694
G1 X-6.667 Y-4.603
G1 X-6.649 Y-4.566
G1 X-6.594 Y-4.566
M5
G0 X-6.978 Y-4.475 F2500
M3 S280
G1 F900
G1 X-6.959 Y-4.585
G1 X-6.996 Y-4.621
G1 X-7.051 Y-4.603
G1 X-7.051 Y-4.493
G1 X-6.978 Y-4.475
G1 X-6.959 Y-4.585
M5
G0 X-7.051 Y-4.658 F2500
M3 S280
G1 F900
G1 X-6.996 Y-4.658
G1 X-6.959 Y-4.694
G1 X-6.941 Y-4.987
G1 X-6.978 Y-5.060
G1 X-7.051 Y-5.041
G1 X-7.105 Y-4.968
G1 X-7.087 Y-4.749
G1 X-7.051 Y-4.658
G1 X-6.996 Y-4.658
M5
G0 X-7.233 Y-4.366 F2500
M3 S280
G1 F900
G1 X-7.215 Y-4.329
G1 X-6.795 Y-4.347
G1 X-6.576 Y-4.402
G1 X-6.320 Y-4.530
G1 X-6.192 Y-4.530
G1 X-5.991 Y-4.439
G1 X-5.790 Y-4.402
G1 X-5.717 Y-4.402
G1 X-5.644 Y-4.439
G1 X-5.681 Y-4.475
G1 X-5.900 Y-4.475
G1 X-6.265 Y-4.603
G1 X-6.357 Y-4.548
G1 X-6.685 Y-4.420
G1 X-6.923 Y-4.384
G1 X-7.233 Y-4.366
G1 X-7.215 Y-4.329
M5
G0 X-7.434 Y-4.475 F2500
M3 S280
G1 F900
G1 X-7.361 Y-4.493
G1 X-7.361 Y-4.566
G1 X-7.398 Y-4.603
G1 X-7.452 Y-4.585
G1 X-7.434 Y-4.475
G1 X-7.361 Y-4.493
M5
G0 X-7.398 Y-4.640 F2500
M3 S280
G1 F900
G1 X-7.361 Y-4.676
G1 X-7.343 Y-4.932
G1 X-7.361 Y-4.968
G1 X-7.452 Y-4.987
G1 X-7.489 Y-4.914
G1 X-7.471 Y-4.694
G1 X-7.452 Y-4.658
G1 X-7.398 Y-4.640
G1 X-7.361 Y-4.676
M5
G0 X-7.891 Y-4.566 F2500
M3 S280
G1 F900
G1 X-7.854 Y-4.566
G1 X-7.818 Y-4.603
G1 X-7.800 Y-4.658
G1 X-7.800 Y-4.804
G1 X-7.836 Y-4.877
G1 X-7.927 Y-4.877
G1 X-7.946 Y-4.840
G1 X-7.946 Y-4.676
G1 X-7.927 Y-4.603
G1 X-7.891 Y-4.566
G1 X-7.854 Y-4.566
M5
G0 X-7.836 Y-4.402 F2500
M3 S280
G1 F900
G1 X-7.818 Y-4.457
G1 X-7.836 Y-4.530
G1 X-7.891 Y-4.512
G1 X-7.836 Y-4.402
G1 X-7.818 Y-4.457
M5
G0 X-7.891 Y-4.238 F2500
M3 S280
G1 F900
G1 X-7.854 Y-4.329
G1 X-7.891 Y-4.366
G1 X-7.891 Y-4.238
G1 X-7.854 Y-4.329
M5
G0 X-7.708 Y-4.073 F2500
M3 S280
G1 F900
G1 X-7.672 Y-4.073
G1 X-7.617 Y-4.128
G1 X-7.580 Y-4.274
G1 X-7.599 Y-4.420
G1 X-7.635 Y-4.439
G1 X-7.690 Y-4.402
G1 X-7.726 Y-4.439
G1 X-7.800 Y-4.384
G1 X-7.800 Y-4.201
G1 X-7.781 Y-4.146
G1 X-7.708 Y-4.073
G1 X-7.672 Y-4.073
M5
G0 X-7.690 Y-3.909 F2500
M3 S280
G1 F900
G1 X-7.653 Y-3.945
G1 X-7.653 Y-4.000
G1 X-7.690 Y-4.037
G1 X-7.745 Y-4.018
G1 X-7.745 Y-3.945
G1 X-7.690 Y-3.909
G1 X-7.653 Y-3.945
M5
G0 X-7.562 Y-3.799 F2500
M3 S280
G1 F900
G1 X-7.526 Y-3.617
G1 X-7.379 Y-3.489
G1 X-7.160 Y-3.379
G1 X-7.014 Y-3.343
G1 X-6.685 Y-3.343
G1 X-6.484 Y-3.397
G1 X-6.375 Y-3.452
G1 X-6.375 Y-3.690
G1 X-6.430 Y-3.690
G1 X-6.484 Y-3.653
G1 X-6.685 Y-3.598
G1 X-7.032 Y-3.598
G1 X-7.233 Y-3.653
G1 X-7.416 Y-3.745
G1 X-7.507 Y-3.818
G1 X-7.562 Y-3.799
G1 X-7.526 Y-3.617
M5
G0 X-7.580 Y-3.598 F2500
M3 S280
G1 F900
G1 X-7.580 Y-3.745
G1 X-7.635 Y-3.836
G1 X-7.726 Y-3.799
G1 X-7.854 Y-3.781
G1 X-8.110 Y-3.818
G1 X-8.329 Y-3.945
G1 X-8.421 Y-4.037
G1 X-8.439 Y-3.964
G1 X-8.366 Y-3.763
G1 X-8.220 Y-3.635
G1 X-8.110 Y-3.580
G1 X-7.909 Y-3.525
G1 X-7.653 Y-3.544
G1 X-7.580 Y-3.598
G1 X-7.580 Y-3.745
M5
G0 X-7.434 Y-3.909 F2500
M3 S280
G1 F900
G1 X-7.398 Y-3.872
G1 X-7.325 Y-3.872
G1 X-7.288 Y-3.909
G1 X-7.306 Y-3.945
G1 X-7.398 Y-3.964
G1 X-7.434 Y-3.909
G1 X-7.398 Y-3.872
M5
G0 X-7.379 Y-4.018 F2500
M3 S280
G1 F900
G1 X-7.343 Y-4.018
G1 X-7.306 Y-4.055
G1 X-7.252 Y-4.219
G1 X-7.252 Y-4.366
G1 X-7.343 Y-4.439
G1 X-7.416 Y-4.439
G1 X-7.452 Y-4.402
G1 X-7.452 Y-4.128
G1 X-7.434 Y-4.073
G1 X-7.379 Y-4.018
G1 X-7.343 Y-4.018
M5
G0 X-6.959 Y-3.891 F2500
M3 S280
G1 F900
G1 X-6.886 Y-3.909
G1 X-6.831 Y-3.982
G1 X-6.850 Y-4.292
G1 X-6.886 Y-4.311
G1 X-6.978 Y-4.311
G1 X-7.032 Y-4.238
G1 X-7.014 Y-3.982
G1 X-6.996 Y-3.927
G1 X-6.959 Y-3.891
G1 X-6.886 Y-3.909
M5
G0 X-6.905 Y-3.726 F2500
M3 S280
G1 F900
G1 X-6.868 Y-3.781
G1 X-6.886 Y-3.818
G1 X-6.941 Y-3.854
G1 X-6.978 Y-3.818
G1 X-6.959 Y-3.726
G1 X-6.905 Y-3.726
G1 X-6.868 Y-3.781
M5
G0 X-8.019 Y-4.073 F2500
M3 S280
G1 F900
G1 X-7.964 Y-4.146
G1 X-7.964 Y-4.366
G1 X-8.019 Y-4.439
G1 X-8.092 Y-4.457
G1 X-8.165 Y-4.402
G1 X-8.165 Y-4.274
G1 X-8.147 Y-4.183
G1 X-8.092 Y-4.110
G1 X-8.055 Y-4.110
G1 X-8.019 Y-4.146
G1 X-8.055 Y-4.110
G1 X-8.110 Y-4.092
G1 X-8.019 Y-4.073
G1 X-7.964 Y-4.146
M5
G0 X-8.183 Y-4.073 F2500
M3 S280
G1 F900
G1 X-8.201 Y-4.402
G1 X-8.256 Y-4.566
G1 X-8.274 Y-4.420
G1 X-8.311 Y-4.347
G1 X-8.311 Y-4.165
G1 X-8.274 Y-4.092
G1 X-8.183 Y-4.073
G1 X-8.201 Y-4.402
M5
G0 X-8.165 Y-4.457 F2500
M3 S280
G1 F900
G1 X-8.128 Y-4.475
G1 X-8.074 Y-4.548
G1 X-8.074 Y-4.713
G1 X-8.092 Y-4.767
G1 X-8.147 Y-4.822
G1 X-8.201 Y-4.822
G1 X-8.238 Y-4.786
G1 X-8.256 Y-4.731
G1 X-8.256 Y-4.640
G1 X-8.220 Y-4.493
G1 X-8.165 Y-4.457
G1 X-8.128 Y-4.475
M5
G0 X-8.439 Y-4.311 F2500
M3 S280
G1 F900
G1 X-8.402 Y-4.311
G1 X-8.329 Y-4.384
G1 X-8.293 Y-4.457
G1 X-8.311 Y-4.640
G1 X-8.384 Y-4.713
G1 X-8.439 Y-4.713
G1 X-8.494 Y-4.658
G1 X-8.512 Y-4.603
G1 X-8.512 Y-4.475
G1 X-8.475 Y-4.347
G1 X-8.439 Y-4.311
G1 X-8.402 Y-4.311
M5
G0 X-8.384 Y-4.110 F2500
M3 S280
G1 F900
G1 X-8.348 Y-4.146
G1 X-8.384 Y-4.274
G1 X-8.439 Y-4.201
G1 X-8.439 Y-4.146
G1 X-8.384 Y-4.110
G1 X-8.348 Y-4.146
M5
G0 X-8.128 Y-3.982 F2500
M3 S280
G1 F900
G1 X-8.055 Y-3.927
G1 X-8.019 Y-3.945
G1 X-8.019 Y-4.037
G1 X-8.092 Y-4.037
G1 X-8.128 Y-3.982
G1 X-8.055 Y-3.927
M5
G0 X-4.621 Y-3.452 F2500
M3 S280
G1 F900
G1 X-4.475 Y-3.379
G1 X-4.311 Y-3.343
G1 X-4.092 Y-3.343
G1 X-3.818 Y-3.416
G1 X-3.562 Y-3.544
G1 X-3.507 Y-3.598
G1 X-3.489 Y-3.690
G1 X-3.525 Y-3.818
G1 X-3.653 Y-3.726
G1 X-3.836 Y-3.635
G1 X-4.037 Y-3.580
G1 X-4.311 Y-3.580
G1 X-4.512 Y-3.635
G1 X-4.566 Y-3.671
G1 X-4.621 Y-3.653
G1 X-4.640 Y-3.580
G1 X-4.621 Y-3.452
G1 X-4.475 Y-3.379
M5
G0 X-3.452 Y-3.598 F2500
M3 S280
G1 F900
G1 X-3.416 Y-3.562
G1 X-3.361 Y-3.544
G1 X-3.233 Y-3.544
G1 X-3.215 Y-3.525
G1 X-2.996 Y-3.544
G1 X-2.868 Y-3.598
G1 X-2.703 Y-3.745
G1 X-2.630 Y-3.854
G1 X-2.594 Y-3.945
G1 X-2.594 Y-4.037
G1 X-2.849 Y-3.836
G1 X-2.941 Y-3.799
G1 X-3.123 Y-3.781
G1 X-3.306 Y-3.818
G1 X-3.361 Y-3.854
G1 X-3.434 Y-3.836
G1 X-3.452 Y-3.763
G1 X-3.452 Y-3.598
G1 X-3.416 Y-3.562
M5
G0 X-2.740 Y-3.799 F2500
M3 S280
G1 F900
G1 X-2.722 Y-3.854
G1 X-2.649 Y-3.927
G1 X-2.722 Y-3.854
G1 X-2.740 Y-3.799
G1 X-2.722 Y-3.854
M5
G0 X-0.785 Y-3.635 F2500
M3 S280
G1 F900
G1 X-0.731 Y-3.471
G1 X-0.621 Y-3.361
G1 X-0.347 Y-3.251
G1 X-0.110 Y-3.197
G1 X0.292 Y-3.197
G1 X0.511 Y-3.251
G1 X0.694 Y-3.416
G1 X0.749 Y-3.525
G1 X0.731 Y-3.580
G1 X0.676 Y-3.580
G1 X0.402 Y-3.507
G1 X0.055 Y-3.489
G1 X-0.420 Y-3.544
G1 X-0.731 Y-3.635
G1 X-0.785 Y-3.635
G1 X-0.731 Y-3.471
M5
G0 X-0.237 Y-2.923 F2500
M3 S280
G1 F900
G1 X-0.146 Y-2.795
G1 X-0.055 Y-2.758
G1 X0.073 Y-2.776
G1 X0.164 Y-2.849
G1 X0.164 Y-2.923
G1 X-0.146 Y-2.941
G1 X-0.237 Y-2.923
G1 X-0.146 Y-2.795
M5
G0 X-0.110 Y-2.722 F2500
M3 S280
G1 F900
G1 X-0.219 Y-2.795
G1 X-0.274 Y-2.941
G1 X-0.402 Y-3.014
G1 X-0.475 Y-3.087
G1 X-0.548 Y-3.270
G1 X-0.676 Y-3.324
G1 X-0.785 Y-3.416
G1 X-0.822 Y-3.471
G1 X-0.877 Y-3.653
G1 X-1.059 Y-3.799
G1 X-1.224 Y-3.982
G1 X-1.297 Y-4.128
G1 X-1.352 Y-4.402
G1 X-1.388 Y-4.475
G1 X-1.516 Y-4.603
G1 X-1.662 Y-4.804
G1 X-1.827 Y-5.151
G1 X-1.900 Y-5.462
G1 X-1.918 Y-5.735
G1 X-1.900 Y-6.083
G1 X-1.845 Y-6.393
G1 X-1.662 Y-6.923
G1 X-1.480 Y-7.288
G1 X-0.877 Y-8.238
G1 X-0.731 Y-8.512
G1 X-0.585 Y-8.895
G1 X-0.493 Y-9.297
G1 X-0.420 Y-9.772
G1 X-0.402 Y-10.119
G1 X-0.365 Y-10.357
G1 X-0.311 Y-10.466
G1 X-0.219 Y-10.558
G1 X-0.091 Y-10.612
G1 X0.018 Y-10.612
G1 X0.146 Y-10.558
G1 X0.219 Y-10.503
G1 X0.384 Y-10.338
G1 X0.548 Y-10.101
G1 X0.639 Y-9.918
G1 X0.767 Y-9.590
G1 X0.895 Y-9.151
G1 X1.059 Y-8.804
G1 X1.242 Y-8.530
G1 X1.662 Y-8.000
G1 X1.936 Y-7.599
G1 X2.119 Y-7.233
G1 X2.210 Y-6.978
G1 X2.283 Y-6.631
G1 X2.302 Y-6.137
G1 X2.265 Y-5.827
G1 X2.210 Y-5.589
G1 X2.155 Y-5.425
G1 X2.046 Y-5.206
G1 X1.918 Y-5.023
G1 X1.790 Y-4.877
G1 X1.680 Y-4.786
G1 X1.644 Y-4.731
G1 X1.589 Y-4.566
G1 X1.461 Y-4.384
G1 X1.224 Y-4.146
G1 X1.206 Y-4.000
G1 X1.096 Y-3.818
G1 X0.822 Y-3.562
G1 X0.804 Y-3.452
G1 X0.712 Y-3.306
G1 X0.603 Y-3.215
G1 X0.493 Y-3.178
G1 X0.457 Y-3.105
G1 X0.457 Y-3.050
G1 X0.384 Y-2.959
G1 X0.256 Y-2.923
G1 X0.219 Y-2.886
G1 X0.201 Y-2.813
G1 X0.091 Y-2.722
G1 X-0.110 Y-2.722
G1 X-0.219 Y-2.795
M5
G0 X0.402 Y-3.123 F2500
M3 S280
G1 F900
G1 X0.384 Y-3.178
G1 X0.219 Y-3.142
G1 X0.037 Y-3.142
G1 X-0.183 Y-3.178
G1 X-0.402 Y-3.251
G1 X-0.475 Y-3.233
G1 X-0.438 Y-3.142
G1 X-0.329 Y-3.032
G1 X-0.164 Y-2.959
G1 X-0.037 Y-2.941
G1 X0.219 Y-2.959
G1 X0.292 Y-2.996
G1 X0.402 Y-3.123
G1 X0.384 Y-3.178
M5
G0 X0.548 Y-4.073 F2500
M3 S280
G1 F900
G1 X0.785 Y-4.110
G1 X1.023 Y-4.183
G1 X1.279 Y-4.329
G1 X1.443 Y-4.512
G1 X1.553 Y-4.749
G1 X1.370 Y-4.713
G1 X1.279 Y-4.731
G1 X1.406 Y-4.749
G1 X1.571 Y-4.822
G1 X1.680 Y-4.914
G1 X1.881 Y-5.133
G1 X2.082 Y-5.498
G1 X2.155 Y-5.717
G1 X2.228 Y-6.174
G1 X2.210 Y-6.466
G1 X2.137 Y-6.868
G1 X2.009 Y-7.233
G1 X1.900 Y-7.452
G1 X1.680 Y-7.800
G1 X1.078 Y-8.585
G1 X0.913 Y-8.859
G1 X0.804 Y-9.115
G1 X0.639 Y-9.681
G1 X0.511 Y-9.973
G1 X0.365 Y-10.192
G1 X0.110 Y-10.448
G1 X0.018 Y-10.503
G1 X-0.073 Y-10.503
G1 X-0.146 Y-10.466
G1 X-0.274 Y-10.320
G1 X-0.311 Y-10.156
G1 X-0.365 Y-9.553
G1 X-0.438 Y-9.133
G1 X-0.530 Y-8.786
G1 X-0.658 Y-8.439
G1 X-0.986 Y-7.873
G1 X-1.425 Y-7.197
G1 X-1.644 Y-6.740
G1 X-1.790 Y-6.229
G1 X-1.827 Y-5.936
G1 X-1.827 Y-5.589
G1 X-1.754 Y-5.224
G1 X-1.644 Y-4.932
G1 X-1.352 Y-4.548
G1 X-1.151 Y-4.384
G1 X-0.895 Y-4.256
G1 X-0.438 Y-4.128
G1 X0.037 Y-4.073
G1 X0.548 Y-4.073
G1 X0.785 Y-4.110
M5
G0 X1.151 Y-4.110 F2500
M3 S280
G1 F900
G1 X1.132 Y-4.183
G1 X1.096 Y-4.183
G1 X0.877 Y-4.092
G1 X0.639 Y-4.037
G1 X0.091 Y-4.018
G1 X-0.365 Y-4.073
G1 X-0.438 Y-4.110
G1 X-0.585 Y-4.128
G1 X-0.858 Y-4.201
G1 X-1.242 Y-4.366
G1 X-1.279 Y-4.329
G1 X-1.206 Y-4.128
G1 X-1.132 Y-4.000
G1 X-1.059 Y-3.909
G1 X-0.895 Y-3.763
G1 X-0.767 Y-3.690
G1 X-0.566 Y-3.617
G1 X-0.164 Y-3.544
G1 X0.091 Y-3.525
G1 X0.402 Y-3.544
G1 X0.658 Y-3.598
G1 X0.840 Y-3.690
G1 X0.986 Y-3.818
G1 X1.096 Y-3.964
G1 X1.151 Y-4.110
G1 X1.132 Y-4.183
M5
G0 X1.224 Y-4.877 F2500
M3 S280
G1 F900
G1 X1.260 Y-4.987
G1 X1.279 Y-5.242
G1 X1.260 Y-5.388
G1 X1.187 Y-5.608
G1 X1.041 Y-5.845
G1 X0.767 Y-6.137
G1 X0.566 Y-6.411
G1 X0.420 Y-6.685
G1 X0.311 Y-7.051
G1 X0.274 Y-7.343
G1 X0.274 Y-7.745
G1 X0.311 Y-8.019
G1 X0.329 Y-8.603
G1 X0.201 Y-9.389
G1 X0.037 Y-9.973
G1 X0.000 Y-10.247
G1 X0.018 Y-10.338
G1 X0.164 Y-10.156
G1 X0.292 Y-9.937
G1 X0.420 Y-9.571
G1 X0.420 Y-9.498
G1 X0.694 Y-8.713
G1 X0.932 Y-8.348
G1 X1.169 Y-8.074
G1 X1.498 Y-7.617
G1 X1.662 Y-7.288
G1 X1.808 Y-6.886
G1 X1.863 Y-6.557
G1 X1.863 Y-6.064
G1 X1.808 Y-5.735
G1 X1.772 Y-5.626
G1 X1.626 Y-5.352
G1 X1.224 Y-4.877
G1 X1.260 Y-4.987
M5
G0 X0.950 Y-5.151 F2500
M3 S280
G1 F900
G1 X0.950 Y-5.188
G1 X0.877 Y-5.334
G1 X0.785 Y-5.462
G1 X0.347 Y-5.900
G1 X0.183 Y-6.119
G1 X0.073 Y-6.338
G1 X-0.037 Y-6.704
G1 X-0.091 Y-7.051
G1 X-0.091 Y-7.452
G1 X-0.037 Y-7.891
G1 X0.037 Y-8.256
G1 X0.037 Y-8.494
G1 X0.055 Y-8.512
G1 X0.037 Y-9.005
G1 X0.037 Y-8.804
G1 X0.055 Y-8.786
G1 X0.055 Y-8.348
G1 X0.018 Y-7.982
G1 X-0.055 Y-7.562
G1 X-0.055 Y-6.941
G1 X0.000 Y-6.631
G1 X0.073 Y-6.393
G1 X0.183 Y-6.156
G1 X0.402 Y-5.863
G1 X0.804 Y-5.480
G1 X0.913 Y-5.315
G1 X0.950 Y-5.206
G1 X0.950 Y-5.151
G1 X0.950 Y-5.188
M5
G0 X1.406 Y-5.608 F2500
M3 S280
G1 F900
G1 X1.370 Y-5.662
G1 X1.333 Y-5.626
G1 X1.406 Y-5.608
G1 X1.370 Y-5.662
M5
G0 X1.461 Y-5.571 F2500
M3 S280
G1 F900
G1 X1.626 Y-5.735
G1 X1.717 Y-5.790
G1 X1.735 Y-5.845
G1 X1.772 Y-5.882
G1 X1.772 Y-5.918
G1 X1.735 Y-5.936
G1 X1.735 Y-5.973
G1 X1.790 Y-5.991
G1 X1.808 Y-6.283
G1 X1.790 Y-6.357
G1 X1.808 Y-6.484
G1 X1.790 Y-6.557
G1 X1.754 Y-6.594
G1 X1.790 Y-6.612
G1 X1.790 Y-6.667
G1 X1.735 Y-6.685
G1 X1.772 Y-6.740
G1 X1.680 Y-6.868
G1 X1.735 Y-6.886
G1 X1.735 Y-6.941
G1 X1.680 Y-6.978
G1 X1.699 Y-7.014
G1 X1.662 Y-7.032
G1 X1.680 Y-7.105
G1 X1.644 Y-7.142
G1 X1.662 Y-7.178
G1 X1.589 Y-7.306
G1 X1.534 Y-7.270
G1 X1.553 Y-7.306
G1 X1.571 Y-7.306
G1 X1.571 Y-7.379
G1 X1.480 Y-7.562
G1 X1.352 Y-7.708
G1 X1.370 Y-7.745
G1 X1.187 Y-7.964
G1 X1.169 Y-8.019
G1 X1.096 Y-8.055
G1 X1.114 Y-8.092
G1 X0.968 Y-8.274
G1 X0.932 Y-8.293
G1 X0.913 Y-8.348
G1 X0.785 Y-8.512
G1 X0.639 Y-8.749
G1 X0.493 Y-9.224
G1 X0.457 Y-9.243
G1 X0.311 Y-9.115
G1 X0.365 Y-9.023
G1 X0.438 Y-9.115
G1 X0.475 Y-9.133
G1 X0.329 Y-8.987
G1 X0.347 Y-8.877
G1 X0.511 Y-9.023
G1 X0.365 Y-8.804
G1 X0.384 Y-8.749
G1 X0.530 Y-8.914
G1 X0.493 Y-8.841
G1 X0.384 Y-8.731
G1 X0.402 Y-8.622
G1 X0.530 Y-8.749
G1 X0.402 Y-8.603
G1 X0.420 Y-8.475
G1 X0.566 Y-8.640
G1 X0.493 Y-8.530
G1 X0.402 Y-8.439
G1 X0.420 Y-8.329
G1 X0.603 Y-8.530
G1 X0.402 Y-8.311
G1 X0.420 Y-8.165
G1 X0.621 Y-8.384
G1 X0.402 Y-8.110
G1 X0.420 Y-8.000
G1 X0.658 Y-8.256
G1 X0.402 Y-7.964
G1 X0.384 Y-7.927
G1 X0.438 Y-7.854
G1 X0.658 Y-8.110
G1 X0.384 Y-7.781
G1 X0.402 Y-7.672
G1 X0.585 Y-7.873
G1 X0.384 Y-7.617
G1 X0.384 Y-7.580
G1 X0.420 Y-7.526
G1 X0.676 Y-7.854
G1 X0.402 Y-7.471
G1 X0.402 Y-7.434
G1 X0.438 Y-7.379
G1 X0.585 Y-7.562
G1 X0.621 Y-7.580
G1 X0.420 Y-7.343
G1 X0.438 Y-7.215
G1 X0.712 Y-7.544
G1 X0.548 Y-7.343
G1 X0.511 Y-7.270
G1 X0.438 Y-7.197
G1 X0.457 Y-7.069
G1 X0.548 Y-7.160
G1 X0.621 Y-7.270
G1 X0.566 Y-7.160
G1 X0.457 Y-7.032
G1 X0.457 Y-6.996
G1 X0.493 Y-6.941
G1 X0.621 Y-7.087
G1 X0.712 Y-7.233
G1 X0.530 Y-6.941
G1 X0.493 Y-6.923
G1 X0.493 Y-6.886
G1 X0.566 Y-6.831
G1 X0.658 Y-6.959
G1 X0.548 Y-6.795
G1 X0.548 Y-6.740
G1 X0.585 Y-6.704
G1 X0.712 Y-6.886
G1 X0.712 Y-6.850
G1 X0.585 Y-6.649
G1 X0.639 Y-6.576
G1 X0.749 Y-6.740
G1 X0.731 Y-6.667
G1 X0.639 Y-6.557
G1 X0.676 Y-6.503
G1 X0.731 Y-6.503
G1 X0.804 Y-6.594
G1 X0.785 Y-6.539
G1 X0.694 Y-6.466
G1 X0.731 Y-6.411
G1 X0.767 Y-6.393
G1 X0.804 Y-6.448
G1 X0.858 Y-6.484
G1 X0.840 Y-6.430
G1 X0.785 Y-6.411
G1 X0.785 Y-6.320
G1 X0.822 Y-6.302
G1 X0.858 Y-6.357
G1 X0.895 Y-6.375
G1 X0.840 Y-6.265
G1 X0.877 Y-6.229
G1 X0.913 Y-6.247
G1 X0.950 Y-6.302
G1 X0.950 Y-6.247
G1 X0.913 Y-6.229
G1 X0.895 Y-6.174
G1 X0.932 Y-6.137
G1 X0.986 Y-6.210
G1 X1.023 Y-6.210
G1 X0.986 Y-6.137
G1 X1.023 Y-6.101
G1 X1.114 Y-6.174
G1 X1.114 Y-6.210
G1 X1.151 Y-6.192
G1 X1.096 Y-6.156
G1 X1.114 Y-6.101
G1 X1.151 Y-6.101
G1 X1.187 Y-6.137
G1 X1.187 Y-6.174
G1 X1.224 Y-6.174
G1 X1.206 Y-6.137
G1 X1.169 Y-6.119
G1 X1.169 Y-6.083
G1 X1.096 Y-6.009
G1 X1.132 Y-5.973
G1 X1.187 Y-5.991
G1 X1.224 Y-6.064
G1 X1.279 Y-6.101
G1 X1.297 Y-6.137
G1 X1.315 Y-6.101
G1 X1.260 Y-6.083
G1 X1.242 Y-6.028
G1 X1.206 Y-6.009
G1 X1.132 Y-5.900
G1 X1.169 Y-5.845
G1 X1.352 Y-6.046
G1 X1.352 Y-6.083
G1 X1.388 Y-6.064
G1 X1.333 Y-6.028
G1 X1.333 Y-5.991
G1 X1.279 Y-5.955
G1 X1.187 Y-5.809
G1 X1.224 Y-5.772
G1 X1.297 Y-5.845
G1 X1.333 Y-5.918
G1 X1.406 Y-5.973
G1 X1.370 Y-5.900
G1 X1.315 Y-5.863
G1 X1.242 Y-5.754
G1 X1.297 Y-5.717
G1 X1.297 Y-5.754
G1 X1.498 Y-5.936
G1 X1.480 Y-5.900
G1 X1.461 Y-5.900
G1 X1.443 Y-5.845
G1 X1.388 Y-5.827
G1 X1.333 Y-5.754
G1 X1.333 Y-5.662
G1 X1.480 Y-5.827
G1 X1.516 Y-5.827
G1 X1.498 Y-5.790
G1 X1.443 Y-5.754
G1 X1.406 Y-5.644
G1 X1.461 Y-5.662
G1 X1.534 Y-5.772
G1 X1.589 Y-5.790
G1 X1.443 Y-5.626
G1 X1.461 Y-5.571
G1 X1.626 Y-5.735
M5
G0 X1.114 Y-6.046 F2500
M3 S280
G1 F900
G1 X1.132 Y-6.083
G1 X1.078 Y-6.119
G1 X1.041 Y-6.064
G1 X1.114 Y-6.046
G1 X1.132 Y-6.083
M5
G0 X4.110 Y-7.051 F2500
M3 S280
G1 F900
G1 X4.183 Y-7.014
G1 X4.366 Y-6.978
G1 X4.292 Y-7.032
G1 X4.274 Y-7.069
G1 X4.329 Y-7.069
G1 X4.347 Y-7.105
G1 X4.384 Y-7.124
G1 X4.457 Y-7.124
G1 X4.731 Y-7.197
G1 X5.023 Y-7.233
G1 X5.772 Y-7.233
G1 X6.101 Y-7.197
G1 X6.375 Y-7.124
G1 X6.448 Y-7.069
G1 X6.484 Y-7.014
G1 X6.539 Y-7.051
G1 X6.430 Y-7.142
G1 X6.557 Y-7.051
G1 X6.594 Y-7.069
G1 X6.631 Y-7.124
G1 X6.557 Y-7.178
G1 X6.503 Y-7.160
G1 X6.503 Y-7.197
G1 X6.009 Y-7.306
G1 X5.498 Y-7.343
G1 X5.169 Y-7.343
G1 X4.676 Y-7.306
G1 X4.402 Y-7.252
G1 X4.165 Y-7.160
G1 X4.110 Y-7.051
G1 X4.183 Y-7.014
M5
G0 X4.347 Y-7.051 F2500
M3 S280
G1 F900
G1 X4.731 Y-6.612
G1 X5.206 Y-6.685
G1 X5.809 Y-6.685
G1 X5.991 Y-6.631
G1 X6.046 Y-6.740
G1 X6.320 Y-7.105
G1 X5.809 Y-7.197
G1 X5.242 Y-7.215
G1 X4.804 Y-7.178
G1 X4.548 Y-7.124
G1 X4.512 Y-7.087
G1 X4.457 Y-7.105
G1 X4.347 Y-7.051
G1 X4.731 Y-6.612
M5
G0 X4.731 Y-6.484 F2500
M3 S280
G1 F900
G1 X4.767 Y-6.448
G1 X4.932 Y-6.521
G1 X5.297 Y-6.576
G1 X5.608 Y-6.576
G1 X5.754 Y-6.557
G1 X5.900 Y-6.484
G1 X5.918 Y-6.448
G1 X5.955 Y-6.484
G1 X5.936 Y-6.557
G1 X5.882 Y-6.612
G1 X5.735 Y-6.649
G1 X5.206 Y-6.649
G1 X5.005 Y-6.631
G1 X4.786 Y-6.576
G1 X4.749 Y-6.539
G1 X4.731 Y-6.484
G1 X4.767 Y-6.448
M5
G0 X4.786 Y-6.411 F2500
M3 S280
G1 F900
G1 X4.804 Y-6.375
G1 X4.859 Y-6.375
G1 X4.914 Y-6.411
G1 X5.224 Y-6.466
G1 X5.553 Y-6.466
G1 X5.754 Y-6.430
G1 X5.882 Y-6.375
G1 X5.918 Y-6.430
G1 X5.845 Y-6.484
G1 X5.699 Y-6.521
G1 X5.553 Y-6.539
G1 X5.206 Y-6.539
G1 X4.914 Y-6.484
G1 X4.822 Y-6.448
G1 X4.786 Y-6.411
G1 X4.804 Y-6.375
M5
G0 X4.219 Y-7.252 F2500
M3 S280
G1 F900
G1 X4.274 Y-7.233
G1 X4.347 Y-7.270
G1 X4.767 Y-7.361
G1 X5.188 Y-7.398
G1 X5.772 Y-7.379
G1 X6.320 Y-7.288
G1 X6.484 Y-7.233
G1 X6.539 Y-7.252
G1 X6.484 Y-7.306
G1 X6.338 Y-7.361
G1 X5.772 Y-7.452
G1 X5.041 Y-7.452
G1 X4.457 Y-7.361
G1 X4.292 Y-7.306
G1 X4.219 Y-7.252
G1 X4.274 Y-7.233
M5
G0 X3.909 Y-7.781 F2500
M3 S280
G1 F900
G1 X3.927 Y-7.745
G1 X4.018 Y-7.745
G1 X4.165 Y-7.818
G1 X4.420 Y-7.891
G1 X4.767 Y-7.946
G1 X5.206 Y-7.982
G1 X5.662 Y-7.982
G1 X6.137 Y-7.927
G1 X6.521 Y-7.836
G1 X6.704 Y-7.745
G1 X6.758 Y-7.763
G1 X6.758 Y-7.836
G1 X6.649 Y-7.927
G1 X6.594 Y-7.891
G1 X6.612 Y-7.927
G1 X6.557 Y-7.964
G1 X6.101 Y-8.074
G1 X5.681 Y-8.110
G1 X5.060 Y-8.110
G1 X4.640 Y-8.074
G1 X4.311 Y-8.019
G1 X4.146 Y-7.964
G1 X4.000 Y-7.891
G1 X3.909 Y-7.781
G1 X3.927 Y-7.745
M5
G0 X6.265 Y-6.959 F2500
M3 S280
G1 F900
G1 X6.302 Y-6.941
G1 X6.411 Y-6.996
G1 X6.430 Y-7.032
G1 X6.357 Y-7.087
G1 X6.265 Y-6.959
G1 X6.302 Y-6.941
M5
G0 X6.631 Y-7.745 F2500
M3 S280
G1 F900
G1 X6.448 Y-7.818
G1 X5.936 Y-7.927
G1 X5.900 Y-7.909
G1 X5.754 Y-7.946
G1 X5.060 Y-7.946
G1 X4.694 Y-7.909
G1 X4.420 Y-7.854
G1 X4.146 Y-7.763
G1 X4.073 Y-7.672
G1 X4.165 Y-7.489
G1 X4.274 Y-7.398
G1 X4.347 Y-7.398
G1 X4.621 Y-7.471
G1 X4.932 Y-7.507
G1 X5.352 Y-7.526
G1 X5.535 Y-7.507
G1 X5.626 Y-7.526
G1 X5.882 Y-7.507
G1 X6.210 Y-7.452
G1 X6.411 Y-7.379
G1 X6.448 Y-7.416
G1 X6.631 Y-7.745
G1 X6.448 Y-7.818
M5
G0 X8.494 Y-7.653 F2500
M3 S280
G1 F900
G1 X8.293 Y-7.891
G1 X7.690 Y-8.475
G1 X7.361 Y-8.731
G1 X6.795 Y-9.078
G1 X6.521 Y-9.206
G1 X6.064 Y-9.370
G1 X5.571 Y-9.480
G1 X5.206 Y-9.517
G1 X4.548 Y-9.498
G1 X4.512 Y-9.535
G1 X4.493 Y-9.480
G1 X4.548 Y-9.425
G1 X4.512 Y-9.443
G1 X4.366 Y-9.791
G1 X4.256 Y-9.955
G1 X4.183 Y-10.028
G1 X4.329 Y-9.864
G1 X4.475 Y-9.571
G1 X4.530 Y-9.517
G1 X5.352 Y-9.517
G1 X5.735 Y-9.462
G1 X6.320 Y-9.297
G1 X6.594 Y-9.188
G1 X6.886 Y-9.042
G1 X7.379 Y-8.731
G1 X7.708 Y-8.475
G1 X8.183 Y-8.019
G1 X8.494 Y-7.653
G1 X8.293 Y-7.891
M5
G0 X8.475 Y-7.452 F2500
M3 S280
G1 F900
G1 X8.183 Y-7.800
G1 X7.708 Y-8.274
G1 X7.471 Y-8.475
G1 X6.978 Y-8.822
G1 X6.484 Y-9.078
G1 X6.009 Y-9.243
G1 X5.370 Y-9.370
G1 X4.767 Y-9.389
G1 X4.457 Y-9.352
G1 X4.311 Y-9.681
G1 X4.201 Y-9.845
G1 X4.055 Y-10.028
G1 X3.781 Y-10.284
G1 X3.872 Y-10.211
G1 X4.201 Y-9.864
G1 X4.347 Y-9.644
G1 X4.457 Y-9.389
G1 X4.548 Y-9.370
G1 X4.859 Y-9.407
G1 X5.060 Y-9.407
G1 X5.462 Y-9.370
G1 X5.845 Y-9.297
G1 X6.119 Y-9.224
G1 X6.557 Y-9.060
G1 X6.996 Y-8.822
G1 X7.580 Y-8.402
G1 X8.165 Y-7.836
G1 X8.475 Y-7.452
G1 X8.183 Y-7.800
M5
G0 X9.498 Y-8.622 F2500
M3 S280
G1 F900
G1 X8.603 Y-8.969
G1 X8.220 Y-9.151
G1 X7.909 Y-9.370
G1 X7.781 Y-9.498
G1 X7.653 Y-9.681
G1 X7.635 Y-9.736
G1 X7.653 Y-9.681
G1 X7.800 Y-9.480
G1 X7.982 Y-9.316
G1 X8.201 Y-9.169
G1 X8.567 Y-8.987
G1 X9.206 Y-8.749
G1 X9.498 Y-8.622
G1 X8.603 Y-8.969
M5
G0 X8.914 Y-9.370 F2500
M3 S280
G1 F900
G1 X8.969 Y-9.407
G1 X8.914 Y-9.462
G1 X8.914 Y-9.370
G1 X8.969 Y-9.407
M5
G0 X9.042 Y-9.389 F2500
M3 S280
G1 F900
G1 X9.078 Y-9.462
G1 X9.042 Y-9.498
G1 X9.005 Y-9.462
G1 X9.005 Y-9.425
G1 X9.042 Y-9.389
G1 X9.078 Y-9.462
M5
G0 X9.078 Y-9.480 F2500
M3 S280
G1 F900
G1 X9.096 Y-9.535
G1 X9.078 Y-9.590
G1 X9.060 Y-9.517
G1 X9.078 Y-9.480
G1 X9.096 Y-9.535
M5
G0 X9.115 Y-9.571 F2500
M3 S280
G1 F900
G1 X9.151 Y-9.626
G1 X9.115 Y-9.663
G1 X9.078 Y-9.626
G1 X9.115 Y-9.571
G1 X9.151 Y-9.626
M5
G0 X9.151 Y-9.644 F2500
M3 S280
G1 F900
G1 X9.188 Y-9.681
G1 X9.151 Y-9.736
G1 X9.115 Y-9.681
G1 X9.151 Y-9.644
G1 X9.188 Y-9.681
M5
G0 X9.078 Y-9.699 F2500
M3 S280
G1 F900
G1 X9.115 Y-9.736
G1 X9.115 Y-9.772
G1 X9.042 Y-9.791
G1 X9.042 Y-9.736
G1 X9.078 Y-9.699
G1 X9.115 Y-9.736
M5
G0 X9.042 Y-9.626 F2500
M3 S280
G1 F900
G1 X9.078 Y-9.663
G1 X9.078 Y-9.699
G1 X9.042 Y-9.736
G1 X9.023 Y-9.663
G1 X9.042 Y-9.626
G1 X9.078 Y-9.663
M5
G0 X8.969 Y-9.736 F2500
M3 S280
G1 F900
G1 X9.042 Y-9.864
G1 X8.987 Y-9.900
G1 X8.950 Y-9.864
G1 X8.932 Y-9.754
G1 X8.969 Y-9.736
G1 X9.042 Y-9.864
M5
G0 X8.932 Y-9.644 F2500
M3 S280
G1 F900
G1 X8.969 Y-9.717
G1 X8.895 Y-9.736
G1 X8.895 Y-9.699
G1 X8.932 Y-9.644
G1 X8.969 Y-9.717
M5
G0 X8.822 Y-9.699 F2500
M3 S280
G1 F900
G1 X8.859 Y-9.736
G1 X8.877 Y-9.809
G1 X8.969 Y-9.918
G1 X8.950 Y-9.955
G1 X8.914 Y-9.973
G1 X8.804 Y-9.809
G1 X8.804 Y-9.736
G1 X8.822 Y-9.699
G1 X8.859 Y-9.736
M5
G0 X8.768 Y-9.809 F2500
M3 S280
G1 F900
G1 X8.841 Y-9.900
G1 X8.877 Y-9.991
G1 X8.804 Y-10.010
G1 X8.731 Y-9.864
G1 X8.768 Y-9.809
G1 X8.841 Y-9.900
M5
G0 X8.895 Y-9.553 F2500
M3 S280
G1 F900
G1 X8.932 Y-9.608
G1 X8.932 Y-9.644
G1 X8.914 Y-9.681
G1 X8.859 Y-9.681
G1 X8.859 Y-9.608
G1 X8.895 Y-9.553
G1 X8.932 Y-9.608
M5
G0 X9.005 Y-9.535 F2500
M3 S280
G1 F900
G1 X8.969 Y-9.644
G1 X8.969 Y-9.571
G1 X9.005 Y-9.535
G1 X8.969 Y-9.644
M5
G0 X8.895 Y-9.498 F2500
M3 S280
G1 F900
G1 X8.895 Y-9.553
G1 X8.822 Y-9.571
G1 X8.822 Y-9.517
G1 X8.895 Y-9.498
G1 X8.895 Y-9.553
M5
G0 X8.859 Y-9.443 F2500
M3 S280
G1 F900
G1 X8.859 Y-9.480
G1 X8.822 Y-9.517
G1 X8.786 Y-9.462
G1 X8.859 Y-9.443
G1 X8.859 Y-9.480
M5
G0 X8.713 Y-9.498 F2500
M3 S280
G1 F900
G1 X8.731 Y-9.590
G1 X8.768 Y-9.553
G1 X8.822 Y-9.644
G1 X8.822 Y-9.699
G1 X8.786 Y-9.736
G1 X8.676 Y-9.590
G1 X8.676 Y-9.535
G1 X8.713 Y-9.498
G1 X8.731 Y-9.590
M5
G0 X8.676 Y-9.571 F2500
M3 S280
G1 F900
G1 X8.695 Y-9.663
G1 X8.768 Y-9.772
G1 X8.768 Y-9.809
G1 X8.695 Y-9.827
G1 X8.676 Y-9.754
G1 X8.585 Y-9.608
G1 X8.676 Y-9.571
G1 X8.695 Y-9.663
M5
G0 X8.567 Y-9.608 F2500
M3 S280
G1 F900
G1 X8.603 Y-9.644
G1 X8.603 Y-9.699
G1 X8.676 Y-9.809
G1 X8.695 Y-9.882
G1 X8.749 Y-9.918
G1 X8.804 Y-10.046
G1 X8.768 Y-10.083
G1 X8.713 Y-10.065
G1 X8.658 Y-9.918
G1 X8.603 Y-9.882
G1 X8.567 Y-9.809
G1 X8.567 Y-9.754
G1 X8.530 Y-9.717
G1 X8.530 Y-9.791
G1 X8.603 Y-9.864
G1 X8.713 Y-10.101
G1 X8.658 Y-10.156
G1 X8.622 Y-10.119
G1 X8.567 Y-9.973
G1 X8.494 Y-9.918
G1 X8.439 Y-9.809
G1 X8.512 Y-9.937
G1 X8.530 Y-10.010
G1 X8.585 Y-10.065
G1 X8.622 Y-10.156
G1 X8.548 Y-10.211
G1 X8.512 Y-10.174
G1 X8.439 Y-10.028
G1 X8.439 Y-10.065
G1 X8.530 Y-10.211
G1 X8.475 Y-10.265
G1 X8.421 Y-10.247
G1 X8.348 Y-10.101
G1 X8.421 Y-10.247
G1 X8.421 Y-10.284
G1 X8.329 Y-10.320
G1 X8.256 Y-10.174
G1 X8.329 Y-10.320
G1 X8.311 Y-10.375
G1 X8.256 Y-10.412
G1 X8.220 Y-10.375
G1 X8.165 Y-10.247
G1 X8.165 Y-10.284
G1 X8.201 Y-10.320
G1 X8.201 Y-10.357
G1 X8.238 Y-10.412
G1 X8.147 Y-10.485
G1 X8.074 Y-10.320
G1 X8.074 Y-10.375
G1 X8.128 Y-10.485
G1 X8.019 Y-10.539
G1 X7.964 Y-10.357
G1 X8.019 Y-10.558
G1 X7.946 Y-10.612
G1 X7.836 Y-10.375
G1 X7.927 Y-10.612
G1 X7.854 Y-10.667
G1 X7.800 Y-10.649
G1 X7.635 Y-10.229
G1 X7.526 Y-10.028
G1 X7.507 Y-9.900
G1 X7.635 Y-9.973
G1 X7.854 Y-9.973
G1 X8.256 Y-9.827
G1 X8.293 Y-9.791
G1 X8.329 Y-9.791
G1 X8.348 Y-9.754
G1 X8.421 Y-9.736
G1 X8.457 Y-9.681
G1 X8.512 Y-9.681
G1 X8.512 Y-9.644
G1 X8.567 Y-9.608
G1 X8.603 Y-9.644
M5
G0 X9.169 Y-9.425 F2500
M3 S280
G1 F900
G1 X9.188 Y-9.462
G1 X9.151 Y-9.517
G1 X9.115 Y-9.462
G1 X9.169 Y-9.425
G1 X9.188 Y-9.462
M5
G0 X9.206 Y-9.498 F2500
M3 S280
G1 F900
G1 X9.169 Y-9.571
G1 X9.169 Y-9.535
G1 X9.206 Y-9.498
G1 X9.169 Y-9.571
M5
G0 X9.334 Y-9.882 F2500
M3 S280
G1 F900
G1 X9.261 Y-9.973
G1 X9.005 Y-10.211
G1 X8.019 Y-10.868
G1 X8.914 Y-10.284
G1 X9.078 Y-10.156
G1 X9.334 Y-9.882
G1 X9.261 Y-9.973
M5
G0 X9.425 Y-10.028 F2500
M3 S280
G1 F900
G1 X9.169 Y-10.302
G1 X8.768 Y-10.594
G1 X9.151 Y-10.320
G1 X9.425 Y-10.028
G1 X9.169 Y-10.302
M5
G0 X9.517 Y-10.192 F2500
M3 S280
G1 F900
G1 X9.188 Y-10.539
G1 X8.969 Y-10.704
G1 X9.297 Y-10.448
G1 X9.407 Y-10.338
G1 X9.517 Y-10.192
G1 X9.188 Y-10.539
M5
G0 X9.535 Y-10.448 F2500
M3 S280
G1 F900
G1 X9.370 Y-10.612
G1 X9.060 Y-10.850
G1 X9.352 Y-10.631
G1 X9.535 Y-10.448
G1 X9.370 Y-10.612
M5
G0 X9.608 Y-10.594 F2500
M3 S280
G1 F900
G1 X9.407 Y-10.795
G1 X9.261 Y-10.905
G1 X9.407 Y-10.795
G1 X9.608 Y-10.594
G1 X9.407 Y-10.795
M5
G0 X9.736 Y-10.722 F2500
M3 S280
G1 F900
G1 X9.498 Y-10.941
G1 X9.115 Y-11.234
G1 X9.590 Y-10.868
G1 X9.736 Y-10.722
G1 X9.498 Y-10.941
M5
G0 X9.864 Y-10.850 F2500
M3 S280
G1 F900
G1 X9.608 Y-11.106
G1 X9.316 Y-11.325
G1 X9.590 Y-11.124
G1 X9.864 Y-10.850
G1 X9.608 Y-11.106
M5
G0 X9.955 Y-11.033 F2500
M3 S280
G1 F900
G1 X9.736 Y-11.252
G1 X9.480 Y-11.453
G1 X9.717 Y-11.270
G1 X9.955 Y-11.033
G1 X9.736 Y-11.252
M5
G0 X10.046 Y-11.197 F2500
M3 S280
G1 F900
G1 X9.864 Y-11.380
G1 X9.480 Y-11.690
G1 X9.845 Y-11.398
G1 X10.046 Y-11.197
G1 X9.864 Y-11.380
M5
G0 X10.138 Y-11.343 F2500
M3 S280
G1 F900
G1 X9.937 Y-11.562
G1 X9.626 Y-11.818
G1 X9.900 Y-11.599
G1 X10.138 Y-11.343
G1 X9.937 Y-11.562
M5
G0 X10.211 Y-11.526 F2500
M3 S280
G1 F900
G1 X9.918 Y-11.818
G1 X9.663 Y-12.019
G1 X10.046 Y-11.708
G1 X10.211 Y-11.526
G1 X9.918 Y-11.818
M5
G0 X10.302 Y-11.672 F2500
M3 S280
G1 F900
G1 X10.010 Y-11.964
G1 X9.498 Y-12.348
G1 X9.991 Y-11.982
G1 X10.119 Y-11.873
G1 X10.302 Y-11.672
G1 X10.010 Y-11.964
M5
G0 X10.375 Y-11.836 F2500
M3 S280
G1 F900
G1 X10.247 Y-11.964
G1 X9.937 Y-12.220
G1 X9.443 Y-12.567
G1 X9.699 Y-12.403
G1 X10.192 Y-12.019
G1 X10.375 Y-11.836
G1 X10.247 Y-11.964
M5
G0 X8.092 Y-12.494 F2500
M3 S280
G1 F900
G1 X8.019 Y-12.530
G1 X8.000 Y-12.677
G1 X8.074 Y-12.731
G1 X8.147 Y-12.731
G1 X8.220 Y-12.695
G1 X8.238 Y-12.658
G1 X8.238 Y-12.585
G1 X8.183 Y-12.512
G1 X8.092 Y-12.494
G1 X8.019 Y-12.530
M5
G0 X7.909 Y-12.037 F2500
M3 S280
G1 F900
G1 X7.836 Y-12.037
G1 X7.781 Y-12.055
G1 X7.745 Y-12.092
G1 X7.745 Y-12.220
G1 X7.800 Y-12.275
G1 X7.909 Y-12.256
G1 X7.946 Y-12.220
G1 X7.946 Y-12.074
G1 X7.909 Y-12.037
G1 X7.836 Y-12.037
M5
G0 X7.489 Y-11.982 F2500
M3 S280
G1 F900
G1 X7.434 Y-11.964
G1 X6.704 Y-12.329
G1 X6.722 Y-12.384
G1 X6.813 Y-12.457
G1 X6.996 Y-12.877
G1 X6.996 Y-12.932
G1 X6.959 Y-13.024
G1 X6.850 Y-13.133
G1 X6.758 Y-13.188
G1 X6.685 Y-13.206
G1 X6.612 Y-13.206
G1 X6.539 Y-13.151
G1 X6.704 Y-12.969
G1 X6.722 Y-12.914
G1 X6.722 Y-12.713
G1 X6.685 Y-12.622
G1 X6.594 Y-12.512
G1 X6.521 Y-12.476
G1 X6.357 Y-12.476
G1 X6.283 Y-12.512
G1 X6.174 Y-12.622
G1 X6.156 Y-12.658
G1 X6.156 Y-12.786
G1 X6.174 Y-12.841
G1 X6.265 Y-12.914
G1 X6.411 Y-12.896
G1 X6.411 Y-12.841
G1 X6.357 Y-12.786
G1 X6.338 Y-12.713
G1 X6.393 Y-12.658
G1 X6.466 Y-12.658
G1 X6.521 Y-12.695
G1 X6.557 Y-12.768
G1 X6.521 Y-12.914
G1 X6.393 Y-13.024
G1 X6.174 Y-13.078
G1 X6.028 Y-13.151
G1 X5.809 Y-13.225
G1 X5.735 Y-13.316
G1 X5.735 Y-13.425
G1 X5.772 Y-13.498
G1 X5.845 Y-13.572
G1 X5.973 Y-13.572
G1 X6.046 Y-13.535
G1 X6.064 Y-13.462
G1 X6.009 Y-13.316
G1 X6.046 Y-13.316
G1 X6.192 Y-13.243
G1 X6.320 Y-13.206
G1 X6.393 Y-13.279
G1 X6.539 Y-13.352
G1 X6.758 Y-13.352
G1 X6.850 Y-13.316
G1 X7.087 Y-13.133
G1 X7.124 Y-13.170
G1 X7.215 Y-13.371
G1 X7.252 Y-13.371
G1 X7.325 Y-13.316
G1 X7.379 Y-13.243
G1 X7.233 Y-12.969
G1 X6.978 Y-12.403
G1 X6.978 Y-12.366
G1 X7.014 Y-12.329
G1 X7.197 Y-12.256
G1 X7.233 Y-12.293
G1 X7.489 Y-12.823
G1 X7.672 Y-13.133
G1 X7.836 Y-13.024
G1 X7.690 Y-12.768
G1 X7.690 Y-12.731
G1 X7.599 Y-12.585
G1 X7.398 Y-12.165
G1 X7.452 Y-12.110
G1 X7.507 Y-12.092
G1 X7.526 Y-12.055
G1 X7.489 Y-11.982
G1 X7.434 Y-11.964
M5
G0 X6.083 Y-12.768 F2500
M3 S280
G1 F900
G1 X6.028 Y-12.658
G1 X5.535 Y-12.877
G1 X5.352 Y-12.932
G1 X5.169 Y-13.024
G1 X4.512 Y-13.225
G1 X4.548 Y-13.352
G1 X4.603 Y-13.352
G1 X4.621 Y-13.334
G1 X4.694 Y-13.352
G1 X4.822 Y-13.736
G1 X4.859 Y-13.791
G1 X4.932 Y-13.846
G1 X5.041 Y-13.882
G1 X5.242 Y-13.864
G1 X5.425 Y-13.791
G1 X5.535 Y-14.101
G1 X5.717 Y-14.046
G1 X5.717 Y-14.010
G1 X5.644 Y-13.864
G1 X5.407 Y-13.225
G1 X5.388 Y-13.078
G1 X5.735 Y-12.951
G1 X6.009 Y-12.823
G1 X6.046 Y-12.823
G1 X6.083 Y-12.804
G1 X6.083 Y-12.768
G1 X6.028 Y-12.658
M5
G0 X4.895 Y-13.261 F2500
M3 S280
G1 F900
G1 X5.188 Y-13.170
G1 X5.224 Y-13.206
G1 X5.334 Y-13.553
G1 X5.334 Y-13.626
G1 X5.224 Y-13.718
G1 X5.078 Y-13.718
G1 X5.023 Y-13.663
G1 X4.877 Y-13.334
G1 X4.895 Y-13.261
G1 X5.188 Y-13.170
M5
G0 X4.110 Y-13.352 F2500
M3 S280
G1 F900
G1 X4.055 Y-13.352
G1 X3.671 Y-13.480
G1 X3.306 Y-13.553
G1 X2.904 Y-13.663
G1 X2.941 Y-13.809
G1 X3.270 Y-13.718
G1 X3.343 Y-13.772
G1 X3.416 Y-13.919
G1 X3.416 Y-14.046
G1 X3.379 Y-14.083
G1 X3.306 Y-14.101
G1 X3.178 Y-14.028
G1 X3.123 Y-14.083
G1 X3.087 Y-14.211
G1 X3.690 Y-14.722
G1 X3.818 Y-14.613
G1 X3.799 Y-14.576
G1 X3.580 Y-14.430
G1 X3.416 Y-14.266
G1 X3.471 Y-14.229
G1 X3.763 Y-14.193
G1 X3.909 Y-14.138
G1 X4.000 Y-14.156
G1 X4.055 Y-14.430
G1 X4.110 Y-14.576
G1 X4.274 Y-14.521
G1 X4.018 Y-13.572
G1 X4.018 Y-13.517
G1 X4.146 Y-13.480
G1 X4.146 Y-13.425
G1 X4.110 Y-13.352
G1 X4.055 Y-13.352
M5
G0 X3.836 Y-13.608 F2500
M3 S280
G1 F900
G1 X3.909 Y-13.955
G1 X3.891 Y-13.992
G1 X3.836 Y-14.028
G1 X3.653 Y-14.065
G1 X3.617 Y-14.028
G1 X3.617 Y-13.955
G1 X3.507 Y-13.681
G1 X3.544 Y-13.645
G1 X3.617 Y-13.645
G1 X3.763 Y-13.590
G1 X3.836 Y-13.608
G1 X3.909 Y-13.955
M5
G0 X2.375 Y-14.540 F2500
M3 S280
G1 F900
G1 X2.320 Y-14.558
G1 X2.283 Y-14.594
G1 X2.283 Y-14.704
G1 X2.320 Y-14.759
G1 X2.411 Y-14.795
G1 X2.466 Y-14.777
G1 X2.521 Y-14.722
G1 X2.539 Y-14.649
G1 X2.466 Y-14.558
G1 X2.375 Y-14.540
G1 X2.320 Y-14.558
M5
G0 X2.210 Y-14.046 F2500
M3 S280
G1 F900
G1 X2.192 Y-14.156
G1 X2.247 Y-14.229
G1 X2.356 Y-14.229
G1 X2.429 Y-14.156
G1 X2.429 Y-14.065
G1 X2.356 Y-14.010
G1 X2.283 Y-14.010
G1 X2.210 Y-14.046
G1 X2.192 Y-14.156
M5
G0 X2.009 Y-13.791 F2500
M3 S280
G1 F900
G1 X1.224 Y-13.900
G1 X-0.055 Y-13.955
G1 X-0.037 Y-14.083
G1 X0.201 Y-14.101
G1 X0.219 Y-14.138
G1 X0.256 Y-14.430
G1 X0.201 Y-14.467
G1 X0.091 Y-14.448
G1 X0.055 Y-14.467
G1 X0.037 Y-14.576
G1 X0.091 Y-14.686
G1 X0.219 Y-14.759
G1 X0.292 Y-14.759
G1 X0.384 Y-14.722
G1 X0.420 Y-14.686
G1 X0.457 Y-14.540
G1 X0.438 Y-14.284
G1 X0.402 Y-14.174
G1 X0.420 Y-14.083
G1 X0.566 Y-14.065
G1 X0.676 Y-14.083
G1 X0.694 Y-14.174
G1 X0.712 Y-14.960
G1 X0.731 Y-14.978
G1 X0.731 Y-15.069
G1 X0.913 Y-15.069
G1 X0.895 Y-14.448
G1 X0.858 Y-14.138
G1 X0.877 Y-14.065
G1 X1.206 Y-14.046
G1 X1.516 Y-14.010
G1 X1.662 Y-13.973
G1 X1.699 Y-14.010
G1 X1.717 Y-14.193
G1 X1.680 Y-14.229
G1 X1.425 Y-14.229
G1 X1.333 Y-14.247
G1 X1.187 Y-14.339
G1 X1.151 Y-14.412
G1 X1.151 Y-14.631
G1 X1.187 Y-14.741
G1 X1.260 Y-14.887
G1 X1.352 Y-15.015
G1 X1.406 Y-15.051
G1 X1.443 Y-15.015
G1 X1.534 Y-14.978
G1 X1.553 Y-14.942
G1 X1.461 Y-14.850
G1 X1.352 Y-14.668
G1 X1.333 Y-14.613
G1 X1.333 Y-14.467
G1 X1.388 Y-14.412
G1 X1.553 Y-14.375
G1 X1.735 Y-14.394
G1 X1.754 Y-14.430
G1 X1.754 Y-14.576
G1 X1.808 Y-14.850
G1 X1.808 Y-14.996
G1 X1.863 Y-14.996
G1 X2.009 Y-14.942
G1 X1.954 Y-14.448
G1 X1.900 Y-14.138
G1 X1.918 Y-13.937
G1 X2.046 Y-13.937
G1 X2.009 Y-13.791
G1 X1.224 Y-13.900
M5
G0 X0.986 Y-11.453 F2500
M3 S280
G1 F900
G1 X0.511 Y-11.782
G1 X0.219 Y-12.055
G1 X0.000 Y-12.348
G1 X-0.164 Y-12.129
G1 X-0.475 Y-11.818
G1 X-0.749 Y-11.599
G1 X-0.950 Y-11.471
G1 X-0.566 Y-11.745
G1 X-0.201 Y-12.110
G1 X0.000 Y-12.384
G1 X0.164 Y-12.147
G1 X0.566 Y-11.745
G1 X0.986 Y-11.453
G1 X0.511 Y-11.782
M5
G0 X0.311 Y-9.864 F2500
M3 S280
G1 F900
G1 X0.183 Y-10.101
G1 X0.055 Y-10.265
G1 X0.037 Y-10.192
G1 X0.073 Y-10.119
G1 X0.128 Y-10.065
G1 X0.073 Y-10.010
G1 X0.164 Y-9.991
G1 X0.091 Y-9.937
G1 X0.110 Y-9.845
G1 X0.164 Y-9.809
G1 X0.311 Y-9.864
G1 X0.183 Y-10.101
M5
G0 X0.164 Y-9.681 F2500
M3 S280
G1 F900
G1 X0.274 Y-9.663
G1 X0.329 Y-9.699
G1 X0.347 Y-9.754
G1 X0.311 Y-9.827
G1 X0.183 Y-9.827
G1 X0.128 Y-9.791
G1 X0.164 Y-9.681
G1 X0.274 Y-9.663
M5
G0 X0.237 Y-9.498 F2500
M3 S280
G1 F900
G1 X0.365 Y-9.590
G1 X0.384 Y-9.644
G1 X0.347 Y-9.717
G1 X0.274 Y-9.663
G1 X0.183 Y-9.644
G1 X0.183 Y-9.608
G1 X0.219 Y-9.590
G1 X0.201 Y-9.553
G1 X0.237 Y-9.498
G1 X0.365 Y-9.590
M5
G0 X0.311 Y-9.261 F2500
M3 S280
G1 F900
G1 X0.438 Y-9.370
G1 X0.438 Y-9.407
G1 X0.402 Y-9.462
G1 X0.420 Y-9.498
G1 X0.365 Y-9.590
G1 X0.237 Y-9.480
G1 X0.274 Y-9.370
G1 X0.329 Y-9.425
G1 X0.274 Y-9.279
G1 X0.311 Y-9.261
G1 X0.438 Y-9.370
M5
G0 X0.311 Y-9.133 F2500
M3 S280
G1 F900
G1 X0.420 Y-9.206
G1 X0.457 Y-9.297
G1 X0.420 Y-9.352
G1 X0.311 Y-9.261
G1 X0.311 Y-9.133
G1 X0.420 Y-9.206
M5
G0 X-1.388 Y-11.380 F2500
M3 S280
G1 F900
G1 X-1.151 Y-11.489
G1 X-0.968 Y-11.599
G1 X-0.511 Y-11.928
G1 X-0.274 Y-12.165
G1 X0.000 Y-12.530
G1 X0.128 Y-12.329
G1 X0.548 Y-11.891
G1 X0.712 Y-11.763
G1 X1.132 Y-11.489
G1 X1.370 Y-11.380
G1 X1.260 Y-11.434
G1 X1.224 Y-11.434
G1 X1.023 Y-11.544
G1 X0.639 Y-11.800
G1 X0.201 Y-12.220
G1 X0.000 Y-12.494
G1 X-0.237 Y-12.183
G1 X-0.603 Y-11.836
G1 X-1.005 Y-11.562
G1 X-1.206 Y-11.453
G1 X-1.388 Y-11.380
G1 X-1.151 Y-11.489
M5
G0 X-2.265 Y-13.243 F2500
M3 S280
G1 F900
G1 X-2.228 Y-13.425
G1 X-2.119 Y-13.425
G1 X-2.009 Y-13.480
G1 X-1.918 Y-13.590
G1 X-1.827 Y-13.791
G1 X-1.991 Y-13.809
G1 X-2.521 Y-13.718
G1 X-2.557 Y-13.864
G1 X-2.375 Y-13.882
G1 X-2.283 Y-13.919
G1 X-2.283 Y-14.138
G1 X-2.302 Y-14.174
G1 X-2.356 Y-14.211
G1 X-2.521 Y-14.229
G1 X-2.521 Y-14.394
G1 X-2.466 Y-14.521
G1 X-2.375 Y-14.613
G1 X-2.210 Y-14.704
G1 X-2.119 Y-14.722
G1 X-1.936 Y-14.704
G1 X-1.900 Y-14.741
G1 X-1.900 Y-14.996
G1 X-1.735 Y-15.015
G1 X-1.680 Y-14.558
G1 X-1.662 Y-14.138
G1 X-1.626 Y-13.992
G1 X-0.822 Y-14.065
G1 X-0.822 Y-14.120
G1 X-0.804 Y-14.138
G1 X-0.822 Y-14.284
G1 X-0.877 Y-14.357
G1 X-0.986 Y-14.357
G1 X-1.005 Y-14.339
G1 X-1.151 Y-14.320
G1 X-1.370 Y-14.320
G1 X-1.406 Y-14.339
G1 X-1.443 Y-14.394
G1 X-1.443 Y-14.576
G1 X-1.425 Y-14.613
G1 X-1.333 Y-14.686
G1 X-1.169 Y-14.686
G1 X-1.169 Y-14.613
G1 X-1.206 Y-14.521
G1 X-1.169 Y-14.485
G1 X-0.877 Y-14.503
G1 X-0.840 Y-14.540
G1 X-0.858 Y-15.069
G1 X-0.676 Y-15.069
G1 X-0.639 Y-14.083
G1 X-0.603 Y-14.046
G1 X-0.475 Y-14.046
G1 X-0.493 Y-13.900
G1 X-1.169 Y-13.900
G1 X-1.607 Y-13.864
G1 X-1.680 Y-13.809
G1 X-1.717 Y-13.663
G1 X-1.808 Y-13.462
G1 X-1.954 Y-13.298
G1 X-2.046 Y-13.261
G1 X-2.265 Y-13.243
G1 X-2.228 Y-13.425
M5
G0 X-2.064 Y-13.937 F2500
M3 S280
G1 F900
G1 X-1.827 Y-13.973
G1 X-1.881 Y-14.467
G1 X-1.954 Y-14.558
G1 X-2.009 Y-14.576
G1 X-2.192 Y-14.558
G1 X-2.265 Y-14.503
G1 X-2.302 Y-14.430
G1 X-2.283 Y-14.320
G1 X-2.137 Y-14.266
G1 X-2.082 Y-14.211
G1 X-2.064 Y-14.120
G1 X-2.082 Y-14.010
G1 X-2.064 Y-13.937
G1 X-1.827 Y-13.973
M5
G0 X-7.471 Y-12.092 F2500
M3 S280
G1 F900
G1 X-7.434 Y-12.129
G1 X-7.233 Y-12.220
G1 X-7.215 Y-12.329
G1 X-7.325 Y-12.549
G1 X-7.379 Y-12.603
G1 X-7.617 Y-12.476
G1 X-7.672 Y-12.421
G1 X-7.507 Y-12.110
G1 X-7.471 Y-12.092
G1 X-7.434 Y-12.129
M5
G0 X-7.763 Y-11.745 F2500
M3 S280
G1 F900
G1 X-7.836 Y-11.873
G1 X-7.708 Y-11.946
G1 X-7.653 Y-12.001
G1 X-7.800 Y-12.293
G1 X-7.854 Y-12.348
G1 X-7.909 Y-12.329
G1 X-7.982 Y-12.348
G1 X-8.037 Y-12.476
G1 X-8.037 Y-12.603
G1 X-8.019 Y-12.640
G1 X-7.909 Y-12.731
G1 X-7.800 Y-12.695
G1 X-7.708 Y-12.603
G1 X-7.489 Y-12.713
G1 X-7.452 Y-12.768
G1 X-7.617 Y-13.151
G1 X-7.489 Y-13.243
G1 X-7.434 Y-13.170
G1 X-7.014 Y-12.348
G1 X-6.521 Y-12.603
G1 X-6.411 Y-12.640
G1 X-6.375 Y-12.677
G1 X-6.375 Y-12.731
G1 X-6.430 Y-12.804
G1 X-6.685 Y-12.677
G1 X-6.831 Y-12.677
G1 X-6.923 Y-12.713
G1 X-6.959 Y-12.750
G1 X-6.996 Y-12.841
G1 X-6.996 Y-12.914
G1 X-6.959 Y-13.005
G1 X-7.087 Y-13.115
G1 X-7.142 Y-13.206
G1 X-7.160 Y-13.279
G1 X-7.160 Y-13.444
G1 X-7.087 Y-13.608
G1 X-6.959 Y-13.736
G1 X-6.813 Y-13.827
G1 X-6.740 Y-13.681
G1 X-6.923 Y-13.517
G1 X-6.959 Y-13.462
G1 X-6.959 Y-13.352
G1 X-6.905 Y-13.243
G1 X-6.831 Y-13.170
G1 X-6.758 Y-13.170
G1 X-6.685 Y-13.206
G1 X-6.594 Y-13.298
G1 X-6.594 Y-13.407
G1 X-6.631 Y-13.444
G1 X-6.704 Y-13.444
G1 X-6.704 Y-13.480
G1 X-6.631 Y-13.553
G1 X-6.557 Y-13.572
G1 X-6.448 Y-13.517
G1 X-6.393 Y-13.389
G1 X-6.411 Y-13.243
G1 X-6.448 Y-13.188
G1 X-6.557 Y-13.078
G1 X-6.777 Y-13.005
G1 X-6.813 Y-12.951
G1 X-6.795 Y-12.914
G1 X-6.740 Y-12.859
G1 X-6.649 Y-12.859
G1 X-6.320 Y-13.005
G1 X-6.247 Y-12.823
G1 X-6.192 Y-12.750
G1 X-6.064 Y-12.823
G1 X-5.973 Y-12.841
G1 X-5.955 Y-12.951
G1 X-6.302 Y-13.754
G1 X-6.302 Y-13.809
G1 X-6.137 Y-13.882
G1 X-6.028 Y-13.645
G1 X-5.772 Y-12.987
G1 X-5.717 Y-12.951
G1 X-5.425 Y-13.078
G1 X-5.279 Y-13.115
G1 X-4.987 Y-13.243
G1 X-4.767 Y-13.298
G1 X-4.713 Y-13.334
G1 X-4.767 Y-13.444
G1 X-4.840 Y-13.517
G1 X-5.279 Y-13.389
G1 X-5.334 Y-13.389
G1 X-5.352 Y-13.517
G1 X-5.279 Y-13.553
G1 X-5.224 Y-13.626
G1 X-5.224 Y-13.754
G1 X-5.242 Y-13.791
G1 X-5.315 Y-13.846
G1 X-5.425 Y-13.827
G1 X-5.535 Y-13.699
G1 X-5.553 Y-13.590
G1 X-5.535 Y-13.334
G1 X-5.699 Y-13.352
G1 X-5.717 Y-13.608
G1 X-5.681 Y-13.791
G1 X-5.644 Y-13.864
G1 X-5.553 Y-13.955
G1 X-5.480 Y-13.992
G1 X-5.352 Y-14.028
G1 X-5.297 Y-14.028
G1 X-5.188 Y-13.992
G1 X-5.114 Y-13.937
G1 X-5.060 Y-13.827
G1 X-5.041 Y-13.718
G1 X-5.078 Y-13.626
G1 X-5.023 Y-13.608
G1 X-4.877 Y-13.663
G1 X-4.859 Y-13.736
G1 X-5.041 Y-14.247
G1 X-5.023 Y-14.302
G1 X-4.840 Y-14.339
G1 X-4.548 Y-13.425
G1 X-4.512 Y-13.389
G1 X-4.402 Y-13.425
G1 X-4.347 Y-13.425
G1 X-4.037 Y-13.535
G1 X-3.781 Y-13.590
G1 X-3.745 Y-13.645
G1 X-3.799 Y-13.882
G1 X-3.836 Y-13.919
G1 X-3.872 Y-13.919
G1 X-4.128 Y-13.809
G1 X-4.256 Y-13.772
G1 X-4.347 Y-13.772
G1 X-4.420 Y-13.827
G1 X-4.439 Y-13.864
G1 X-4.439 Y-13.937
G1 X-4.457 Y-13.955
G1 X-4.439 Y-14.065
G1 X-4.311 Y-14.174
G1 X-4.256 Y-14.174
G1 X-4.201 Y-14.120
G1 X-4.201 Y-14.010
G1 X-4.165 Y-13.973
G1 X-3.909 Y-14.046
G1 X-3.872 Y-14.083
G1 X-3.891 Y-14.193
G1 X-4.000 Y-14.540
G1 X-3.982 Y-14.594
G1 X-3.818 Y-14.649
G1 X-3.799 Y-14.540
G1 X-3.726 Y-14.339
G1 X-3.580 Y-13.699
G1 X-3.544 Y-13.663
G1 X-3.343 Y-13.699
G1 X-3.306 Y-13.718
G1 X-3.288 Y-13.791
G1 X-3.306 Y-13.809
G1 X-3.324 Y-13.973
G1 X-3.471 Y-14.613
G1 X-3.471 Y-14.741
G1 X-3.306 Y-14.759
G1 X-3.288 Y-14.613
G1 X-3.160 Y-14.120
G1 X-3.123 Y-13.864
G1 X-3.087 Y-13.772
G1 X-2.941 Y-13.791
G1 X-2.923 Y-13.736
G1 X-2.941 Y-13.645
G1 X-2.996 Y-13.645
G1 X-3.087 Y-13.608
G1 X-3.123 Y-13.535
G1 X-3.123 Y-13.480
G1 X-3.197 Y-13.261
G1 X-3.270 Y-13.115
G1 X-3.343 Y-13.042
G1 X-3.416 Y-13.005
G1 X-3.617 Y-12.969
G1 X-3.635 Y-13.005
G1 X-3.617 Y-13.151
G1 X-3.525 Y-13.151
G1 X-3.452 Y-13.188
G1 X-3.324 Y-13.334
G1 X-3.270 Y-13.498
G1 X-3.324 Y-13.553
G1 X-3.452 Y-13.517
G1 X-3.525 Y-13.517
G1 X-3.671 Y-13.462
G1 X-3.891 Y-13.425
G1 X-4.329 Y-13.279
G1 X-4.457 Y-13.261
G1 X-4.749 Y-13.170
G1 X-5.535 Y-12.877
G1 X-6.101 Y-12.640
G1 X-7.325 Y-12.019
G1 X-7.708 Y-11.763
G1 X-7.763 Y-11.745
G1 X-7.836 Y-11.873
M5
G0 X-8.457 Y-9.791 F2500
M3 S280
G1 F900
G1 X-8.494 Y-9.845
G1 X-8.494 Y-9.882
G1 X-8.457 Y-9.827
G1 X-8.457 Y-9.791
G1 X-8.494 Y-9.845
M5
G0 X-8.567 Y-9.608 F2500
M3 S280
G1 F900
G1 X-8.512 Y-9.663
G1 X-8.548 Y-9.699
G1 X-8.548 Y-9.736
G1 X-8.494 Y-9.663
G1 X-8.457 Y-9.699
G1 X-8.457 Y-9.736
G1 X-8.421 Y-9.717
G1 X-8.366 Y-9.772
G1 X-8.329 Y-9.772
G1 X-8.293 Y-9.809
G1 X-8.256 Y-9.809
G1 X-8.183 Y-9.864
G1 X-7.964 Y-9.955
G1 X-7.873 Y-9.973
G1 X-7.653 Y-9.973
G1 X-7.526 Y-9.900
G1 X-7.507 Y-9.973
G1 X-7.800 Y-10.631
G1 X-7.854 Y-10.667
G1 X-7.927 Y-10.612
G1 X-7.873 Y-10.521
G1 X-7.854 Y-10.430
G1 X-7.946 Y-10.612
G1 X-8.019 Y-10.558
G1 X-8.019 Y-10.521
G1 X-7.946 Y-10.375
G1 X-7.982 Y-10.393
G1 X-7.982 Y-10.448
G1 X-8.019 Y-10.521
G1 X-8.074 Y-10.539
G1 X-8.128 Y-10.503
G1 X-8.147 Y-10.466
G1 X-8.092 Y-10.393
G1 X-8.092 Y-10.320
G1 X-8.147 Y-10.466
G1 X-8.220 Y-10.448
G1 X-8.256 Y-10.412
G1 X-8.183 Y-10.247
G1 X-8.220 Y-10.265
G1 X-8.201 Y-10.302
G1 X-8.238 Y-10.375
G1 X-8.293 Y-10.393
G1 X-8.366 Y-10.338
G1 X-8.274 Y-10.156
G1 X-8.311 Y-10.174
G1 X-8.348 Y-10.302
G1 X-8.402 Y-10.320
G1 X-8.457 Y-10.265
G1 X-8.421 Y-10.192
G1 X-8.366 Y-10.138
G1 X-8.366 Y-10.083
G1 X-8.421 Y-10.138
G1 X-8.439 Y-10.229
G1 X-8.475 Y-10.265
G1 X-8.512 Y-10.247
G1 X-8.548 Y-10.192
G1 X-8.475 Y-10.083
G1 X-8.457 Y-10.010
G1 X-8.494 Y-10.046
G1 X-8.530 Y-10.156
G1 X-8.585 Y-10.192
G1 X-8.640 Y-10.138
G1 X-8.530 Y-9.973
G1 X-8.530 Y-9.918
G1 X-8.603 Y-10.010
G1 X-8.658 Y-10.138
G1 X-8.695 Y-10.119
G1 X-8.713 Y-10.046
G1 X-8.695 Y-10.010
G1 X-8.640 Y-9.991
G1 X-8.640 Y-9.882
G1 X-8.713 Y-10.046
G1 X-8.768 Y-10.065
G1 X-8.804 Y-10.010
G1 X-8.695 Y-9.845
G1 X-8.676 Y-9.772
G1 X-8.622 Y-9.736
G1 X-8.603 Y-9.644
G1 X-8.567 Y-9.608
G1 X-8.512 Y-9.663
M5
G0 X-8.640 Y-9.553 F2500
M3 S280
G1 F900
G1 X-8.603 Y-9.590
G1 X-8.603 Y-9.626
G1 X-8.658 Y-9.681
G1 X-8.676 Y-9.772
G1 X-8.731 Y-9.809
G1 X-8.768 Y-9.772
G1 X-8.768 Y-9.736
G1 X-8.676 Y-9.571
G1 X-8.640 Y-9.553
G1 X-8.603 Y-9.590
M5
G0 X-8.749 Y-9.590 F2500
M3 S280
G1 F900
G1 X-8.731 Y-9.626
G1 X-8.768 Y-9.699
G1 X-8.804 Y-9.717
G1 X-8.841 Y-9.681
G1 X-8.841 Y-9.644
G1 X-8.822 Y-9.608
G1 X-8.749 Y-9.590
G1 X-8.731 Y-9.626
M5
G0 X-8.841 Y-9.681 F2500
M3 S280
G1 F900
G1 X-8.804 Y-9.717
G1 X-8.804 Y-9.772
G1 X-8.822 Y-9.809
G1 X-8.895 Y-9.827
G1 X-8.895 Y-9.736
G1 X-8.877 Y-9.699
G1 X-8.841 Y-9.681
G1 X-8.804 Y-9.717
M5
G0 X-8.768 Y-9.772 F2500
M3 S280
G1 F900
G1 X-8.731 Y-9.809
G1 X-8.731 Y-9.864
G1 X-8.749 Y-9.900
G1 X-8.804 Y-9.937
G1 X-8.841 Y-9.900
G1 X-8.841 Y-9.864
G1 X-8.804 Y-9.791
G1 X-8.768 Y-9.772
G1 X-8.731 Y-9.809
M5
G0 X-8.841 Y-9.918 F2500
M3 S280
G1 F900
G1 X-8.804 Y-9.955
G1 X-8.822 Y-9.991
G1 X-8.859 Y-10.010
G1 X-8.895 Y-9.955
G1 X-8.841 Y-9.918
G1 X-8.804 Y-9.955
M5
G0 X-8.914 Y-9.809 F2500
M3 S280
G1 F900
G1 X-8.877 Y-9.864
G1 X-8.877 Y-9.900
G1 X-8.895 Y-9.937
G1 X-8.932 Y-9.955
G1 X-8.969 Y-9.918
G1 X-8.969 Y-9.882
G1 X-8.914 Y-9.809
G1 X-8.877 Y-9.864
M5
G0 X-9.005 Y-9.772 F2500
M3 S280
G1 F900
G1 X-8.969 Y-9.809
G1 X-8.987 Y-9.882
G1 X-9.023 Y-9.882
G1 X-9.060 Y-9.845
G1 X-9.005 Y-9.772
G1 X-8.969 Y-9.809
M5
G0 X-9.005 Y-9.717 F2500
M3 S280
G1 F900
G1 X-8.950 Y-9.717
G1 X-8.932 Y-9.772
G1 X-8.969 Y-9.809
G1 X-9.023 Y-9.754
G1 X-9.005 Y-9.717
G1 X-8.950 Y-9.717
M5
G0 X-8.914 Y-9.571 F2500
M3 S280
G1 F900
G1 X-8.859 Y-9.644
G1 X-8.877 Y-9.699
G1 X-8.914 Y-9.736
G1 X-8.969 Y-9.663
G1 X-8.950 Y-9.608
G1 X-8.914 Y-9.571
G1 X-8.859 Y-9.644
M5
G0 X-8.859 Y-9.498 F2500
M3 S280
G1 F900
G1 X-8.822 Y-9.535
G1 X-8.859 Y-9.608
G1 X-8.895 Y-9.571
G1 X-8.859 Y-9.498
G1 X-8.822 Y-9.535
M5
G0 X-8.731 Y-9.498 F2500
M3 S280
G1 F900
G1 X-8.695 Y-9.535
G1 X-8.695 Y-9.571
G1 X-8.731 Y-9.608
G1 X-8.786 Y-9.535
G1 X-8.731 Y-9.498
G1 X-8.695 Y-9.535
M5
G0 X-8.841 Y-9.425 F2500
M3 S280
G1 F900
G1 X-8.804 Y-9.443
G1 X-8.822 Y-9.517
G1 X-8.859 Y-9.480
G1 X-8.841 Y-9.425
G1 X-8.804 Y-9.443
M5
G0 X-8.914 Y-9.389 F2500
M3 S280
G1 F900
G1 X-8.895 Y-9.480
G1 X-8.932 Y-9.498
G1 X-8.950 Y-9.407
G1 X-8.914 Y-9.389
G1 X-8.895 Y-9.480
M5
G0 X-8.969 Y-9.480 F2500
M3 S280
G1 F900
G1 X-8.932 Y-9.517
G1 X-8.932 Y-9.553
G1 X-8.969 Y-9.608
G1 X-9.005 Y-9.571
G1 X-9.005 Y-9.517
G1 X-8.969 Y-9.480
G1 X-8.932 Y-9.517
M5
G0 X-9.023 Y-9.571 F2500
M3 S280
G1 F900
G1 X-9.005 Y-9.663
G1 X-9.042 Y-9.717
G1 X-9.078 Y-9.681
G1 X-9.023 Y-9.571
G1 X-9.005 Y-9.663
M5
G0 X-9.115 Y-9.644 F2500
M3 S280
G1 F900
G1 X-9.096 Y-9.681
G1 X-9.151 Y-9.717
G1 X-9.188 Y-9.663
G1 X-9.115 Y-9.644
G1 X-9.096 Y-9.681
M5
G0 X-9.133 Y-9.772 F2500
M3 S280
G1 F900
G1 X-9.115 Y-9.736
G1 X-9.078 Y-9.717
G1 X-9.042 Y-9.772
G1 X-9.096 Y-9.809
G1 X-9.133 Y-9.772
G1 X-9.115 Y-9.736
M5
G0 X-9.096 Y-9.535 F2500
M3 S280
G1 F900
G1 X-9.060 Y-9.571
G1 X-9.060 Y-9.608
G1 X-9.096 Y-9.644
G1 X-9.133 Y-9.608
G1 X-9.096 Y-9.535
G1 X-9.060 Y-9.571
M5
G0 X-9.169 Y-9.480 F2500
M3 S280
G1 F900
G1 X-9.133 Y-9.517
G1 X-9.151 Y-9.553
G1 X-9.206 Y-9.553
G1 X-9.169 Y-9.480
G1 X-9.133 Y-9.517
M5
G0 X-9.060 Y-9.407 F2500
M3 S280
G1 F900
G1 X-9.023 Y-9.498
G1 X-9.042 Y-9.553
G1 X-9.078 Y-9.462
G1 X-9.060 Y-9.407
G1 X-9.023 Y-9.498
M5
G0 X-9.023 Y-9.352 F2500
M3 S280
G1 F900
G1 X-8.969 Y-9.370
G1 X-9.005 Y-9.425
G1 X-9.042 Y-9.389
G1 X-9.023 Y-9.352
G1 X-8.969 Y-9.370
M5
G0 X-9.133 Y-9.352 F2500
M3 S280
G1 F900
G1 X-9.078 Y-9.407
G1 X-9.133 Y-9.480
G1 X-9.188 Y-9.425
G1 X-9.133 Y-9.352
G1 X-9.078 Y-9.407
M5
G0 X-9.334 Y-9.882 F2500
M3 S280
G1 F900
G1 X-9.297 Y-9.937
G1 X-8.969 Y-10.247
G1 X-8.037 Y-10.868
G1 X-8.987 Y-10.229
G1 X-9.078 Y-10.156
G1 X-9.334 Y-9.882
G1 X-9.297 Y-9.937
M5
G0 X-9.443 Y-9.991 F2500
M3 S280
G1 F900
G1 X-9.370 Y-10.101
G1 X-9.133 Y-10.338
G1 X-8.804 Y-10.576
G1 X-9.151 Y-10.320
G1 X-9.352 Y-10.119
G1 X-9.443 Y-9.991
G1 X-9.370 Y-10.101
M5
G0 X-9.480 Y-10.247 F2500
M3 S280
G1 F900
G1 X-9.224 Y-10.521
G1 X-8.987 Y-10.704
G1 X-9.261 Y-10.485
G1 X-9.480 Y-10.247
G1 X-9.224 Y-10.521
M5
G0 X-9.754 Y-10.722 F2500
M3 S280
G1 F900
G1 X-9.517 Y-10.941
G1 X-9.133 Y-11.234
G1 X-9.425 Y-11.014
G1 X-9.754 Y-10.722
G1 X-9.517 Y-10.941
M5
G0 X-9.882 Y-10.868 F2500
M3 S280
G1 F900
G1 X-9.699 Y-11.051
G1 X-9.334 Y-11.325
G1 X-9.590 Y-11.142
G1 X-9.882 Y-10.868
G1 X-9.699 Y-11.051
M5
G0 X-9.973 Y-11.033 F2500
M3 S280
G1 F900
G1 X-9.736 Y-11.270
G1 X-9.498 Y-11.453
G1 X-9.754 Y-11.252
G1 X-9.973 Y-11.033
G1 X-9.736 Y-11.270
M5
G0 X-10.028 Y-11.234 F2500
M3 S280
G1 F900
G1 X-9.827 Y-11.434
G1 X-9.407 Y-11.763
G1 X-9.736 Y-11.508
G1 X-10.028 Y-11.234
G1 X-9.827 Y-11.434
M5
G0 X-10.174 Y-11.325 F2500
M3 S280
G1 F900
G1 X-9.937 Y-11.581
G1 X-9.571 Y-11.873
G1 X-9.827 Y-11.672
G1 X-10.028 Y-11.489
G1 X-10.174 Y-11.325
G1 X-9.937 Y-11.581
M5
G0 X-10.229 Y-11.526 F2500
M3 S280
G1 F900
G1 X-9.937 Y-11.818
G1 X-9.699 Y-12.001
G1 X-9.955 Y-11.800
G1 X-10.229 Y-11.526
G1 X-9.937 Y-11.818
M5
G0 X-10.320 Y-11.672 F2500
M3 S280
G1 F900
G1 X-9.918 Y-12.055
G1 X-9.571 Y-12.311
G1 X-9.937 Y-12.037
G1 X-10.320 Y-11.672
G1 X-9.918 Y-12.055
M5
G0 X-10.375 Y-11.836 F2500
M3 S280
G1 F900
G1 X-10.302 Y-11.928
G1 X-10.284 Y-11.928
G1 X-10.138 Y-12.074
G1 X-9.791 Y-12.348
G1 X-9.517 Y-12.530
G1 X-9.973 Y-12.202
G1 X-10.192 Y-12.019
G1 X-10.375 Y-11.836
G1 X-10.302 Y-11.928
M5
G0 X-10.576 Y-11.508 F2500
M3 S280
G1 F900
G1 X-10.156 Y-10.777
G1 X-9.918 Y-10.430
G1 X-9.663 Y-10.010
G1 X-9.407 Y-9.517
G1 X-9.297 Y-9.462
G1 X-9.297 Y-9.571
G1 X-9.224 Y-9.736
G1 X-9.133 Y-9.864
G1 X-9.023 Y-9.973
G1 X-8.384 Y-10.430
G1 X-7.672 Y-10.886
G1 X-6.959 Y-11.288
G1 X-6.119 Y-11.708
G1 X-5.078 Y-12.147
G1 X-4.274 Y-12.421
G1 X-3.763 Y-12.567
G1 X-3.069 Y-12.731
G1 X-2.210 Y-12.896
G1 X-1.516 Y-12.987
G1 X-0.493 Y-13.060
G1 X0.475 Y-13.060
G1 X1.352 Y-13.005
G1 X2.320 Y-12.877
G1 X3.178 Y-12.713
G1 X3.763 Y-12.567
G1 X4.658 Y-12.293
G1 X5.352 Y-12.037
G1 X5.918 Y-11.800
G1 X7.124 Y-11.197
G1 X8.183 Y-10.558
G1 X8.366 Y-10.412
G1 X8.969 Y-10.010
G1 X9.151 Y-9.827
G1 X9.297 Y-9.571
G1 X9.370 Y-9.480
G1 X9.663 Y-10.028
G1 X9.918 Y-10.448
G1 X10.192 Y-10.850
G1 X10.338 Y-11.124
G1 X10.539 Y-11.434
G1 X10.576 Y-11.526
G1 X10.594 Y-11.672
G1 X10.558 Y-11.818
G1 X10.521 Y-11.873
G1 X10.192 Y-12.220
G1 X9.498 Y-12.750
G1 X9.334 Y-12.841
G1 X9.169 Y-12.969
G1 X8.658 Y-13.298
G1 X7.708 Y-13.846
G1 X6.996 Y-14.211
G1 X6.046 Y-14.631
G1 X5.060 Y-14.996
G1 X4.950 Y-15.015
G1 X4.840 Y-15.069
G1 X4.146 Y-15.270
G1 X3.361 Y-15.453
G1 X2.776 Y-15.563
G1 X1.863 Y-15.690
G1 X1.297 Y-15.745
G1 X0.639 Y-15.782
G1 X-0.603 Y-15.782
G1 X-1.297 Y-15.745
G1 X-2.028 Y-15.672
G1 X-2.539 Y-15.599
G1 X-3.343 Y-15.453
G1 X-4.585 Y-15.142
G1 X-5.425 Y-14.868
G1 X-6.156 Y-14.594
G1 X-7.124 Y-14.156
G1 X-7.927 Y-13.736
G1 X-8.585 Y-13.352
G1 X-9.443 Y-12.786
G1 X-10.156 Y-12.256
G1 X-10.466 Y-11.946
G1 X-10.576 Y-11.745
G1 X-10.576 Y-11.508
G1 X-10.156 Y-10.777
M5
G0 X-8.366 Y-7.818 F2500
M3 S280
G1 F900
G1 X-7.763 Y-8.439
G1 X-7.416 Y-8.713
G1 X-7.014 Y-8.969
G1 X-6.740 Y-9.115
G1 X-6.357 Y-9.279
G1 X-5.809 Y-9.443
G1 X-5.480 Y-9.498
G1 X-5.060 Y-9.535
G1 X-4.530 Y-9.517
G1 X-4.493 Y-9.553
G1 X-4.457 Y-9.663
G1 X-4.311 Y-9.900
G1 X-4.055 Y-10.174
G1 X-4.238 Y-9.991
G1 X-4.329 Y-9.864
G1 X-4.548 Y-9.425
G1 X-4.530 Y-9.517
G1 X-5.188 Y-9.517
G1 X-5.388 Y-9.498
G1 X-5.863 Y-9.425
G1 X-6.430 Y-9.243
G1 X-6.996 Y-8.969
G1 X-7.398 Y-8.713
G1 X-7.745 Y-8.439
G1 X-8.366 Y-7.818
G1 X-7.763 Y-8.439
M5
G0 X-8.494 Y-7.434 F2500
M3 S280
G1 F900
G1 X-8.128 Y-7.891
G1 X-7.836 Y-8.183
G1 X-7.452 Y-8.512
G1 X-6.941 Y-8.859
G1 X-6.631 Y-9.023
G1 X-6.320 Y-9.151
G1 X-5.991 Y-9.261
G1 X-5.681 Y-9.334
G1 X-5.060 Y-9.407
G1 X-4.822 Y-9.407
G1 X-4.548 Y-9.370
G1 X-4.457 Y-9.389
G1 X-4.439 Y-9.462
G1 X-4.329 Y-9.681
G1 X-4.219 Y-9.845
G1 X-3.945 Y-10.138
G1 X-4.146 Y-9.937
G1 X-4.238 Y-9.809
G1 X-4.420 Y-9.480
G1 X-4.457 Y-9.352
G1 X-4.731 Y-9.389
G1 X-5.169 Y-9.389
G1 X-5.717 Y-9.316
G1 X-6.009 Y-9.243
G1 X-6.338 Y-9.133
G1 X-6.722 Y-8.969
G1 X-6.923 Y-8.859
G1 X-7.452 Y-8.494
G1 X-7.818 Y-8.183
G1 X-8.147 Y-7.854
G1 X-8.494 Y-7.434
G1 X-8.128 Y-7.891
M5
G0 X-5.681 Y-7.599 F2500
M3 S280
G1 F900
G1 X-5.626 Y-7.544
G1 X-5.425 Y-7.544
G1 X-5.388 Y-7.635
G1 X-5.425 Y-7.653
G1 X-5.608 Y-7.672
G1 X-5.644 Y-7.653
G1 X-5.681 Y-7.599
G1 X-5.626 Y-7.544
M5
G0 X-5.644 Y-7.708 F2500
M3 S280
G1 F900
G1 X-5.388 Y-7.726
G1 X-5.443 Y-7.800
G1 X-5.407 Y-7.946
G1 X-5.425 Y-8.000
G1 X-5.407 Y-8.055
G1 X-5.443 Y-8.074
G1 X-5.407 Y-8.092
G1 X-5.407 Y-8.238
G1 X-5.516 Y-8.274
G1 X-5.662 Y-8.256
G1 X-5.644 Y-7.708
G1 X-5.388 Y-7.726
M5
G0 X-5.681 Y-8.366 F2500
M3 S280
G1 F900
G1 X-5.608 Y-8.348
G1 X-5.626 Y-8.366
G1 X-5.589 Y-8.402
G1 X-5.608 Y-8.348
G1 X-5.571 Y-8.311
G1 X-5.425 Y-8.329
G1 X-5.443 Y-8.402
G1 X-5.407 Y-8.402
G1 X-5.388 Y-8.329
G1 X-5.352 Y-8.366
G1 X-5.352 Y-8.421
G1 X-5.407 Y-8.475
G1 X-5.571 Y-8.494
G1 X-5.626 Y-8.475
G1 X-5.681 Y-8.421
G1 X-5.681 Y-8.366
G1 X-5.608 Y-8.348
M5
G0 X-4.512 Y-2.028 F2500
M3 S280
G1 F900
G1 X-4.347 Y-2.137
G1 X-4.092 Y-2.393
G1 X-3.872 Y-2.649
G1 X-3.781 Y-2.776
G1 X-3.434 Y-3.416
G1 X-3.434 Y-3.452
G1 X-3.397 Y-3.416
G1 X-3.324 Y-3.397
G1 X-3.069 Y-3.397
G1 X-2.941 Y-3.434
G1 X-2.849 Y-3.507
G1 X-3.069 Y-3.142
G1 X-3.361 Y-2.795
G1 X-3.562 Y-2.594
G1 X-3.763 Y-2.429
G1 X-3.982 Y-2.283
G1 X-4.292 Y-2.119
G1 X-4.512 Y-2.028
G1 X-4.347 Y-2.137
M5
G0 X-4.786 Y-1.936 F2500
M3 S280
G1 F900
G1 X-4.713 Y-1.918
G1 X-4.311 Y-2.046
G1 X-3.927 Y-2.247
G1 X-3.544 Y-2.521
G1 X-3.197 Y-2.886
G1 X-2.977 Y-3.160
G1 X-2.776 Y-3.489
G1 X-2.722 Y-3.690
G1 X-2.868 Y-3.562
G1 X-3.014 Y-3.507
G1 X-3.197 Y-3.489
G1 X-3.361 Y-3.507
G1 X-3.471 Y-3.544
G1 X-3.507 Y-3.507
G1 X-3.544 Y-3.379
G1 X-3.799 Y-2.886
G1 X-4.000 Y-2.594
G1 X-4.347 Y-2.228
G1 X-4.786 Y-1.936
G1 X-4.713 Y-1.918
M5
G0 X-3.306 Y-1.005 F2500
M3 S280
G1 F900
G1 X-3.288 Y-0.968
G1 X-3.215 Y-0.913
G1 X-3.160 Y-0.932
G1 X-3.215 Y-0.968
G1 X-3.251 Y-1.041
G1 X-3.160 Y-0.932
G1 X-3.123 Y-0.913
G1 X-3.069 Y-0.932
G1 X-3.178 Y-1.023
G1 X-3.069 Y-0.932
G1 X-2.959 Y-0.895
G1 X-2.959 Y-0.950
G1 X-3.050 Y-1.005
G1 X-3.160 Y-1.114
G1 X-3.069 Y-1.023
G1 X-2.923 Y-0.932
G1 X-2.795 Y-1.041
G1 X-2.923 Y-0.932
G1 X-2.831 Y-0.913
G1 X-2.685 Y-1.059
G1 X-2.795 Y-0.950
G1 X-2.776 Y-0.895
G1 X-2.575 Y-1.078
G1 X-2.722 Y-0.932
G1 X-2.155 Y-0.932
G1 X-2.265 Y-1.041
G1 X-2.137 Y-0.913
G1 X-2.064 Y-0.932
G1 X-2.283 Y-1.151
G1 X-2.028 Y-0.913
G1 X-1.936 Y-0.913
G1 X-1.717 Y-1.151
G1 X-1.699 Y-1.242
G1 X-1.772 Y-1.224
G1 X-1.790 Y-1.242
G1 X-2.594 Y-1.224
G1 X-2.630 Y-1.151
G1 X-2.612 Y-1.242
G1 X-2.703 Y-1.224
G1 X-2.703 Y-1.187
G1 X-2.740 Y-1.132
G1 X-2.703 Y-1.187
G1 X-2.722 Y-1.242
G1 X-3.142 Y-1.187
G1 X-3.160 Y-1.224
G1 X-3.306 Y-1.224
G1 X-3.306 Y-1.005
G1 X-3.288 Y-0.968
M5
G0 X-3.288 Y-0.840 F2500
M3 S280
G1 F900
G1 X-3.288 Y-0.749
G1 X-3.160 Y-0.731
G1 X-1.279 Y-0.712
G1 X-1.187 Y-0.749
G1 X3.306 Y-0.749
G1 X3.288 Y-0.822
G1 X3.032 Y-0.858
G1 X-1.242 Y-0.858
G1 X-1.808 Y-0.840
G1 X-2.795 Y-0.840
G1 X-3.251 Y-0.858
G1 X-3.288 Y-0.840
G1 X-3.288 Y-0.749
M5
G0 X-2.996 Y-1.059 F2500
M3 S280
G1 F900
G1 X-3.069 Y-1.132
G1 X-3.032 Y-1.114
G1 X-2.996 Y-1.059
G1 X-3.069 Y-1.132
M5
G0 X-2.941 Y-1.005 F2500
M3 S280
G1 F900
G1 X-2.795 Y-1.169
G1 X-2.831 Y-1.096
G1 X-2.941 Y-1.005
G1 X-2.795 Y-1.169
M5
G0 X-2.338 Y-0.566 F2500
M3 S280
G1 F900
G1 X-2.375 Y-0.530
G1 X-2.411 Y-0.566
G1 X-2.375 Y-0.530
G1 X-2.338 Y-0.566
G1 X-2.375 Y-0.530
M5
G0 X-2.302 Y-0.402 F2500
M3 S280
G1 F900
G1 X-2.247 Y-0.457
G1 X-2.174 Y-0.475
G1 X-2.247 Y-0.457
G1 X-2.302 Y-0.402
G1 X-2.247 Y-0.457
M5
G0 X-2.228 Y-0.621 F2500
M3 S280
G1 F900
G1 X-2.320 Y-0.603
G1 X-2.539 Y-0.621
G1 X-2.228 Y-0.621
G1 X-2.320 Y-0.603
M5
G0 X-2.302 Y-0.292 F2500
M3 S280
G1 F900
G1 X-2.338 Y-0.329
G1 X-2.448 Y-0.311
G1 X-2.448 Y-0.384
G1 X-2.521 Y-0.457
G1 X-2.466 Y-0.420
G1 X-2.448 Y-0.365
G1 X-2.411 Y-0.329
G1 X-2.320 Y-0.365
G1 X-2.302 Y-0.292
G1 X-2.338 Y-0.329
M5
G0 X-2.575 Y-0.164 F2500
M3 S280
G1 F900
G1 X-2.502 Y-0.219
G1 X-2.484 Y-0.274
G1 X-2.539 Y-0.311
G1 X-2.539 Y-0.347
G1 X-2.466 Y-0.237
G1 X-2.521 Y-0.219
G1 X-2.575 Y-0.164
G1 X-2.502 Y-0.219
M5
G0 X-2.101 Y-0.146 F2500
M3 S280
G1 F900
G1 X-2.119 Y-0.201
G1 X-2.101 Y-0.237
G1 X-2.064 Y-0.256
G1 X-2.101 Y-0.237
G1 X-2.119 Y-0.201
G1 X-2.101 Y-0.146
G1 X-2.119 Y-0.201
M5
G0 X-2.082 Y-0.000 F2500
M3 S280
G1 F900
G1 X-2.174 Y-0.146
G1 X-2.247 Y-0.219
G1 X-2.320 Y-0.237
G1 X-2.265 Y-0.237
G1 X-2.192 Y-0.183
G1 X-2.174 Y-0.128
G1 X-2.082 Y-0.073
G1 X-2.082 Y-0.000
G1 X-2.174 Y-0.146
M5
G0 X-1.954 Y-0.329 F2500
M3 S280
G1 F900
G1 X-1.918 Y-0.365
G1 X-1.918 Y-0.402
G1 X-1.973 Y-0.457
G1 X-2.046 Y-0.475
G1 X-1.973 Y-0.457
G1 X-1.918 Y-0.402
G1 X-1.918 Y-0.365
G1 X-1.954 Y-0.329
G1 X-1.918 Y-0.365
M5
G0 X-1.900 Y-0.932 F2500
M3 S280
G1 F900
G1 X-1.845 Y-0.913
G1 X-1.717 Y-1.041
G1 X-1.808 Y-0.950
G1 X-1.790 Y-0.895
G1 X-1.516 Y-0.913
G1 X-1.480 Y-0.895
G1 X-1.461 Y-0.950
G1 X-1.571 Y-1.059
G1 X-1.425 Y-0.913
G1 X-1.370 Y-0.950
G1 X-1.425 Y-0.986
G1 X-1.516 Y-1.096
G1 X-1.425 Y-0.986
G1 X-1.333 Y-0.913
G1 X-1.260 Y-0.932
G1 X-1.388 Y-1.041
G1 X-1.480 Y-1.169
G1 X-1.352 Y-1.005
G1 X-1.242 Y-0.913
G1 X-1.151 Y-0.895
G1 X-1.078 Y-0.932
G1 X-0.858 Y-1.151
G1 X-1.096 Y-0.913
G1 X-1.023 Y-0.895
G1 X-0.877 Y-1.041
G1 X-0.986 Y-0.932
G1 X-0.932 Y-0.913
G1 X-0.895 Y-0.950
G1 X-0.895 Y-0.913
G1 X-0.822 Y-0.950
G1 X-0.804 Y-0.913
G1 X-0.511 Y-0.932
G1 X-0.621 Y-1.041
G1 X-0.493 Y-0.913
G1 X-0.438 Y-0.932
G1 X-0.566 Y-1.059
G1 X-0.402 Y-0.913
G1 X-0.329 Y-0.913
G1 X-0.091 Y-1.132
G1 X-0.164 Y-1.041
G1 X-0.292 Y-0.932
G1 X-0.219 Y-0.913
G1 X-0.128 Y-0.986
G1 X-0.183 Y-0.932
G1 X0.128 Y-0.913
G1 X0.164 Y-0.950
G1 X0.183 Y-0.913
G1 X0.274 Y-0.932
G1 X0.164 Y-1.023
G1 X0.055 Y-1.169
G1 X0.292 Y-0.913
G1 X0.402 Y-0.895
G1 X0.566 Y-1.041
G1 X0.548 Y-0.895
G1 X0.585 Y-0.913
G1 X0.749 Y-0.913
G1 X0.822 Y-0.895
G1 X0.840 Y-0.932
G1 X0.712 Y-1.059
G1 X0.895 Y-0.895
G1 X0.932 Y-0.950
G1 X0.712 Y-1.151
G1 X0.968 Y-0.913
G1 X1.005 Y-0.913
G1 X1.041 Y-0.950
G1 X0.840 Y-1.132
G1 X0.785 Y-1.242
G1 X0.658 Y-1.224
G1 X0.091 Y-1.224
G1 X0.256 Y-1.059
G1 X0.073 Y-1.242
G1 X-0.566 Y-1.224
G1 X-0.566 Y-1.187
G1 X-0.530 Y-1.132
G1 X-0.347 Y-0.968
G1 X-0.530 Y-1.132
G1 X-0.585 Y-1.242
G1 X-0.785 Y-1.242
G1 X-0.822 Y-1.206
G1 X-0.822 Y-1.242
G1 X-0.895 Y-1.242
G1 X-0.932 Y-1.206
G1 X-0.932 Y-1.242
G1 X-1.406 Y-1.206
G1 X-1.370 Y-1.132
G1 X-1.187 Y-0.968
G1 X-1.151 Y-0.968
G1 X-1.059 Y-1.059
G1 X-1.169 Y-0.950
G1 X-1.370 Y-1.132
G1 X-1.406 Y-1.224
G1 X-1.626 Y-1.242
G1 X-1.717 Y-1.169
G1 X-1.772 Y-1.078
G1 X-1.900 Y-0.932
G1 X-1.845 Y-0.913
M5
G0 X-1.863 Y-1.078 F2500
M3 S280
G1 F900
G1 X-1.973 Y-0.968
G1 X-2.009 Y-0.986
G1 X-2.174 Y-1.169
G1 X-2.155 Y-1.132
G1 X-1.973 Y-0.968
G1 X-1.863 Y-1.078
G1 X-1.973 Y-0.968
M5
G0 X-1.918 Y-1.096 F2500
M3 S280
G1 F900
G1 X-1.973 Y-1.059
G1 X-2.009 Y-1.078
G1 X-2.082 Y-1.151
G1 X-2.101 Y-1.206
G1 X-2.082 Y-1.151
G1 X-2.009 Y-1.078
G1 X-1.973 Y-1.059
G1 X-1.918 Y-1.096
G1 X-1.973 Y-1.059
M5
G0 X-2.137 Y-1.553 F2500
M3 S280
G1 F900
G1 X-2.302 Y-1.900
G1 X-2.429 Y-2.046
G1 X-2.612 Y-2.119
G1 X-2.868 Y-2.119
G1 X-2.941 Y-2.082
G1 X-2.849 Y-1.973
G1 X-2.758 Y-1.790
G1 X-2.758 Y-1.589
G1 X-2.722 Y-1.516
G1 X-2.502 Y-1.516
G1 X-2.466 Y-1.553
G1 X-2.466 Y-1.717
G1 X-2.484 Y-1.754
G1 X-2.466 Y-1.717
G1 X-2.448 Y-1.534
G1 X-2.375 Y-1.553
G1 X-2.375 Y-1.717
G1 X-2.393 Y-1.772
G1 X-2.466 Y-1.881
G1 X-2.575 Y-1.973
G1 X-2.521 Y-1.936
G1 X-2.393 Y-1.790
G1 X-2.356 Y-1.534
G1 X-2.137 Y-1.553
G1 X-2.302 Y-1.900
M5
G0 X-2.320 Y-1.790 F2500
M3 S280
G1 F900
G1 X-2.411 Y-1.936
G1 X-2.521 Y-2.028
G1 X-2.575 Y-2.046
G1 X-2.466 Y-1.991
G1 X-2.393 Y-1.918
G1 X-2.320 Y-1.790
G1 X-2.411 Y-1.936
M5
G0 X-1.333 Y-1.443 F2500
M3 S280
G1 F900
G1 X1.096 Y-1.480
G1 X0.986 Y-1.461
G1 X0.530 Y-1.480
G1 X-1.333 Y-1.443
G1 X1.096 Y-1.480
M5
G0 X-1.315 Y-1.169 F2500
M3 S280
G1 F900
G1 X-1.224 Y-1.078
G1 X-1.169 Y-1.059
G1 X-1.059 Y-1.151
G1 X-1.169 Y-1.059
G1 X-1.224 Y-1.078
G1 X-1.297 Y-1.206
G1 X-1.315 Y-1.169
G1 X-1.224 Y-1.078
M5
G0 X-1.918 Y0.311 F2500
M3 S280
G1 F900
G1 X-1.954 Y0.274
G1 X-2.009 Y0.274
G1 X-2.101 Y0.201
G1 X-2.009 Y0.274
G1 X-1.936 Y0.256
G1 X-1.918 Y0.311
G1 X-1.954 Y0.274
M5
G0 X-1.918 Y0.347 F2500
M3 S280
G1 F900
G1 X-1.973 Y0.402
G1 X-2.009 Y0.347
G1 X-2.046 Y0.365
G1 X-2.009 Y0.347
G1 X-1.954 Y0.402
G1 X-1.918 Y0.347
G1 X-1.973 Y0.402
M5
G0 X-2.028 Y0.457 F2500
M3 S280
G1 F900
G1 X-2.119 Y0.457
G1 X-2.155 Y0.438
G1 X-2.247 Y0.347
G1 X-2.283 Y0.256
G1 X-2.265 Y0.311
G1 X-2.174 Y0.420
G1 X-2.119 Y0.457
G1 X-2.064 Y0.420
G1 X-2.028 Y0.457
G1 X-2.119 Y0.457
M5
G0 X-2.174 Y0.621 F2500
M3 S280
G1 F900
G1 X-2.228 Y0.603
G1 X-2.375 Y0.438
G1 X-2.429 Y0.493
G1 X-2.375 Y0.420
G1 X-2.338 Y0.493
G1 X-2.247 Y0.585
G1 X-2.174 Y0.621
G1 X-2.228 Y0.603
M5
G0 X-1.936 Y0.712 F2500
M3 S280
G1 F900
G1 X-2.137 Y0.639
G1 X-2.101 Y0.658
G1 X-2.028 Y0.658
G1 X-1.936 Y0.712
G1 X-2.137 Y0.639
M5
G0 X-2.009 Y0.986 F2500
M3 S280
G1 F900
G1 X-2.283 Y0.676
G1 X-2.228 Y0.749
G1 X-2.028 Y0.932
G1 X-2.009 Y0.986
G1 X-2.283 Y0.676
M5
G0 X-2.575 Y0.603 F2500
M3 S280
G1 F900
G1 X-2.521 Y0.585
G1 X-2.484 Y0.548
G1 X-2.521 Y0.585
G1 X-2.575 Y0.603
G1 X-2.521 Y0.585
M5
G0 X-2.667 Y0.603 F2500
M3 S280
G1 F900
G1 X-2.740 Y0.603
G1 X-2.849 Y0.530
G1 X-2.740 Y0.603
G1 X-2.667 Y0.603
G1 X-2.740 Y0.603
M5
G0 X-2.795 Y0.694 F2500
M3 S280
G1 F900
G1 X-2.795 Y0.658
G1 X-2.740 Y0.639
G1 X-2.649 Y0.658
G1 X-2.722 Y0.676
G1 X-2.776 Y0.712
G1 X-2.795 Y0.694
G1 X-2.795 Y0.658
M5
G0 X-2.649 Y0.457 F2500
M3 S280
G1 F900
G1 X-2.502 Y0.329
G1 X-2.448 Y0.201
G1 X-2.448 Y0.018
G1 X-2.448 Y0.128
G1 X-2.411 Y0.164
G1 X-2.466 Y0.219
G1 X-2.466 Y0.256
G1 X-2.557 Y0.402
G1 X-2.649 Y0.457
G1 X-2.502 Y0.329
M5
G0 X-2.521 Y0.219 F2500
M3 S280
G1 F900
G1 X-2.557 Y0.274
G1 X-2.612 Y0.219
G1 X-2.557 Y0.256
G1 X-2.521 Y0.219
G1 X-2.557 Y0.274
M5
G0 X-2.868 Y0.384 F2500
M3 S280
G1 F900
G1 X-2.849 Y0.438
G1 X-2.795 Y0.493
G1 X-2.722 Y0.530
G1 X-2.630 Y0.530
G1 X-2.521 Y0.475
G1 X-2.448 Y0.402
G1 X-2.375 Y0.274
G1 X-2.375 Y0.219
G1 X-2.356 Y0.311
G1 X-2.302 Y0.402
G1 X-2.210 Y0.493
G1 X-2.137 Y0.530
G1 X-2.009 Y0.530
G1 X-1.973 Y0.511
G1 X-1.881 Y0.402
G1 X-1.900 Y0.457
G1 X-1.936 Y0.493
G1 X-2.009 Y0.530
G1 X-2.137 Y0.530
G1 X-2.210 Y0.493
G1 X-2.302 Y0.402
G1 X-2.375 Y0.274
G1 X-2.429 Y0.384
G1 X-2.539 Y0.493
G1 X-2.612 Y0.530
G1 X-2.740 Y0.530
G1 X-2.831 Y0.475
G1 X-2.868 Y0.384
G1 X-2.849 Y0.438
M5
G0 X-2.740 Y0.986 F2500
M3 S280
G1 F900
G1 X-2.466 Y0.676
G1 X-2.539 Y0.785
G1 X-2.740 Y0.986
G1 X-2.466 Y0.676
M5
G0 X-2.210 Y0.256 F2500
M3 S280
G1 F900
G1 X-2.265 Y0.219
G1 X-2.302 Y0.219
G1 X-2.320 Y0.110
G1 X-2.283 Y0.219
G1 X-2.210 Y0.256
G1 X-2.265 Y0.219
M5
G0 X-2.082 Y1.206 F2500
M3 S280
G1 F900
G1 X-2.192 Y1.114
G1 X-2.247 Y1.005
G1 X-2.210 Y1.078
G1 X-2.082 Y1.206
G1 X-2.192 Y1.114
M5
G0 X-2.283 Y1.571 F2500
M3 S280
G1 F900
G1 X-2.119 Y1.425
G1 X-2.046 Y1.315
G1 X-2.046 Y1.242
G1 X-2.009 Y1.224
G1 X-1.973 Y1.096
G1 X-1.936 Y1.078
G1 X-1.827 Y0.676
G1 X-1.827 Y-0.420
G1 X-1.881 Y-0.493
G1 X-1.973 Y-0.566
G1 X-2.028 Y-0.585
G1 X-2.137 Y-0.585
G1 X-2.028 Y-0.585
G1 X-1.936 Y-0.548
G1 X-1.845 Y-0.438
G1 X-1.827 Y-0.493
G1 X-1.863 Y-0.566
G1 X-1.936 Y-0.621
G1 X-1.991 Y-0.639
G1 X-2.155 Y-0.639
G1 X-1.973 Y-0.639
G1 X-1.900 Y-0.621
G1 X-1.845 Y-0.585
G1 X-1.845 Y-0.694
G1 X-2.302 Y-0.676
G1 X-2.868 Y-0.694
G1 X-2.941 Y-0.658
G1 X-2.923 Y-0.603
G1 X-2.795 Y-0.639
G1 X-2.575 Y-0.639
G1 X-2.795 Y-0.639
G1 X-2.868 Y-0.621
G1 X-2.941 Y-0.548
G1 X-2.923 Y-0.457
G1 X-2.831 Y-0.548
G1 X-2.722 Y-0.585
G1 X-2.630 Y-0.585
G1 X-2.502 Y-0.548
G1 X-2.356 Y-0.457
G1 X-2.375 Y-0.420
G1 X-2.448 Y-0.511
G1 X-2.502 Y-0.548
G1 X-2.649 Y-0.585
G1 X-2.795 Y-0.566
G1 X-2.904 Y-0.475
G1 X-2.941 Y-0.420
G1 X-2.941 Y0.420
G1 X-2.923 Y0.621
G1 X-2.868 Y0.877
G1 X-2.831 Y0.968
G1 X-2.795 Y0.986
G1 X-2.740 Y1.151
G1 X-2.667 Y1.206
G1 X-2.539 Y1.059
G1 X-2.521 Y1.005
G1 X-2.557 Y1.096
G1 X-2.685 Y1.242
G1 X-2.411 Y1.534
G1 X-2.393 Y1.498
G1 X-2.448 Y1.443
G1 X-2.484 Y1.297
G1 X-2.448 Y1.425
G1 X-2.356 Y1.534
G1 X-2.283 Y1.370
G1 X-2.320 Y1.498
G1 X-2.320 Y1.553
G1 X-2.302 Y1.534
G1 X-2.283 Y1.571
G1 X-2.119 Y1.425
M5
G0 X-2.375 Y1.589 F2500
M3 S280
G1 F900
G1 X-2.685 Y1.242
G1 X-2.703 Y1.279
G1 X-2.594 Y1.425
G1 X-2.375 Y1.589
G1 X-2.685 Y1.242
M5
G0 X-3.050 Y1.589 F2500
M3 S280
G1 F900
G1 X-2.977 Y1.571
G1 X-2.996 Y-0.694
G1 X-3.087 Y-0.676
G1 X-3.087 Y1.553
G1 X-3.050 Y1.589
G1 X-2.977 Y1.571
M5
G0 X-3.105 Y1.534 F2500
M3 S280
G1 F900
G1 X-3.105 Y-0.603
G1 X-3.142 Y-0.694
G1 X-3.215 Y-0.694
G1 X-3.233 Y-0.712
G1 X-3.306 Y-0.694
G1 X-3.306 Y1.461
G1 X-3.270 Y1.498
G1 X-3.178 Y1.534
G1 X-3.105 Y1.534
G1 X-3.105 Y-0.603
M5
G0 X-3.982 Y0.018 F2500
M3 S280
G1 F900
G1 X-4.018 Y-0.018
G1 X-4.000 Y-0.055
G1 X-3.799 Y-0.274
G1 X-4.000 Y-0.055
G1 X-3.982 Y0.018
G1 X-4.018 Y-0.018
M5
G0 X-4.037 Y0.073 F2500
M3 S280
G1 F900
G1 X-3.927 Y0.073
G1 X-3.872 Y0.037
G1 X-3.818 Y0.037
G1 X-3.781 Y-0.018
G1 X-3.671 Y-0.073
G1 X-3.690 Y-0.018
G1 X-3.617 Y-0.037
G1 X-3.617 Y-0.110
G1 X-3.653 Y-0.128
G1 X-3.598 Y-0.183
G1 X-3.635 Y-0.128
G1 X-3.598 Y-0.110
G1 X-3.580 Y-0.018
G1 X-3.580 Y-0.292
G1 X-3.690 Y-0.146
G1 X-3.927 Y0.018
G1 X-3.854 Y-0.073
G1 X-3.708 Y-0.164
G1 X-3.617 Y-0.274
G1 X-3.598 Y-0.365
G1 X-3.544 Y-0.438
G1 X-3.562 Y-0.694
G1 X-3.635 Y-0.712
G1 X-3.690 Y-0.621
G1 X-3.671 Y-0.402
G1 X-3.836 Y-0.420
G1 X-3.872 Y-0.384
G1 X-3.872 Y-0.237
G1 X-4.092 Y-0.055
G1 X-4.092 Y0.018
G1 X-4.037 Y0.073
G1 X-3.927 Y0.073
M5
G0 X-4.073 Y0.658 F2500
M3 S280
G1 F900
G1 X-3.562 Y0.639
G1 X-3.544 Y0.548
G1 X-3.562 Y0.256
G1 X-3.617 Y0.256
G1 X-3.544 Y0.237
G1 X-3.544 Y0.110
G1 X-3.562 Y0.073
G1 X-3.635 Y0.055
G1 X-4.092 Y0.128
G1 X-4.110 Y0.183
G1 X-4.110 Y0.548
G1 X-4.073 Y0.658
G1 X-3.562 Y0.639
M5
G0 X-4.238 Y0.767 F2500
M3 S280
G1 F900
G1 X-4.146 Y0.749
G1 X-4.146 Y0.219
G1 X-4.183 Y0.037
G1 X-4.274 Y0.055
G1 X-4.274 Y0.639
G1 X-4.238 Y0.767
G1 X-4.146 Y0.749
M5
G0 X-4.347 Y0.767 F2500
M3 S280
G1 F900
G1 X-4.292 Y0.749
G1 X-4.292 Y0.585
G1 X-4.329 Y0.055
G1 X-4.366 Y0.018
G1 X-4.402 Y0.055
G1 X-4.439 Y0.201
G1 X-4.439 Y0.603
G1 X-4.402 Y0.712
G1 X-4.347 Y0.767
G1 X-4.292 Y0.749
M5
G0 X-3.580 Y1.333 F2500
M3 S280
G1 F900
G1 X-3.544 Y1.096
G1 X-3.544 Y0.767
G1 X-3.562 Y0.731
G1 X-3.799 Y0.694
G1 X-3.872 Y0.712
G1 X-3.617 Y0.986
G1 X-3.635 Y1.078
G1 X-3.653 Y0.986
G1 X-3.927 Y0.712
G1 X-4.073 Y0.694
G1 X-4.110 Y0.731
G1 X-4.110 Y0.804
G1 X-4.073 Y0.840
G1 X-4.018 Y0.858
G1 X-3.854 Y0.840
G1 X-3.909 Y0.785
G1 X-3.836 Y0.877
G1 X-3.872 Y0.877
G1 X-3.854 Y1.096
G1 X-3.726 Y1.114
G1 X-3.690 Y1.096
G1 X-3.690 Y1.297
G1 X-3.580 Y1.333
G1 X-3.544 Y1.096
M5
G0 X-3.507 Y1.881 F2500
M3 S280
G1 F900
G1 X-3.452 Y1.936
G1 X-3.379 Y1.936
G1 X-3.361 Y1.900
G1 X-3.343 Y-0.566
G1 X-3.361 Y-1.005
G1 X-3.343 Y-1.297
G1 X3.324 Y-1.297
G1 X3.343 Y1.881
G1 X3.379 Y1.954
G1 X3.471 Y1.881
G1 X3.489 Y1.790
G1 X3.471 Y1.607
G1 X3.489 Y-1.461
G1 X3.452 Y-1.498
G1 X3.379 Y-1.498
G1 X3.306 Y-1.425
G1 X-0.530 Y-1.425
G1 X-3.306 Y-1.388
G1 X-3.343 Y-1.498
G1 X-3.397 Y-1.516
G1 X-3.434 Y-1.461
G1 X-3.452 Y-1.498
G1 X-3.489 Y-1.461
G1 X-3.507 Y-1.370
G1 X-3.507 Y1.881
G1 X-3.452 Y1.936
M5
G0 X-3.872 Y1.936 F2500
M3 S280
G1 F900
G1 X-3.854 Y1.900
G1 X-3.818 Y1.900
G1 X-3.598 Y2.028
G1 X-3.397 Y2.119
G1 X-2.886 Y2.302
G1 X-2.228 Y2.484
G1 X-1.370 Y2.649
G1 X-0.877 Y2.703
G1 X-0.274 Y2.740
G1 X0.365 Y2.740
G1 X1.260 Y2.667
G1 X2.155 Y2.502
G1 X2.703 Y2.356
G1 X3.178 Y2.192
G1 X2.521 Y2.411
G1 X2.082 Y2.521
G1 X1.279 Y2.667
G1 X0.511 Y2.740
G1 X-0.438 Y2.740
G1 X-1.260 Y2.667
G1 X-2.155 Y2.502
G1 X-2.776 Y2.338
G1 X-3.050 Y2.247
G1 X-3.197 Y2.174
G1 X-3.580 Y2.064
G1 X-3.781 Y1.936
G1 X-3.836 Y1.918
G1 X-3.872 Y1.936
G1 X-3.854 Y1.900
M5
G0 X-3.945 Y2.028 F2500
M3 S280
G1 F900
G1 X-3.891 Y2.082
G1 X-3.105 Y2.411
G1 X-2.594 Y2.575
G1 X-2.028 Y2.722
G1 X-1.315 Y2.849
G1 X-0.110 Y2.941
G1 X0.475 Y2.923
G1 X1.187 Y2.868
G1 X1.480 Y2.831
G1 X2.046 Y2.722
G1 X2.612 Y2.575
G1 X3.160 Y2.393
G1 X3.763 Y2.155
G1 X3.891 Y2.082
G1 X3.927 Y2.028
G1 X3.909 Y1.918
G1 X3.745 Y2.009
G1 X3.818 Y1.954
G1 X3.781 Y1.936
G1 X3.671 Y2.028
G1 X3.215 Y2.174
G1 X3.452 Y2.082
G1 X3.562 Y2.064
G1 X3.635 Y2.028
G1 X3.690 Y1.973
G1 X3.891 Y1.900
G1 X3.854 Y1.863
G1 X3.763 Y1.863
G1 X3.525 Y1.991
G1 X3.288 Y2.064
G1 X3.105 Y2.155
G1 X2.557 Y2.320
G1 X2.046 Y2.448
G1 X1.406 Y2.575
G1 X1.023 Y2.630
G1 X0.566 Y2.667
G1 X-0.475 Y2.667
G1 X-1.151 Y2.612
G1 X-1.607 Y2.539
G1 X-2.703 Y2.283
G1 X-3.434 Y2.028
G1 X-3.836 Y1.827
G1 X-3.927 Y1.918
G1 X-3.945 Y1.954
G1 X-3.945 Y2.028
G1 X-3.891 Y2.082
M5
G0 X-2.228 Y2.283 F2500
M3 S280
G1 F900
G1 X-2.302 Y2.228
G1 X-2.356 Y2.247
G1 X-2.302 Y2.302
G1 X-2.228 Y2.283
G1 X-2.302 Y2.228
M5
G0 X-1.973 Y2.375 F2500
M3 S280
G1 F900
G1 X-1.936 Y2.393
G1 X-1.881 Y2.356
G1 X-1.918 Y2.320
G1 X-1.973 Y2.375
G1 X-1.936 Y2.393
M5
G0 X-1.717 Y2.429 F2500
M3 S280
G1 F900
G1 X-1.699 Y2.356
G1 X-1.754 Y2.393
G1 X-1.717 Y2.429
G1 X-1.699 Y2.356
M5
G0 X-1.626 Y2.429 F2500
M3 S280
G1 F900
G1 X-1.553 Y2.393
G1 X-1.589 Y2.356
G1 X-1.626 Y2.375
G1 X-1.626 Y2.429
G1 X-1.553 Y2.393
M5
G0 X-1.589 Y2.448 F2500
M3 S280
G1 F900
G1 X-1.498 Y2.466
G1 X-1.553 Y2.411
G1 X-1.589 Y2.448
G1 X-1.498 Y2.466
M5
G0 X-1.443 Y2.448 F2500
M3 S280
G1 F900
G1 X-1.461 Y2.411
G1 X-1.443 Y2.247
G1 X-1.480 Y2.210
G1 X-1.808 Y2.155
G1 X-2.411 Y2.009
G1 X-3.069 Y1.790
G1 X-3.324 Y1.735
G1 X-3.306 Y1.881
G1 X-3.288 Y1.845
G1 X-3.306 Y1.936
G1 X-3.270 Y1.991
G1 X-3.251 Y1.936
G1 X-3.270 Y1.900
G1 X-3.233 Y1.991
G1 X-3.142 Y2.028
G1 X-3.197 Y1.954
G1 X-3.251 Y1.808
G1 X-3.142 Y1.973
G1 X-3.142 Y2.009
G1 X-3.069 Y2.082
G1 X-3.050 Y2.046
G1 X-3.087 Y1.991
G1 X-3.105 Y1.918
G1 X-3.032 Y2.009
G1 X-2.977 Y2.046
G1 X-2.941 Y2.046
G1 X-2.795 Y2.119
G1 X-2.904 Y2.028
G1 X-2.886 Y1.973
G1 X-2.886 Y2.028
G1 X-2.722 Y2.155
G1 X-2.722 Y2.101
G1 X-2.795 Y2.028
G1 X-2.722 Y2.082
G1 X-2.703 Y2.119
G1 X-2.612 Y2.137
G1 X-2.776 Y1.973
G1 X-2.539 Y2.192
G1 X-2.411 Y2.247
G1 X-2.594 Y2.046
G1 X-2.575 Y2.082
G1 X-2.356 Y2.247
G1 X-2.320 Y2.210
G1 X-2.484 Y2.064
G1 X-2.338 Y2.174
G1 X-2.320 Y2.210
G1 X-2.174 Y2.302
G1 X-2.119 Y2.320
G1 X-2.101 Y2.283
G1 X-2.192 Y2.174
G1 X-2.082 Y2.302
G1 X-2.028 Y2.320
G1 X-1.936 Y2.302
G1 X-2.009 Y2.228
G1 X-1.863 Y2.356
G1 X-1.808 Y2.356
G1 X-1.772 Y2.393
G1 X-1.735 Y2.338
G1 X-1.772 Y2.320
G1 X-1.717 Y2.247
G1 X-1.754 Y2.320
G1 X-1.717 Y2.356
G1 X-1.644 Y2.393
G1 X-1.607 Y2.338
G1 X-1.662 Y2.283
G1 X-1.553 Y2.393
G1 X-1.516 Y2.393
G1 X-1.516 Y2.429
G1 X-1.443 Y2.448
G1 X-1.461 Y2.411
M5
G0 X-1.315 Y2.466 F2500
M3 S280
G1 F900
G1 X-1.260 Y2.448
G1 X-1.279 Y-0.712
G1 X-1.315 Y-0.676
G1 X-1.352 Y-0.712
G1 X-1.406 Y-0.694
G1 X-1.388 Y2.448
G1 X-1.333 Y2.448
G1 X-1.315 Y2.466
G1 X-1.260 Y2.448
M5
G0 X-1.260 Y2.502 F2500
M3 S280
G1 F900
G1 X-1.333 Y2.448
G1 X-1.406 Y2.466
G1 X-1.333 Y2.521
G1 X-1.260 Y2.502
G1 X-1.333 Y2.448
M5
G0 X-1.443 Y2.155 F2500
M3 S280
G1 F900
G1 X-1.461 Y2.028
G1 X-1.790 Y1.973
G1 X-2.466 Y1.808
G1 X-3.123 Y1.589
G1 X-3.178 Y1.589
G1 X-3.251 Y1.553
G1 X-3.306 Y1.571
G1 X-3.324 Y1.644
G1 X-3.288 Y1.680
G1 X-2.722 Y1.881
G1 X-1.991 Y2.082
G1 X-1.534 Y2.155
G1 X-1.516 Y2.174
G1 X-1.443 Y2.155
G1 X-1.461 Y2.028
M5
G0 X-1.534 Y1.973 F2500
M3 S280
G1 F900
G1 X-1.443 Y1.954
G1 X-1.443 Y-0.658
G1 X-1.480 Y-0.694
G1 X-1.644 Y-0.676
G1 X-1.626 Y1.954
G1 X-1.534 Y1.973
G1 X-1.443 Y1.954
M5
G0 X-1.699 Y1.954 F2500
M3 S280
G1 F900
G1 X-1.699 Y-0.694
G1 X-1.772 Y-0.676
G1 X-1.790 Y-0.055
G1 X-1.772 Y1.078
G1 X-1.790 Y1.607
G1 X-1.754 Y1.936
G1 X-1.699 Y1.954
G1 X-1.699 Y-0.694
M5
G0 X-1.808 Y1.900 F2500
M3 S280
G1 F900
G1 X-1.827 Y0.858
G1 X-1.863 Y0.913
G1 X-1.918 Y1.151
G1 X-2.009 Y1.333
G1 X-2.101 Y1.461
G1 X-2.320 Y1.680
G1 X-2.375 Y1.699
G1 X-2.594 Y1.498
G1 X-2.758 Y1.279
G1 X-2.868 Y1.023
G1 X-2.886 Y0.858
G1 X-2.923 Y0.731
G1 X-2.923 Y1.607
G1 X-2.228 Y1.827
G1 X-2.155 Y1.808
G1 X-2.174 Y1.772
G1 X-2.174 Y1.827
G1 X-1.881 Y1.900
G1 X-1.863 Y1.918
G1 X-1.808 Y1.900
G1 X-1.827 Y0.858
M5
G0 X-3.489 Y5.279 F2500
M3 S280
G1 F900
G1 X-3.288 Y5.315
G1 X-3.032 Y5.261
G1 X-3.489 Y5.279
G1 X-3.288 Y5.315
M5
G0 X-3.653 Y5.279 F2500
M3 S280
G1 F900
G1 X-3.580 Y5.315
G1 X-3.544 Y5.261
G1 X-3.653 Y5.279
G1 X-3.580 Y5.315
M5
G0 X-3.891 Y5.407 F2500
M3 S280
G1 F900
G1 X-3.635 Y5.498
G1 X-3.379 Y5.516
G1 X-3.361 Y5.535
G1 X-3.014 Y5.516
G1 X-2.649 Y5.443
G1 X-2.904 Y5.516
G1 X-3.397 Y5.553
G1 X-3.416 Y5.535
G1 X-3.580 Y5.535
G1 X-3.708 Y5.498
G1 X-3.891 Y5.407
G1 X-3.635 Y5.498
M5
G0 X-3.745 Y5.863 F2500
M3 S280
G1 F900
G1 X-3.781 Y5.863
G1 X-3.945 Y5.772
G1 X-3.781 Y5.863
G1 X-3.745 Y5.863
G1 X-3.781 Y5.863
M5
G0 X-4.037 Y5.462 F2500
M3 S280
G1 F900
G1 X-3.799 Y5.589
G1 X-3.525 Y5.662
G1 X-3.032 Y5.662
G1 X-2.886 Y5.644
G1 X-2.831 Y5.608
G1 X-2.539 Y5.553
G1 X-3.032 Y5.681
G1 X-3.160 Y5.699
G1 X-3.434 Y5.699
G1 X-3.635 Y5.662
G1 X-3.799 Y5.608
G1 X-3.982 Y5.516
G1 X-4.037 Y5.462
G1 X-3.799 Y5.589
M5
G0 X-4.238 Y5.425 F2500
M3 S280
G1 F900
G1 X-4.055 Y5.571
G1 X-3.799 Y5.717
G1 X-3.635 Y5.772
G1 X-3.434 Y5.809
G1 X-3.032 Y5.790
G1 X-2.758 Y5.735
G1 X-2.612 Y5.681
G1 X-2.557 Y5.681
G1 X-2.831 Y5.772
G1 X-3.105 Y5.827
G1 X-3.507 Y5.827
G1 X-3.617 Y5.809
G1 X-3.945 Y5.681
G1 X-4.055 Y5.608
G1 X-4.128 Y5.516
G1 X-4.238 Y5.425
G1 X-4.055 Y5.571
M5
G0 X-4.238 Y5.297 F2500
M3 S280
G1 F900
G1 X-4.238 Y5.261
G1 X-4.183 Y5.261
G1 X-4.201 Y5.206
G1 X-4.274 Y5.224
G1 X-4.238 Y5.297
G1 X-4.238 Y5.261
M5
G0 X-4.165 Y5.224 F2500
M3 S280
G1 F900
G1 X-4.128 Y5.151
G1 X-4.183 Y5.169
G1 X-4.165 Y5.224
G1 X-4.128 Y5.151
M5
G0 X-4.037 Y5.060 F2500
M3 S280
G1 F900
G1 X-4.037 Y5.005
G1 X-4.092 Y4.950
G1 X-4.146 Y4.932
G1 X-4.219 Y5.005
G1 X-4.165 Y5.041
G1 X-4.110 Y5.023
G1 X-4.037 Y5.060
G1 X-4.037 Y5.005
M5
G0 X-4.493 Y4.968 F2500
M3 S280
G1 F900
G1 X-4.347 Y5.005
G1 X-4.201 Y4.987
G1 X-4.238 Y4.895
G1 X-4.311 Y4.895
G1 X-4.274 Y4.968
G1 X-4.329 Y4.932
G1 X-4.329 Y4.914
G1 X-4.402 Y4.895
G1 X-4.402 Y4.950
G1 X-4.457 Y4.932
G1 X-4.493 Y4.968
G1 X-4.347 Y5.005
M5
G0 X-4.676 Y4.968 F2500
M3 S280
G1 F900
G1 X-4.566 Y5.005
G1 X-4.512 Y4.932
G1 X-4.548 Y4.914
G1 X-4.585 Y4.968
G1 X-4.603 Y4.932
G1 X-4.585 Y4.914
G1 X-4.621 Y4.895
G1 X-4.676 Y4.914
G1 X-4.640 Y4.932
G1 X-4.676 Y4.968
G1 X-4.566 Y5.005
M5
G0 X-4.767 Y5.005 F2500
M3 S280
G1 F900
G1 X-4.676 Y4.987
G1 X-4.694 Y4.932
G1 X-4.731 Y4.895
G1 X-4.804 Y4.968
G1 X-4.767 Y5.005
G1 X-4.676 Y4.987
M5
G0 X-4.932 Y4.987 F2500
M3 S280
G1 F900
G1 X-4.968 Y4.968
G1 X-5.041 Y5.023
G1 X-5.114 Y5.041
G1 X-5.151 Y5.096
G1 X-5.169 Y5.060
G1 X-5.206 Y5.060
G1 X-5.242 Y5.114
G1 X-5.279 Y5.060
G1 X-5.388 Y5.060
G1 X-5.425 Y5.114
G1 X-5.462 Y5.060
G1 X-5.498 Y5.096
G1 X-5.516 Y5.060
G1 X-5.589 Y5.096
G1 X-5.608 Y5.060
G1 X-5.662 Y5.096
G1 X-5.681 Y5.060
G1 X-5.790 Y5.078
G1 X-5.827 Y5.041
G1 X-5.863 Y5.096
G1 X-5.882 Y5.041
G1 X-6.046 Y5.060
G1 X-6.357 Y5.060
G1 X-6.521 Y5.023
G1 X-6.557 Y5.060
G1 X-6.704 Y5.023
G1 X-6.777 Y5.023
G1 X-6.795 Y5.060
G1 X-6.813 Y5.023
G1 X-6.868 Y5.023
G1 X-6.905 Y5.060
G1 X-6.923 Y5.005
G1 X-7.051 Y5.023
G1 X-7.069 Y5.078
G1 X-7.087 Y5.005
G1 X-7.124 Y5.005
G1 X-7.160 Y5.041
G1 X-7.178 Y5.005
G1 X-7.215 Y5.005
G1 X-7.233 Y5.041
G1 X-7.270 Y5.005
G1 X-7.325 Y5.023
G1 X-7.325 Y5.060
G1 X-7.325 Y5.023
G1 X-7.361 Y4.987
G1 X-7.398 Y5.041
G1 X-7.452 Y4.987
G1 X-7.489 Y5.023
G1 X-7.526 Y4.987
G1 X-7.562 Y5.041
G1 X-7.599 Y4.987
G1 X-7.653 Y5.041
G1 X-7.672 Y4.987
G1 X-7.745 Y5.005
G1 X-7.763 Y4.968
G1 X-7.818 Y5.041
G1 X-7.854 Y4.968
G1 X-7.891 Y5.005
G1 X-7.964 Y4.987
G1 X-7.964 Y5.023
G1 X-8.019 Y4.987
G1 X-8.037 Y5.023
G1 X-8.110 Y4.987
G1 X-8.110 Y5.041
G1 X-8.128 Y5.005
G1 X-8.183 Y4.968
G1 X-8.238 Y5.005
G1 X-8.274 Y4.968
G1 X-8.311 Y5.023
G1 X-8.220 Y5.133
G1 X-8.183 Y5.096
G1 X-8.201 Y5.060
G1 X-8.128 Y5.114
G1 X-7.599 Y5.114
G1 X-7.160 Y5.151
G1 X-6.649 Y5.151
G1 X-6.210 Y5.188
G1 X-5.608 Y5.206
G1 X-5.553 Y5.188
G1 X-5.462 Y5.206
G1 X-5.096 Y5.188
G1 X-5.023 Y5.114
G1 X-4.950 Y5.078
G1 X-4.932 Y4.987
G1 X-4.968 Y4.968
M5
G0 X-4.950 Y4.968 F2500
M3 S280
G1 F900
G1 X-4.822 Y5.023
G1 X-4.840 Y4.895
G1 X-4.950 Y4.968
G1 X-4.822 Y5.023
M5
G0 X-4.877 Y5.261 F2500
M3 S280
G1 F900
G1 X-4.840 Y5.224
G1 X-4.840 Y5.188
G1 X-4.877 Y5.151
G1 X-4.895 Y5.224
G1 X-4.877 Y5.261
G1 X-4.840 Y5.224
M5
G0 X-4.822 Y5.297 F2500
M3 S280
G1 F900
G1 X-4.786 Y5.261
G1 X-4.804 Y5.206
G1 X-4.822 Y5.297
G1 X-4.786 Y5.261
M5
G0 X-4.731 Y5.334 F2500
M3 S280
G1 F900
G1 X-4.676 Y5.297
G1 X-4.694 Y5.242
G1 X-4.749 Y5.297
G1 X-4.731 Y5.334
G1 X-4.676 Y5.297
M5
G0 X-4.640 Y5.352 F2500
M3 S280
G1 F900
G1 X-4.621 Y5.261
G1 X-4.676 Y5.315
G1 X-4.640 Y5.352
G1 X-4.621 Y5.261
M5
G0 X-4.585 Y5.370 F2500
M3 S280
G1 F900
G1 X-4.530 Y5.315
G1 X-4.548 Y5.261
G1 X-4.603 Y5.334
G1 X-4.585 Y5.370
G1 X-4.530 Y5.315
M5
G0 X-4.512 Y5.370 F2500
M3 S280
G1 F900
G1 X-4.457 Y5.315
G1 X-4.475 Y5.261
G1 X-4.530 Y5.334
G1 X-4.512 Y5.370
G1 X-4.457 Y5.315
M5
G0 X-4.439 Y5.443 F2500
M3 S280
G1 F900
G1 X-4.183 Y5.699
G1 X-4.055 Y5.790
G1 X-3.836 Y5.900
G1 X-3.562 Y5.973
G1 X-3.215 Y5.991
G1 X-2.868 Y5.936
G1 X-2.484 Y5.809
G1 X-1.918 Y5.717
G1 X-1.498 Y5.717
G1 X-1.425 Y5.662
G1 X-1.461 Y5.644
G1 X-1.388 Y5.626
G1 X-1.352 Y5.571
G1 X-1.607 Y5.553
G1 X-2.064 Y5.626
G1 X-1.662 Y5.553
G1 X-1.297 Y5.516
G1 X-1.224 Y5.443
G1 X-1.461 Y5.425
G1 X-1.881 Y5.462
G1 X-2.028 Y5.498
G1 X-1.954 Y5.462
G1 X-1.827 Y5.462
G1 X-1.808 Y5.443
G1 X-1.662 Y5.425
G1 X-1.169 Y5.407
G1 X-1.096 Y5.370
G1 X-1.096 Y5.315
G1 X-1.662 Y5.334
G1 X-2.009 Y5.370
G1 X-1.461 Y5.297
G1 X-1.023 Y5.297
G1 X-0.950 Y5.261
G1 X-0.932 Y5.188
G1 X-1.589 Y5.188
G1 X-2.228 Y5.261
G1 X-3.069 Y5.407
G1 X-3.525 Y5.407
G1 X-3.763 Y5.352
G1 X-3.964 Y5.261
G1 X-4.000 Y5.224
G1 X-4.073 Y5.224
G1 X-4.128 Y5.297
G1 X-4.219 Y5.352
G1 X-4.402 Y5.407
G1 X-4.439 Y5.443
G1 X-4.183 Y5.699
M5
G0 X-4.585 Y5.425 F2500
M3 S280
G1 F900
G1 X-4.895 Y5.315
G1 X-4.932 Y5.279
G1 X-4.932 Y5.224
G1 X-4.968 Y5.188
G1 X-5.133 Y5.297
G1 X-5.352 Y5.370
G1 X-5.535 Y5.407
G1 X-5.936 Y5.407
G1 X-6.466 Y5.334
G1 X-6.576 Y5.297
G1 X-6.795 Y5.261
G1 X-7.507 Y5.188
G1 X-8.019 Y5.188
G1 X-8.074 Y5.224
G1 X-7.982 Y5.297
G1 X-7.544 Y5.297
G1 X-7.197 Y5.334
G1 X-7.087 Y5.370
G1 X-7.124 Y5.352
G1 X-7.325 Y5.334
G1 X-7.927 Y5.352
G1 X-7.854 Y5.407
G1 X-7.745 Y5.425
G1 X-7.361 Y5.425
G1 X-7.105 Y5.462
G1 X-6.978 Y5.498
G1 X-7.343 Y5.443
G1 X-7.763 Y5.498
G1 X-7.708 Y5.535
G1 X-7.288 Y5.553
G1 X-6.959 Y5.608
G1 X-7.087 Y5.608
G1 X-7.233 Y5.571
G1 X-7.653 Y5.589
G1 X-7.580 Y5.644
G1 X-7.489 Y5.644
G1 X-7.544 Y5.681
G1 X-7.489 Y5.735
G1 X-6.996 Y5.735
G1 X-6.612 Y5.790
G1 X-6.357 Y5.882
G1 X-6.137 Y5.936
G1 X-5.754 Y5.991
G1 X-5.589 Y5.991
G1 X-5.334 Y5.955
G1 X-5.133 Y5.882
G1 X-5.023 Y5.827
G1 X-4.786 Y5.662
G1 X-4.585 Y5.425
G1 X-4.895 Y5.315
M5
G0 X-5.717 Y5.279 F2500
M3 S280
G1 F900
G1 X-5.681 Y5.315
G1 X-5.589 Y5.315
G1 X-5.516 Y5.279
G1 X-5.717 Y5.279
G1 X-5.681 Y5.315
M5
G0 X-5.973 Y5.279 F2500
M3 S280
G1 F900
G1 X-5.955 Y5.315
G1 X-5.754 Y5.315
G1 X-5.717 Y5.279
G1 X-5.973 Y5.279
G1 X-5.955 Y5.315
M5
G0 X-6.229 Y5.261 F2500
M3 S280
G1 F900
G1 X-6.192 Y5.297
G1 X-5.973 Y5.279
G1 X-6.028 Y5.242
G1 X-6.192 Y5.224
G1 X-6.229 Y5.261
G1 X-6.192 Y5.297
M5
G0 X-6.357 Y5.242 F2500
M3 S280
G1 F900
G1 X-6.338 Y5.279
G1 X-6.229 Y5.261
G1 X-6.265 Y5.224
G1 X-6.357 Y5.242
G1 X-6.338 Y5.279
M5
G0 X-6.375 Y5.462 F2500
M3 S280
G1 F900
G1 X-6.174 Y5.480
G1 X-6.156 Y5.498
G1 X-6.028 Y5.516
G1 X-5.535 Y5.516
G1 X-5.352 Y5.480
G1 X-5.151 Y5.407
G1 X-5.078 Y5.407
G1 X-5.023 Y5.370
G1 X-5.114 Y5.425
G1 X-5.480 Y5.535
G1 X-5.662 Y5.535
G1 X-5.681 Y5.553
G1 X-6.009 Y5.535
G1 X-6.375 Y5.462
G1 X-6.174 Y5.480
M5
G0 X-6.448 Y5.571 F2500
M3 S280
G1 F900
G1 X-5.991 Y5.662
G1 X-5.480 Y5.662
G1 X-5.188 Y5.589
G1 X-4.914 Y5.462
G1 X-4.840 Y5.407
G1 X-4.968 Y5.498
G1 X-5.151 Y5.589
G1 X-5.370 Y5.662
G1 X-5.589 Y5.699
G1 X-5.991 Y5.681
G1 X-6.375 Y5.589
G1 X-6.393 Y5.571
G1 X-6.448 Y5.571
G1 X-5.991 Y5.662
M5
G0 X-6.430 Y5.699 F2500
M3 S280
G1 F900
G1 X-5.845 Y5.809
G1 X-5.589 Y5.809
G1 X-5.425 Y5.790
G1 X-5.334 Y5.754
G1 X-5.334 Y5.717
G1 X-5.334 Y5.754
G1 X-5.261 Y5.754
G1 X-5.151 Y5.699
G1 X-5.096 Y5.699
G1 X-5.060 Y5.662
G1 X-5.023 Y5.662
G1 X-4.950 Y5.608
G1 X-4.859 Y5.571
G1 X-5.078 Y5.717
G1 X-5.188 Y5.735
G1 X-5.242 Y5.772
G1 X-5.462 Y5.827
G1 X-5.900 Y5.827
G1 X-6.028 Y5.809
G1 X-6.247 Y5.735
G1 X-6.320 Y5.735
G1 X-6.430 Y5.699
G1 X-5.845 Y5.809
M5
G0 X-5.827 Y6.411 F2500
M3 S280
G1 F900
G1 X-5.754 Y6.411
G1 X-5.735 Y6.430
G1 X-5.462 Y6.430
G1 X-5.334 Y6.393
G1 X-5.407 Y6.430
G1 X-5.827 Y6.411
G1 X-5.754 Y6.411
M5
G0 X-5.827 Y6.631 F2500
M3 S280
G1 F900
G1 X-5.589 Y6.667
G1 X-5.443 Y6.667
G1 X-5.699 Y6.667
G1 X-5.717 Y6.649
G1 X-5.827 Y6.631
G1 X-5.589 Y6.667
M5
G0 X-5.516 Y6.905 F2500
M3 S280
G1 F900
G1 X-5.809 Y6.868
G1 X-5.699 Y6.868
G1 X-5.681 Y6.886
G1 X-5.516 Y6.905
G1 X-5.809 Y6.868
M5
G0 X-6.028 Y6.850 F2500
M3 S280
G1 F900
G1 X-6.192 Y6.795
G1 X-6.265 Y6.795
G1 X-6.320 Y6.758
G1 X-6.229 Y6.795
G1 X-6.083 Y6.813
G1 X-6.028 Y6.850
G1 X-6.192 Y6.795
M5
G0 X-6.375 Y6.758 F2500
M3 S280
G1 F900
G1 X-6.484 Y6.740
G1 X-6.557 Y6.704
G1 X-6.375 Y6.758
G1 X-6.484 Y6.740
M5
G0 X-6.539 Y6.941 F2500
M3 S280
G1 F900
G1 X-6.631 Y6.905
G1 X-6.594 Y6.905
G1 X-6.539 Y6.941
G1 X-6.631 Y6.905
M5
G0 X-6.685 Y6.685 F2500
M3 S280
G1 F900
G1 X-6.978 Y6.667
G1 X-6.722 Y6.667
G1 X-6.685 Y6.685
G1 X-6.978 Y6.667
M5
G0 X-6.941 Y6.886 F2500
M3 S280
G1 F900
G1 X-6.685 Y6.905
G1 X-6.758 Y6.905
G1 X-6.777 Y6.886
G1 X-6.886 Y6.886
G1 X-6.905 Y6.905
G1 X-6.941 Y6.886
G1 X-6.685 Y6.905
M5
G0 X-6.667 Y6.466 F2500
M3 S280
G1 F900
G1 X-6.758 Y6.466
G1 X-6.777 Y6.448
G1 X-6.996 Y6.448
G1 X-6.704 Y6.448
G1 X-6.667 Y6.466
G1 X-6.758 Y6.466
M5
G0 X-6.466 Y6.302 F2500
M3 S280
G1 F900
G1 X-6.631 Y6.247
G1 X-6.521 Y6.265
G1 X-6.466 Y6.302
G1 X-6.631 Y6.247
M5
G0 X-7.014 Y6.229 F2500
M3 S280
G1 F900
G1 X-6.831 Y6.229
G1 X-6.886 Y6.229
G1 X-6.905 Y6.247
G1 X-7.014 Y6.229
G1 X-6.831 Y6.229
M5
G0 X-6.338 Y6.557 F2500
M3 S280
G1 F900
G1 X-6.631 Y6.466
G1 X-6.448 Y6.503
G1 X-6.338 Y6.557
G1 X-6.631 Y6.466
M5
G0 X-6.247 Y6.338 F2500
M3 S280
G1 F900
G1 X-6.302 Y6.338
G1 X-6.411 Y6.302
G1 X-6.357 Y6.302
G1 X-6.247 Y6.338
G1 X-6.302 Y6.338
M5
G0 X-6.210 Y7.014 F2500
M3 S280
G1 F900
G1 X-6.484 Y6.941
G1 X-6.357 Y6.959
G1 X-6.210 Y7.014
G1 X-6.484 Y6.941
M5
G0 X-6.448 Y7.379 F2500
M3 S280
G1 F900
G1 X-6.667 Y7.343
G1 X-6.886 Y7.343
G1 X-6.594 Y7.343
G1 X-6.448 Y7.379
G1 X-6.667 Y7.343
M5
G0 X-6.302 Y7.635 F2500
M3 S280
G1 F900
G1 X-6.375 Y7.599
G1 X-6.484 Y7.580
G1 X-6.850 Y7.562
G1 X-6.722 Y7.544
G1 X-6.704 Y7.562
G1 X-6.521 Y7.562
G1 X-6.411 Y7.599
G1 X-6.338 Y7.599
G1 X-6.302 Y7.635
G1 X-6.375 Y7.599
M5
G0 X-6.357 Y7.818 F2500
M3 S280
G1 F900
G1 X-6.430 Y7.818
G1 X-6.448 Y7.800
G1 X-6.521 Y7.800
G1 X-6.557 Y7.781
G1 X-6.484 Y7.781
G1 X-6.357 Y7.818
G1 X-6.430 Y7.818
M5
G0 X-6.192 Y7.873 F2500
M3 S280
G1 F900
G1 X-6.320 Y7.836
G1 X-6.265 Y7.836
G1 X-6.192 Y7.873
G1 X-6.320 Y7.836
M5
G0 X-6.283 Y8.055 F2500
M3 S280
G1 F900
G1 X-6.448 Y8.000
G1 X-6.411 Y8.019
G1 X-6.338 Y8.019
G1 X-6.283 Y8.055
G1 X-6.448 Y8.000
M5
G0 X-6.283 Y8.274 F2500
M3 S280
G1 F900
G1 X-6.357 Y8.238
G1 X-6.484 Y8.220
G1 X-6.320 Y8.238
G1 X-6.283 Y8.274
G1 X-6.357 Y8.238
M5
G0 X-6.101 Y8.110 F2500
M3 S280
G1 F900
G1 X-6.247 Y8.055
G1 X-6.210 Y8.055
G1 X-6.101 Y8.110
G1 X-6.247 Y8.055
M5
G0 X-5.955 Y7.726 F2500
M3 S280
G1 F900
G1 X-6.046 Y7.690
G1 X-6.009 Y7.690
G1 X-5.955 Y7.726
G1 X-6.046 Y7.690
M5
G0 X-5.973 Y7.507 F2500
M3 S280
G1 F900
G1 X-6.083 Y7.471
G1 X-6.028 Y7.471
G1 X-5.973 Y7.507
G1 X-6.083 Y7.471
M5
G0 X-6.119 Y7.471 F2500
M3 S280
G1 F900
G1 X-6.210 Y7.434
G1 X-6.357 Y7.416
G1 X-6.411 Y7.379
G1 X-6.119 Y7.471
G1 X-6.210 Y7.434
M5
G0 X-6.119 Y7.252 F2500
M3 S280
G1 F900
G1 X-6.247 Y7.215
G1 X-6.411 Y7.197
G1 X-6.466 Y7.160
G1 X-6.210 Y7.215
G1 X-6.119 Y7.252
G1 X-6.247 Y7.215
M5
G0 X-6.009 Y7.051 F2500
M3 S280
G1 F900
G1 X-6.083 Y7.051
G1 X-6.174 Y7.014
G1 X-6.009 Y7.051
G1 X-6.083 Y7.051
M5
G0 X-5.790 Y7.087 F2500
M3 S280
G1 F900
G1 X-5.735 Y7.087
G1 X-5.717 Y7.105
G1 X-5.407 Y7.105
G1 X-5.388 Y7.087
G1 X-5.297 Y7.087
G1 X-5.480 Y7.124
G1 X-5.626 Y7.124
G1 X-5.644 Y7.105
G1 X-5.790 Y7.087
G1 X-5.735 Y7.087
M5
G0 X-5.516 Y7.343 F2500
M3 S280
G1 F900
G1 X-5.644 Y7.343
G1 X-5.662 Y7.325
G1 X-5.772 Y7.306
G1 X-5.735 Y7.325
G1 X-5.516 Y7.343
G1 X-5.644 Y7.343
M5
G0 X-5.735 Y7.526 F2500
M3 S280
G1 F900
G1 X-5.662 Y7.544
G1 X-5.644 Y7.526
G1 X-5.334 Y7.544
G1 X-5.735 Y7.526
G1 X-5.662 Y7.544
M5
G0 X-5.735 Y7.745 F2500
M3 S280
G1 F900
G1 X-5.681 Y7.763
G1 X-5.370 Y7.763
G1 X-5.242 Y7.745
G1 X-5.297 Y7.745
G1 X-5.315 Y7.763
G1 X-5.735 Y7.745
G1 X-5.681 Y7.763
M5
G0 X-5.370 Y7.982 F2500
M3 S280
G1 F900
G1 X-5.480 Y8.000
G1 X-5.717 Y7.964
G1 X-5.370 Y7.982
G1 X-5.480 Y8.000
M5
G0 X-5.315 Y8.165 F2500
M3 S280
G1 F900
G1 X-5.242 Y8.165
G1 X-5.114 Y8.128
G1 X-5.297 Y8.183
G1 X-5.315 Y8.165
G1 X-5.242 Y8.165
M5
G0 X-5.078 Y8.092 F2500
M3 S280
G1 F900
G1 X-5.041 Y8.092
G1 X-5.005 Y8.055
G1 X-4.950 Y8.037
G1 X-5.041 Y8.092
G1 X-5.078 Y8.092
G1 X-5.041 Y8.092
M5
G0 X-5.133 Y8.348 F2500
M3 S280
G1 F900
G1 X-5.005 Y8.293
G1 X-4.840 Y8.183
G1 X-5.023 Y8.311
G1 X-5.133 Y8.348
G1 X-5.005 Y8.293
M5
G0 X-5.370 Y8.402 F2500
M3 S280
G1 F900
G1 X-5.188 Y8.366
G1 X-5.279 Y8.402
G1 X-5.370 Y8.402
G1 X-5.188 Y8.366
M5
G0 X-5.315 Y8.622 F2500
M3 S280
G1 F900
G1 X-5.242 Y8.585
G1 X-5.188 Y8.585
G1 X-5.315 Y8.622
G1 X-5.242 Y8.585
M5
G0 X-5.681 Y8.603 F2500
M3 S280
G1 F900
G1 X-5.352 Y8.622
G1 X-5.626 Y8.622
G1 X-5.681 Y8.603
G1 X-5.352 Y8.622
M5
G0 X-5.918 Y8.567 F2500
M3 S280
G1 F900
G1 X-6.046 Y8.530
G1 X-5.973 Y8.530
G1 X-5.918 Y8.567
G1 X-6.046 Y8.530
M5
G0 X-6.083 Y8.512 F2500
M3 S280
G1 F900
G1 X-6.137 Y8.512
G1 X-6.302 Y8.457
G1 X-6.247 Y8.457
G1 X-6.083 Y8.512
G1 X-6.137 Y8.512
M5
G0 X-5.918 Y8.366 F2500
M3 S280
G1 F900
G1 X-6.028 Y8.329
G1 X-5.955 Y8.329
G1 X-5.918 Y8.366
G1 X-6.028 Y8.329
M5
G0 X-5.699 Y8.165 F2500
M3 S280
G1 F900
G1 X-5.662 Y8.183
G1 X-5.352 Y8.183
G1 X-5.589 Y8.201
G1 X-5.699 Y8.165
G1 X-5.662 Y8.183
M5
G0 X-5.206 Y7.726 F2500
M3 S280
G1 F900
G1 X-5.060 Y7.672
G1 X-5.023 Y7.635
G1 X-5.060 Y7.672
G1 X-5.169 Y7.726
G1 X-5.206 Y7.726
G1 X-5.060 Y7.672
M5
G0 X-4.987 Y7.617 F2500
M3 S280
G1 F900
G1 X-4.840 Y7.526
G1 X-4.950 Y7.617
G1 X-4.987 Y7.617
G1 X-4.840 Y7.526
M5
G0 X-5.114 Y7.471 F2500
M3 S280
G1 F900
G1 X-5.023 Y7.434
G1 X-4.840 Y7.306
G1 X-5.005 Y7.434
G1 X-5.114 Y7.471
G1 X-5.023 Y7.434
M5
G0 X-5.041 Y7.215 F2500
M3 S280
G1 F900
G1 X-4.840 Y7.087
G1 X-4.987 Y7.197
G1 X-5.041 Y7.215
G1 X-4.840 Y7.087
M5
G0 X-5.060 Y6.996 F2500
M3 S280
G1 F900
G1 X-4.840 Y6.850
G1 X-4.895 Y6.905
G1 X-5.060 Y6.996
G1 X-4.840 Y6.850
M5
G0 X-5.096 Y6.795 F2500
M3 S280
G1 F900
G1 X-4.895 Y6.667
G1 X-4.840 Y6.612
G1 X-4.877 Y6.667
G1 X-5.096 Y6.795
G1 X-4.895 Y6.667
M5
G0 X-5.151 Y6.594 F2500
M3 S280
G1 F900
G1 X-4.914 Y6.466
G1 X-4.859 Y6.411
G1 X-4.877 Y6.448
G1 X-4.987 Y6.521
G1 X-5.151 Y6.594
G1 X-4.914 Y6.466
M5
G0 X-5.096 Y6.320 F2500
M3 S280
G1 F900
G1 X-5.060 Y6.320
G1 X-5.023 Y6.283
G1 X-4.968 Y6.265
G1 X-5.060 Y6.320
G1 X-5.096 Y6.320
G1 X-5.060 Y6.320
M5
G0 X-5.279 Y6.393 F2500
M3 S280
G1 F900
G1 X-5.133 Y6.338
G1 X-5.188 Y6.375
G1 X-5.279 Y6.393
G1 X-5.133 Y6.338
M5
G0 X-5.334 Y6.868 F2500
M3 S280
G1 F900
G1 X-5.169 Y6.813
G1 X-5.224 Y6.850
G1 X-5.334 Y6.868
G1 X-5.169 Y6.813
M5
G0 X-5.297 Y7.526 F2500
M3 S280
G1 F900
G1 X-5.151 Y7.489
G1 X-5.224 Y7.526
G1 X-5.297 Y7.526
G1 X-5.151 Y7.489
M5
G0 X-3.909 Y7.288 F2500
M3 S280
G1 F900
G1 X-4.092 Y7.197
G1 X-4.219 Y7.105
G1 X-4.165 Y7.124
G1 X-4.073 Y7.197
G1 X-3.909 Y7.288
G1 X-4.092 Y7.197
M5
G0 X-3.872 Y7.069 F2500
M3 S280
G1 F900
G1 X-4.037 Y6.996
G1 X-4.201 Y6.886
G1 X-3.872 Y7.069
G1 X-4.037 Y6.996
M5
G0 X-3.945 Y6.813 F2500
M3 S280
G1 F900
G1 X-4.092 Y6.740
G1 X-4.201 Y6.649
G1 X-3.945 Y6.813
G1 X-4.092 Y6.740
M5
G0 X-4.000 Y6.557 F2500
M3 S280
G1 F900
G1 X-4.219 Y6.411
G1 X-4.055 Y6.503
G1 X-4.000 Y6.557
G1 X-4.219 Y6.411
M5
G0 X-3.891 Y6.357 F2500
M3 S280
G1 F900
G1 X-4.055 Y6.283
G1 X-4.201 Y6.174
G1 X-3.891 Y6.357
G1 X-4.055 Y6.283
M5
G0 X-3.836 Y6.375 F2500
M3 S280
G1 F900
G1 X-3.489 Y6.448
G1 X-3.215 Y6.430
G1 X-3.580 Y6.448
G1 X-3.836 Y6.375
G1 X-3.489 Y6.448
M5
G0 X-3.763 Y6.631 F2500
M3 S280
G1 F900
G1 X-3.635 Y6.667
G1 X-3.215 Y6.667
G1 X-3.270 Y6.667
G1 X-3.288 Y6.685
G1 X-3.598 Y6.685
G1 X-3.763 Y6.631
G1 X-3.635 Y6.667
M5
G0 X-3.708 Y6.886 F2500
M3 S280
G1 F900
G1 X-3.671 Y6.905
G1 X-3.233 Y6.905
G1 X-3.598 Y6.923
G1 X-3.708 Y6.886
G1 X-3.671 Y6.905
M5
G0 X-3.708 Y7.343 F2500
M3 S280
G1 F900
G1 X-3.617 Y7.343
G1 X-3.598 Y7.361
G1 X-3.361 Y7.361
G1 X-3.343 Y7.343
G1 X-3.270 Y7.343
G1 X-3.306 Y7.361
G1 X-3.653 Y7.361
G1 X-3.708 Y7.343
G1 X-3.617 Y7.343
M5
G0 X-3.745 Y7.343 F2500
M3 S280
G1 F900
G1 X-3.818 Y7.325
G1 X-3.872 Y7.288
G1 X-3.745 Y7.343
G1 X-3.818 Y7.325
M5
G0 X-3.891 Y7.507 F2500
M3 S280
G1 F900
G1 X-4.128 Y7.398
G1 X-4.201 Y7.343
G1 X-3.891 Y7.507
G1 X-4.128 Y7.398
M5
G0 X-3.745 Y7.544 F2500
M3 S280
G1 F900
G1 X-3.562 Y7.580
G1 X-3.306 Y7.562
G1 X-3.361 Y7.580
G1 X-3.635 Y7.580
G1 X-3.745 Y7.544
G1 X-3.562 Y7.580
M5
G0 X-3.799 Y7.745 F2500
M3 S280
G1 F900
G1 X-3.653 Y7.781
G1 X-3.324 Y7.781
G1 X-3.361 Y7.800
G1 X-3.580 Y7.800
G1 X-3.799 Y7.745
G1 X-3.653 Y7.781
M5
G0 X-3.836 Y7.745 F2500
M3 S280
G1 F900
G1 X-3.927 Y7.708
G1 X-3.964 Y7.672
G1 X-4.073 Y7.635
G1 X-4.201 Y7.544
G1 X-3.836 Y7.745
G1 X-3.927 Y7.708
M5
G0 X-3.927 Y7.909 F2500
M3 S280
G1 F900
G1 X-4.037 Y7.873
G1 X-4.128 Y7.818
G1 X-4.201 Y7.745
G1 X-4.055 Y7.854
G1 X-4.018 Y7.854
G1 X-3.982 Y7.891
G1 X-3.927 Y7.909
G1 X-4.037 Y7.873
M5
G0 X-3.964 Y8.110 F2500
M3 S280
G1 F900
G1 X-4.092 Y8.055
G1 X-4.219 Y7.964
G1 X-3.964 Y8.110
G1 X-4.092 Y8.055
M5
G0 X-3.945 Y8.348 F2500
M3 S280
G1 F900
G1 X-4.037 Y8.311
G1 X-4.219 Y8.183
G1 X-3.945 Y8.348
G1 X-4.037 Y8.311
M5
G0 X-3.909 Y8.348 F2500
M3 S280
G1 F900
G1 X-3.854 Y8.384
G1 X-3.726 Y8.421
G1 X-3.416 Y8.421
G1 X-3.361 Y8.402
G1 X-3.726 Y8.421
G1 X-3.909 Y8.348
G1 X-3.854 Y8.384
M5
G0 X-3.909 Y8.567 F2500
M3 S280
G1 F900
G1 X-3.690 Y8.640
G1 X-3.397 Y8.640
G1 X-3.708 Y8.640
G1 X-3.909 Y8.567
G1 X-3.690 Y8.640
M5
G0 X-3.964 Y8.548 F2500
M3 S280
G1 F900
G1 X-4.201 Y8.421
G1 X-4.219 Y8.384
G1 X-4.073 Y8.494
G1 X-3.964 Y8.548
G1 X-4.201 Y8.421
M5
G0 X-4.311 Y8.731 F2500
M3 S280
G1 F900
G1 X-4.037 Y8.914
G1 X-3.745 Y9.005
G1 X-3.288 Y9.005
G1 X-2.612 Y8.841
G1 X-2.411 Y8.822
G1 X-1.973 Y8.841
G1 X-1.936 Y8.804
G1 X-1.918 Y8.512
G1 X-1.772 Y7.416
G1 X-1.516 Y5.900
G1 X-1.534 Y5.754
G1 X-1.991 Y5.754
G1 X-2.594 Y5.882
G1 X-2.667 Y5.918
G1 X-3.087 Y6.009
G1 X-3.544 Y6.009
G1 X-3.872 Y5.918
G1 X-4.018 Y5.845
G1 X-4.274 Y5.662
G1 X-4.457 Y5.462
G1 X-4.475 Y8.530
G1 X-4.439 Y8.603
G1 X-4.311 Y8.731
G1 X-4.037 Y8.914
M5
G0 X-3.745 Y8.183 F2500
M3 S280
G1 F900
G1 X-3.690 Y8.183
G1 X-3.671 Y8.201
G1 X-3.343 Y8.201
G1 X-3.598 Y8.220
G1 X-3.617 Y8.201
G1 X-3.745 Y8.183
G1 X-3.690 Y8.183
M5
G0 X-3.708 Y7.982 F2500
M3 S280
G1 F900
G1 X-3.781 Y7.982
G1 X-3.891 Y7.927
G1 X-3.708 Y7.982
G1 X-3.781 Y7.982
M5
G0 X-3.598 Y8.000 F2500
M3 S280
G1 F900
G1 X-3.343 Y8.000
G1 X-3.452 Y8.000
G1 X-3.471 Y8.019
G1 X-3.562 Y8.019
G1 X-3.598 Y8.000
G1 X-3.343 Y8.000
M5
G0 X-3.105 Y7.946 F2500
M3 S280
G1 F900
G1 X-3.014 Y7.946
G1 X-2.813 Y7.891
G1 X-3.087 Y7.964
G1 X-3.105 Y7.946
G1 X-3.014 Y7.946
M5
G0 X-2.977 Y8.128 F2500
M3 S280
G1 F900
G1 X-2.868 Y8.092
G1 X-2.813 Y8.092
G1 X-2.923 Y8.128
G1 X-2.977 Y8.128
G1 X-2.868 Y8.092
M5
G0 X-2.776 Y8.074 F2500
M3 S280
G1 F900
G1 X-2.685 Y8.037
G1 X-2.612 Y8.037
G1 X-2.722 Y8.074
G1 X-2.776 Y8.074
G1 X-2.685 Y8.037
M5
G0 X-2.649 Y8.238 F2500
M3 S280
G1 F900
G1 X-2.484 Y8.201
G1 X-2.265 Y8.220
G1 X-2.302 Y8.201
G1 X-2.539 Y8.220
G1 X-2.557 Y8.238
G1 X-2.649 Y8.238
G1 X-2.484 Y8.201
M5
G0 X-2.758 Y8.475 F2500
M3 S280
G1 F900
G1 X-2.521 Y8.421
G1 X-2.283 Y8.421
G1 X-2.429 Y8.421
G1 X-2.667 Y8.457
G1 X-2.685 Y8.475
G1 X-2.758 Y8.475
G1 X-2.521 Y8.421
M5
G0 X-2.941 Y8.548 F2500
M3 S280
G1 F900
G1 X-2.886 Y8.512
G1 X-2.831 Y8.512
G1 X-2.941 Y8.548
G1 X-2.886 Y8.512
M5
G0 X-3.160 Y8.585 F2500
M3 S280
G1 F900
G1 X-3.087 Y8.585
G1 X-2.977 Y8.548
G1 X-3.142 Y8.603
G1 X-3.160 Y8.585
G1 X-3.087 Y8.585
M5
G0 X-3.123 Y8.165 F2500
M3 S280
G1 F900
G1 X-3.014 Y8.147
G1 X-3.050 Y8.147
G1 X-3.105 Y8.183
G1 X-3.123 Y8.165
G1 X-3.014 Y8.147
M5
G0 X-3.087 Y7.745 F2500
M3 S280
G1 F900
G1 X-2.959 Y7.708
G1 X-3.032 Y7.745
G1 X-3.087 Y7.745
G1 X-2.959 Y7.708
M5
G0 X-3.069 Y7.544 F2500
M3 S280
G1 F900
G1 X-3.032 Y7.507
G1 X-2.831 Y7.471
G1 X-2.996 Y7.507
G1 X-3.069 Y7.544
G1 X-3.032 Y7.507
M5
G0 X-3.050 Y7.306 F2500
M3 S280
G1 F900
G1 X-2.868 Y7.252
G1 X-2.923 Y7.288
G1 X-3.050 Y7.306
G1 X-2.868 Y7.252
M5
G0 X-2.722 Y7.215 F2500
M3 S280
G1 F900
G1 X-2.612 Y7.197
G1 X-2.703 Y7.233
G1 X-2.722 Y7.215
G1 X-2.612 Y7.197
M5
G0 X-2.575 Y7.178 F2500
M3 S280
G1 F900
G1 X-2.466 Y7.160
G1 X-2.539 Y7.197
G1 X-2.575 Y7.178
G1 X-2.466 Y7.160
M5
G0 X-2.429 Y7.160 F2500
M3 S280
G1 F900
G1 X-2.375 Y7.160
G1 X-2.356 Y7.142
G1 X-2.247 Y7.160
G1 X-2.429 Y7.160
G1 X-2.375 Y7.160
M5
G0 X-2.393 Y7.361 F2500
M3 S280
G1 F900
G1 X-2.228 Y7.361
G1 X-2.320 Y7.361
G1 X-2.338 Y7.379
G1 X-2.393 Y7.361
G1 X-2.228 Y7.361
M5
G0 X-2.466 Y7.800 F2500
M3 S280
G1 F900
G1 X-2.411 Y7.781
G1 X-2.393 Y7.800
G1 X-2.210 Y7.800
G1 X-2.375 Y7.781
G1 X-2.466 Y7.800
G1 X-2.411 Y7.781
M5
G0 X-2.703 Y7.635 F2500
M3 S280
G1 F900
G1 X-2.502 Y7.580
G1 X-2.320 Y7.562
G1 X-2.174 Y7.580
G1 X-2.411 Y7.599
G1 X-2.448 Y7.580
G1 X-2.703 Y7.635
G1 X-2.502 Y7.580
M5
G0 X-2.795 Y7.452 F2500
M3 S280
G1 F900
G1 X-2.630 Y7.398
G1 X-2.502 Y7.398
G1 X-2.575 Y7.398
G1 X-2.740 Y7.452
G1 X-2.795 Y7.452
G1 X-2.630 Y7.398
M5
G0 X-2.758 Y7.014 F2500
M3 S280
G1 F900
G1 X-2.649 Y6.996
G1 X-2.594 Y6.959
G1 X-2.338 Y6.905
G1 X-2.210 Y6.923
G1 X-2.375 Y6.923
G1 X-2.758 Y7.014
G1 X-2.649 Y6.996
M5
G0 X-2.667 Y6.777 F2500
M3 S280
G1 F900
G1 X-2.594 Y6.740
G1 X-2.302 Y6.685
G1 X-2.155 Y6.704
G1 X-2.375 Y6.704
G1 X-2.667 Y6.777
G1 X-2.594 Y6.740
M5
G0 X-2.630 Y6.521 F2500
M3 S280
G1 F900
G1 X-2.411 Y6.484
G1 X-2.612 Y6.539
G1 X-2.630 Y6.521
G1 X-2.411 Y6.484
M5
G0 X-2.375 Y6.466 F2500
M3 S280
G1 F900
G1 X-2.119 Y6.448
G1 X-2.320 Y6.466
G1 X-2.338 Y6.484
G1 X-2.375 Y6.466
G1 X-2.119 Y6.448
M5
G0 X-2.703 Y6.338 F2500
M3 S280
G1 F900
G1 X-2.393 Y6.247
G1 X-2.247 Y6.247
G1 X-2.448 Y6.265
G1 X-2.649 Y6.338
G1 X-2.703 Y6.338
G1 X-2.393 Y6.247
M5
G0 X-3.178 Y5.918 F2500
M3 S280
G1 F900
G1 X-3.050 Y5.918
G1 X-3.032 Y5.882
G1 X-2.996 Y5.900
G1 X-3.032 Y5.918
G1 X-3.178 Y5.918
G1 X-3.050 Y5.918
M5
G0 X-3.032 Y6.868 F2500
M3 S280
G1 F900
G1 X-2.740 Y6.795
G1 X-2.831 Y6.831
G1 X-3.032 Y6.868
G1 X-2.740 Y6.795
M5
G0 X-3.050 Y7.105 F2500
M3 S280
G1 F900
G1 X-2.941 Y7.051
G1 X-2.795 Y7.032
G1 X-2.904 Y7.051
G1 X-3.050 Y7.105
G1 X-2.941 Y7.051
M5
G0 X-3.251 Y7.124 F2500
M3 S280
G1 F900
G1 X-3.434 Y7.160
G1 X-3.671 Y7.142
G1 X-3.836 Y7.087
G1 X-3.617 Y7.142
G1 X-3.324 Y7.142
G1 X-3.306 Y7.124
G1 X-3.251 Y7.124
G1 X-3.434 Y7.160
M5
G0 X-1.480 Y6.576 F2500
M3 S280
G1 F900
G1 X-1.480 Y6.466
G1 X-1.425 Y6.247
G1 X-1.388 Y5.882
G1 X-1.406 Y6.156
G1 X-1.461 Y6.484
G1 X-1.480 Y6.503
G1 X-1.480 Y6.576
G1 X-1.480 Y6.466
M5
G0 X-1.315 Y6.265 F2500
M3 S280
G1 F900
G1 X-1.315 Y6.174
G1 X-1.297 Y6.156
G1 X-1.297 Y6.046
G1 X-1.260 Y5.827
G1 X-1.242 Y5.809
G1 X-1.242 Y5.735
G1 X-1.297 Y6.156
G1 X-1.315 Y6.174
G1 X-1.315 Y6.265
G1 X-1.315 Y6.174
M5
G0 X-1.242 Y8.421 F2500
M3 S280
G1 F900
G1 X-1.279 Y8.475
G1 X-1.315 Y8.494
G1 X-1.534 Y8.494
G1 X-1.626 Y8.548
G1 X-1.845 Y8.786
G1 X-1.900 Y8.877
G1 X-1.973 Y8.895
G1 X-2.137 Y8.859
G1 X-2.594 Y8.877
G1 X-2.923 Y8.969
G1 X-3.014 Y8.969
G1 X-3.178 Y9.023
G1 X-3.489 Y9.060
G1 X-3.763 Y9.042
G1 X-4.055 Y8.950
G1 X-4.274 Y8.822
G1 X-4.512 Y8.622
G1 X-4.694 Y8.804
G1 X-4.877 Y8.914
G1 X-5.041 Y8.987
G1 X-5.261 Y9.042
G1 X-5.644 Y9.042
G1 X-5.973 Y8.987
G1 X-6.430 Y8.877
G1 X-6.850 Y8.859
G1 X-6.996 Y8.895
G1 X-7.087 Y8.877
G1 X-7.142 Y8.786
G1 X-7.398 Y8.512
G1 X-7.690 Y8.494
G1 X-7.745 Y8.439
G1 X-7.781 Y8.348
G1 X-7.818 Y8.055
G1 X-8.092 Y6.685
G1 X-8.147 Y6.283
G1 X-8.348 Y5.315
G1 X-8.384 Y5.060
G1 X-8.366 Y4.968
G1 X-8.293 Y4.895
G1 X-7.142 Y4.914
G1 X-6.685 Y4.950
G1 X-6.009 Y4.950
G1 X-5.571 Y4.968
G1 X-5.553 Y4.987
G1 X-5.151 Y4.987
G1 X-4.968 Y4.877
G1 X-4.859 Y4.840
G1 X-4.603 Y4.804
G1 X-4.402 Y4.804
G1 X-4.073 Y4.859
G1 X-3.818 Y4.987
G1 X-3.525 Y4.987
G1 X-3.014 Y4.950
G1 X-2.283 Y4.950
G1 X-1.881 Y4.914
G1 X-1.352 Y4.914
G1 X-0.932 Y4.877
G1 X-0.712 Y4.877
G1 X-0.676 Y4.895
G1 X-0.603 Y4.987
G1 X-0.603 Y5.133
G1 X-0.913 Y6.649
G1 X-1.114 Y7.818
G1 X-1.242 Y8.421
G1 X-1.279 Y8.475
M5
G0 X-1.333 Y8.457 F2500
M3 S280
G1 F900
G1 X-1.279 Y8.384
G1 X-1.279 Y8.293
G1 X-1.242 Y8.201
G1 X-1.242 Y8.092
G1 X-1.132 Y7.599
G1 X-1.096 Y7.288
G1 X-1.059 Y7.215
G1 X-1.041 Y6.996
G1 X-0.913 Y6.411
G1 X-0.932 Y6.375
G1 X-0.895 Y6.320
G1 X-0.895 Y6.210
G1 X-0.858 Y6.119
G1 X-0.840 Y5.918
G1 X-0.767 Y5.626
G1 X-0.767 Y5.516
G1 X-0.731 Y5.425
G1 X-0.749 Y5.352
G1 X-0.712 Y5.334
G1 X-0.676 Y5.151
G1 X-0.676 Y5.005
G1 X-0.712 Y4.968
G1 X-0.767 Y5.005
G1 X-0.785 Y4.950
G1 X-0.858 Y5.041
G1 X-0.895 Y4.968
G1 X-0.950 Y5.041
G1 X-0.950 Y5.005
G1 X-0.986 Y4.968
G1 X-1.023 Y4.987
G1 X-1.041 Y5.041
G1 X-1.041 Y5.005
G1 X-1.078 Y4.968
G1 X-1.114 Y5.005
G1 X-1.114 Y5.041
G1 X-1.187 Y4.987
G1 X-1.187 Y5.041
G1 X-1.242 Y4.968
G1 X-1.260 Y5.041
G1 X-1.297 Y4.968
G1 X-1.333 Y5.005
G1 X-1.333 Y5.041
G1 X-1.388 Y4.987
G1 X-1.406 Y5.023
G1 X-1.498 Y5.005
G1 X-1.498 Y5.041
G1 X-1.571 Y5.005
G1 X-1.571 Y5.041
G1 X-1.589 Y5.005
G1 X-1.644 Y5.005
G1 X-1.644 Y5.041
G1 X-1.680 Y4.987
G1 X-1.717 Y4.987
G1 X-1.754 Y5.023
G1 X-1.754 Y5.060
G1 X-1.808 Y4.987
G1 X-1.845 Y5.023
G1 X-1.845 Y5.060
G1 X-1.881 Y5.005
G1 X-1.918 Y5.005
G1 X-1.954 Y5.041
G1 X-1.973 Y5.005
G1 X-2.009 Y5.005
G1 X-2.046 Y5.060
G1 X-2.119 Y5.023
G1 X-2.137 Y5.078
G1 X-2.174 Y5.005
G1 X-2.338 Y5.041
G1 X-2.338 Y5.078
G1 X-2.375 Y5.023
G1 X-2.429 Y5.041
G1 X-2.484 Y5.023
G1 X-2.539 Y5.060
G1 X-2.649 Y5.078
G1 X-2.667 Y5.041
G1 X-2.722 Y5.041
G1 X-2.758 Y5.078
G1 X-2.776 Y5.041
G1 X-2.813 Y5.041
G1 X-2.849 Y5.078
G1 X-2.868 Y5.041
G1 X-2.904 Y5.041
G1 X-2.941 Y5.078
G1 X-2.977 Y5.041
G1 X-3.014 Y5.096
G1 X-3.087 Y5.060
G1 X-3.105 Y5.096
G1 X-3.123 Y5.041
G1 X-3.160 Y5.041
G1 X-3.197 Y5.078
G1 X-3.215 Y5.041
G1 X-3.270 Y5.060
G1 X-3.270 Y5.114
G1 X-3.270 Y5.078
G1 X-3.306 Y5.041
G1 X-3.434 Y5.078
G1 X-3.471 Y5.060
G1 X-3.489 Y5.114
G1 X-3.507 Y5.078
G1 X-3.635 Y5.096
G1 X-3.671 Y5.060
G1 X-3.690 Y5.133
G1 X-3.726 Y5.078
G1 X-3.799 Y5.078
G1 X-3.799 Y5.114
G1 X-3.818 Y5.078
G1 X-3.854 Y5.060
G1 X-3.872 Y5.096
G1 X-3.909 Y5.041
G1 X-3.982 Y5.096
G1 X-4.037 Y5.041
G1 X-4.037 Y5.096
G1 X-3.982 Y5.151
G1 X-3.909 Y5.188
G1 X-3.635 Y5.206
G1 X-3.270 Y5.206
G1 X-2.813 Y5.169
G1 X-2.338 Y5.169
G1 X-1.954 Y5.133
G1 X-1.388 Y5.114
G1 X-0.913 Y5.133
G1 X-0.822 Y5.114
G1 X-0.749 Y5.041
G1 X-0.822 Y5.151
G1 X-0.804 Y5.206
G1 X-0.840 Y5.242
G1 X-0.840 Y5.297
G1 X-0.804 Y5.334
G1 X-0.858 Y5.352
G1 X-0.840 Y5.425
G1 X-0.895 Y5.462
G1 X-0.895 Y5.571
G1 X-0.932 Y5.681
G1 X-0.950 Y5.900
G1 X-1.005 Y6.064
G1 X-1.023 Y6.265
G1 X-1.059 Y6.357
G1 X-1.078 Y6.484
G1 X-1.059 Y6.521
G1 X-1.096 Y6.612
G1 X-1.078 Y6.685
G1 X-1.114 Y6.704
G1 X-1.151 Y6.905
G1 X-1.132 Y6.978
G1 X-1.169 Y6.996
G1 X-1.187 Y7.087
G1 X-1.169 Y7.124
G1 X-1.206 Y7.197
G1 X-1.260 Y7.471
G1 X-1.242 Y7.507
G1 X-1.279 Y7.562
G1 X-1.297 Y7.800
G1 X-1.333 Y7.873
G1 X-1.333 Y7.982
G1 X-1.370 Y8.055
G1 X-1.352 Y8.165
G1 X-1.388 Y8.183
G1 X-1.406 Y8.366
G1 X-1.425 Y8.402
G1 X-1.480 Y8.439
G1 X-1.333 Y8.457
G1 X-1.279 Y8.384
M5
G0 X-1.881 Y8.768 F2500
M3 S280
G1 F900
G1 X-1.808 Y8.640
G1 X-1.790 Y8.348
G1 X-1.717 Y8.037
G1 X-1.680 Y7.745
G1 X-1.808 Y8.585
G1 X-1.790 Y8.658
G1 X-1.717 Y8.567
G1 X-1.680 Y8.348
G1 X-1.699 Y8.567
G1 X-1.589 Y8.439
G1 X-1.516 Y8.128
G1 X-1.406 Y7.398
G1 X-1.534 Y8.238
G1 X-1.571 Y8.348
G1 X-1.553 Y8.457
G1 X-1.480 Y8.366
G1 X-1.406 Y7.909
G1 X-1.187 Y6.850
G1 X-1.132 Y6.448
G1 X-1.041 Y6.064
G1 X-0.932 Y5.370
G1 X-0.913 Y5.352
G1 X-0.950 Y5.279
G1 X-1.041 Y5.388
G1 X-1.096 Y5.626
G1 X-1.151 Y6.028
G1 X-1.242 Y6.430
G1 X-1.315 Y6.941
G1 X-1.169 Y6.009
G1 X-1.041 Y5.407
G1 X-1.078 Y5.388
G1 X-1.169 Y5.480
G1 X-1.206 Y5.553
G1 X-1.224 Y5.699
G1 X-1.224 Y5.608
G1 X-1.206 Y5.589
G1 X-1.224 Y5.516
G1 X-1.352 Y5.662
G1 X-1.370 Y5.845
G1 X-1.388 Y5.717
G1 X-1.498 Y5.863
G1 X-1.516 Y6.119
G1 X-1.662 Y6.905
G1 X-1.717 Y7.379
G1 X-1.808 Y7.854
G1 X-1.900 Y8.567
G1 X-1.881 Y8.768
G1 X-1.808 Y8.640
M5
G0 X-1.425 Y11.763 F2500
M3 S280
G1 F900
G1 X-1.169 Y11.909
G1 X-0.658 Y12.275
G1 X-0.256 Y12.622
G1 X0.000 Y12.877
G1 X0.110 Y12.750
G1 X0.311 Y12.585
G1 X0.511 Y12.384
G1 X0.767 Y12.183
G1 X1.297 Y11.818
G1 X1.571 Y11.672
G1 X1.187 Y11.891
G1 X0.639 Y12.293
G1 X0.128 Y12.750
G1 X0.000 Y12.896
G1 X-0.311 Y12.585
G1 X-0.621 Y12.311
G1 X-0.986 Y12.037
G1 X-1.425 Y11.763
G1 X-1.169 Y11.909
M5
G0 X-0.274 Y12.074 F2500
M3 S280
G1 F900
G1 X-0.256 Y3.818
G1 X-0.292 Y3.781
G1 X-1.498 Y3.781
G1 X-1.534 Y3.799
G1 X-4.055 Y3.799
G1 X-4.292 Y3.781
G1 X-4.621 Y3.781
G1 X-4.713 Y3.799
G1 X-7.379 Y3.799
G1 X-7.434 Y3.781
G1 X-8.274 Y3.781
G1 X-8.311 Y3.818
G1 X-8.311 Y3.927
G1 X-8.457 Y4.658
G1 X-8.749 Y5.608
G1 X-9.078 Y6.393
G1 X-9.443 Y7.069
G1 X-9.663 Y7.398
G1 X-9.663 Y7.434
G1 X-8.950 Y8.074
G1 X-8.238 Y8.841
G1 X-7.800 Y9.407
G1 X-7.544 Y9.772
G1 X-7.306 Y10.174
G1 X-7.233 Y10.265
G1 X-7.215 Y10.320
G1 X-7.178 Y10.357
G1 X-7.069 Y10.357
G1 X-6.758 Y10.302
G1 X-6.046 Y10.247
G1 X-5.169 Y10.247
G1 X-4.530 Y10.302
G1 X-3.708 Y10.430
G1 X-3.251 Y10.539
G1 X-2.393 Y10.813
G1 X-1.954 Y10.996
G1 X-1.480 Y11.234
G1 X-0.822 Y11.635
G1 X-0.548 Y11.836
G1 X-0.274 Y12.074
G1 X-0.256 Y3.818
M5
G0 X5.443 Y0.767 F2500
M3 S280
G1 F900
G1 X5.553 Y0.749
G1 X5.535 Y0.055
G1 X5.480 Y0.018
G1 X5.443 Y0.037
G1 X5.388 Y0.110
G1 X5.407 Y0.731
G1 X5.443 Y0.767
G1 X5.553 Y0.749
M5
G0 X5.644 Y0.785 F2500
M3 S280
G1 F900
G1 X5.681 Y0.785
G1 X5.717 Y0.749
G1 X5.717 Y0.073
G1 X5.681 Y0.037
G1 X5.589 Y0.055
G1 X5.571 Y0.712
G1 X5.589 Y0.749
G1 X5.644 Y0.785
G1 X5.681 Y0.785
M5
G0 X6.192 Y0.585 F2500
M3 S280
G1 F900
G1 X6.101 Y0.511
G1 X5.809 Y0.384
G1 X6.101 Y0.511
G1 X6.192 Y0.585
G1 X6.101 Y0.511
M5
G0 X6.265 Y0.530 F2500
M3 S280
G1 F900
G1 X6.210 Y0.475
G1 X5.973 Y0.329
G1 X5.863 Y0.292
G1 X5.772 Y0.311
G1 X5.936 Y0.365
G1 X6.265 Y0.530
G1 X6.210 Y0.475
M5
G0 X6.649 Y0.822 F2500
M3 S280
G1 F900
G1 X6.557 Y0.767
G1 X6.357 Y0.585
G1 X6.247 Y0.548
G1 X6.539 Y0.804
G1 X6.649 Y0.822
G1 X6.557 Y0.767
M5
G0 X7.032 Y1.169 F2500
M3 S280
G1 F900
G1 X6.777 Y1.059
G1 X6.631 Y0.932
G1 X6.777 Y1.059
G1 X7.032 Y1.169
G1 X6.777 Y1.059
M5
G0 X7.252 Y1.059 F2500
M3 S280
G1 F900
G1 X7.233 Y1.005
G1 X7.032 Y0.950
G1 X6.795 Y0.822
G1 X6.411 Y0.475
G1 X6.119 Y0.274
G1 X6.009 Y0.219
G1 X5.790 Y0.164
G1 X5.790 Y0.237
G1 X5.936 Y0.256
G1 X6.064 Y0.311
G1 X6.247 Y0.438
G1 X6.685 Y0.822
G1 X6.868 Y0.950
G1 X7.124 Y1.059
G1 X7.178 Y1.059
G1 X7.197 Y1.078
G1 X7.252 Y1.059
G1 X7.233 Y1.005
M5
G0 X7.233 Y1.443 F2500
M3 S280
G1 F900
G1 X7.252 Y1.388
G1 X7.233 Y1.187
G1 X7.197 Y1.187
G1 X7.252 Y1.169
G1 X7.233 Y1.078
G1 X7.105 Y1.059
G1 X6.795 Y0.950
G1 X6.831 Y0.986
G1 X7.014 Y1.078
G1 X6.868 Y1.041
G1 X6.905 Y1.078
G1 X6.996 Y1.114
G1 X6.777 Y1.005
G1 X6.466 Y0.731
G1 X6.137 Y0.475
G1 X5.918 Y0.365
G1 X5.772 Y0.347
G1 X5.754 Y0.402
G1 X5.754 Y0.658
G1 X6.101 Y0.877
G1 X6.466 Y1.206
G1 X6.740 Y1.388
G1 X6.886 Y1.443
G1 X7.124 Y1.480
G1 X7.197 Y1.480
G1 X7.233 Y1.443
G1 X7.252 Y1.388
M5
G0 X7.270 Y1.534 F2500
M3 S280
G1 F900
G1 X7.343 Y1.516
G1 X7.379 Y1.425
G1 X7.398 Y1.242
G1 X7.398 Y1.023
G1 X7.325 Y0.968
G1 X7.288 Y1.023
G1 X7.306 Y1.242
G1 X7.252 Y1.480
G1 X7.270 Y1.534
G1 X7.343 Y1.516
M5
G0 X7.416 Y1.498 F2500
M3 S280
G1 F900
G1 X7.452 Y1.498
G1 X7.489 Y1.461
G1 X7.526 Y1.315
G1 X7.507 Y0.986
G1 X7.434 Y0.968
G1 X7.434 Y1.187
G1 X7.398 Y1.352
G1 X7.416 Y1.498
G1 X7.452 Y1.498
M5
G0 X7.635 Y1.480 F2500
M3 S280
G1 F900
G1 X7.763 Y1.425
G1 X7.873 Y1.315
G1 X7.909 Y1.206
G1 X7.909 Y1.151
G1 X7.873 Y1.059
G1 X7.726 Y0.932
G1 X7.562 Y0.950
G1 X7.635 Y0.968
G1 X7.599 Y1.023
G1 X7.708 Y0.986
G1 X7.672 Y0.968
G1 X7.745 Y0.986
G1 X7.854 Y1.114
G1 X7.854 Y1.242
G1 X7.836 Y1.279
G1 X7.726 Y1.370
G1 X7.836 Y1.242
G1 X7.781 Y1.132
G1 X7.690 Y1.059
G1 X7.617 Y1.059
G1 X7.544 Y1.096
G1 X7.562 Y1.461
G1 X7.635 Y1.480
G1 X7.763 Y1.425
M5
G0 X7.836 Y1.242 F2500
M3 S280
G1 F900
G1 X7.854 Y1.151
G1 X7.800 Y1.059
G1 X7.690 Y1.005
G1 X7.580 Y1.023
G1 X7.544 Y1.059
G1 X7.599 Y1.078
G1 X7.690 Y1.059
G1 X7.726 Y1.078
G1 X7.781 Y1.132
G1 X7.836 Y1.242
G1 X7.854 Y1.151
M5
G0 X7.745 Y1.169 F2500
M3 S280
G1 F900
G1 X7.672 Y1.114
G1 X7.599 Y1.114
G1 X7.690 Y1.114
G1 X7.745 Y1.169
G1 X7.672 Y1.114
M5
G0 X9.151 Y-0.585 F2500
M3 S280
G1 F900
G1 X9.243 Y-0.840
G1 X9.498 Y-1.352
G1 X9.809 Y-1.863
G1 X10.046 Y-2.155
G1 X10.046 Y-2.776
G1 X10.010 Y-3.379
G1 X9.991 Y-3.397
G1 X9.991 Y-3.580
G1 X9.991 Y-3.452
G1 X10.010 Y-3.434
G1 X10.046 Y-2.996
G1 X10.065 Y-2.155
G1 X9.809 Y-1.827
G1 X9.717 Y-1.662
G1 X9.644 Y-1.589
G1 X9.535 Y-1.406
G1 X9.243 Y-0.840
G1 X9.151 Y-0.585
G1 X9.243 Y-0.840
M5
G0 X9.608 Y-1.279 F2500
M3 S280
G1 F900
G1 X9.809 Y-1.644
G1 X9.973 Y-1.881
G1 X10.156 Y-2.101
G1 X10.156 Y-2.904
G1 X10.138 Y-3.251
G1 X10.065 Y-3.854
G1 X9.991 Y-4.292
G1 X9.864 Y-4.859
G1 X9.590 Y-5.699
G1 X9.443 Y-6.046
G1 X9.169 Y-6.612
G1 X8.895 Y-7.087
G1 X8.731 Y-7.325
G1 X8.841 Y-7.178
G1 X9.115 Y-6.722
G1 X9.443 Y-6.064
G1 X9.590 Y-5.717
G1 X9.864 Y-4.877
G1 X9.955 Y-4.512
G1 X10.065 Y-3.909
G1 X10.156 Y-3.105
G1 X10.174 Y-2.101
G1 X9.882 Y-1.735
G1 X9.608 Y-1.279
G1 X9.809 Y-1.644
M5
G0 X9.937 Y-3.872 F2500
M3 S280
G1 F900
G1 X9.937 Y-3.964
G1 X9.918 Y-3.982
G1 X9.918 Y-4.092
G1 X9.882 Y-4.201
G1 X9.882 Y-4.274
G1 X9.918 Y-4.092
G1 X9.918 Y-3.982
G1 X9.937 Y-3.964
G1 X9.937 Y-3.872
G1 X9.937 Y-3.964
M5
G0 X6.557 Y-3.379 F2500
M3 S280
G1 F900
G1 X6.357 Y-3.544
G1 X6.192 Y-3.617
G1 X5.973 Y-3.671
G1 X5.809 Y-3.690
G1 X5.790 Y-3.653
G1 X5.754 Y-3.690
G1 X5.662 Y-3.690
G1 X5.662 Y-3.653
G1 X5.608 Y-3.690
G1 X5.553 Y-3.671
G1 X5.790 Y-3.452
G1 X5.936 Y-3.434
G1 X5.955 Y-3.471
G1 X5.918 Y-3.507
G1 X5.991 Y-3.434
G1 X6.174 Y-3.452
G1 X6.064 Y-3.598
G1 X6.229 Y-3.416
G1 X6.338 Y-3.416
G1 X6.283 Y-3.471
G1 X6.265 Y-3.452
G1 X6.229 Y-3.489
G1 X6.265 Y-3.452
G1 X6.320 Y-3.452
G1 X6.357 Y-3.397
G1 X6.484 Y-3.379
G1 X6.503 Y-3.361
G1 X6.557 Y-3.379
G1 X6.357 Y-3.544
M5
G0 X6.028 Y-3.471 F2500
M3 S280
G1 F900
G1 X5.991 Y-3.489
G1 X5.936 Y-3.562
G1 X6.028 Y-3.471
G1 X5.991 Y-3.489
M5
G0 X5.790 Y-3.251 F2500
M3 S280
G1 F900
G1 X5.626 Y-3.288
G1 X4.932 Y-3.270
G1 X5.060 Y-3.032
G1 X5.096 Y-2.996
G1 X5.553 Y-2.977
G1 X5.626 Y-2.996
G1 X5.662 Y-3.087
G1 X5.790 Y-3.251
G1 X5.626 Y-3.288
M5
G0 X5.151 Y-2.813 F2500
M3 S280
G1 F900
G1 X5.224 Y-2.776
G1 X5.279 Y-2.776
G1 X5.315 Y-2.813
G1 X5.151 Y-2.813
G1 X5.224 Y-2.776
M5
G0 X5.041 Y-2.849 F2500
M3 S280
G1 F900
G1 X5.060 Y-2.795
G1 X5.114 Y-2.795
G1 X5.169 Y-2.849
G1 X5.535 Y-2.813
G1 X5.662 Y-2.868
G1 X5.516 Y-2.886
G1 X5.589 Y-2.886
G1 X5.608 Y-2.868
G1 X5.662 Y-2.923
G1 X5.626 Y-2.941
G1 X5.443 Y-2.959
G1 X5.188 Y-2.959
G1 X5.060 Y-2.923
G1 X5.041 Y-2.849
G1 X5.060 Y-2.795
M5
G0 X5.078 Y-2.612 F2500
M3 S280
G1 F900
G1 X5.096 Y-2.649
G1 X5.133 Y-2.667
G1 X5.261 Y-2.649
G1 X5.169 Y-2.649
G1 X5.114 Y-2.612
G1 X5.078 Y-2.612
G1 X5.096 Y-2.649
M5
G0 X5.425 Y-1.680 F2500
M3 S280
G1 F900
G1 X5.443 Y-1.808
G1 X5.425 Y-1.900
G1 X5.498 Y-2.119
G1 X5.535 Y-2.338
G1 X5.535 Y-2.594
G1 X5.498 Y-2.612
G1 X5.498 Y-2.575
G1 X5.352 Y-2.667
G1 X5.571 Y-2.685
G1 X5.608 Y-2.649
G1 X5.626 Y-2.521
G1 X5.608 Y-2.338
G1 X5.462 Y-1.954
G1 X5.443 Y-1.790
G1 X5.425 Y-1.772
G1 X5.425 Y-1.680
G1 X5.443 Y-1.808
M5
G0 X5.407 Y-1.151 F2500
M3 S280
G1 F900
G1 X5.443 Y-1.260
G1 X5.443 Y-1.315
G1 X5.388 Y-1.370
G1 X5.297 Y-1.370
G1 X5.480 Y-1.388
G1 X5.443 Y-1.516
G1 X5.443 Y-1.626
G1 X5.443 Y-1.516
G1 X5.498 Y-1.370
G1 X5.498 Y-1.297
G1 X5.407 Y-1.151
G1 X5.443 Y-1.260
M5
G0 X5.388 Y-0.804 F2500
M3 S280
G1 F900
G1 X5.462 Y-1.059
G1 X5.571 Y-1.279
G1 X5.571 Y-1.370
G1 X5.516 Y-1.534
G1 X5.516 Y-1.808
G1 X5.589 Y-2.082
G1 X5.735 Y-2.338
G1 X5.772 Y-2.466
G1 X5.772 Y-2.557
G1 X5.735 Y-2.649
G1 X5.662 Y-2.722
G1 X5.589 Y-2.758
G1 X5.133 Y-2.758
G1 X4.987 Y-2.630
G1 X4.932 Y-2.502
G1 X4.932 Y-2.448
G1 X4.968 Y-2.320
G1 X5.096 Y-2.064
G1 X5.169 Y-1.808
G1 X5.188 Y-1.571
G1 X5.114 Y-1.370
G1 X5.114 Y-1.242
G1 X5.297 Y-0.840
G1 X5.388 Y-0.804
G1 X5.462 Y-1.059
M5
G0 X5.315 Y-0.712 F2500
M3 S280
G1 F900
G1 X5.279 Y-0.731
G1 X5.242 Y-0.785
G1 X5.151 Y-1.041
G1 X5.060 Y-1.206
G1 X5.041 Y-1.333
G1 X5.114 Y-1.571
G1 X5.114 Y-1.699
G1 X5.023 Y-2.046
G1 X4.859 Y-2.411
G1 X4.859 Y-2.575
G1 X4.914 Y-2.703
G1 X4.968 Y-2.758
G1 X4.987 Y-2.959
G1 X4.968 Y-2.996
G1 X4.914 Y-3.050
G1 X4.530 Y-3.069
G1 X4.256 Y-3.105
G1 X4.037 Y-3.160
G1 X3.964 Y-3.215
G1 X3.982 Y-3.306
G1 X4.256 Y-3.562
G1 X4.384 Y-3.635
G1 X4.493 Y-3.671
G1 X4.530 Y-3.708
G1 X4.457 Y-3.854
G1 X4.402 Y-3.909
G1 X4.329 Y-3.927
G1 X4.274 Y-3.982
G1 X4.256 Y-4.018
G1 X4.256 Y-4.092
G1 X4.292 Y-4.128
G1 X4.640 Y-4.201
G1 X4.895 Y-4.219
G1 X5.005 Y-4.256
G1 X5.005 Y-4.292
G1 X4.950 Y-4.420
G1 X4.895 Y-4.475
G1 X4.877 Y-4.566
G1 X4.877 Y-4.658
G1 X4.914 Y-4.731
G1 X4.968 Y-4.786
G1 X4.968 Y-4.950
G1 X4.786 Y-6.247
G1 X4.767 Y-6.302
G1 X4.694 Y-6.375
G1 X4.658 Y-6.448
G1 X4.621 Y-6.594
G1 X4.311 Y-6.905
G1 X4.165 Y-6.941
G1 X4.000 Y-7.032
G1 X3.982 Y-7.069
G1 X3.982 Y-7.178
G1 X4.000 Y-7.215
G1 X4.165 Y-7.361
G1 X4.165 Y-7.398
G1 X4.055 Y-7.580
G1 X3.854 Y-7.708
G1 X3.836 Y-7.800
G1 X3.872 Y-7.891
G1 X3.945 Y-7.964
G1 X4.146 Y-8.055
G1 X4.347 Y-8.110
G1 X5.041 Y-8.201
G1 X5.644 Y-8.201
G1 X6.101 Y-8.147
G1 X6.539 Y-8.055
G1 X6.722 Y-7.982
G1 X6.777 Y-7.946
G1 X6.831 Y-7.873
G1 X6.831 Y-7.726
G1 X6.758 Y-7.653
G1 X6.667 Y-7.617
G1 X6.576 Y-7.526
G1 X6.521 Y-7.416
G1 X6.521 Y-7.379
G1 X6.704 Y-7.215
G1 X6.722 Y-7.178
G1 X6.722 Y-7.087
G1 X6.704 Y-7.051
G1 X6.503 Y-6.941
G1 X6.393 Y-6.923
G1 X6.320 Y-6.886
G1 X6.083 Y-6.631
G1 X6.009 Y-6.484
G1 X6.009 Y-6.430
G1 X5.918 Y-6.283
G1 X5.863 Y-5.973
G1 X5.845 Y-5.735
G1 X5.772 Y-5.370
G1 X5.735 Y-4.987
G1 X5.735 Y-4.840
G1 X5.754 Y-4.767
G1 X5.827 Y-4.676
G1 X5.845 Y-4.530
G1 X5.827 Y-4.457
G1 X5.717 Y-4.292
G1 X5.735 Y-4.238
G1 X6.302 Y-4.165
G1 X6.466 Y-4.110
G1 X6.466 Y-4.018
G1 X6.411 Y-3.945
G1 X6.320 Y-3.909
G1 X6.247 Y-3.836
G1 X6.192 Y-3.708
G1 X6.229 Y-3.671
G1 X6.375 Y-3.617
G1 X6.503 Y-3.525
G1 X6.740 Y-3.288
G1 X6.740 Y-3.197
G1 X6.649 Y-3.160
G1 X6.302 Y-3.087
G1 X6.009 Y-3.050
G1 X5.827 Y-3.050
G1 X5.772 Y-3.032
G1 X5.735 Y-2.996
G1 X5.717 Y-2.941
G1 X5.717 Y-2.776
G1 X5.827 Y-2.630
G1 X5.845 Y-2.448
G1 X5.790 Y-2.283
G1 X5.681 Y-2.082
G1 X5.589 Y-1.827
G1 X5.571 Y-1.571
G1 X5.644 Y-1.388
G1 X5.644 Y-1.242
G1 X5.407 Y-0.731
G1 X5.315 Y-0.712
G1 X5.279 Y-0.731
M5
G0 X4.037 Y-3.197 F2500
M3 S280
G1 F900
G1 X4.274 Y-3.160
G1 X4.548 Y-3.160
G1 X4.786 Y-3.123
G1 X4.932 Y-3.142
G1 X4.914 Y-3.178
G1 X4.786 Y-3.215
G1 X4.238 Y-3.251
G1 X4.548 Y-3.270
G1 X4.895 Y-3.324
G1 X5.644 Y-3.324
G1 X6.101 Y-3.270
G1 X6.448 Y-3.251
G1 X6.210 Y-3.215
G1 X5.845 Y-3.197
G1 X5.790 Y-3.142
G1 X6.028 Y-3.123
G1 X6.649 Y-3.197
G1 X6.667 Y-3.270
G1 X6.430 Y-3.343
G1 X6.192 Y-3.379
G1 X5.809 Y-3.416
G1 X5.206 Y-3.434
G1 X4.859 Y-3.416
G1 X4.201 Y-3.324
G1 X4.037 Y-3.251
G1 X4.037 Y-3.197
G1 X4.274 Y-3.160
M5
G0 X4.183 Y-3.397 F2500
M3 S280
G1 F900
G1 X4.201 Y-3.361
G1 X4.457 Y-3.397
G1 X4.566 Y-3.434
G1 X4.950 Y-3.471
G1 X5.516 Y-3.452
G1 X5.772 Y-3.471
G1 X5.571 Y-3.653
G1 X5.498 Y-3.690
G1 X5.334 Y-3.726
G1 X5.114 Y-3.726
G1 X4.713 Y-3.671
G1 X4.475 Y-3.598
G1 X4.329 Y-3.525
G1 X4.183 Y-3.397
G1 X4.201 Y-3.361
M5
G0 X4.512 Y-3.909 F2500
M3 S280
G1 F900
G1 X4.585 Y-3.781
G1 X4.640 Y-3.726
G1 X5.041 Y-3.781
G1 X5.352 Y-3.799
G1 X5.754 Y-3.781
G1 X5.790 Y-3.818
G1 X5.790 Y-3.781
G1 X5.882 Y-3.799
G1 X5.900 Y-3.763
G1 X6.064 Y-3.726
G1 X6.119 Y-3.745
G1 X6.192 Y-3.945
G1 X6.156 Y-3.945
G1 X6.119 Y-3.909
G1 X6.083 Y-3.799
G1 X6.119 Y-3.964
G1 X5.772 Y-4.018
G1 X5.005 Y-4.018
G1 X4.621 Y-3.964
G1 X4.512 Y-3.909
G1 X4.585 Y-3.781
M5
G0 X4.311 Y-4.018 F2500
M3 S280
G1 F900
G1 X4.384 Y-3.964
G1 X4.493 Y-3.964
G1 X4.895 Y-4.037
G1 X5.151 Y-4.055
G1 X5.754 Y-4.055
G1 X6.320 Y-3.964
G1 X6.357 Y-3.982
G1 X6.393 Y-4.037
G1 X6.320 Y-4.092
G1 X5.717 Y-4.165
G1 X5.023 Y-4.165
G1 X4.347 Y-4.073
G1 X4.311 Y-4.018
G1 X4.384 Y-3.964
M5
G0 X5.023 Y-4.420 F2500
M3 S280
G1 F900
G1 X5.078 Y-4.347
G1 X5.133 Y-4.347
G1 X5.151 Y-4.329
G1 X5.315 Y-4.347
G1 X5.352 Y-4.329
G1 X5.370 Y-4.366
G1 X5.407 Y-4.329
G1 X5.443 Y-4.366
G1 X5.498 Y-4.329
G1 X5.516 Y-4.366
G1 X5.589 Y-4.329
G1 X5.644 Y-4.329
G1 X5.699 Y-4.384
G1 X5.699 Y-4.457
G1 X5.644 Y-4.475
G1 X5.352 Y-4.493
G1 X5.096 Y-4.457
G1 X5.023 Y-4.420
G1 X5.078 Y-4.347
M5
G0 X5.169 Y-4.292 F2500
M3 S280
G1 F900
G1 X5.188 Y-4.256
G1 X5.206 Y-4.274
G1 X5.297 Y-4.256
G1 X5.352 Y-4.292
G1 X5.169 Y-4.292
G1 X5.188 Y-4.256
M5
G0 X4.932 Y-4.548 F2500
M3 S280
G1 F900
G1 X4.968 Y-4.512
G1 X5.334 Y-4.493
G1 X5.443 Y-4.530
G1 X5.754 Y-4.530
G1 X5.735 Y-4.603
G1 X5.425 Y-4.640
G1 X5.206 Y-4.640
G1 X5.169 Y-4.603
G1 X4.968 Y-4.585
G1 X4.932 Y-4.548
G1 X4.968 Y-4.512
M5
G0 X4.968 Y-4.658 F2500
M3 S280
G1 F900
G1 X5.078 Y-4.640
G1 X5.370 Y-4.676
G1 X5.644 Y-4.658
G1 X5.735 Y-4.676
G1 X5.699 Y-4.713
G1 X5.443 Y-4.767
G1 X5.224 Y-4.767
G1 X5.151 Y-4.731
G1 X5.078 Y-4.731
G1 X4.968 Y-4.658
G1 X5.078 Y-4.640
M5
G0 X5.060 Y-4.804 F2500
M3 S280
G1 F900
G1 X5.114 Y-4.786
G1 X5.169 Y-4.822
G1 X5.352 Y-4.804
G1 X5.443 Y-4.840
G1 X5.462 Y-4.895
G1 X5.462 Y-5.169
G1 X5.480 Y-4.840
G1 X5.516 Y-4.932
G1 X5.516 Y-5.023
G1 X5.608 Y-4.895
G1 X5.608 Y-4.950
G1 X5.608 Y-4.895
G1 X5.644 Y-4.804
G1 X5.699 Y-4.804
G1 X5.681 Y-5.023
G1 X5.699 Y-5.315
G1 X5.790 Y-6.028
G1 X5.863 Y-6.302
G1 X5.845 Y-6.357
G1 X5.535 Y-6.430
G1 X5.206 Y-6.430
G1 X4.987 Y-6.393
G1 X4.859 Y-6.338
G1 X4.840 Y-6.229
G1 X4.914 Y-5.936
G1 X5.041 Y-4.987
G1 X5.041 Y-4.840
G1 X5.060 Y-4.804
G1 X5.114 Y-4.786
M5
G0 X5.626 Y-5.352 F2500
M3 S280
G1 F900
G1 X5.626 Y-5.516
G1 X5.644 Y-5.644
G1 X5.662 Y-5.662
G1 X5.662 Y-5.735
G1 X5.644 Y-5.498
G1 X5.626 Y-5.480
G1 X5.626 Y-5.352
G1 X5.626 Y-5.516
M5
G0 X13.407 Y-7.982 F2500
M3 S280
G1 F900
G1 X13.170 Y-8.439
G1 X12.914 Y-8.859
G1 X12.622 Y-9.224
G1 X12.202 Y-9.663
G1 X11.818 Y-9.991
G1 X11.325 Y-10.338
G1 X10.412 Y-10.813
G1 X10.284 Y-10.832
G1 X10.247 Y-10.777
G1 X10.265 Y-10.722
G1 X10.375 Y-10.667
G1 X10.412 Y-10.667
G1 X10.960 Y-10.375
G1 X11.416 Y-10.083
G1 X11.727 Y-9.845
G1 X11.307 Y-10.156
G1 X11.014 Y-10.338
G1 X10.503 Y-10.612
G1 X10.229 Y-10.722
G1 X10.156 Y-10.631
G1 X10.192 Y-10.594
G1 X10.777 Y-10.320
G1 X11.124 Y-10.083
G1 X10.740 Y-10.338
G1 X10.156 Y-10.612
G1 X10.083 Y-10.539
G1 X10.083 Y-10.466
G1 X10.119 Y-10.466
G1 X10.631 Y-10.211
G1 X10.759 Y-10.119
G1 X10.594 Y-10.229
G1 X10.065 Y-10.485
G1 X9.991 Y-10.393
G1 X9.973 Y-10.338
G1 X10.010 Y-10.302
G1 X10.302 Y-10.174
G1 X10.576 Y-10.028
G1 X10.229 Y-10.211
G1 X10.192 Y-10.211
G1 X9.973 Y-10.320
G1 X9.882 Y-10.192
G1 X9.918 Y-10.156
G1 X10.174 Y-10.046
G1 X10.211 Y-10.010
G1 X10.357 Y-9.937
G1 X9.882 Y-10.174
G1 X9.845 Y-10.138
G1 X9.791 Y-10.046
G1 X9.809 Y-9.991
G1 X9.845 Y-9.991
G1 X10.156 Y-9.827
G1 X9.827 Y-9.991
G1 X9.754 Y-9.973
G1 X9.699 Y-9.864
G1 X9.754 Y-9.809
G1 X10.028 Y-9.681
G1 X9.864 Y-9.772
G1 X9.663 Y-9.827
G1 X9.608 Y-9.754
G1 X9.608 Y-9.681
G1 X9.937 Y-9.517
G1 X9.590 Y-9.681
G1 X9.535 Y-9.626
G1 X9.517 Y-9.517
G1 X9.827 Y-9.370
G1 X9.535 Y-9.517
G1 X9.498 Y-9.517
G1 X9.407 Y-9.389
G1 X9.443 Y-9.352
G1 X9.626 Y-9.279
G1 X9.791 Y-9.188
G1 X9.425 Y-9.370
G1 X9.389 Y-9.370
G1 X9.243 Y-9.243
G1 X9.626 Y-9.078
G1 X9.243 Y-9.243
G1 X9.023 Y-9.243
G1 X8.822 Y-9.297
G1 X8.494 Y-9.498
G1 X8.366 Y-9.608
G1 X8.147 Y-9.754
G1 X7.873 Y-9.900
G1 X7.854 Y-9.864
G1 X7.927 Y-9.754
G1 X8.055 Y-9.626
G1 X8.293 Y-9.462
G1 X8.749 Y-9.243
G1 X9.078 Y-9.133
G1 X9.462 Y-8.969
G1 X9.169 Y-9.096
G1 X8.658 Y-9.279
G1 X8.220 Y-9.498
G1 X8.092 Y-9.590
G1 X7.909 Y-9.772
G1 X7.873 Y-9.845
G1 X7.818 Y-9.900
G1 X7.745 Y-9.900
G1 X7.708 Y-9.864
G1 X7.781 Y-9.699
G1 X8.019 Y-9.462
G1 X8.147 Y-9.370
G1 X8.603 Y-9.133
G1 X9.425 Y-8.822
G1 X8.640 Y-9.115
G1 X8.165 Y-9.352
G1 X7.964 Y-9.498
G1 X7.836 Y-9.626
G1 X7.781 Y-9.699
G1 X7.726 Y-9.845
G1 X7.690 Y-9.882
G1 X7.599 Y-9.864
G1 X7.526 Y-9.791
G1 X7.507 Y-9.736
G1 X7.526 Y-9.571
G1 X7.580 Y-9.480
G1 X7.763 Y-9.279
G1 X7.909 Y-9.169
G1 X8.238 Y-8.987
G1 X8.548 Y-8.841
G1 X9.224 Y-8.567
G1 X9.389 Y-8.475
G1 X9.553 Y-8.421
G1 X10.192 Y-8.074
G1 X10.649 Y-7.781
G1 X11.106 Y-7.416
G1 X11.526 Y-6.996
G1 X11.727 Y-6.740
G1 X11.873 Y-6.521
G1 X11.891 Y-6.466
G1 X11.964 Y-6.448
G1 X11.946 Y-6.521
G1 X11.964 Y-6.594
G1 X11.708 Y-6.978
G1 X11.800 Y-6.868
G1 X11.909 Y-6.667
G1 X11.946 Y-6.631
G1 X11.964 Y-6.758
G1 X11.928 Y-6.831
G1 X11.964 Y-6.850
G1 X11.891 Y-7.325
G1 X11.818 Y-7.617
G1 X11.599 Y-8.165
G1 X11.434 Y-8.494
G1 X11.197 Y-8.877
G1 X11.690 Y-8.804
G1 X12.329 Y-8.603
G1 X12.804 Y-8.366
G1 X13.078 Y-8.201
G1 X13.298 Y-8.037
G1 X13.407 Y-7.982
G1 X13.170 Y-8.439
M5
G0 X15.453 Y0.347 F2500
M3 S280
G1 F900
G1 X15.453 Y0.256
G1 X15.398 Y0.110
G1 X15.325 Y0.018
G1 X15.215 Y-0.037
G1 X15.033 Y-0.037
G1 X14.923 Y-0.000
G1 X14.795 Y0.128
G1 X14.759 Y0.201
G1 X14.741 Y0.311
G1 X14.759 Y0.365
G1 X15.179 Y0.384
G1 X15.234 Y0.365
G1 X15.343 Y0.384
G1 X15.453 Y0.347
G1 X15.453 Y0.256
M5
G0 X13.772 Y0.986 F2500
M3 S280
G1 F900
G1 X13.772 Y0.183
G1 X13.937 Y0.201
G1 X13.955 Y0.292
G1 X14.010 Y0.347
G1 X14.065 Y0.365
G1 X14.503 Y0.347
G1 X14.503 Y0.311
G1 X14.412 Y0.219
G1 X13.955 Y-0.073
G1 X13.791 Y-0.237
G1 X13.772 Y-0.274
G1 X13.772 Y-0.749
G1 X13.919 Y-0.731
G1 X13.955 Y-0.658
G1 X14.028 Y-0.585
G1 X14.412 Y-0.329
G1 X14.594 Y-0.183
G1 X14.722 Y-0.365
G1 X14.905 Y-0.475
G1 X15.033 Y-0.511
G1 X15.161 Y-0.511
G1 X15.307 Y-0.475
G1 X15.435 Y-0.402
G1 X15.544 Y-0.274
G1 X15.617 Y-0.128
G1 X15.672 Y0.183
G1 X15.672 Y0.603
G1 X15.636 Y0.986
G1 X15.489 Y0.986
G1 X15.471 Y0.895
G1 X15.435 Y0.858
G1 X15.325 Y0.822
G1 X14.065 Y0.822
G1 X14.010 Y0.840
G1 X13.955 Y0.895
G1 X13.919 Y0.986
G1 X13.772 Y0.986
G1 X13.772 Y0.183
M5
G0 X15.325 Y3.215 F2500
M3 S280
G1 F900
G1 X15.197 Y3.197
G1 X15.197 Y3.123
G1 X15.142 Y3.050
G1 X14.302 Y2.923
G1 X14.065 Y2.868
G1 X13.900 Y2.795
G1 X13.736 Y2.649
G1 X13.663 Y2.521
G1 X13.608 Y2.338
G1 X13.608 Y2.009
G1 X13.699 Y1.735
G1 X13.864 Y1.553
G1 X14.028 Y1.461
G1 X14.247 Y1.406
G1 X14.485 Y1.406
G1 X15.142 Y1.498
G1 X15.343 Y1.498
G1 X15.435 Y1.425
G1 X15.453 Y1.370
G1 X15.599 Y1.352
G1 X15.599 Y1.534
G1 X15.544 Y1.900
G1 X15.508 Y2.009
G1 X15.416 Y2.009
G1 X15.380 Y1.991
G1 X15.380 Y1.936
G1 X15.343 Y1.845
G1 X15.252 Y1.772
G1 X15.033 Y1.717
G1 X14.613 Y1.662
G1 X14.247 Y1.662
G1 X14.120 Y1.699
G1 X13.992 Y1.790
G1 X13.919 Y1.936
G1 X13.900 Y2.064
G1 X13.937 Y2.228
G1 X14.010 Y2.320
G1 X14.229 Y2.429
G1 X14.503 Y2.484
G1 X15.051 Y2.557
G1 X15.252 Y2.557
G1 X15.289 Y2.521
G1 X15.325 Y2.429
G1 X15.471 Y2.448
G1 X15.398 Y2.941
G1 X15.325 Y3.215
G1 X15.197 Y3.197
M5
G0 X14.850 Y5.114 F2500
M3 S280
G1 F900
G1 X14.777 Y5.114
G1 X14.375 Y5.005
G1 X14.375 Y4.932
G1 X14.394 Y4.895
G1 X14.485 Y4.859
G1 X14.558 Y4.859
G1 X14.704 Y4.767
G1 X14.777 Y4.585
G1 X14.777 Y4.548
G1 X14.741 Y4.512
G1 X14.046 Y4.292
G1 X13.809 Y4.238
G1 X13.498 Y4.128
G1 X13.425 Y4.128
G1 X13.389 Y4.146
G1 X13.279 Y4.274
G1 X13.151 Y4.219
G1 X13.151 Y4.146
G1 X13.316 Y3.580
G1 X13.371 Y3.452
G1 X13.517 Y3.471
G1 X13.535 Y3.617
G1 X13.590 Y3.671
G1 X13.663 Y3.708
G1 X14.120 Y3.836
G1 X14.832 Y4.073
G1 X14.923 Y4.055
G1 X14.942 Y3.927
G1 X14.905 Y3.799
G1 X14.722 Y3.580
G1 X14.704 Y3.525
G1 X14.722 Y3.489
G1 X14.777 Y3.434
G1 X14.850 Y3.434
G1 X15.215 Y3.544
G1 X15.289 Y3.544
G1 X15.270 Y3.708
G1 X15.179 Y3.945
G1 X14.942 Y4.786
G1 X14.923 Y4.914
G1 X14.850 Y5.114
G1 X14.777 Y5.114
M5
G0 X14.138 Y6.923 F2500
M3 S280
G1 F900
G1 X14.046 Y6.923
G1 X13.663 Y6.758
G1 X13.645 Y6.704
G1 X13.663 Y6.667
G1 X13.736 Y6.631
G1 X13.900 Y6.612
G1 X14.028 Y6.539
G1 X14.120 Y6.393
G1 X14.120 Y6.338
G1 X14.083 Y6.302
G1 X13.480 Y6.028
G1 X13.261 Y5.955
G1 X12.969 Y5.809
G1 X12.786 Y5.790
G1 X12.695 Y5.882
G1 X12.567 Y5.845
G1 X12.549 Y5.790
G1 X12.622 Y5.662
G1 X12.768 Y5.279
G1 X12.859 Y5.096
G1 X12.914 Y5.096
G1 X12.987 Y5.133
G1 X13.005 Y5.297
G1 X13.060 Y5.352
G1 X13.736 Y5.644
G1 X14.266 Y5.900
G1 X14.339 Y5.882
G1 X14.357 Y5.845
G1 X14.375 Y5.662
G1 X14.320 Y5.553
G1 X14.193 Y5.407
G1 X14.174 Y5.315
G1 X14.247 Y5.261
G1 X14.320 Y5.261
G1 X14.594 Y5.388
G1 X14.722 Y5.425
G1 X14.741 Y5.516
G1 X14.668 Y5.644
G1 X14.576 Y5.900
G1 X14.448 Y6.156
G1 X14.138 Y6.923
G1 X14.046 Y6.923
M5
G0 X13.572 Y7.927 F2500
M3 S280
G1 F900
G1 X13.480 Y7.891
G1 X13.462 Y7.818
G1 X13.480 Y7.726
G1 X13.407 Y7.653
G1 X12.804 Y7.325
G1 X12.329 Y7.032
G1 X12.202 Y6.996
G1 X12.110 Y7.069
G1 X12.055 Y7.069
G1 X12.001 Y7.051
G1 X11.964 Y7.014
G1 X12.001 Y6.905
G1 X12.293 Y6.375
G1 X12.348 Y6.375
G1 X12.457 Y6.411
G1 X12.457 Y6.576
G1 X12.494 Y6.612
G1 X13.663 Y7.270
G1 X13.699 Y7.270
G1 X13.791 Y7.197
G1 X13.919 Y7.233
G1 X13.955 Y7.288
G1 X13.882 Y7.379
G1 X13.736 Y7.672
G1 X13.572 Y7.927
G1 X13.480 Y7.891
M5
G0 X12.293 Y9.845 F2500
M3 S280
G1 F900
G1 X12.256 Y9.845
G1 X12.183 Y9.791
G1 X12.202 Y9.608
G1 X12.055 Y9.462
G1 X11.562 Y9.133
G1 X11.106 Y8.804
G1 X10.960 Y8.804
G1 X10.905 Y8.841
G1 X10.850 Y8.841
G1 X10.795 Y8.804
G1 X10.777 Y8.749
G1 X11.142 Y8.238
G1 X11.215 Y8.165
G1 X11.252 Y8.165
G1 X11.361 Y8.238
G1 X11.307 Y8.329
G1 X11.398 Y8.439
G1 X11.818 Y8.749
G1 X11.855 Y8.749
G1 X12.074 Y8.457
G1 X12.202 Y8.238
G1 X12.147 Y8.183
G1 X12.037 Y8.128
G1 X11.928 Y8.037
G1 X11.654 Y7.873
G1 X11.562 Y7.927
G1 X11.489 Y7.927
G1 X11.416 Y7.891
G1 X11.453 Y7.800
G1 X11.818 Y7.233
G1 X11.964 Y7.270
G1 X11.928 Y7.416
G1 X12.110 Y7.617
G1 X12.877 Y8.128
G1 X13.060 Y8.274
G1 X13.115 Y8.293
G1 X13.261 Y8.201
G1 X13.389 Y8.274
G1 X13.243 Y8.530
G1 X12.951 Y8.932
G1 X12.841 Y8.895
G1 X12.823 Y8.822
G1 X12.841 Y8.713
G1 X12.750 Y8.622
G1 X12.457 Y8.421
G1 X12.384 Y8.421
G1 X12.092 Y8.841
G1 X12.074 Y8.914
G1 X12.494 Y9.224
G1 X12.567 Y9.206
G1 X12.658 Y9.133
G1 X12.695 Y9.151
G1 X12.750 Y9.224
G1 X12.658 Y9.370
G1 X12.512 Y9.535
G1 X12.293 Y9.845
G1 X12.256 Y9.845
M5
G0 X11.033 Y11.051 F2500
M3 S280
G1 F900
G1 X10.777 Y11.069
G1 X10.594 Y11.033
G1 X10.412 Y10.960
G1 X10.247 Y10.850
G1 X10.046 Y10.649
G1 X9.918 Y10.448
G1 X9.845 Y10.247
G1 X9.827 Y10.138
G1 X9.845 Y9.882
G1 X9.882 Y9.754
G1 X9.973 Y9.553
G1 X10.083 Y9.407
G1 X10.265 Y9.224
G1 X10.521 Y9.042
G1 X10.631 Y8.987
G1 X10.722 Y9.005
G1 X10.941 Y9.133
G1 X11.069 Y9.243
G1 X11.069 Y9.316
G1 X11.051 Y9.352
G1 X10.941 Y9.370
G1 X10.777 Y9.316
G1 X10.649 Y9.316
G1 X10.503 Y9.352
G1 X10.412 Y9.407
G1 X10.302 Y9.517
G1 X10.211 Y9.717
G1 X10.211 Y9.918
G1 X10.247 Y10.046
G1 X10.412 Y10.320
G1 X10.594 Y10.521
G1 X10.740 Y10.631
G1 X10.886 Y10.704
G1 X11.142 Y10.722
G1 X11.307 Y10.667
G1 X11.489 Y10.503
G1 X11.544 Y10.393
G1 X11.562 Y10.320
G1 X11.562 Y10.138
G1 X11.489 Y9.937
G1 X11.544 Y9.882
G1 X11.599 Y9.864
G1 X11.782 Y10.028
G1 X11.909 Y10.211
G1 X11.928 Y10.265
G1 X11.727 Y10.558
G1 X11.508 Y10.795
G1 X11.307 Y10.941
G1 X11.160 Y11.014
G1 X11.033 Y11.051
G1 X10.777 Y11.069
M5
G0 X0.256 Y12.074 F2500
M3 S280
G1 F900
G1 X0.785 Y11.654
G1 X1.059 Y11.471
G1 X1.534 Y11.197
G1 X1.863 Y11.033
G1 X2.429 Y10.795
G1 X2.795 Y10.667
G1 X3.306 Y10.521
G1 X3.891 Y10.393
G1 X4.366 Y10.320
G1 X5.206 Y10.247
G1 X6.009 Y10.247
G1 X6.594 Y10.284
G1 X7.087 Y10.357
G1 X7.197 Y10.338
G1 X7.288 Y10.156
G1 X7.617 Y9.644
G1 X7.891 Y9.261
G1 X8.183 Y8.895
G1 X8.603 Y8.421
G1 X9.115 Y7.909
G1 X9.352 Y7.690
G1 X9.626 Y7.471
G1 X9.663 Y7.416
G1 X9.425 Y7.069
G1 X9.188 Y6.649
G1 X8.932 Y6.119
G1 X8.713 Y5.571
G1 X8.494 Y4.859
G1 X8.329 Y4.128
G1 X8.293 Y3.818
G1 X8.256 Y3.781
G1 X4.640 Y3.781
G1 X1.973 Y3.818
G1 X2.101 Y4.347
G1 X2.247 Y4.658
G1 X2.448 Y4.840
G1 X2.466 Y4.914
G1 X2.521 Y5.005
G1 X2.594 Y5.078
G1 X2.740 Y5.169
G1 X3.050 Y5.315
G1 X3.361 Y5.425
G1 X3.635 Y5.480
G1 X3.982 Y5.498
G1 X4.183 Y5.462
G1 X4.347 Y5.407
G1 X4.530 Y5.315
G1 X4.713 Y5.188
G1 X4.950 Y4.950
G1 X5.023 Y4.840
G1 X5.224 Y4.621
G1 X5.516 Y4.420
G1 X5.681 Y4.347
G1 X5.882 Y4.292
G1 X6.046 Y4.292
G1 X6.046 Y4.329
G1 X5.900 Y4.384
G1 X5.699 Y4.512
G1 X5.370 Y4.840
G1 X5.242 Y5.060
G1 X5.023 Y5.334
G1 X4.749 Y5.589
G1 X4.548 Y5.699
G1 X4.347 Y5.772
G1 X4.183 Y5.809
G1 X3.653 Y5.809
G1 X3.397 Y5.754
G1 X3.233 Y5.699
G1 X3.178 Y5.662
G1 X3.123 Y5.681
G1 X3.178 Y5.735
G1 X3.507 Y5.936
G1 X3.818 Y6.083
G1 X4.018 Y6.101
G1 X4.037 Y6.083
G1 X4.292 Y6.064
G1 X4.548 Y5.973
G1 X4.877 Y5.772
G1 X5.151 Y5.516
G1 X5.242 Y5.388
G1 X5.297 Y5.261
G1 X5.352 Y5.242
G1 X5.352 Y5.407
G1 X5.315 Y5.516
G1 X5.151 Y5.809
G1 X4.950 Y6.046
G1 X4.621 Y6.302
G1 X4.676 Y6.338
G1 X4.767 Y6.357
G1 X5.041 Y6.375
G1 X5.096 Y6.357
G1 X5.334 Y6.119
G1 X5.480 Y6.009
G1 X5.535 Y5.845
G1 X5.626 Y5.717
G1 X5.717 Y5.644
G1 X5.790 Y5.334
G1 X5.973 Y4.950
G1 X6.083 Y4.895
G1 X6.119 Y5.023
G1 X6.101 Y5.169
G1 X6.119 Y5.261
G1 X6.174 Y5.224
G1 X6.192 Y5.297
G1 X6.156 Y5.516
G1 X6.101 Y5.644
G1 X6.101 Y5.772
G1 X6.009 Y5.991
G1 X5.936 Y6.064
G1 X5.845 Y6.247
G1 X5.772 Y6.338
G1 X5.571 Y6.521
G1 X5.626 Y6.539
G1 X5.717 Y6.484
G1 X6.064 Y6.156
G1 X6.083 Y6.064
G1 X6.210 Y5.827
G1 X6.265 Y5.772
G1 X6.320 Y5.790
G1 X6.411 Y5.553
G1 X6.503 Y5.443
G1 X6.576 Y5.188
G1 X6.576 Y5.078
G1 X6.649 Y4.822
G1 X6.722 Y4.767
G1 X6.777 Y4.603
G1 X6.850 Y4.493
G1 X6.959 Y4.439
G1 X6.996 Y4.585
G1 X6.996 Y4.713
G1 X6.978 Y4.731
G1 X6.996 Y4.877
G1 X7.032 Y4.840
G1 X7.087 Y4.840
G1 X7.069 Y5.060
G1 X6.978 Y5.224
G1 X6.996 Y5.352
G1 X6.959 Y5.498
G1 X6.850 Y5.735
G1 X6.758 Y5.863
G1 X6.758 Y5.955
G1 X6.685 Y6.174
G1 X6.649 Y6.229
G1 X6.484 Y6.375
G1 X6.430 Y6.484
G1 X6.083 Y6.850
G1 X5.936 Y6.959
G1 X5.790 Y7.014
G1 X5.589 Y7.014
G1 X5.370 Y7.069
G1 X5.535 Y7.014
G1 X5.681 Y6.941
G1 X5.735 Y6.850
G1 X5.644 Y6.850
G1 X5.498 Y6.941
G1 X5.242 Y7.051
G1 X5.133 Y7.142
G1 X5.188 Y7.160
G1 X5.261 Y7.124
G1 X5.279 Y7.178
G1 X5.334 Y7.197
G1 X5.498 Y7.197
G1 X5.681 Y7.160
G1 X5.991 Y6.978
G1 X6.064 Y6.959
G1 X6.192 Y6.868
G1 X6.320 Y6.740
G1 X6.484 Y6.521
G1 X6.685 Y6.302
G1 X6.886 Y5.900
G1 X6.941 Y5.845
G1 X6.978 Y5.882
G1 X6.996 Y5.936
G1 X7.087 Y5.754
G1 X7.270 Y5.553
G1 X7.288 Y5.900
G1 X7.252 Y6.210
G1 X7.069 Y6.503
G1 X7.032 Y6.704
G1 X6.978 Y6.758
G1 X6.831 Y6.831
G1 X6.777 Y6.905
G1 X6.777 Y6.996
G1 X6.923 Y6.868
G1 X7.051 Y6.795
G1 X7.124 Y6.722
G1 X7.197 Y6.557
G1 X7.270 Y6.448
G1 X7.379 Y6.393
G1 X7.398 Y6.576
G1 X7.489 Y6.393
G1 X7.562 Y6.119
G1 X7.672 Y5.973
G1 X7.726 Y5.754
G1 X7.800 Y5.608
G1 X7.836 Y5.608
G1 X7.873 Y5.571
G1 X7.909 Y5.443
G1 X8.000 Y5.279
G1 X8.092 Y5.242
G1 X8.128 Y5.334
G1 X8.110 Y5.535
G1 X8.128 Y5.626
G1 X8.183 Y5.626
G1 X8.201 Y5.662
G1 X8.201 Y5.754
G1 X8.183 Y5.772
G1 X8.183 Y5.882
G1 X8.092 Y6.229
G1 X8.000 Y6.411
G1 X8.000 Y6.503
G1 X8.201 Y6.302
G1 X8.238 Y6.302
G1 X8.238 Y6.466
G1 X8.128 Y6.722
G1 X8.037 Y6.850
G1 X8.037 Y6.941
G1 X7.946 Y7.087
G1 X7.781 Y7.233
G1 X7.763 Y7.379
G1 X7.708 Y7.434
G1 X7.653 Y7.452
G1 X7.416 Y7.708
G1 X7.288 Y7.781
G1 X7.252 Y7.818
G1 X7.252 Y7.873
G1 X7.197 Y7.946
G1 X6.978 Y8.019
G1 X6.923 Y8.110
G1 X6.631 Y8.238
G1 X6.594 Y8.311
G1 X6.466 Y8.348
G1 X6.411 Y8.384
G1 X6.448 Y8.421
G1 X6.539 Y8.421
G1 X6.868 Y8.293
G1 X6.959 Y8.329
G1 X7.051 Y8.256
G1 X7.288 Y8.128
G1 X7.325 Y8.128
G1 X7.379 Y8.165
G1 X7.580 Y8.019
G1 X7.653 Y8.000
G1 X7.909 Y7.708
G1 X7.982 Y7.690
G1 X8.000 Y7.726
G1 X8.037 Y7.745
G1 X8.256 Y7.599
G1 X8.329 Y7.526
G1 X8.402 Y7.489
G1 X8.402 Y7.617
G1 X8.366 Y7.726
G1 X8.256 Y7.891
G1 X8.238 Y8.037
G1 X8.165 Y8.110
G1 X8.037 Y8.183
G1 X7.982 Y8.238
G1 X8.019 Y8.274
G1 X8.019 Y8.311
G1 X7.781 Y8.457
G1 X7.653 Y8.603
G1 X7.434 Y8.713
G1 X7.233 Y8.768
G1 X7.215 Y8.859
G1 X6.996 Y8.914
G1 X6.850 Y8.895
G1 X6.758 Y8.932
G1 X6.777 Y8.987
G1 X6.722 Y9.005
G1 X6.503 Y8.950
G1 X6.411 Y8.969
G1 X6.393 Y9.005
G1 X6.265 Y9.042
G1 X5.845 Y9.042
G1 X5.973 Y9.115
G1 X6.283 Y9.224
G1 X6.631 Y9.407
G1 X6.631 Y9.462
G1 X6.320 Y9.480
G1 X6.083 Y9.425
G1 X6.046 Y9.462
G1 X5.991 Y9.480
G1 X5.827 Y9.462
G1 X5.535 Y9.389
G1 X5.535 Y9.407
G1 X5.462 Y9.425
G1 X5.206 Y9.279
G1 X5.133 Y9.316
G1 X4.767 Y9.060
G1 X4.658 Y9.060
G1 X4.512 Y8.950
G1 X4.311 Y8.841
G1 X4.238 Y8.877
G1 X4.493 Y9.133
G1 X4.767 Y9.352
G1 X4.895 Y9.480
G1 X5.370 Y9.809
G1 X5.480 Y9.864
G1 X5.498 Y9.900
G1 X5.388 Y9.864
G1 X5.297 Y9.864
G1 X5.133 Y9.809
G1 X4.822 Y9.663
G1 X4.566 Y9.517
G1 X4.292 Y9.334
G1 X4.018 Y9.115
G1 X3.818 Y8.932
G1 X3.525 Y8.622
G1 X3.087 Y8.037
G1 X3.069 Y8.074
G1 X3.160 Y8.256
G1 X3.288 Y8.640
G1 X3.507 Y9.042
G1 X3.872 Y9.553
G1 X3.982 Y9.681
G1 X4.329 Y10.010
G1 X4.329 Y10.046
G1 X4.146 Y9.955
G1 X3.872 Y9.772
G1 X3.525 Y9.480
G1 X3.324 Y9.261
G1 X3.123 Y9.005
G1 X2.868 Y8.603
G1 X2.575 Y7.946
G1 X2.539 Y8.055
G1 X2.539 Y8.147
G1 X2.411 Y8.731
G1 X2.302 Y9.042
G1 X2.119 Y9.407
G1 X1.973 Y9.626
G1 X1.754 Y9.882
G1 X1.626 Y9.973
G1 X1.571 Y9.973
G1 X1.717 Y9.772
G1 X1.808 Y9.608
G1 X1.973 Y9.224
G1 X2.064 Y8.932
G1 X2.155 Y8.457
G1 X2.174 Y8.220
G1 X2.155 Y7.507
G1 X2.064 Y7.800
G1 X1.900 Y8.147
G1 X1.717 Y8.402
G1 X1.443 Y8.676
G1 X1.333 Y8.695
G1 X1.571 Y8.366
G1 X1.680 Y8.147
G1 X1.808 Y7.726
G1 X1.881 Y7.270
G1 X1.881 Y7.051
G1 X1.644 Y7.434
G1 X1.333 Y7.763
G1 X1.078 Y7.946
G1 X0.804 Y8.092
G1 X0.767 Y8.092
G1 X0.767 Y8.037
G1 X0.858 Y7.946
G1 X0.932 Y7.909
G1 X1.041 Y7.818
G1 X1.279 Y7.544
G1 X1.406 Y7.361
G1 X1.498 Y7.178
G1 X1.607 Y6.886
G1 X1.699 Y6.503
G1 X1.717 Y6.357
G1 X1.717 Y5.772
G1 X1.699 Y5.626
G1 X1.571 Y5.516
G1 X1.553 Y5.480
G1 X1.553 Y5.370
G1 X1.498 Y5.242
G1 X1.370 Y5.060
G1 X1.023 Y4.676
G1 X0.712 Y4.366
G1 X0.603 Y4.292
G1 X0.493 Y4.183
G1 X0.475 Y4.146
G1 X0.493 Y4.092
G1 X0.530 Y4.073
G1 X0.585 Y4.073
G1 X0.694 Y4.110
G1 X0.785 Y4.073
G1 X0.548 Y3.799
G1 X0.475 Y3.781
G1 X0.274 Y3.781
G1 X0.237 Y3.818
G1 X0.256 Y12.074
G1 X0.785 Y11.654
M5
G0 X0.000 Y12.403 F2500
M3 S280
G1 F900
G1 X-0.164 Y12.275
G1 X-0.347 Y12.092
G1 X-0.694 Y11.818
G1 X-1.151 Y11.508
G1 X-1.571 Y11.270
G1 X-2.356 Y10.905
G1 X-3.197 Y10.631
G1 X-3.982 Y10.448
G1 X-4.493 Y10.375
G1 X-5.078 Y10.320
G1 X-6.156 Y10.320
G1 X-6.795 Y10.375
G1 X-7.105 Y10.430
G1 X-7.252 Y10.412
G1 X-7.471 Y10.028
G1 X-7.726 Y9.644
G1 X-8.311 Y8.877
G1 X-8.548 Y8.603
G1 X-9.261 Y7.891
G1 X-9.772 Y7.452
G1 X-9.772 Y7.416
G1 X-9.334 Y6.722
G1 X-9.060 Y6.174
G1 X-8.877 Y5.735
G1 X-8.676 Y5.151
G1 X-8.567 Y4.767
G1 X-8.439 Y4.238
G1 X-8.384 Y3.836
G1 X-8.348 Y3.708
G1 X-0.420 Y3.708
G1 X-0.183 Y3.745
G1 X-0.201 Y11.800
G1 X-0.183 Y12.165
G1 X0.000 Y12.329
G1 X0.164 Y12.165
G1 X0.183 Y12.110
G1 X0.183 Y3.708
G1 X8.274 Y3.726
G1 X8.329 Y3.690
G1 X8.293 Y3.671
G1 X8.311 Y3.598
G1 X8.293 Y3.434
G1 X8.256 Y3.397
G1 X2.466 Y3.379
G1 X-8.311 Y3.416
G1 X-8.311 Y3.215
G1 X-8.293 Y3.197
G1 X-8.274 Y2.886
G1 X-8.274 Y1.973
G1 X-8.311 Y1.461
G1 X-8.366 Y1.023
G1 X-8.475 Y0.420
G1 X-8.695 Y-0.384
G1 X-8.932 Y-1.005
G1 X-9.188 Y-1.516
G1 X-9.352 Y-1.790
G1 X-9.699 Y-2.265
G1 X-9.699 Y-2.959
G1 X-9.626 Y-3.690
G1 X-9.480 Y-4.493
G1 X-9.334 Y-5.023
G1 X-9.188 Y-5.462
G1 X-8.969 Y-5.991
G1 X-8.731 Y-6.466
G1 X-8.439 Y-6.941
G1 X-8.256 Y-7.197
G1 X-7.927 Y-7.599
G1 X-7.452 Y-8.055
G1 X-6.941 Y-8.439
G1 X-6.393 Y-8.731
G1 X-5.955 Y-8.895
G1 X-5.662 Y-8.969
G1 X-5.096 Y-9.042
G1 X-4.713 Y-9.042
G1 X-4.475 Y-9.023
G1 X-4.292 Y-8.987
G1 X-4.201 Y-9.005
G1 X-4.146 Y-9.243
G1 X-4.018 Y-9.498
G1 X-3.854 Y-9.717
G1 X-3.562 Y-9.991
G1 X-3.361 Y-10.119
G1 X-3.105 Y-10.247
G1 X-2.466 Y-10.485
G1 X-1.644 Y-10.759
G1 X-1.333 Y-10.886
G1 X-0.968 Y-11.069
G1 X-0.420 Y-11.434
G1 X0.000 Y-11.836
G1 X0.256 Y-11.562
G1 X0.457 Y-11.398
G1 X0.804 Y-11.160
G1 X1.059 Y-11.014
G1 X1.370 Y-10.868
G1 X1.827 Y-10.686
G1 X3.014 Y-10.284
G1 X3.324 Y-10.138
G1 X3.525 Y-10.010
G1 X3.690 Y-9.882
G1 X3.927 Y-9.626
G1 X4.037 Y-9.462
G1 X4.128 Y-9.279
G1 X4.201 Y-9.005
G1 X4.329 Y-8.987
G1 X4.475 Y-9.023
G1 X4.676 Y-9.042
G1 X5.114 Y-9.042
G1 X5.480 Y-9.005
G1 X5.754 Y-8.950
G1 X6.357 Y-8.749
G1 X6.905 Y-8.457
G1 X7.361 Y-8.128
G1 X7.964 Y-7.544
G1 X8.402 Y-6.978
G1 X8.585 Y-6.704
G1 X8.841 Y-6.247
G1 X8.841 Y-6.210
G1 X8.877 Y-6.174
G1 X9.005 Y-5.900
G1 X9.206 Y-5.388
G1 X9.334 Y-5.005
G1 X9.480 Y-4.457
G1 X9.571 Y-3.982
G1 X9.644 Y-3.434
G1 X9.681 Y-3.014
G1 X9.699 Y-2.283
G1 X9.553 Y-2.101
G1 X9.261 Y-1.662
G1 X8.987 Y-1.151
G1 X8.768 Y-0.621
G1 X8.512 Y0.219
G1 X8.384 Y0.822
G1 X8.274 Y1.735
G1 X8.256 Y2.101
G1 X8.256 Y2.795
G1 X8.274 Y3.142
G1 X8.311 Y3.361
G1 X8.311 Y3.580
G1 X8.439 Y4.292
G1 X8.585 Y4.895
G1 X8.786 Y5.535
G1 X8.987 Y6.046
G1 X9.261 Y6.612
G1 X9.498 Y7.032
G1 X9.663 Y7.288
G1 X9.754 Y7.398
G1 X9.772 Y7.452
G1 X9.498 Y7.672
G1 X9.133 Y8.000
G1 X8.384 Y8.786
G1 X7.690 Y9.681
G1 X7.507 Y9.955
G1 X7.233 Y10.430
G1 X7.087 Y10.430
G1 X6.649 Y10.357
G1 X6.119 Y10.320
G1 X5.096 Y10.320
G1 X4.092 Y10.430
G1 X3.379 Y10.576
G1 X2.539 Y10.832
G1 X2.082 Y11.014
G1 X1.662 Y11.215
G1 X1.114 Y11.526
G1 X0.785 Y11.745
G1 X0.274 Y12.147
G1 X0.000 Y12.403
G1 X-0.164 Y12.275
M5
G0 X-0.511 Y12.567 F2500
M3 S280
G1 F900
G1 X0.000 Y13.060
G1 X0.365 Y12.677
G1 X0.731 Y12.366
G1 X0.530 Y12.530
G1 X0.183 Y12.859
G1 X0.000 Y13.078
G1 X-0.511 Y12.567
G1 X0.000 Y13.060
M5
G0 X0.000 Y13.206 F2500
M3 S280
G1 F900
G1 X0.292 Y12.896
G1 X0.639 Y12.585
G1 X1.023 Y12.293
G1 X1.571 Y11.946
G1 X2.174 Y11.635
G1 X2.740 Y11.398
G1 X3.434 Y11.179
G1 X4.018 Y11.051
G1 X4.548 Y10.960
G1 X5.206 Y10.905
G1 X6.101 Y10.905
G1 X6.905 Y10.978
G1 X7.306 Y11.051
G1 X7.398 Y11.087
G1 X7.471 Y11.087
G1 X7.507 Y11.051
G1 X7.544 Y10.960
G1 X7.672 Y10.777
G1 X7.763 Y10.594
G1 X8.055 Y10.138
G1 X8.439 Y9.608
G1 X8.859 Y9.096
G1 X9.608 Y8.329
G1 X10.028 Y7.964
G1 X10.594 Y7.526
G1 X10.229 Y7.087
G1 X9.955 Y6.667
G1 X9.681 Y6.137
G1 X9.389 Y5.443
G1 X9.224 Y4.950
G1 X9.096 Y4.457
G1 X9.005 Y4.018
G1 X8.895 Y3.270
G1 X8.859 Y2.795
G1 X8.859 Y1.991
G1 X8.950 Y1.096
G1 X9.096 Y0.347
G1 X9.334 Y-0.438
G1 X9.535 Y-0.932
G1 X9.699 Y-1.260
G1 X9.882 Y-1.571
G1 X10.065 Y-1.827
G1 X10.265 Y-2.064
G1 X10.265 Y-2.886
G1 X10.247 Y-3.215
G1 X10.156 Y-4.000
G1 X10.046 Y-4.585
G1 X9.955 Y-4.968
G1 X9.772 Y-5.553
G1 X9.553 Y-6.101
G1 X9.370 Y-6.484
G1 X9.188 Y-6.813
G1 X8.859 Y-7.325
G1 X8.402 Y-7.909
G1 X8.274 Y-8.055
G1 X7.800 Y-8.512
G1 X7.270 Y-8.914
G1 X6.905 Y-9.133
G1 X6.576 Y-9.297
G1 X6.247 Y-9.425
G1 X5.918 Y-9.517
G1 X5.334 Y-9.608
G1 X4.767 Y-9.608
G1 X4.621 Y-9.590
G1 X4.585 Y-9.553
G1 X4.475 Y-9.827
G1 X4.329 Y-10.028
G1 X3.982 Y-10.375
G1 X3.818 Y-10.503
G1 X3.525 Y-10.686
G1 X3.087 Y-10.886
G1 X1.735 Y-11.343
G1 X1.516 Y-11.434
G1 X1.132 Y-11.635
G1 X0.840 Y-11.818
G1 X0.530 Y-12.055
G1 X0.256 Y-12.311
G1 X0.000 Y-12.640
G1 X-0.274 Y-12.293
G1 X-0.548 Y-12.037
G1 X-0.712 Y-11.909
G1 X-1.169 Y-11.617
G1 X-1.406 Y-11.489
G1 X-1.936 Y-11.270
G1 X-2.685 Y-11.033
G1 X-3.178 Y-10.850
G1 X-3.598 Y-10.649
G1 X-3.854 Y-10.485
G1 X-4.055 Y-10.320
G1 X-4.347 Y-10.010
G1 X-4.475 Y-9.845
G1 X-4.603 Y-9.553
G1 X-4.621 Y-9.590
G1 X-4.713 Y-9.608
G1 X-5.315 Y-9.608
G1 X-5.918 Y-9.517
G1 X-6.283 Y-9.407
G1 X-6.557 Y-9.297
G1 X-7.069 Y-9.042
G1 X-7.252 Y-8.932
G1 X-7.562 Y-8.713
G1 X-7.873 Y-8.457
G1 X-8.348 Y-7.982
G1 X-8.640 Y-7.635
G1 X-8.895 Y-7.288
G1 X-9.078 Y-7.014
G1 X-9.352 Y-6.539
G1 X-9.736 Y-5.699
G1 X-9.991 Y-4.877
G1 X-10.046 Y-4.640
G1 X-10.046 Y-4.548
G1 X-10.119 Y-4.292
G1 X-10.211 Y-3.726
G1 X-10.265 Y-3.215
G1 X-10.284 Y-2.831
G1 X-10.284 Y-2.064
G1 X-9.955 Y-1.644
G1 X-9.717 Y-1.260
G1 X-9.535 Y-0.895
G1 X-9.370 Y-0.493
G1 X-9.151 Y0.201
G1 X-8.987 Y0.932
G1 X-8.877 Y1.881
G1 X-8.877 Y2.886
G1 X-8.895 Y3.160
G1 X-8.969 Y3.763
G1 X-9.078 Y4.329
G1 X-9.243 Y4.968
G1 X-9.443 Y5.553
G1 X-9.644 Y6.028
G1 X-9.937 Y6.612
G1 X-10.174 Y6.996
G1 X-10.594 Y7.526
G1 X-10.046 Y7.964
G1 X-9.590 Y8.366
G1 X-8.859 Y9.115
G1 X-8.512 Y9.535
G1 X-8.019 Y10.211
G1 X-7.507 Y11.069
G1 X-7.434 Y11.087
G1 X-7.252 Y11.033
G1 X-6.923 Y10.978
G1 X-6.357 Y10.923
G1 X-5.991 Y10.905
G1 X-5.188 Y10.905
G1 X-4.420 Y10.978
G1 X-3.927 Y11.069
G1 X-3.397 Y11.197
G1 X-2.813 Y11.380
G1 X-2.393 Y11.544
G1 X-1.553 Y11.964
G1 X-1.041 Y12.293
G1 X-0.749 Y12.512
G1 X-0.347 Y12.859
G1 X-0.091 Y13.133
G1 X0.000 Y13.206
G1 X0.292 Y12.896
M5
G0 X0.000 Y12.750 F2500
M3 S280
G1 F900
G1 X-0.365 Y12.403
G1 X-0.712 Y12.110
G1 X-1.352 Y11.672
G1 X-1.607 Y11.526
G1 X-2.375 Y11.160
G1 X-2.703 Y11.033
G1 X-3.233 Y10.868
G1 X-3.836 Y10.722
G1 X-4.146 Y10.667
G1 X-4.694 Y10.594
G1 X-5.169 Y10.558
G1 X-5.991 Y10.558
G1 X-6.302 Y10.576
G1 X-6.831 Y10.631
G1 X-7.361 Y10.722
G1 X-7.526 Y10.393
G1 X-7.946 Y9.754
G1 X-8.475 Y9.060
G1 X-8.822 Y8.658
G1 X-9.334 Y8.147
G1 X-9.772 Y7.763
G1 X-10.119 Y7.489
G1 X-10.119 Y7.452
G1 X-9.937 Y7.233
G1 X-9.809 Y7.051
G1 X-9.571 Y6.649
G1 X-9.297 Y6.101
G1 X-8.987 Y5.315
G1 X-8.822 Y4.786
G1 X-8.713 Y4.347
G1 X-8.622 Y3.854
G1 X-8.530 Y3.087
G1 X-8.512 Y2.795
G1 X-8.512 Y1.991
G1 X-8.548 Y1.498
G1 X-8.676 Y0.639
G1 X-8.859 Y-0.091
G1 X-9.023 Y-0.585
G1 X-9.316 Y-1.242
G1 X-9.681 Y-1.845
G1 X-9.955 Y-2.174
G1 X-9.937 Y-3.105
G1 X-9.882 Y-3.671
G1 X-9.772 Y-4.329
G1 X-9.590 Y-5.041
G1 X-9.407 Y-5.589
G1 X-9.188 Y-6.101
G1 X-8.987 Y-6.503
G1 X-8.567 Y-7.178
G1 X-8.201 Y-7.653
G1 X-8.000 Y-7.873
G1 X-7.635 Y-8.220
G1 X-7.288 Y-8.494
G1 X-7.014 Y-8.676
G1 X-6.795 Y-8.804
G1 X-6.375 Y-9.005
G1 X-5.809 Y-9.188
G1 X-5.242 Y-9.279
G1 X-4.676 Y-9.279
G1 X-4.475 Y-9.243
G1 X-4.384 Y-9.261
G1 X-4.329 Y-9.425
G1 X-4.146 Y-9.736
G1 X-3.982 Y-9.937
G1 X-3.763 Y-10.138
G1 X-3.471 Y-10.320
G1 X-3.050 Y-10.521
G1 X-1.772 Y-10.960
G1 X-1.114 Y-11.252
G1 X-0.676 Y-11.526
G1 X-0.493 Y-11.672
G1 X-0.128 Y-12.037
G1 X0.000 Y-12.220
G1 X0.018 Y-12.165
G1 X0.183 Y-11.964
G1 X0.530 Y-11.635
G1 X0.749 Y-11.471
G1 X1.078 Y-11.270
G1 X1.717 Y-10.978
G1 X3.050 Y-10.521
G1 X3.397 Y-10.357
G1 X3.745 Y-10.138
G1 X3.836 Y-10.065
G1 X4.128 Y-9.754
G1 X4.311 Y-9.462
G1 X4.384 Y-9.243
G1 X4.640 Y-9.279
G1 X5.242 Y-9.279
G1 X5.735 Y-9.206
G1 X5.955 Y-9.151
G1 X6.503 Y-8.950
G1 X6.758 Y-8.822
G1 X7.124 Y-8.603
G1 X7.599 Y-8.238
G1 X8.092 Y-7.763
G1 X8.475 Y-7.288
G1 X8.822 Y-6.758
G1 X9.042 Y-6.375
G1 X9.243 Y-5.955
G1 X9.407 Y-5.553
G1 X9.571 Y-5.060
G1 X9.736 Y-4.457
G1 X9.845 Y-3.854
G1 X9.918 Y-3.197
G1 X9.937 Y-2.923
G1 X9.937 Y-2.192
G1 X9.681 Y-1.863
G1 X9.316 Y-1.260
G1 X9.042 Y-0.658
G1 X8.804 Y0.055
G1 X8.640 Y0.785
G1 X8.548 Y1.406
G1 X8.512 Y1.808
G1 X8.494 Y2.375
G1 X8.512 Y2.941
G1 X8.567 Y3.489
G1 X8.658 Y4.128
G1 X8.786 Y4.713
G1 X8.987 Y5.352
G1 X9.297 Y6.137
G1 X9.553 Y6.649
G1 X9.791 Y7.051
G1 X10.101 Y7.471
G1 X9.955 Y7.617
G1 X9.590 Y7.909
G1 X9.133 Y8.329
G1 X8.585 Y8.914
G1 X7.927 Y9.754
G1 X7.507 Y10.412
G1 X7.361 Y10.704
G1 X7.288 Y10.722
G1 X7.270 Y10.704
G1 X6.978 Y10.649
G1 X6.338 Y10.576
G1 X6.046 Y10.558
G1 X5.206 Y10.558
G1 X4.238 Y10.649
G1 X3.635 Y10.759
G1 X3.270 Y10.850
G1 X2.685 Y11.033
G1 X2.064 Y11.288
G1 X1.333 Y11.672
G1 X0.895 Y11.964
G1 X0.475 Y12.293
G1 X0.000 Y12.750
G1 X-0.365 Y12.403
M5
G0 X0.000 Y12.713 F2500
M3 S280
G1 F900
G1 X0.420 Y12.311
G1 X0.913 Y11.928
G1 X1.425 Y11.599
G1 X2.028 Y11.288
G1 X2.649 Y11.033
G1 X3.105 Y10.886
G1 X3.763 Y10.722
G1 X4.274 Y10.631
G1 X4.767 Y10.576
G1 X5.334 Y10.539
G1 X6.283 Y10.558
G1 X7.087 Y10.649
G1 X7.270 Y10.686
G1 X7.288 Y10.704
G1 X7.361 Y10.686
G1 X7.452 Y10.466
G1 X7.946 Y9.699
G1 X8.274 Y9.261
G1 X8.622 Y8.841
G1 X9.352 Y8.092
G1 X9.937 Y7.599
G1 X10.065 Y7.471
G1 X9.754 Y7.032
G1 X9.443 Y6.484
G1 X9.261 Y6.101
G1 X8.969 Y5.352
G1 X8.731 Y4.566
G1 X8.603 Y3.872
G1 X8.494 Y2.868
G1 X8.494 Y1.881
G1 X8.585 Y1.023
G1 X8.749 Y0.201
G1 X8.950 Y-0.457
G1 X9.188 Y-1.041
G1 X9.553 Y-1.717
G1 X9.918 Y-2.210
G1 X9.900 Y-3.142
G1 X9.827 Y-3.836
G1 X9.736 Y-4.366
G1 X9.644 Y-4.749
G1 X9.443 Y-5.407
G1 X9.243 Y-5.918
G1 X8.987 Y-6.448
G1 X8.494 Y-7.233
G1 X8.147 Y-7.672
G1 X7.544 Y-8.256
G1 X7.270 Y-8.475
G1 X6.941 Y-8.695
G1 X6.722 Y-8.822
G1 X6.411 Y-8.969
G1 X6.009 Y-9.115
G1 X5.717 Y-9.188
G1 X5.188 Y-9.261
G1 X4.731 Y-9.261
G1 X4.512 Y-9.224
G1 X4.347 Y-9.243
G1 X4.329 Y-9.370
G1 X4.219 Y-9.590
G1 X4.073 Y-9.791
G1 X3.854 Y-10.028
G1 X3.525 Y-10.265
G1 X3.014 Y-10.521
G1 X1.717 Y-10.960
G1 X1.041 Y-11.270
G1 X0.767 Y-11.434
G1 X0.475 Y-11.654
G1 X0.164 Y-11.946
G1 X0.073 Y-12.055
G1 X0.037 Y-12.129
G1 X-0.037 Y-12.147
G1 X-0.128 Y-12.001
G1 X-0.475 Y-11.654
G1 X-0.712 Y-11.471
G1 X-1.078 Y-11.252
G1 X-1.717 Y-10.960
G1 X-3.014 Y-10.521
G1 X-3.306 Y-10.393
G1 X-3.726 Y-10.138
G1 X-4.037 Y-9.845
G1 X-4.165 Y-9.681
G1 X-4.292 Y-9.462
G1 X-4.366 Y-9.224
G1 X-4.786 Y-9.261
G1 X-5.206 Y-9.261
G1 X-5.717 Y-9.188
G1 X-5.991 Y-9.115
G1 X-6.448 Y-8.950
G1 X-6.722 Y-8.822
G1 X-7.032 Y-8.640
G1 X-7.306 Y-8.457
G1 X-7.562 Y-8.256
G1 X-8.128 Y-7.708
G1 X-8.494 Y-7.252
G1 X-8.969 Y-6.503
G1 X-9.206 Y-6.028
G1 X-9.407 Y-5.535
G1 X-9.590 Y-4.987
G1 X-9.736 Y-4.420
G1 X-9.845 Y-3.799
G1 X-9.900 Y-3.324
G1 X-9.937 Y-2.776
G1 X-9.937 Y-2.210
G1 X-9.590 Y-1.754
G1 X-9.352 Y-1.352
G1 X-9.206 Y-1.059
G1 X-8.969 Y-0.475
G1 X-8.768 Y0.183
G1 X-8.640 Y0.767
G1 X-8.530 Y1.589
G1 X-8.512 Y1.827
G1 X-8.512 Y2.977
G1 X-8.530 Y3.215
G1 X-8.622 Y3.945
G1 X-8.713 Y4.420
G1 X-8.822 Y4.840
G1 X-9.005 Y5.407
G1 X-9.243 Y6.028
G1 X-9.389 Y6.338
G1 X-9.772 Y7.032
G1 X-10.083 Y7.471
G1 X-9.261 Y8.183
G1 X-8.859 Y8.585
G1 X-8.274 Y9.279
G1 X-7.909 Y9.772
G1 X-7.507 Y10.393
G1 X-7.379 Y10.667
G1 X-7.343 Y10.704
G1 X-7.087 Y10.649
G1 X-6.247 Y10.558
G1 X-5.352 Y10.539
G1 X-4.786 Y10.576
G1 X-4.201 Y10.649
G1 X-3.708 Y10.740
G1 X-3.123 Y10.886
G1 X-2.667 Y11.033
G1 X-2.338 Y11.160
G1 X-2.009 Y11.307
G1 X-1.352 Y11.654
G1 X-0.731 Y12.074
G1 X-0.438 Y12.311
G1 X0.000 Y12.713
G1 X0.420 Y12.311
M5
G0 X0.000 Y13.352 F2500
M3 S280
G1 F900
G1 X-0.055 Y13.316
G1 X-0.603 Y12.750
G1 X-1.059 Y12.384
G1 X-1.443 Y12.129
G1 X-1.827 Y11.909
G1 X-2.393 Y11.635
G1 X-2.703 Y11.508
G1 X-3.251 Y11.325
G1 X-3.909 Y11.160
G1 X-4.384 Y11.069
G1 X-4.822 Y11.014
G1 X-5.535 Y10.978
G1 X-6.210 Y10.996
G1 X-6.649 Y11.033
G1 X-7.051 Y11.087
G1 X-7.343 Y11.142
G1 X-7.526 Y11.197
G1 X-7.580 Y11.142
G1 X-7.836 Y10.667
G1 X-8.165 Y10.156
G1 X-8.567 Y9.608
G1 X-9.115 Y8.969
G1 X-9.791 Y8.311
G1 X-10.192 Y7.964
G1 X-10.539 Y7.708
G1 X-10.722 Y7.544
G1 X-10.722 Y7.507
G1 X-10.503 Y7.270
G1 X-10.265 Y6.959
G1 X-10.046 Y6.612
G1 X-9.717 Y5.973
G1 X-9.553 Y5.589
G1 X-9.316 Y4.914
G1 X-9.188 Y4.439
G1 X-9.023 Y3.580
G1 X-8.969 Y3.087
G1 X-8.950 Y2.795
G1 X-8.950 Y2.028
G1 X-8.987 Y1.553
G1 X-9.060 Y0.986
G1 X-9.224 Y0.256
G1 X-9.425 Y-0.384
G1 X-9.699 Y-1.041
G1 X-9.955 Y-1.480
G1 X-10.375 Y-2.028
G1 X-10.375 Y-2.685
G1 X-10.338 Y-3.343
G1 X-10.302 Y-3.708
G1 X-10.247 Y-3.945
G1 X-10.247 Y-4.073
G1 X-10.138 Y-4.640
G1 X-10.010 Y-5.133
G1 X-9.791 Y-5.790
G1 X-9.462 Y-6.521
G1 X-9.133 Y-7.087
G1 X-8.914 Y-7.416
G1 X-8.421 Y-8.037
G1 X-7.927 Y-8.530
G1 X-7.708 Y-8.713
G1 X-7.270 Y-9.023
G1 X-6.704 Y-9.334
G1 X-6.448 Y-9.443
G1 X-6.119 Y-9.553
G1 X-5.717 Y-9.644
G1 X-5.297 Y-9.699
G1 X-4.658 Y-9.681
G1 X-4.566 Y-9.809
G1 X-4.530 Y-9.900
G1 X-4.329 Y-10.174
G1 X-4.092 Y-10.412
G1 X-3.927 Y-10.539
G1 X-3.671 Y-10.704
G1 X-3.142 Y-10.960
G1 X-1.936 Y-11.361
G1 X-1.534 Y-11.526
G1 X-1.224 Y-11.690
G1 X-0.877 Y-11.909
G1 X-0.566 Y-12.147
G1 X-0.237 Y-12.476
G1 X-0.110 Y-12.640
G1 X-0.018 Y-12.804
G1 X0.018 Y-12.786
G1 X0.256 Y-12.457
G1 X0.548 Y-12.165
G1 X0.822 Y-11.946
G1 X1.187 Y-11.708
G1 X1.534 Y-11.526
G1 X1.881 Y-11.380
G1 X3.087 Y-10.978
G1 X3.343 Y-10.868
G1 X3.818 Y-10.612
G1 X4.037 Y-10.448
G1 X4.384 Y-10.101
G1 X4.548 Y-9.864
G1 X4.603 Y-9.736
G1 X4.658 Y-9.681
G1 X5.334 Y-9.699
G1 X5.918 Y-9.608
G1 X6.137 Y-9.553
G1 X6.594 Y-9.389
G1 X6.959 Y-9.206
G1 X7.233 Y-9.042
G1 X7.580 Y-8.804
G1 X8.019 Y-8.439
G1 X8.494 Y-7.946
G1 X8.877 Y-7.452
G1 X9.188 Y-6.978
G1 X9.407 Y-6.594
G1 X9.608 Y-6.192
G1 X9.791 Y-5.754
G1 X9.973 Y-5.206
G1 X10.119 Y-4.658
G1 X10.247 Y-4.000
G1 X10.338 Y-3.233
G1 X10.357 Y-2.904
G1 X10.357 Y-2.028
G1 X10.028 Y-1.607
G1 X9.772 Y-1.206
G1 X9.498 Y-0.621
G1 X9.243 Y0.128
G1 X9.060 Y0.913
G1 X8.969 Y1.589
G1 X8.932 Y2.137
G1 X8.932 Y2.630
G1 X8.969 Y3.197
G1 X9.060 Y3.854
G1 X9.206 Y4.548
G1 X9.334 Y5.005
G1 X9.571 Y5.662
G1 X9.827 Y6.229
G1 X10.156 Y6.813
G1 X10.393 Y7.142
G1 X10.704 Y7.507
G1 X10.704 Y7.562
G1 X10.631 Y7.635
G1 X10.393 Y7.800
G1 X9.882 Y8.220
G1 X9.535 Y8.530
G1 X8.987 Y9.096
G1 X8.457 Y9.736
G1 X8.128 Y10.192
G1 X7.800 Y10.704
G1 X7.544 Y11.179
G1 X7.507 Y11.197
G1 X7.142 Y11.106
G1 X6.503 Y11.014
G1 X5.955 Y10.978
G1 X5.370 Y10.978
G1 X4.804 Y11.014
G1 X4.384 Y11.069
G1 X3.361 Y11.288
G1 X2.740 Y11.489
G1 X2.375 Y11.635
G1 X1.845 Y11.891
G1 X1.425 Y12.129
G1 X1.096 Y12.348
G1 X0.676 Y12.677
G1 X0.511 Y12.823
G1 X0.000 Y13.352
G1 X-0.055 Y13.316
M5
G0 X-7.580 Y10.521 F2500
M3 S280
G1 F900
G1 X-7.452 Y10.777
G1 X-7.379 Y10.832
G1 X-7.014 Y10.759
G1 X-6.338 Y10.686
G1 X-6.064 Y10.686
G1 X-6.320 Y10.686
G1 X-6.685 Y10.722
G1 X-7.325 Y10.813
G1 X-7.343 Y10.832
G1 X-7.434 Y10.813
G1 X-7.580 Y10.521
G1 X-7.452 Y10.777
M5
G0 X-7.708 Y10.521 F2500
M3 S280
G1 F900
G1 X-7.544 Y10.832
G1 X-7.452 Y10.960
G1 X-7.379 Y10.960
G1 X-7.270 Y10.923
G1 X-6.959 Y10.868
G1 X-6.484 Y10.813
G1 X-6.174 Y10.795
G1 X-5.480 Y10.795
G1 X-6.119 Y10.795
G1 X-6.448 Y10.813
G1 X-6.923 Y10.868
G1 X-7.343 Y10.960
G1 X-7.471 Y10.960
G1 X-7.708 Y10.521
G1 X-7.544 Y10.832
M5
G0 X-8.293 Y9.443 F2500
M3 S280
G1 F900
G1 X-8.859 Y8.768
G1 X-9.407 Y8.220
G1 X-9.918 Y7.781
G1 X-10.138 Y7.617
G1 X-10.265 Y7.471
G1 X-10.010 Y7.160
G1 X-9.736 Y6.722
G1 X-9.462 Y6.174
G1 X-9.151 Y5.425
G1 X-8.969 Y4.859
G1 X-8.822 Y4.256
G1 X-8.731 Y3.690
G1 X-8.786 Y4.110
G1 X-8.969 Y4.895
G1 X-9.224 Y5.644
G1 X-9.389 Y6.046
G1 X-9.754 Y6.777
G1 X-9.991 Y7.160
G1 X-10.211 Y7.416
G1 X-10.247 Y7.489
G1 X-10.119 Y7.617
G1 X-9.900 Y7.781
G1 X-9.663 Y8.000
G1 X-9.389 Y8.220
G1 X-8.914 Y8.695
G1 X-8.293 Y9.443
G1 X-8.859 Y8.768
M5
G0 X-9.206 Y8.585 F2500
M3 S280
G1 F900
G1 X-9.809 Y8.019
G1 X-10.448 Y7.507
G1 X-10.393 Y7.416
G1 X-10.119 Y7.087
G1 X-9.973 Y6.868
G1 X-9.772 Y6.521
G1 X-9.590 Y6.156
G1 X-9.224 Y5.279
G1 X-9.078 Y4.822
G1 X-8.969 Y4.384
G1 X-8.950 Y4.238
G1 X-8.987 Y4.475
G1 X-9.115 Y4.950
G1 X-9.261 Y5.388
G1 X-9.498 Y5.973
G1 X-9.791 Y6.576
G1 X-9.991 Y6.923
G1 X-10.412 Y7.471
G1 X-10.412 Y7.507
G1 X-10.338 Y7.580
G1 X-9.736 Y8.074
G1 X-9.279 Y8.494
G1 X-9.206 Y8.585
G1 X-9.809 Y8.019
M5
G0 X-7.471 Y8.457 F2500
M3 S280
G1 F900
G1 X-7.526 Y8.402
G1 X-7.599 Y8.366
G1 X-7.617 Y8.311
G1 X-7.617 Y8.201
G1 X-7.672 Y7.982
G1 X-7.690 Y7.763
G1 X-7.726 Y7.653
G1 X-7.781 Y7.215
G1 X-7.836 Y7.032
G1 X-7.873 Y6.704
G1 X-7.927 Y6.539
G1 X-8.000 Y6.028
G1 X-8.037 Y5.955
G1 X-8.092 Y5.644
G1 X-8.092 Y5.553
G1 X-8.128 Y5.425
G1 X-8.183 Y5.443
G1 X-8.165 Y5.407
G1 X-8.128 Y5.388
G1 X-8.147 Y5.242
G1 X-8.238 Y5.133
G1 X-8.256 Y5.078
G1 X-8.311 Y5.078
G1 X-8.293 Y5.279
G1 X-8.256 Y5.352
G1 X-8.220 Y5.352
G1 X-8.256 Y5.370
G1 X-8.238 Y5.571
G1 X-8.201 Y5.644
G1 X-8.220 Y5.681
G1 X-8.183 Y5.735
G1 X-8.201 Y5.772
G1 X-8.165 Y5.882
G1 X-8.110 Y6.192
G1 X-8.092 Y6.411
G1 X-8.000 Y6.777
G1 X-7.927 Y7.306
G1 X-7.891 Y7.361
G1 X-7.854 Y7.526
G1 X-7.873 Y7.562
G1 X-7.763 Y8.055
G1 X-7.726 Y8.384
G1 X-7.635 Y8.457
G1 X-7.471 Y8.457
G1 X-7.526 Y8.402
M5
G0 X-7.087 Y8.713 F2500
M3 S280
G1 F900
G1 X-7.142 Y8.439
G1 X-7.160 Y8.165
G1 X-7.288 Y7.233
G1 X-7.361 Y6.886
G1 X-7.379 Y6.649
G1 X-7.471 Y6.192
G1 X-7.526 Y5.790
G1 X-7.617 Y5.681
G1 X-7.635 Y5.809
G1 X-7.599 Y5.936
G1 X-7.599 Y6.101
G1 X-7.544 Y6.484
G1 X-7.526 Y6.503
G1 X-7.526 Y6.612
G1 X-7.526 Y6.521
G1 X-7.544 Y6.503
G1 X-7.599 Y5.991
G1 X-7.653 Y5.644
G1 X-7.690 Y5.589
G1 X-7.781 Y5.516
G1 X-7.800 Y5.608
G1 X-7.781 Y5.626
G1 X-7.745 Y5.973
G1 X-7.708 Y6.192
G1 X-7.690 Y6.210
G1 X-7.690 Y6.283
G1 X-7.800 Y5.535
G1 X-7.873 Y5.425
G1 X-7.946 Y5.425
G1 X-7.891 Y5.772
G1 X-7.836 Y5.973
G1 X-7.818 Y6.156
G1 X-7.818 Y6.083
G1 X-7.836 Y6.064
G1 X-7.909 Y5.699
G1 X-7.946 Y5.407
G1 X-7.982 Y5.334
G1 X-8.074 Y5.297
G1 X-7.946 Y6.101
G1 X-7.854 Y6.503
G1 X-7.544 Y8.293
G1 X-7.507 Y8.366
G1 X-7.434 Y8.439
G1 X-7.416 Y8.366
G1 X-7.471 Y8.201
G1 X-7.544 Y7.836
G1 X-7.580 Y7.544
G1 X-7.507 Y7.891
G1 X-7.507 Y7.982
G1 X-7.398 Y8.457
G1 X-7.343 Y8.512
G1 X-7.325 Y8.402
G1 X-7.398 Y8.092
G1 X-7.398 Y8.000
G1 X-7.306 Y8.548
G1 X-7.233 Y8.622
G1 X-7.215 Y8.494
G1 X-7.252 Y8.238
G1 X-7.270 Y8.220
G1 X-7.270 Y8.128
G1 X-7.197 Y8.585
G1 X-7.215 Y8.640
G1 X-7.087 Y8.713
G1 X-7.142 Y8.439
M5
G0 X-7.032 Y8.841 F2500
M3 S280
G1 F900
G1 X-6.557 Y8.822
G1 X-6.210 Y8.877
G1 X-6.046 Y8.932
G1 X-5.626 Y9.005
G1 X-5.315 Y9.005
G1 X-5.133 Y8.969
G1 X-4.877 Y8.859
G1 X-4.694 Y8.731
G1 X-4.603 Y8.640
G1 X-4.530 Y8.512
G1 X-4.512 Y8.421
G1 X-4.548 Y5.443
G1 X-4.822 Y5.735
G1 X-4.987 Y5.845
G1 X-5.224 Y5.955
G1 X-5.480 Y6.009
G1 X-5.900 Y6.009
G1 X-6.028 Y5.991
G1 X-6.704 Y5.809
G1 X-6.905 Y5.772
G1 X-7.489 Y5.790
G1 X-7.452 Y6.156
G1 X-7.379 Y6.503
G1 X-7.343 Y6.868
G1 X-7.233 Y7.471
G1 X-7.178 Y8.019
G1 X-7.069 Y8.768
G1 X-7.032 Y8.841
G1 X-6.557 Y8.822
M5
G0 X-7.507 Y7.416 F2500
M3 S280
G1 F900
G1 X-7.544 Y7.124
G1 X-7.562 Y7.105
G1 X-7.562 Y7.014
G1 X-7.562 Y7.105
G1 X-7.544 Y7.124
G1 X-7.507 Y7.416
G1 X-7.544 Y7.124
M5
G0 X-8.220 Y3.324 F2500
M3 S280
G1 F900
G1 X8.220 Y3.306
G1 X8.220 Y3.105
G1 X8.201 Y3.087
G1 X8.183 Y2.849
G1 X8.183 Y2.028
G1 X8.256 Y1.187
G1 X8.384 Y0.438
G1 X8.603 Y-0.384
G1 X8.859 Y-1.059
G1 X9.188 Y-1.699
G1 X9.626 Y-2.320
G1 X9.626 Y-2.813
G1 X9.571 Y-3.471
G1 X9.498 Y-3.982
G1 X9.407 Y-4.457
G1 X9.115 Y-5.425
G1 X8.914 Y-5.918
G1 X8.622 Y-6.484
G1 X8.256 Y-7.051
G1 X7.873 Y-7.526
G1 X7.471 Y-7.927
G1 X7.233 Y-8.128
G1 X6.704 Y-8.494
G1 X6.338 Y-8.676
G1 X6.064 Y-8.786
G1 X5.480 Y-8.932
G1 X5.096 Y-8.969
G1 X4.786 Y-8.969
G1 X4.566 Y-8.950
G1 X4.274 Y-8.895
G1 X4.146 Y-8.895
G1 X4.073 Y-9.206
G1 X3.909 Y-9.517
G1 X3.763 Y-9.699
G1 X3.471 Y-9.955
G1 X3.233 Y-10.101
G1 X2.996 Y-10.211
G1 X1.662 Y-10.667
G1 X1.224 Y-10.850
G1 X0.895 Y-11.014
G1 X0.347 Y-11.380
G1 X-0.018 Y-11.708
G1 X-0.164 Y-11.544
G1 X-0.475 Y-11.288
G1 X-0.968 Y-10.978
G1 X-1.571 Y-10.704
G1 X-2.996 Y-10.211
G1 X-3.270 Y-10.083
G1 X-3.525 Y-9.918
G1 X-3.818 Y-9.644
G1 X-3.927 Y-9.498
G1 X-4.055 Y-9.261
G1 X-4.110 Y-9.096
G1 X-4.146 Y-8.895
G1 X-4.256 Y-8.895
G1 X-4.548 Y-8.950
G1 X-4.767 Y-8.969
G1 X-5.133 Y-8.969
G1 X-5.462 Y-8.932
G1 X-5.882 Y-8.841
G1 X-6.156 Y-8.749
G1 X-6.539 Y-8.585
G1 X-6.740 Y-8.475
G1 X-7.051 Y-8.274
G1 X-7.361 Y-8.037
G1 X-7.836 Y-7.580
G1 X-8.238 Y-7.087
G1 X-8.622 Y-6.503
G1 X-8.969 Y-5.809
G1 X-9.243 Y-5.078
G1 X-9.425 Y-4.420
G1 X-9.571 Y-3.544
G1 X-9.626 Y-2.959
G1 X-9.644 Y-2.338
G1 X-9.608 Y-2.265
G1 X-9.389 Y-1.991
G1 X-9.188 Y-1.680
G1 X-8.841 Y-0.986
G1 X-8.695 Y-0.621
G1 X-8.548 Y-0.164
G1 X-8.348 Y0.676
G1 X-8.256 Y1.297
G1 X-8.201 Y1.936
G1 X-8.201 Y2.923
G1 X-8.238 Y3.178
G1 X-8.220 Y3.324
G1 X8.220 Y3.306
M5
G0 X-13.060 Y-8.311 F2500
M3 S280
G1 F900
G1 X-13.024 Y-8.366
G1 X-12.987 Y-8.384
G1 X-13.060 Y-8.311
G1 X-13.024 Y-8.366
M5
G0 X-13.371 Y-7.982 F2500
M3 S280
G1 F900
G1 X-13.225 Y-8.110
G1 X-13.060 Y-8.220
G1 X-12.841 Y-8.329
G1 X-12.750 Y-8.402
G1 X-12.403 Y-8.567
G1 X-12.074 Y-8.695
G1 X-11.745 Y-8.786
G1 X-11.215 Y-8.859
G1 X-11.434 Y-8.512
G1 X-11.672 Y-8.019
G1 X-11.818 Y-7.599
G1 X-11.891 Y-7.288
G1 X-11.946 Y-6.941
G1 X-11.964 Y-6.503
G1 X-11.946 Y-6.393
G1 X-11.909 Y-6.430
G1 X-11.836 Y-6.594
G1 X-11.763 Y-6.704
G1 X-11.434 Y-7.105
G1 X-11.234 Y-7.306
G1 X-10.850 Y-7.635
G1 X-10.375 Y-7.964
G1 X-9.736 Y-8.329
G1 X-9.626 Y-8.366
G1 X-9.553 Y-8.421
G1 X-9.316 Y-8.530
G1 X-8.804 Y-8.731
G1 X-8.676 Y-8.804
G1 X-8.548 Y-8.841
G1 X-7.964 Y-9.133
G1 X-7.854 Y-9.206
G1 X-7.617 Y-9.443
G1 X-7.544 Y-9.553
G1 X-7.507 Y-9.663
G1 X-7.507 Y-9.754
G1 X-7.580 Y-9.845
G1 X-7.617 Y-9.809
G1 X-7.690 Y-9.626
G1 X-7.800 Y-9.480
G1 X-8.000 Y-9.297
G1 X-8.220 Y-9.151
G1 X-8.512 Y-9.005
G1 X-9.078 Y-8.804
G1 X-9.517 Y-8.622
G1 X-9.133 Y-8.786
G1 X-8.567 Y-8.987
G1 X-8.201 Y-9.169
G1 X-7.964 Y-9.334
G1 X-7.745 Y-9.553
G1 X-7.617 Y-9.772
G1 X-7.617 Y-9.864
G1 X-7.653 Y-9.882
G1 X-7.745 Y-9.864
G1 X-7.763 Y-9.772
G1 X-7.873 Y-9.608
G1 X-8.000 Y-9.480
G1 X-8.238 Y-9.316
G1 X-8.731 Y-9.078
G1 X-9.425 Y-8.822
G1 X-8.822 Y-9.042
G1 X-8.567 Y-9.151
G1 X-8.183 Y-9.352
G1 X-7.909 Y-9.571
G1 X-7.781 Y-9.736
G1 X-7.745 Y-9.864
G1 X-7.781 Y-9.900
G1 X-7.873 Y-9.882
G1 X-7.909 Y-9.791
G1 X-7.964 Y-9.717
G1 X-8.128 Y-9.571
G1 X-8.293 Y-9.462
G1 X-8.786 Y-9.224
G1 X-9.425 Y-8.987
G1 X-9.169 Y-9.096
G1 X-9.023 Y-9.133
G1 X-8.749 Y-9.243
G1 X-8.366 Y-9.425
G1 X-8.110 Y-9.590
G1 X-7.927 Y-9.772
G1 X-7.873 Y-9.864
G1 X-7.927 Y-9.882
G1 X-8.037 Y-9.827
G1 X-8.822 Y-9.297
G1 X-8.987 Y-9.243
G1 X-9.261 Y-9.243
G1 X-9.590 Y-9.096
G1 X-9.370 Y-9.188
G1 X-9.261 Y-9.261
G1 X-9.370 Y-9.334
G1 X-9.389 Y-9.370
G1 X-9.480 Y-9.352
G1 X-9.626 Y-9.279
G1 X-9.407 Y-9.389
G1 X-9.462 Y-9.480
G1 X-9.571 Y-9.498
G1 X-9.845 Y-9.370
G1 X-9.498 Y-9.535
G1 X-9.571 Y-9.663
G1 X-9.608 Y-9.681
G1 X-9.918 Y-9.535
G1 X-9.644 Y-9.663
G1 X-9.608 Y-9.717
G1 X-9.663 Y-9.827
G1 X-9.717 Y-9.845
G1 X-10.010 Y-9.699
G1 X-9.736 Y-9.827
G1 X-9.699 Y-9.882
G1 X-9.736 Y-9.955
G1 X-9.791 Y-10.010
G1 X-10.265 Y-9.772
G1 X-10.119 Y-9.864
G1 X-9.827 Y-9.991
G1 X-9.791 Y-10.046
G1 X-9.845 Y-10.138
G1 X-9.882 Y-10.174
G1 X-9.918 Y-10.174
G1 X-10.412 Y-9.918
G1 X-10.119 Y-10.083
G1 X-9.937 Y-10.156
G1 X-9.900 Y-10.192
G1 X-9.900 Y-10.229
G1 X-9.973 Y-10.320
G1 X-10.010 Y-10.320
G1 X-10.393 Y-10.138
G1 X-10.686 Y-9.973
G1 X-10.539 Y-10.065
G1 X-9.991 Y-10.320
G1 X-9.973 Y-10.357
G1 X-10.065 Y-10.466
G1 X-10.101 Y-10.466
G1 X-10.594 Y-10.229
G1 X-10.795 Y-10.101
G1 X-10.631 Y-10.211
G1 X-10.101 Y-10.466
G1 X-10.083 Y-10.521
G1 X-10.156 Y-10.612
G1 X-10.667 Y-10.375
G1 X-11.160 Y-10.065
G1 X-11.069 Y-10.138
G1 X-11.014 Y-10.156
G1 X-10.704 Y-10.357
G1 X-10.192 Y-10.594
G1 X-10.156 Y-10.631
G1 X-10.211 Y-10.704
G1 X-10.247 Y-10.722
G1 X-10.338 Y-10.667
G1 X-10.375 Y-10.667
G1 X-10.996 Y-10.357
G1 X-11.508 Y-10.028
G1 X-11.654 Y-9.900
G1 X-11.434 Y-10.083
G1 X-11.069 Y-10.320
G1 X-10.558 Y-10.594
G1 X-10.284 Y-10.704
G1 X-10.247 Y-10.759
G1 X-10.302 Y-10.832
G1 X-10.338 Y-10.832
G1 X-10.485 Y-10.777
G1 X-11.288 Y-10.357
G1 X-11.818 Y-9.991
G1 X-12.183 Y-9.681
G1 X-12.530 Y-9.334
G1 X-12.951 Y-8.804
G1 X-13.261 Y-8.274
G1 X-13.225 Y-8.256
G1 X-13.078 Y-8.421
G1 X-13.133 Y-8.348
G1 X-13.298 Y-8.201
G1 X-13.371 Y-7.982
G1 X-13.225 Y-8.110
M5
G0 X-13.480 Y-7.909 F2500
M3 S280
G1 F900
G1 X-13.425 Y-8.128
G1 X-13.279 Y-8.421
G1 X-12.932 Y-8.969
G1 X-12.658 Y-9.316
G1 X-12.129 Y-9.845
G1 X-11.855 Y-10.065
G1 X-11.434 Y-10.357
G1 X-10.960 Y-10.631
G1 X-10.338 Y-10.941
G1 X-10.576 Y-11.307
G1 X-10.649 Y-11.489
G1 X-10.649 Y-11.763
G1 X-10.558 Y-11.982
G1 X-10.101 Y-12.384
G1 X-9.590 Y-12.786
G1 X-8.658 Y-13.407
G1 X-7.672 Y-13.973
G1 X-6.941 Y-14.339
G1 X-6.009 Y-14.741
G1 X-4.713 Y-15.197
G1 X-3.507 Y-15.508
G1 X-2.849 Y-15.636
G1 X-2.630 Y-15.654
G1 X-2.521 Y-15.690
G1 X-1.699 Y-15.800
G1 X-0.457 Y-15.873
G1 X0.530 Y-15.873
G1 X1.808 Y-15.782
G1 X2.849 Y-15.636
G1 X3.434 Y-15.526
G1 X4.128 Y-15.362
G1 X4.713 Y-15.197
G1 X5.370 Y-14.978
G1 X6.083 Y-14.704
G1 X6.959 Y-14.320
G1 X7.580 Y-14.010
G1 X8.110 Y-13.718
G1 X9.078 Y-13.133
G1 X9.608 Y-12.768
G1 X10.101 Y-12.384
G1 X10.558 Y-11.982
G1 X10.649 Y-11.763
G1 X10.649 Y-11.526
G1 X10.576 Y-11.325
G1 X10.393 Y-11.033
G1 X10.357 Y-10.941
G1 X10.393 Y-10.905
G1 X11.033 Y-10.594
G1 X11.434 Y-10.357
G1 X11.782 Y-10.119
G1 X12.147 Y-9.827
G1 X12.603 Y-9.370
G1 X12.896 Y-9.023
G1 X13.298 Y-8.402
G1 X13.462 Y-8.037
G1 X13.462 Y-7.927
G1 X13.444 Y-7.873
G1 X13.389 Y-7.873
G1 X12.969 Y-8.183
G1 X12.622 Y-8.384
G1 X12.348 Y-8.512
G1 X11.818 Y-8.695
G1 X11.489 Y-8.768
G1 X11.361 Y-8.768
G1 X11.489 Y-8.567
G1 X11.708 Y-8.128
G1 X11.855 Y-7.763
G1 X11.946 Y-7.452
G1 X12.037 Y-6.868
G1 X12.037 Y-6.393
G1 X12.001 Y-6.247
G1 X11.946 Y-6.247
G1 X11.891 Y-6.302
G1 X11.745 Y-6.576
G1 X11.434 Y-6.978
G1 X11.069 Y-7.343
G1 X10.612 Y-7.708
G1 X10.065 Y-8.055
G1 X9.663 Y-8.274
G1 X9.115 Y-8.530
G1 X8.475 Y-8.786
G1 X8.055 Y-8.987
G1 X7.763 Y-9.169
G1 X7.562 Y-9.352
G1 X7.471 Y-9.480
G1 X7.398 Y-9.681
G1 X7.398 Y-9.918
G1 X7.452 Y-10.101
G1 X7.580 Y-10.357
G1 X7.726 Y-10.722
G1 X7.708 Y-10.777
G1 X7.599 Y-10.813
G1 X7.124 Y-11.106
G1 X6.649 Y-11.361
G1 X5.973 Y-11.690
G1 X5.133 Y-12.037
G1 X4.183 Y-12.366
G1 X3.379 Y-12.585
G1 X2.502 Y-12.768
G1 X1.498 Y-12.914
G1 X0.475 Y-12.987
G1 X-0.457 Y-12.987
G1 X-1.315 Y-12.932
G1 X-2.283 Y-12.804
G1 X-3.379 Y-12.585
G1 X-4.183 Y-12.366
G1 X-5.242 Y-12.001
G1 X-5.973 Y-11.690
G1 X-6.685 Y-11.343
G1 X-7.452 Y-10.923
G1 X-7.690 Y-10.777
G1 X-7.726 Y-10.722
G1 X-7.507 Y-10.229
G1 X-7.398 Y-9.900
G1 X-7.416 Y-9.644
G1 X-7.452 Y-9.535
G1 X-7.544 Y-9.389
G1 X-7.745 Y-9.188
G1 X-8.055 Y-8.987
G1 X-8.512 Y-8.768
G1 X-9.279 Y-8.457
G1 X-9.809 Y-8.201
G1 X-10.284 Y-7.927
G1 X-10.667 Y-7.672
G1 X-11.033 Y-7.379
G1 X-11.416 Y-7.014
G1 X-11.708 Y-6.631
G1 X-11.928 Y-6.247
G1 X-12.019 Y-6.265
G1 X-12.037 Y-6.430
G1 X-12.037 Y-6.831
G1 X-11.982 Y-7.270
G1 X-11.909 Y-7.580
G1 X-11.763 Y-8.000
G1 X-11.635 Y-8.293
G1 X-11.416 Y-8.713
G1 X-11.398 Y-8.786
G1 X-12.001 Y-8.640
G1 X-12.348 Y-8.512
G1 X-12.823 Y-8.274
G1 X-13.225 Y-8.019
G1 X-13.389 Y-7.891
G1 X-13.480 Y-7.909
G1 X-13.425 Y-8.128
M5
M5 ; Laser OFF
G0 X0 Y0 F1500 ; Return to Center
M2 ; End of Program
