; --- Creality Falcon 5W - 4CM SINGLE THICK LINE MASTER JOB ---
; 1. ALL VERY CLOSE DOUBLE LINES COLLAPSED TO SINGLE THICK LINES (Centerlines)
; 2. CIRCULAR BORDERS ARE SINGLE THICK RINGS (One Outer Circle, One Inner Circle)
; 3. UNIFORM CLEAN LINES ALL AROUND (360-degree G2 Circles, Zero Bottom Ornamentation)
; 4. TEXTS ARE 100% SOLID BOLD BLACK (Concentric Vector Pocketing)
; 5. RIBBON BANNER IS 100% COMPLETE (Intact Swallowtails & Bottom Curve)
; 6. Upright Orientation: y_cnc = -y_svg
; Speed: F900 mm/min | Rapid: F2500 mm/min | Power: S280
; Workpiece: 40.0 mm | Outer Border: 35.0 mm
G21 ; mm
G90 ; Absolute coordinates
G92 X0 Y0 ; Assert laser head position as Center Origin (0,0)
M5 ; Laser OFF
G0 F2500
; --- Single Thick Circular Borders (Outer R=45mm, Inner R=43.5mm) ---
G0 X0 Y17.500 F2500
M3 S280
G2 X0 Y17.500 I0 J-17.500 F900
G2 X0 Y17.500 I0 J-17.500 F900
M5
G0 X0 Y16.800 F2500
M3 S280
G2 X0 Y16.800 I0 J-16.800 F900
G2 X0 Y16.800 I0 J-16.800 F900
M5
; --- Single-Line Artwork & Solid Black Text Toolpaths ---
G0 X-0.475 Y-0.878 F2500
M3 S280
G1 F900
G1 X-0.439 Y-0.841
G1 X0.603 Y-0.859
G1 X0.439 Y-0.896
M5
G0 X1.115 Y-0.530 F2500
M3 S280
G1 F900
G1 X1.152 Y-0.494
G1 X1.207 Y-0.512
G1 X1.189 Y-0.567
M5
G0 X1.134 Y-0.567 F2500
M3 S280
G1 F900
G1 X1.207 Y-0.585
G1 X1.189 Y-0.640
G1 X1.134 Y-0.658
M5
G0 X1.152 Y-0.402 F2500
M3 S280
G1 F900
G1 X1.207 Y-0.421
G1 X1.189 Y-0.494
G1 X1.134 Y-0.475
M5
G0 X1.152 Y-0.256 F2500
M3 S280
G1 F900
G1 X1.207 Y-0.274
G1 X1.189 Y-0.402
G1 X1.134 Y-0.384
M5
G0 X1.152 Y-0.201 F2500
M3 S280
G1 F900
G1 X1.189 Y-0.256
G1 X1.134 Y-0.238
M5
G0 X1.115 Y0.165 F2500
M3 S280
G1 F900
G1 X1.189 Y0.146
G1 X1.207 Y0.110
G1 X1.189 Y0.055
G1 X1.152 Y0.055
G1 X1.225 Y0.037
G1 X1.225 Y-0.073
G1 X1.207 Y-0.110
G1 X1.134 Y-0.128
G1 X1.207 Y-0.146
G1 X1.189 Y-0.201
G1 X1.134 Y-0.201
G1 X1.115 Y-0.347
G1 X1.079 Y-0.347
G1 X1.134 Y-0.366
G1 X1.061 Y-0.402
G1 X1.097 Y-0.421
G1 X1.061 Y-0.439
G1 X1.115 Y-0.421
G1 X1.115 Y-0.512
G1 X1.061 Y-0.494
G1 X1.097 Y-0.549
G1 X1.061 Y-0.549
G1 X1.097 Y-0.567
G1 X1.024 Y-0.585
G1 X1.115 Y-0.603
G1 X1.134 Y-0.677
G1 X1.097 Y-0.713
G1 X0.969 Y-0.695
G1 X0.969 Y-0.658
G1 X0.951 Y-0.713
G1 X0.841 Y-0.677
G1 X0.878 Y-0.622
G1 X0.878 Y-0.512
G1 X0.969 Y-0.055
G1 X1.024 Y0.110
M5
G0 X1.061 Y0.256 F2500
M3 S280
G1 F900
G1 X1.042 Y0.183
G1 X1.006 Y0.183
G1 X1.061 Y0.165
G1 X1.024 Y0.128
G1 X0.969 Y-0.037
G1 X0.969 Y-0.128
G1 X0.878 Y-0.512
G1 X0.878 Y-0.622
G1 X0.841 Y-0.658
G1 X0.713 Y-0.677
G1 X0.786 Y-0.658
G1 X0.823 Y-0.713
G1 X0.622 Y-0.695
G1 X0.658 Y-0.439
G1 X0.786 Y-0.055
G1 X0.933 Y0.274
M5
G0 X1.079 Y0.274 F2500
M3 S280
G1 F900
G1 X1.207 Y0.256
G1 X1.189 Y0.165
G1 X1.134 Y0.165
G1 X1.079 Y0.201
M5
G0 X1.207 Y0.366 F2500
M3 S280
G1 F900
G1 X1.189 Y0.274
G1 X1.097 Y0.311
M5
G0 X1.225 Y0.622 F2500
M3 S280
G1 F900
G1 X1.207 Y0.384
G1 X1.115 Y0.384
G1 X1.134 Y0.347
G1 X1.097 Y0.329
G1 X1.079 Y0.274
G1 X0.896 Y0.274
G1 X0.859 Y0.311
G1 X0.841 Y0.402
G1 X0.896 Y0.475
G1 X1.006 Y0.512
G1 X1.152 Y0.640
M5
G0 X1.207 Y0.750 F2500
M3 S280
G1 F900
G1 X1.189 Y0.640
G1 X1.097 Y0.640
G1 X1.097 Y0.677
G1 X1.152 Y0.750
M5
G0 X1.152 Y1.006 F2500
M3 S280
G1 F900
G1 X1.207 Y0.987
G1 X1.189 Y0.878
G1 X1.152 Y0.896
M5
G0 X1.207 Y1.353 F2500
M3 S280
G1 F900
G1 X1.152 Y1.024
G1 X1.115 Y1.317
G1 X1.134 Y1.353
M5
G0 X1.079 Y1.390 F2500
M3 S280
G1 F900
G1 X1.134 Y1.371
G1 X1.097 Y1.225
G1 X1.061 Y1.262
G1 X1.042 Y1.353
M5
G0 X0.658 Y1.920 F2500
M3 S280
G1 F900
G1 X0.731 Y1.938
G1 X0.786 Y1.829
G1 X0.841 Y1.829
G1 X0.896 Y1.755
G1 X0.987 Y1.701
G1 X0.987 Y1.627
G1 X0.896 Y1.627
G1 X1.024 Y1.609
G1 X0.987 Y1.573
G1 X0.914 Y1.554
G1 X0.987 Y1.573
G1 X1.024 Y1.536
G1 X0.933 Y1.499
G1 X1.024 Y1.463
G1 X0.969 Y1.463
G1 X1.042 Y1.408
G1 X0.951 Y1.408
G1 X1.061 Y1.390
G1 X1.024 Y1.353
G1 X0.951 Y1.335
G1 X1.006 Y1.353
G1 X1.061 Y1.335
G1 X1.042 Y1.280
G1 X0.969 Y1.280
G1 X1.024 Y1.225
G1 X1.061 Y1.243
G1 X1.061 Y1.170
G1 X1.024 Y1.170
G1 X1.079 Y1.115
G1 X1.042 Y1.097
G1 X1.097 Y1.097
G1 X1.079 Y1.024
G1 X1.134 Y0.969
G1 X1.061 Y0.914
G1 X1.115 Y0.951
G1 X1.170 Y0.896
G1 X1.170 Y0.823
G1 X1.079 Y0.805
G1 X1.134 Y0.823
G1 X1.170 Y0.768
G1 X1.115 Y0.768
G1 X1.061 Y0.731
G1 X0.896 Y0.987
G1 X0.695 Y1.554
G1 X0.640 Y1.810
M5
G0 X0.366 Y2.139 F2500
M3 S280
G1 F900
G1 X0.421 Y2.121
G1 X0.384 Y2.066
G1 X0.347 Y2.103
M5
G0 X0.293 Y2.085 F2500
M3 S280
G1 F900
G1 X0.347 Y2.030
G1 X0.402 Y2.011
G1 X0.384 Y2.048
G1 X0.421 Y2.085
G1 X0.530 Y2.103
G1 X0.494 Y2.011
G1 X0.530 Y2.011
G1 X0.567 Y2.066
G1 X0.640 Y2.011
G1 X0.640 Y1.938
G1 X0.549 Y1.938
G1 X0.640 Y1.920
G1 X0.658 Y1.719
G1 X0.750 Y1.426
G1 X0.713 Y1.353
G1 X0.768 Y1.335
G1 X0.823 Y1.152
G1 X0.896 Y1.024
G1 X0.933 Y0.859
G1 X0.878 Y0.823
G1 X0.914 Y0.859
G1 X0.951 Y0.859
G1 X1.006 Y0.805
G1 X1.079 Y0.622
G1 X1.042 Y0.622
G1 X1.079 Y0.567
G1 X1.024 Y0.549
G1 X0.933 Y0.640
G1 X0.677 Y0.987
G1 X0.677 Y1.024
G1 X0.549 Y1.243
G1 X0.494 Y1.371
G1 X0.494 Y1.426
G1 X0.439 Y1.518
G1 X0.457 Y1.646
G1 X0.402 Y1.664
G1 X0.402 Y1.701
G1 X0.366 Y1.737
G1 X0.293 Y1.975
M5
G0 X0.256 Y2.139 F2500
M3 S280
G1 F900
G1 X0.347 Y2.139
G1 X0.329 Y2.085
G1 X0.274 Y2.103
M5
G0 X0.037 Y2.139 F2500
M3 S280
G1 F900
G1 X0.128 Y2.158
G1 X0.183 Y2.121
G1 X0.274 Y2.103
G1 X0.256 Y2.030
G1 X0.183 Y2.011
G1 X0.274 Y2.048
G1 X0.311 Y1.938
G1 X0.293 Y1.883
G1 X0.329 Y1.883
G1 X0.366 Y1.792
G1 X0.366 Y1.646
G1 X0.421 Y1.627
G1 X0.402 Y1.536
G1 X0.439 Y1.518
G1 X0.402 Y1.499
G1 X0.439 Y1.499
G1 X0.475 Y1.463
G1 X0.421 Y1.445
G1 X0.494 Y1.426
G1 X0.457 Y1.353
G1 X0.494 Y1.353
G1 X0.530 Y1.317
G1 X0.731 Y0.896
G1 X0.878 Y0.695
G1 X1.006 Y0.567
G1 X1.006 Y0.530
G1 X0.969 Y0.494
G1 X0.896 Y0.494
G1 X0.695 Y0.677
G1 X0.494 Y0.933
G1 X0.347 Y1.170
G1 X0.219 Y1.445
G1 X0.091 Y1.810
G1 X0.018 Y2.085
M5
G0 X-0.018 Y2.158 F2500
M3 S280
G1 F900
G1 X0.037 Y2.066
G1 X0.128 Y1.682
G1 X0.347 Y1.170
G1 X0.658 Y0.713
G1 X0.896 Y0.494
G1 X0.896 Y0.457
G1 X0.841 Y0.402
G1 X0.841 Y0.347
G1 X0.914 Y0.256
G1 X0.914 Y0.201
G1 X0.786 Y-0.055
G1 X0.658 Y-0.439
G1 X0.603 Y-0.713
G1 X-0.640 Y-0.695
G1 X-0.695 Y-0.421
G1 X-0.933 Y0.219
G1 X-0.933 Y0.256
G1 X-0.859 Y0.347
G1 X-0.914 Y0.475
G1 X-0.640 Y0.750
G1 X-0.311 Y1.280
G1 X-0.146 Y1.737
G1 X-0.073 Y2.085
M5
G0 X-0.219 Y2.213 F2500
M3 S280
G1 F900
G1 X-0.183 Y2.158
G1 X-0.238 Y2.176
M5
G0 X-0.311 Y2.085 F2500
M3 S280
G1 F900
G1 X-0.329 Y2.066
G1 X-0.421 Y2.066
G1 X-0.439 Y2.103
G1 X-0.347 Y2.139
M5
G0 X-0.293 Y2.030 F2500
M3 S280
G1 F900
G1 X-0.347 Y1.810
G1 X-0.402 Y1.719
G1 X-0.457 Y1.518
G1 X-0.658 Y1.061
G1 X-1.006 Y0.585
G1 X-1.097 Y0.567
G1 X-1.134 Y0.603
G1 X-0.969 Y0.896
G1 X-0.878 Y1.115
G1 X-0.823 Y1.115
G1 X-0.859 Y1.170
G1 X-0.713 Y1.609
G1 X-0.695 Y1.810
G1 X-0.658 Y1.883
G1 X-0.585 Y1.883
G1 X-0.658 Y1.938
G1 X-0.567 Y1.938
G1 X-0.677 Y1.957
G1 X-0.658 Y2.011
G1 X-0.603 Y2.066
G1 X-0.530 Y2.066
G1 X-0.530 Y2.030
M5
G0 X-0.731 Y1.902 F2500
M3 S280
G1 F900
G1 X-0.677 Y1.883
G1 X-0.713 Y1.829
G1 X-0.750 Y1.865
M5
G0 X-0.768 Y1.865 F2500
M3 S280
G1 F900
G1 X-0.750 Y1.810
G1 X-0.695 Y1.810
G1 X-0.695 Y1.701
G1 X-0.805 Y1.335
G1 X-0.878 Y1.170
G1 X-0.896 Y1.061
G1 X-1.115 Y0.622
G1 X-1.225 Y0.622
G1 X-1.243 Y0.658
G1 X-1.225 Y0.805
G1 X-1.170 Y0.786
G1 X-1.170 Y0.713
G1 X-1.170 Y0.768
G1 X-1.134 Y0.823
G1 X-1.189 Y0.841
G1 X-1.207 Y0.896
G1 X-1.170 Y0.933
G1 X-1.097 Y0.933
G1 X-1.134 Y0.987
G1 X-1.079 Y0.987
G1 X-1.115 Y1.042
G1 X-1.079 Y1.042
G1 X-1.134 Y1.061
G1 X-1.134 Y1.097
G1 X-1.097 Y1.134
G1 X-1.042 Y1.134
G1 X-1.097 Y1.170
G1 X-1.061 Y1.189
G1 X-1.061 Y1.243
G1 X-1.152 Y1.262
G1 X-1.189 Y1.317
G1 X-1.152 Y1.390
G1 X-1.079 Y1.408
G1 X-1.042 Y1.573
G1 X-0.933 Y1.591
G1 X-1.042 Y1.609
G1 X-1.006 Y1.701
G1 X-0.969 Y1.701
G1 X-0.896 Y1.627
G1 X-0.933 Y1.664
G1 X-0.878 Y1.682
G1 X-0.841 Y1.829
G1 X-0.786 Y1.829
M5
G0 X-0.768 Y1.938 F2500
M3 S280
G1 F900
G1 X-0.731 Y1.975
G1 X-0.677 Y1.920
M5
G0 X-0.914 Y1.774 F2500
M3 S280
G1 F900
G1 X-0.878 Y1.737
G1 X-0.896 Y1.682
G1 X-0.969 Y1.701
G1 X-0.969 Y1.737
M5
G0 X-1.243 Y1.243 F2500
M3 S280
G1 F900
G1 X-1.152 Y1.262
G1 X-1.170 Y1.170
G1 X-1.134 Y1.207
G1 X-1.097 Y1.170
G1 X-1.097 Y1.134
G1 X-1.152 Y1.079
G1 X-1.225 Y1.097
M5
G0 X-1.225 Y1.079 F2500
M3 S280
G1 F900
G1 X-1.134 Y1.061
G1 X-1.134 Y1.006
G1 X-1.170 Y0.933
G1 X-1.207 Y0.914
G1 X-1.243 Y0.951
M5
G0 X-1.225 Y0.603 F2500
M3 S280
G1 F900
G1 X-1.134 Y0.603
G1 X-1.097 Y0.567
G1 X-1.061 Y0.567
G1 X-0.969 Y0.475
G1 X-0.896 Y0.457
G1 X-0.859 Y0.347
G1 X-0.914 Y0.274
G1 X-1.225 Y0.293
G1 X-1.243 Y0.366
M5
G0 X-1.243 Y0.238 F2500
M3 S280
G1 F900
G1 X-1.207 Y0.274
G1 X-1.152 Y0.238
G1 X-1.097 Y0.256
G1 X-1.115 Y0.183
G1 X-1.152 Y0.183
G1 X-1.189 Y0.146
G1 X-1.243 Y0.165
M5
G0 X-1.134 Y0.183 F2500
M3 S280
G1 F900
G1 X-1.079 Y0.165
G1 X-1.115 Y0.128
G1 X-1.097 Y0.073
G1 X-1.042 Y0.055
G1 X-1.006 Y-0.165
G1 X-1.042 Y-0.165
G1 X-0.969 Y-0.183
G1 X-0.896 Y-0.549
G1 X-0.914 Y-0.731
G1 X-1.097 Y-0.713
G1 X-1.079 Y-0.677
G1 X-0.987 Y-0.658
G1 X-1.061 Y-0.658
G1 X-1.152 Y-0.695
G1 X-1.170 Y-0.549
G1 X-1.134 Y-0.475
G1 X-1.079 Y-0.475
G1 X-1.170 Y-0.457
G1 X-1.152 Y-0.329
G1 X-1.061 Y-0.329
G1 X-1.170 Y-0.311
G1 X-1.152 Y-0.238
G1 X-1.079 Y-0.238
G1 X-1.170 Y-0.219
G1 X-1.170 Y-0.183
G1 X-1.134 Y-0.183
G1 X-1.170 Y-0.146
G1 X-1.152 Y0.110
G1 X-1.170 Y0.146
M5
G0 X-1.225 Y0.055 F2500
M3 S280
G1 F900
G1 X-1.170 Y0.037
G1 X-1.189 Y-0.018
G1 X-1.243 Y0.000
M5
G0 X-1.225 Y-0.018 F2500
M3 S280
G1 F900
G1 X-1.170 Y-0.037
G1 X-1.189 Y-0.110
G1 X-1.243 Y-0.091
M5
G0 X-1.225 Y-0.110 F2500
M3 S280
G1 F900
G1 X-1.189 Y-0.165
G1 X-1.243 Y-0.146
M5
G0 X-1.225 Y-0.165 F2500
M3 S280
G1 F900
G1 X-1.170 Y-0.183
G1 X-1.189 Y-0.274
G1 X-1.243 Y-0.256
M5
G0 X-1.225 Y-0.274 F2500
M3 S280
G1 F900
G1 X-1.189 Y-0.329
G1 X-1.243 Y-0.311
M5
G0 X-1.225 Y-0.329 F2500
M3 S280
G1 F900
G1 X-1.170 Y-0.347
G1 X-1.152 Y-0.421
G1 X-1.225 Y-0.457
M5
G0 X-1.225 Y-0.475 F2500
M3 S280
G1 F900
G1 X-1.152 Y-0.494
G1 X-1.170 Y-0.549
G1 X-1.225 Y-0.567
M5
G0 X-1.225 Y-0.585 F2500
M3 S280
G1 F900
G1 X-1.152 Y-0.603
G1 X-1.170 Y-0.658
G1 X-1.243 Y-0.640
M5
G0 X-1.207 Y-0.658 F2500
M3 S280
G1 F900
G1 X-1.170 Y-0.713
G1 X-1.225 Y-0.695
M5
G0 X-1.902 Y-1.042 F2500
M3 S280
G1 F900
G1 X-1.975 Y-0.969
G1 X-2.139 Y-1.115
G1 X-1.975 Y-0.969
M5
G0 X-2.103 Y-1.481 F2500
M3 S280
G1 F900
G1 X-2.121 Y-1.591
G1 X-2.286 Y-1.938
G1 X-2.395 Y-2.066
G1 X-2.578 Y-2.139
G1 X-2.962 Y-2.121
G1 X-2.944 Y-2.011
G1 X-2.834 Y-1.902
G1 X-2.798 Y-1.829
G1 X-2.761 Y-1.481
G1 X-2.578 Y-1.481
G1 X-2.560 Y-1.463
G1 X-2.377 Y-1.481
G1 X-2.377 Y-1.573
G1 X-2.359 Y-1.463
M5
G0 X-2.377 Y-1.609 F2500
M3 S280
G1 F900
G1 X-2.377 Y-1.737
G1 X-2.505 Y-1.920
G1 X-2.377 Y-1.737
M5
G0 X-3.346 Y-1.243 F2500
M3 S280
G1 F900
G1 X-3.328 Y-0.933
G1 X-3.255 Y-0.878
G1 X-3.163 Y-0.896
G1 X-3.163 Y-0.933
G1 X-3.255 Y-1.024
G1 X-3.163 Y-0.933
G1 X-3.145 Y-0.878
G1 X-3.072 Y-0.896
G1 X-3.072 Y-0.933
G1 X-3.127 Y-0.987
G1 X-3.072 Y-0.933
G1 X-3.054 Y-0.878
G1 X-2.926 Y-0.914
G1 X-3.163 Y-1.115
G1 X-2.981 Y-0.951
G1 X-2.926 Y-0.933
G1 X-2.834 Y-1.006
G1 X-2.907 Y-0.951
G1 X-2.907 Y-0.878
G1 X-2.816 Y-0.896
G1 X-2.816 Y-0.933
G1 X-2.706 Y-1.042
G1 X-2.816 Y-0.933
G1 X-2.798 Y-0.878
G1 X-2.725 Y-0.896
G1 X-2.725 Y-0.933
G1 X-2.615 Y-1.042
G1 X-2.725 Y-0.933
G1 X-2.706 Y-0.878
G1 X-2.158 Y-0.896
G1 X-2.158 Y-0.933
G1 X-2.231 Y-1.006
G1 X-2.158 Y-0.933
G1 X-2.139 Y-0.878
G1 X-2.066 Y-0.896
G1 X-2.066 Y-0.933
G1 X-2.267 Y-1.134
G1 X-2.085 Y-0.969
G1 X-2.048 Y-0.878
G1 X-1.902 Y-0.896
G1 X-1.902 Y-0.951
G1 X-1.883 Y-0.878
G1 X-1.829 Y-0.896
G1 X-1.829 Y-0.933
G1 X-1.755 Y-1.006
G1 X-1.829 Y-0.933
G1 X-1.810 Y-0.878
G1 X-1.353 Y-0.896
G1 X-1.390 Y-0.951
G1 X-1.353 Y-0.933
G1 X-1.335 Y-0.878
G1 X-1.262 Y-0.896
G1 X-1.262 Y-0.933
G1 X-1.445 Y-1.115
G1 X-1.262 Y-0.933
G1 X-1.243 Y-0.878
G1 X-1.097 Y-0.896
G1 X-1.097 Y-0.933
G1 X-0.896 Y-1.115
G1 X-1.097 Y-0.914
G1 X-1.079 Y-0.859
G1 X-0.987 Y-0.878
G1 X-0.987 Y-0.933
G1 X-0.951 Y-0.969
G1 X-0.987 Y-0.933
G1 X-0.969 Y-0.878
G1 X-0.512 Y-0.896
G1 X-0.512 Y-0.933
G1 X-0.549 Y-0.969
G1 X-0.475 Y-0.878
G1 X-0.439 Y-0.914
G1 X-0.439 Y-0.951
G1 X-0.421 Y-0.896
G1 X-0.293 Y-0.914
G1 X-0.110 Y-1.115
G1 X-0.274 Y-0.896
G1 X-0.183 Y-0.914
G1 X-0.165 Y-0.951
G1 X-0.165 Y-0.896
G1 X0.274 Y-0.933
G1 X0.073 Y-1.134
G1 X0.274 Y-0.914
G1 X0.421 Y-0.896
G1 X0.530 Y-1.006
G1 X0.457 Y-0.878
G1 X0.805 Y-0.859
G1 X0.841 Y-0.896
G1 X0.841 Y-0.933
G1 X0.750 Y-1.024
G1 X0.841 Y-0.951
G1 X0.841 Y-0.896
G1 X0.878 Y-0.859
G1 X0.951 Y-0.878
G1 X0.933 Y-0.951
G1 X0.750 Y-1.115
G1 X0.951 Y-0.933
G1 X0.969 Y-0.878
G1 X1.061 Y-0.896
G1 X1.042 Y-0.951
G1 X0.859 Y-1.115
G1 X1.061 Y-0.933
G1 X1.079 Y-0.878
G1 X1.243 Y-0.896
G1 X1.243 Y-0.933
G1 X1.408 Y-1.079
G1 X1.262 Y-0.878
G1 X1.353 Y-0.896
G1 X1.371 Y-0.951
G1 X1.371 Y-0.878
G1 X1.792 Y-0.896
G1 X1.810 Y-0.933
G1 X1.719 Y-1.042
G1 X1.829 Y-0.933
G1 X1.847 Y-0.878
G1 X1.938 Y-0.914
G1 X1.737 Y-1.115
G1 X1.957 Y-0.878
G1 X2.011 Y-0.896
G1 X2.011 Y-0.933
G1 X1.829 Y-1.115
G1 X2.066 Y-0.896
G1 X2.286 Y-1.115
G1 X2.121 Y-0.969
G1 X2.085 Y-0.878
G1 X2.194 Y-0.896
G1 X2.194 Y-0.933
G1 X2.322 Y-1.061
G1 X2.231 Y-0.969
G1 X2.213 Y-0.878
G1 X2.706 Y-0.896
G1 X2.706 Y-0.933
G1 X2.633 Y-1.006
G1 X2.706 Y-0.933
G1 X2.725 Y-0.878
G1 X2.816 Y-0.914
G1 X2.615 Y-1.115
G1 X2.798 Y-0.951
G1 X2.834 Y-0.878
G1 X2.889 Y-0.896
G1 X2.889 Y-0.951
G1 X3.072 Y-1.115
G1 X2.889 Y-0.933
G1 X2.907 Y-0.878
G1 X2.962 Y-0.896
G1 X3.109 Y-1.042
G1 X2.999 Y-0.951
G1 X2.981 Y-0.878
G1 X3.109 Y-0.896
G1 X3.109 Y-0.951
G1 X3.182 Y-1.024
G1 X3.109 Y-0.951
G1 X3.127 Y-0.878
G1 X3.237 Y-0.896
G1 X3.310 Y-0.951
G1 X3.291 Y-1.262
G1 X3.145 Y-1.243
G1 X3.127 Y-1.207
G1 X3.127 Y-1.262
G1 X2.560 Y-1.243
G1 X2.597 Y-1.152
G1 X2.542 Y-1.262
G1 X1.408 Y-1.243
G1 X1.408 Y-1.207
G1 X1.390 Y-1.262
G1 X0.091 Y-1.225
G1 X0.146 Y-1.170
G1 X0.091 Y-1.243
G1 X-0.567 Y-1.243
G1 X-0.549 Y-1.170
G1 X-0.585 Y-1.262
G1 X-0.805 Y-1.243
G1 X-0.823 Y-1.207
G1 X-0.823 Y-1.262
G1 X-1.408 Y-1.243
G1 X-1.408 Y-1.207
G1 X-1.426 Y-1.262
G1 X-1.682 Y-1.243
G1 X-1.701 Y-1.189
G1 X-1.701 Y-1.262
G1 X-1.774 Y-1.243
G1 X-1.774 Y-1.207
G1 X-1.792 Y-1.262
G1 X-2.597 Y-1.243
G1 X-2.597 Y-1.207
G1 X-2.615 Y-1.262
M5
G0 X-2.322 Y-0.311 F2500
M3 S280
G1 F900
G1 X-2.450 Y-0.311
G1 X-2.432 Y-0.347
G1 X-2.523 Y-0.457
G1 X-2.469 Y-0.421
G1 X-2.414 Y-0.329
M5
G0 X-2.304 Y0.402 F2500
M3 S280
G1 F900
G1 X-2.213 Y0.494
G1 X-2.139 Y0.530
G1 X-2.011 Y0.530
G1 X-1.883 Y0.421
G1 X-1.938 Y0.494
G1 X-2.011 Y0.530
G1 X-2.139 Y0.530
G1 X-2.213 Y0.494
M5
G0 X-2.030 Y0.969 F2500
M3 S280
G1 F900
G1 X-2.286 Y0.677
G1 X-2.030 Y0.933
M5
G0 X-2.651 Y0.896 F2500
M3 S280
G1 F900
G1 X-2.469 Y0.677
M5
G0 X-2.798 Y0.713 F2500
M3 S280
G1 F900
G1 X-2.761 Y0.695
G1 X-2.798 Y0.658
G1 X-2.743 Y0.640
G1 X-2.725 Y0.677
G1 X-2.651 Y0.658
M5
G0 X-2.871 Y0.384 F2500
M3 S280
G1 F900
G1 X-2.853 Y0.439
G1 X-2.779 Y0.512
G1 X-2.633 Y0.530
G1 X-2.523 Y0.475
G1 X-2.450 Y0.402
G1 X-2.377 Y0.256
G1 X-2.322 Y0.366
G1 X-2.377 Y0.274
G1 X-2.432 Y0.384
G1 X-2.542 Y0.494
G1 X-2.615 Y0.530
G1 X-2.779 Y0.512
G1 X-2.853 Y0.439
M5
G0 X-3.547 Y1.371 F2500
M3 S280
G1 F900
G1 X-3.529 Y1.189
G1 X-3.547 Y0.695
G1 X-3.712 Y0.677
G1 X-3.895 Y0.695
G1 X-3.639 Y0.987
G1 X-3.639 Y1.042
G1 X-3.639 Y0.987
G1 X-3.877 Y0.750
G1 X-3.895 Y0.695
G1 X-4.005 Y0.677
G1 X-4.133 Y0.695
G1 X-4.133 Y0.823
G1 X-4.041 Y0.878
G1 X-3.931 Y0.878
G1 X-3.895 Y0.914
G1 X-3.895 Y1.079
G1 X-3.858 Y1.115
G1 X-3.730 Y1.134
G1 X-3.712 Y1.317
G1 X-3.639 Y1.390
M5
G0 X-3.163 Y1.573 F2500
M3 S280
G1 F900
G1 X-3.109 Y1.554
G1 X-3.127 Y-0.713
G1 X-3.218 Y-0.731
G1 X-3.328 Y-0.713
G1 X-3.346 Y-0.494
G1 X-3.346 Y1.499
G1 X-3.310 Y1.536
G1 X-3.218 Y1.536
M5
G0 X-3.072 Y1.609 F2500
M3 S280
G1 F900
G1 X-2.962 Y1.591
G1 X-2.944 Y0.695
G1 X-2.981 Y-0.713
G1 X-3.109 Y-0.695
G1 X-3.109 Y1.573
M5
G0 X-3.547 Y1.920 F2500
M3 S280
G1 F900
G1 X-3.438 Y1.993
G1 X-3.346 Y1.975
G1 X-3.328 Y1.518
G1 X-3.346 Y-0.494
G1 X-3.310 Y-0.878
G1 X-3.346 Y-1.061
G1 X-3.328 Y-1.262
G1 X3.310 Y-1.243
G1 X3.291 Y-0.914
G1 X3.328 Y-0.823
G1 X3.310 Y-0.695
G1 X3.310 Y1.701
G1 X3.365 Y1.993
G1 X3.456 Y1.975
G1 X3.511 Y1.920
G1 X3.529 Y1.847
G1 X3.511 Y1.554
G1 X3.529 Y1.371
G1 X3.529 Y0.018
G1 X3.511 Y-0.219
G1 X3.547 Y-0.311
G1 X3.547 Y-0.786
G1 X3.511 Y-1.518
G1 X3.328 Y-1.518
G1 X3.255 Y-1.463
G1 X2.999 Y-1.463
G1 X2.962 Y-1.426
G1 X2.853 Y-1.408
G1 X2.889 Y-1.426
G1 X2.834 Y-1.445
G1 X2.907 Y-1.426
G1 X2.981 Y-1.445
G1 X2.962 Y-1.499
G1 X2.834 Y-1.499
G1 X2.779 Y-1.536
G1 X2.304 Y-1.445
G1 X2.359 Y-1.445
G1 X2.267 Y-1.463
G1 X-0.219 Y-1.463
G1 X-0.238 Y-1.426
G1 X-0.768 Y-1.408
G1 X-0.823 Y-1.463
G1 X-2.578 Y-1.481
G1 X-2.962 Y-1.463
G1 X-3.291 Y-1.481
G1 X-3.346 Y-1.536
G1 X-3.493 Y-1.518
G1 X-3.547 Y-1.426
G1 X-3.529 Y-0.859
G1 X-3.566 Y-0.768
G1 X-3.529 Y-0.530
G1 X-3.566 Y-0.347
G1 X-3.529 Y0.055
M5
G0 X-4.005 Y0.018 F2500
M3 S280
G1 F900
G1 X-4.005 Y-0.055
G1 X-3.822 Y-0.256
G1 X-4.005 Y-0.055
M5
G0 X-4.096 Y0.091 F2500
M3 S280
G1 F900
G1 X-3.913 Y0.091
G1 X-3.767 Y0.037
G1 X-3.749 Y-0.037
G1 X-3.712 Y-0.073
G1 X-3.675 Y0.000
G1 X-3.621 Y0.000
G1 X-3.621 Y-0.091
G1 X-3.602 Y-0.018
G1 X-3.566 Y0.000
G1 X-3.566 Y-0.311
G1 X-3.621 Y-0.274
G1 X-3.712 Y-0.146
G1 X-3.913 Y0.000
G1 X-3.712 Y-0.146
G1 X-3.547 Y-0.366
G1 X-3.529 Y-0.530
G1 X-3.602 Y-0.750
G1 X-3.639 Y-0.750
G1 X-3.712 Y-0.640
G1 X-3.730 Y-0.457
G1 X-3.858 Y-0.439
G1 X-3.895 Y-0.402
G1 X-3.913 Y-0.219
G1 X-4.114 Y-0.073
G1 X-4.151 Y0.000
M5
G0 X-4.114 Y0.677 F2500
M3 S280
G1 F900
G1 X-4.005 Y0.677
G1 X-3.986 Y0.695
G1 X-3.547 Y0.677
G1 X-3.529 Y0.640
G1 X-3.529 Y0.055
G1 X-3.566 Y0.000
G1 X-3.749 Y0.018
G1 X-3.785 Y0.055
G1 X-3.913 Y0.091
G1 X-4.114 Y0.073
M5
G0 X-4.261 Y0.786 F2500
M3 S280
G1 F900
G1 X-4.133 Y0.768
G1 X-4.151 Y0.000
G1 X-4.315 Y0.018
G1 X-4.297 Y0.677
M5
G0 X-4.370 Y0.786 F2500
M3 S280
G1 F900
G1 X-4.279 Y0.768
G1 X-4.297 Y0.183
G1 X-4.334 Y-0.018
G1 X-4.389 Y0.000
G1 X-4.462 Y0.073
G1 X-4.462 Y0.622
G1 X-4.425 Y0.731
M5
G0 X-3.968 Y1.938 F2500
M3 S280
G1 F900
G1 X-3.968 Y2.048
G1 X-3.913 Y2.103
G1 X-3.127 Y2.432
G1 X-2.487 Y2.633
G1 X-1.774 Y2.798
G1 X-1.097 Y2.907
G1 X-0.146 Y2.981
G1 X0.969 Y2.926
G1 X1.499 Y2.853
G1 X2.066 Y2.743
G1 X2.633 Y2.597
G1 X3.383 Y2.341
G1 X3.858 Y2.139
G1 X3.950 Y2.048
G1 X3.968 Y1.993
G1 X3.913 Y1.902
G1 X3.749 Y2.011
G1 X3.822 Y1.957
G1 X3.785 Y1.938
G1 X3.584 Y2.066
G1 X3.419 Y2.103
G1 X3.621 Y2.048
G1 X3.767 Y1.938
G1 X3.877 Y1.938
G1 X3.913 Y1.883
G1 X3.840 Y1.829
G1 X3.785 Y1.829
G1 X3.639 Y1.902
G1 X3.566 Y1.902
G1 X3.456 Y1.975
G1 X3.383 Y1.975
G1 X3.255 Y2.066
G1 X3.163 Y2.066
G1 X3.145 Y2.103
G1 X3.072 Y2.103
G1 X2.981 Y2.158
G1 X2.926 Y2.158
G1 X2.889 Y2.194
G1 X2.670 Y2.231
G1 X2.633 Y2.267
G1 X2.505 Y2.286
G1 X2.450 Y2.322
G1 X2.322 Y2.322
G1 X2.286 Y2.359
G1 X2.176 Y2.359
G1 X2.121 Y2.395
G1 X1.938 Y2.414
G1 X1.883 Y2.450
G1 X1.737 Y2.450
G1 X1.701 Y2.487
G1 X1.518 Y2.469
G1 X1.445 Y2.487
G1 X1.335 Y2.560
G1 X1.207 Y2.560
G1 X1.152 Y2.597
G1 X0.987 Y2.615
G1 X-0.201 Y2.651
G1 X-0.238 Y2.615
G1 X-0.713 Y2.633
G1 X-1.134 Y2.597
G1 X-1.243 Y2.560
G1 X-1.353 Y2.560
G1 X-1.481 Y2.505
G1 X-1.573 Y2.523
G1 X-1.737 Y2.469
G1 X-1.847 Y2.469
G1 X-1.920 Y2.414
G1 X-2.066 Y2.414
G1 X-2.158 Y2.341
G1 X-2.341 Y2.341
G1 X-2.377 Y2.304
G1 X-2.560 Y2.286
G1 X-2.597 Y2.249
G1 X-2.706 Y2.249
G1 X-2.761 Y2.194
G1 X-2.834 Y2.213
G1 X-2.962 Y2.158
G1 X-3.054 Y2.066
G1 X-3.291 Y2.048
G1 X-3.346 Y1.993
G1 X-3.438 Y1.993
G1 X-3.566 Y1.902
G1 X-3.639 Y1.902
G1 X-3.803 Y1.810
G1 X-3.858 Y1.810
M5
G0 X-3.328 Y2.139 F2500
M3 S280
G1 F900
G1 X-3.566 Y2.066
G1 X-3.767 Y1.938
G1 X-3.858 Y1.920
G1 X-3.767 Y1.938
G1 X-3.566 Y2.066
G1 X-3.456 Y2.085
M5
G0 X-3.182 Y2.194 F2500
M3 S280
G1 F900
G1 X-2.523 Y2.414
G1 X-1.792 Y2.578
G1 X-1.097 Y2.688
G1 X-0.421 Y2.743
G1 X0.494 Y2.743
G1 X1.134 Y2.688
G1 X2.158 Y2.505
G1 X2.981 Y2.267
G1 X2.158 Y2.505
G1 X1.134 Y2.688
G1 X0.494 Y2.743
G1 X-0.421 Y2.743
G1 X-1.097 Y2.688
G1 X-1.810 Y2.578
G1 X-2.523 Y2.414
M5
G0 X-2.487 Y2.249 F2500
M3 S280
G1 F900
G1 X-2.578 Y2.249
G1 X-2.523 Y2.286
M5
G0 X-2.725 Y2.158 F2500
M3 S280
G1 F900
G1 X-2.688 Y2.249
G1 X-2.578 Y2.231
G1 X-2.651 Y2.158
M5
G0 X-2.889 Y2.176 F2500
M3 S280
G1 F900
G1 X-2.834 Y2.213
G1 X-2.779 Y2.176
G1 X-2.816 Y2.139
G1 X-2.853 Y2.139
M5
G0 X-2.926 Y2.176 F2500
M3 S280
G1 F900
G1 X-2.871 Y2.158
G1 X-2.871 Y2.121
G1 X-2.907 Y2.085
G1 X-2.962 Y2.103
G1 X-2.962 Y2.139
M5
G0 X-2.432 Y1.609 F2500
M3 S280
G1 F900
G1 X-2.395 Y1.573
G1 X-2.505 Y1.463
G1 X-2.414 Y1.536
G1 X-2.341 Y1.518
G1 X-2.341 Y1.591
G1 X-2.304 Y1.609
G1 X-2.103 Y1.426
G1 X-1.938 Y1.134
G1 X-1.883 Y0.896
G1 X-1.829 Y0.823
G1 X-1.810 Y0.731
G1 X-1.829 Y-0.439
G1 X-1.865 Y-0.457
G1 X-1.810 Y-0.457
G1 X-1.829 Y-0.530
G1 X-1.865 Y-0.549
G1 X-1.883 Y-0.603
G1 X-2.066 Y-0.640
G1 X-1.902 Y-0.622
G1 X-1.810 Y-0.585
G1 X-1.829 Y-0.713
G1 X-2.341 Y-0.695
G1 X-2.907 Y-0.713
G1 X-2.944 Y-0.695
G1 X-2.944 Y-0.603
G1 X-2.834 Y-0.622
G1 X-2.962 Y-0.585
G1 X-2.926 Y-0.457
G1 X-2.834 Y-0.549
G1 X-2.761 Y-0.567
G1 X-2.834 Y-0.549
G1 X-2.962 Y-0.439
G1 X-2.962 Y0.677
G1 X-2.907 Y0.750
G1 X-2.871 Y0.969
G1 X-2.779 Y1.170
G1 X-2.670 Y1.207
G1 X-2.542 Y1.042
G1 X-2.560 Y1.097
G1 X-2.670 Y1.207
G1 X-2.706 Y1.207
G1 X-2.743 Y1.262
G1 X-2.578 Y1.481
M5
G0 X-1.792 Y1.920 F2500
M3 S280
G1 F900
G1 X-1.792 Y1.682
G1 X-1.865 Y0.859
G1 X-1.938 Y1.134
G1 X-2.121 Y1.463
G1 X-2.231 Y1.573
G1 X-2.267 Y1.573
G1 X-2.304 Y1.609
G1 X-2.450 Y1.609
G1 X-2.725 Y1.298
G1 X-2.743 Y1.207
G1 X-2.871 Y0.969
G1 X-2.889 Y0.841
G1 X-2.962 Y0.750
G1 X-2.962 Y1.609
G1 X-2.926 Y1.646
G1 X-2.743 Y1.682
G1 X-2.395 Y1.810
G1 X-1.883 Y1.938
M5
G0 X-1.774 Y1.957 F2500
M3 S280
G1 F900
G1 X-1.664 Y1.938
G1 X-1.682 Y-0.713
G1 X-1.810 Y-0.695
G1 X-1.829 Y-0.549
G1 X-1.810 Y1.664
M5
G0 X-1.481 Y2.011 F2500
M3 S280
G1 F900
G1 X-1.426 Y1.993
G1 X-1.445 Y-0.713
G1 X-1.664 Y-0.695
G1 X-1.646 Y1.975
M5
G0 X-1.426 Y2.176 F2500
M3 S280
G1 F900
G1 X-1.445 Y2.011
G1 X-1.682 Y1.957
G1 X-1.883 Y1.938
G1 X-2.395 Y1.810
G1 X-2.926 Y1.646
G1 X-2.981 Y1.609
G1 X-3.072 Y1.609
G1 X-3.109 Y1.573
G1 X-3.328 Y1.518
G1 X-3.328 Y1.701
G1 X-2.158 Y2.066
G1 X-1.536 Y2.194
M5
G0 X-1.627 Y2.432 F2500
M3 S280
G1 F900
G1 X-1.554 Y2.395
G1 X-1.591 Y2.359
G1 X-1.627 Y2.377
M5
G0 X-1.591 Y2.487 F2500
M3 S280
G1 F900
G1 X-1.609 Y2.432
G1 X-1.682 Y2.414
G1 X-1.701 Y2.487
G1 X-1.664 Y2.505
M5
G0 X-1.554 Y2.523 F2500
M3 S280
G1 F900
G1 X-1.499 Y2.505
G1 X-1.518 Y2.432
G1 X-1.554 Y2.414
G1 X-1.591 Y2.450
G1 X-1.591 Y2.487
M5
G0 X-1.445 Y2.523 F2500
M3 S280
G1 F900
G1 X-1.445 Y2.194
G1 X-2.011 Y2.103
G1 X-2.688 Y1.920
G1 X-3.237 Y1.737
G1 X-3.291 Y1.701
G1 X-3.346 Y1.719
G1 X-3.291 Y1.847
G1 X-3.328 Y1.883
G1 X-3.291 Y1.993
G1 X-3.273 Y1.993
G1 X-3.255 Y1.938
G1 X-3.273 Y1.902
G1 X-3.182 Y2.048
G1 X-3.163 Y1.975
G1 X-3.200 Y1.920
G1 X-3.109 Y2.066
G1 X-3.072 Y2.030
G1 X-3.072 Y1.993
G1 X-3.035 Y2.048
G1 X-2.999 Y2.048
G1 X-2.962 Y2.085
G1 X-2.889 Y2.085
G1 X-2.853 Y2.139
G1 X-2.798 Y2.103
G1 X-2.779 Y2.158
G1 X-2.706 Y2.121
G1 X-2.798 Y2.048
G1 X-2.725 Y2.085
G1 X-2.688 Y2.139
G1 X-2.615 Y2.139
G1 X-2.779 Y1.975
G1 X-2.560 Y2.176
G1 X-2.542 Y2.231
G1 X-2.414 Y2.286
G1 X-2.414 Y2.231
G1 X-2.578 Y2.085
G1 X-2.377 Y2.249
G1 X-2.341 Y2.341
G1 X-2.213 Y2.322
G1 X-2.377 Y2.158
G1 X-2.158 Y2.341
G1 X-2.103 Y2.286
G1 X-2.158 Y2.231
G1 X-2.103 Y2.286
G1 X-2.085 Y2.341
G1 X-1.938 Y2.304
G1 X-1.975 Y2.267
G1 X-1.865 Y2.377
G1 X-1.810 Y2.359
G1 X-1.737 Y2.469
G1 X-1.682 Y2.414
G1 X-1.719 Y2.359
G1 X-1.664 Y2.414
G1 X-1.591 Y2.359
G1 X-1.499 Y2.450
G1 X-1.481 Y2.505
M5
G0 X-1.426 Y2.469 F2500
M3 S280
G1 F900
G1 X-1.408 Y2.542
G1 X-1.353 Y2.560
G1 X-1.225 Y2.542
G1 X-1.262 Y2.469
G1 X-1.335 Y2.450
M5
G0 X-1.317 Y2.469 F2500
M3 S280
G1 F900
G1 X-1.243 Y2.450
G1 X-1.262 Y1.499
G1 X-1.243 Y1.390
G1 X-1.189 Y1.317
G1 X-1.243 Y1.243
G1 X-1.243 Y0.951
G1 X-1.207 Y0.914
G1 X-1.207 Y0.823
G1 X-1.243 Y0.786
G1 X-1.225 Y0.622
G1 X-1.243 Y0.146
G1 X-1.207 Y0.073
G1 X-1.225 Y-0.677
G1 X-1.262 Y-0.713
G1 X-1.426 Y-0.695
G1 X-1.445 Y2.011
G1 X-1.408 Y2.450
M5
G0 X-1.755 Y2.432 F2500
M3 S280
G1 F900
G1 X-1.847 Y2.359
G1 X-1.883 Y2.395
G1 X-1.865 Y2.450
G1 X-1.829 Y2.469
M5
G0 X-1.902 Y2.432 F2500
M3 S280
G1 F900
G1 X-1.883 Y2.359
G1 X-1.920 Y2.322
G1 X-1.993 Y2.341
G1 X-1.975 Y2.414
M5
G0 X-2.085 Y2.395 F2500
M3 S280
G1 F900
G1 X-1.993 Y2.395
G1 X-2.011 Y2.322
G1 X-2.066 Y2.322
G1 X-2.103 Y2.359
M5
G0 X-0.713 Y2.523 F2500
M3 S280
G1 F900
G1 X-0.695 Y2.560
G1 X-0.622 Y2.523
G1 X-0.677 Y2.487
M5
G0 X-0.201 Y2.597 F2500
M3 S280
G1 F900
G1 X-0.183 Y2.651
G1 X-0.055 Y2.633
G1 X-0.110 Y2.578
M5
G0 X0.000 Y2.615 F2500
M3 S280
G1 F900
G1 X-0.018 Y2.359
G1 X-0.091 Y2.359
G1 X-0.091 Y2.322
G1 X-0.055 Y2.304
G1 X-0.091 Y2.267
G1 X-0.201 Y2.249
G1 X-0.256 Y2.139
G1 X-0.293 Y2.121
G1 X-0.347 Y2.139
G1 X-0.439 Y2.121
G1 X-0.475 Y2.066
G1 X-0.567 Y2.085
G1 X-0.640 Y2.048
G1 X-0.677 Y1.975
G1 X-0.731 Y1.975
G1 X-0.786 Y1.883
G1 X-1.006 Y1.701
G1 X-1.061 Y1.536
G1 X-1.061 Y1.445
G1 X-1.097 Y1.408
G1 X-1.170 Y1.408
G1 X-1.170 Y1.719
G1 X-1.152 Y1.774
G1 X-1.079 Y1.847
G1 X-0.933 Y1.920
G1 X-0.658 Y2.213
G1 X-0.786 Y2.158
G1 X-0.750 Y2.139
G1 X-0.768 Y2.103
G1 X-0.969 Y1.902
G1 X-1.079 Y1.847
G1 X-1.152 Y1.865
G1 X-1.152 Y1.938
G1 X-1.189 Y1.335
G1 X-1.243 Y1.390
G1 X-1.262 Y1.499
G1 X-1.243 Y2.523
G1 X-1.225 Y2.560
G1 X-1.134 Y2.597
G1 X-0.713 Y2.633
G1 X-0.256 Y2.615
G1 X-0.274 Y2.578
G1 X-0.567 Y2.542
G1 X-0.695 Y2.560
G1 X-1.134 Y2.523
G1 X-1.134 Y2.432
G1 X-1.115 Y2.523
G1 X-1.079 Y2.542
G1 X-0.896 Y2.487
G1 X-1.061 Y2.395
G1 X-1.024 Y2.395
G1 X-0.914 Y2.487
G1 X-0.823 Y2.487
G1 X-0.878 Y2.523
G1 X-0.786 Y2.542
G1 X-0.750 Y2.505
G1 X-0.786 Y2.450
G1 X-0.750 Y2.505
G1 X-0.713 Y2.523
G1 X-0.658 Y2.487
G1 X-0.603 Y2.542
G1 X-0.549 Y2.523
G1 X-0.549 Y2.487
G1 X-0.530 Y2.560
G1 X-0.457 Y2.560
G1 X-0.384 Y2.469
G1 X-0.421 Y2.523
G1 X-0.384 Y2.560
G1 X-0.329 Y2.523
G1 X-0.293 Y2.560
G1 X-0.256 Y2.450
G1 X-0.238 Y2.505
G1 X-0.274 Y2.542
G1 X-0.256 Y2.597
G1 X-0.128 Y2.560
G1 X-0.183 Y2.432
G1 X-0.293 Y2.304
G1 X-0.457 Y2.249
G1 X-0.512 Y2.286
G1 X-0.512 Y2.249
G1 X-0.311 Y2.286
G1 X-0.201 Y2.395
G1 X-0.110 Y2.578
M5
G0 X0.018 Y2.633 F2500
M3 S280
G1 F900
G1 X0.073 Y2.633
G1 X0.110 Y2.597
G1 X0.110 Y2.523
G1 X0.201 Y2.377
G1 X0.274 Y2.304
G1 X0.384 Y2.267
G1 X0.457 Y2.267
G1 X0.311 Y2.286
G1 X0.219 Y2.359
G1 X0.110 Y2.542
G1 X0.091 Y2.615
G1 X0.110 Y2.651
G1 X0.201 Y2.633
G1 X0.201 Y2.560
G1 X0.439 Y2.523
G1 X0.402 Y2.469
G1 X0.457 Y2.542
G1 X0.530 Y2.542
G1 X0.530 Y2.505
G1 X0.567 Y2.487
G1 X0.549 Y2.560
G1 X0.622 Y2.542
G1 X0.622 Y2.505
G1 X0.658 Y2.505
G1 X0.695 Y2.542
G1 X0.750 Y2.523
G1 X0.859 Y2.395
G1 X0.768 Y2.487
G1 X0.768 Y2.542
G1 X1.115 Y2.523
G1 X1.115 Y2.450
G1 X1.097 Y2.542
G1 X0.658 Y2.560
G1 X0.457 Y2.542
G1 X0.256 Y2.578
G1 X0.274 Y2.633
G1 X0.987 Y2.615
G1 X1.152 Y2.597
G1 X1.225 Y2.542
G1 X1.207 Y2.377
G1 X1.243 Y1.408
G1 X1.207 Y1.371
G1 X1.152 Y1.390
G1 X1.152 Y1.682
G1 X1.115 Y1.810
G1 X1.134 Y2.304
G1 X1.097 Y1.829
G1 X0.896 Y1.957
G1 X0.585 Y2.267
G1 X0.622 Y2.286
G1 X0.603 Y2.231
G1 X0.677 Y2.194
G1 X0.951 Y1.902
G1 X1.079 Y1.847
G1 X1.134 Y1.792
G1 X1.152 Y1.682
G1 X1.134 Y1.390
G1 X1.061 Y1.408
G1 X1.061 Y1.463
G1 X1.024 Y1.536
G1 X1.042 Y1.591
G1 X1.006 Y1.627
G1 X0.987 Y1.701
G1 X0.896 Y1.755
G1 X0.768 Y1.883
G1 X0.750 Y1.938
G1 X0.695 Y1.993
G1 X0.658 Y1.993
G1 X0.640 Y2.030
G1 X0.567 Y2.066
G1 X0.567 Y2.103
G1 X0.238 Y2.176
G1 X0.000 Y2.414
M5
G0 X0.000 Y2.377 F2500
M3 S280
G1 F900
G1 X0.091 Y2.341
G1 X0.018 Y2.267
G1 X-0.055 Y2.286
G1 X-0.037 Y2.359
M5
G0 X-0.055 Y2.286 F2500
M3 S280
G1 F900
G1 X-0.018 Y2.249
G1 X-0.018 Y2.176
G1 X-0.073 Y2.085
G1 X-0.165 Y1.682
G1 X-0.238 Y1.463
G1 X-0.421 Y1.079
G1 X-0.731 Y0.658
G1 X-0.914 Y0.475
G1 X-0.969 Y0.475
G1 X-1.042 Y0.549
G1 X-0.823 Y0.805
G1 X-0.677 Y1.024
G1 X-0.567 Y1.243
G1 X-0.238 Y2.121
G1 X-0.201 Y2.103
G1 X-0.238 Y2.139
G1 X-0.110 Y2.176
G1 X-0.146 Y2.194
G1 X-0.110 Y2.231
G1 X-0.073 Y2.231
M5
G0 X-0.128 Y2.286 F2500
M3 S280
G1 F900
G1 X-0.110 Y2.249
G1 X-0.165 Y2.194
G1 X-0.201 Y2.231
M5
G0 X0.018 Y2.267 F2500
M3 S280
G1 F900
G1 X0.146 Y2.194
G1 X0.219 Y2.194
G1 X0.238 Y2.121
G1 X0.146 Y2.158
G1 X0.055 Y2.139
G1 X-0.018 Y2.158
M5
G0 X0.091 Y2.286 F2500
M3 S280
G1 F900
G1 X0.183 Y2.249
G1 X0.183 Y2.194
G1 X0.110 Y2.213
G1 X0.073 Y2.249
M5
G0 X1.335 Y2.560 F2500
M3 S280
G1 F900
G1 X1.426 Y2.505
G1 X1.335 Y2.450
G1 X1.390 Y2.432
G1 X1.390 Y-0.713
G1 X1.243 Y-0.731
G1 X1.189 Y-0.658
G1 X1.225 Y0.055
G1 X1.189 Y0.146
G1 X1.225 Y0.384
G1 X1.225 Y0.640
G1 X1.189 Y0.768
G1 X1.207 Y1.353
G1 X1.243 Y1.408
G1 X1.207 Y2.377
G1 X1.225 Y2.487
G1 X1.280 Y2.487
G1 X1.225 Y2.505
G1 X1.243 Y2.560
M5
G0 X1.390 Y2.450 F2500
M3 S280
G1 F900
G1 X1.426 Y2.487
G1 X1.499 Y2.469
G1 X1.518 Y2.377
G1 X1.573 Y2.450
G1 X1.627 Y2.395
G1 X1.664 Y2.395
G1 X1.719 Y2.450
G1 X1.774 Y2.432
G1 X1.755 Y2.359
G1 X1.719 Y2.341
G1 X1.774 Y2.377
G1 X1.847 Y2.341
G1 X1.902 Y2.377
G1 X1.938 Y2.322
G1 X1.938 Y2.414
G1 X2.011 Y2.395
G1 X1.975 Y2.322
G1 X2.030 Y2.322
G1 X2.103 Y2.267
G1 X2.176 Y2.304
G1 X2.249 Y2.231
G1 X2.176 Y2.359
G1 X2.286 Y2.359
G1 X2.341 Y2.304
G1 X2.359 Y2.249
G1 X2.505 Y2.249
G1 X2.523 Y2.213
G1 X2.597 Y2.176
G1 X2.578 Y2.249
G1 X2.633 Y2.267
G1 X2.670 Y2.231
G1 X2.651 Y2.176
G1 X2.816 Y2.085
G1 X2.889 Y2.103
G1 X2.907 Y2.066
G1 X2.962 Y2.048
G1 X3.017 Y2.103
G1 X3.035 Y2.030
G1 X3.054 Y2.121
G1 X3.127 Y2.048
G1 X3.127 Y2.011
G1 X3.163 Y2.066
G1 X3.182 Y2.030
G1 X3.163 Y1.975
G1 X3.200 Y1.975
G1 X3.237 Y1.920
G1 X3.182 Y2.030
G1 X3.200 Y2.085
G1 X3.328 Y1.993
G1 X3.310 Y1.701
G1 X2.286 Y2.030
G1 X1.408 Y2.213
M5
G0 X1.426 Y2.194 F2500
M3 S280
G1 F900
G1 X1.719 Y2.158
G1 X2.341 Y2.011
G1 X3.218 Y1.737
G1 X3.328 Y1.682
G1 X3.310 Y1.518
G1 X1.938 Y1.920
G1 X1.829 Y1.920
G1 X1.774 Y1.957
G1 X1.481 Y1.993
G1 X1.408 Y2.030
M5
G0 X1.426 Y2.011 F2500
M3 S280
G1 F900
G1 X1.573 Y1.993
G1 X1.664 Y1.957
G1 X1.627 Y-0.713
G1 X1.408 Y-0.695
M5
G0 X1.262 Y-1.042 F2500
M3 S280
G1 F900
G1 X1.170 Y-0.951
G1 X1.134 Y-0.951
G1 X0.933 Y-1.170
G1 X1.134 Y-0.951
G1 X1.170 Y-0.951
M5
G0 X2.158 Y-1.463 F2500
M3 S280
G1 F900
G1 X2.267 Y-1.463
G1 X2.304 Y-1.499
G1 X2.377 Y-1.518
G1 X2.377 Y-1.682
G1 X2.395 Y-1.499
G1 X2.487 Y-1.518
G1 X2.487 Y-1.646
G1 X2.505 Y-1.499
G1 X2.560 Y-1.518
G1 X2.560 Y-1.573
G1 X2.578 Y-1.499
G1 X2.725 Y-1.536
G1 X2.725 Y-1.664
G1 X2.743 Y-1.536
G1 X2.798 Y-1.554
G1 X2.798 Y-1.701
G1 X2.853 Y-1.883
G1 X2.999 Y-2.030
G1 X3.017 Y-2.121
G1 X2.981 Y-2.158
G1 X2.597 Y-2.158
G1 X2.469 Y-2.103
G1 X2.359 Y-1.993
G1 X2.194 Y-1.701
G1 X2.139 Y-1.554
M5
G0 X3.182 Y-0.878 F2500
M3 S280
G1 F900
G1 X3.218 Y-0.841
G1 X3.310 Y-0.859
G1 X3.291 Y-0.914
M5
G0 X3.310 Y-0.695 F2500
M3 S280
G1 F900
G1 X3.310 Y-0.841
G1 X3.200 Y-0.841
G1 X3.163 Y-0.878
G1 X1.810 Y-0.896
G1 X0.951 Y-0.859
G1 X0.823 Y-0.878
G1 X0.603 Y-0.841
G1 X-0.457 Y-0.841
G1 X-0.494 Y-0.878
G1 X-1.097 Y-0.859
G1 X-3.291 Y-0.896
G1 X-3.328 Y-0.859
G1 X-3.310 Y-0.731
G1 X-2.962 Y-0.695
G1 X-1.225 Y-0.695
G1 X-1.079 Y-0.731
G1 X-0.896 Y-0.713
G1 X-0.750 Y-0.731
G1 X1.097 Y-0.713
G1 X1.152 Y-0.677
G1 X1.189 Y-0.677
G1 X1.243 Y-0.731
G1 X1.792 Y-0.695
G1 X2.542 Y-0.695
G1 X2.560 Y-0.713
M5
G0 X2.322 Y-0.311 F2500
M3 S280
G1 F900
G1 X2.414 Y-0.329
G1 X2.469 Y-0.439
G1 X2.414 Y-0.311
M5
G0 X2.688 Y0.457 F2500
M3 S280
G1 F900
G1 X2.597 Y0.439
G1 X2.469 Y0.293
G1 X2.597 Y0.439
M5
G0 X2.725 Y0.987 F2500
M3 S280
G1 F900
G1 X2.469 Y0.695
G1 X2.706 Y0.933
M5
G0 X2.011 Y0.969 F2500
M3 S280
G1 F900
G1 X2.249 Y0.713
M5
G0 X1.865 Y0.384 F2500
M3 S280
G1 F900
G1 X1.883 Y0.439
G1 X2.011 Y0.530
G1 X2.121 Y0.530
G1 X2.194 Y0.494
G1 X2.322 Y0.366
G1 X2.341 Y0.293
G1 X2.395 Y0.329
G1 X2.432 Y0.402
G1 X2.523 Y0.494
G1 X2.597 Y0.530
G1 X2.743 Y0.512
G1 X2.853 Y0.421
G1 X2.816 Y0.475
G1 X2.706 Y0.530
G1 X2.578 Y0.530
G1 X2.414 Y0.384
G1 X2.359 Y0.293
G1 X2.286 Y0.421
G1 X2.213 Y0.494
G1 X2.139 Y0.530
G1 X1.993 Y0.530
G1 X1.883 Y0.439
M5
G0 X2.231 Y1.481 F2500
M3 S280
G1 F900
G1 X2.322 Y1.554
G1 X2.341 Y1.518
G1 X2.304 Y1.445
G1 X2.322 Y1.554
M5
G0 X2.341 Y1.664 F2500
M3 S280
G1 F900
G1 X2.377 Y1.664
G1 X2.633 Y1.426
G1 X2.798 Y1.134
G1 X2.871 Y0.859
G1 X2.907 Y0.841
G1 X2.944 Y0.677
G1 X2.944 Y-0.384
G1 X2.907 Y-0.457
G1 X2.798 Y-0.549
G1 X2.743 Y-0.567
G1 X2.926 Y-0.475
G1 X2.907 Y-0.567
G1 X2.798 Y-0.622
G1 X2.944 Y-0.585
G1 X2.926 Y-0.695
G1 X2.779 Y-0.713
G1 X1.792 Y-0.695
G1 X1.810 Y-0.567
G1 X1.957 Y-0.622
G1 X1.792 Y-0.549
G1 X1.810 Y0.786
G1 X1.847 Y0.805
G1 X1.883 Y1.024
G1 X2.030 Y1.335
G1 X2.121 Y1.463
M5
G0 X1.810 Y1.938 F2500
M3 S280
G1 F900
G1 X2.158 Y1.865
G1 X2.907 Y1.646
G1 X2.944 Y1.609
G1 X2.926 Y0.841
G1 X2.871 Y0.859
G1 X2.798 Y1.134
G1 X2.651 Y1.408
G1 X2.414 Y1.646
G1 X2.322 Y1.664
G1 X2.121 Y1.463
G1 X2.030 Y1.335
G1 X1.883 Y1.024
G1 X1.865 Y0.878
G1 X1.810 Y0.786
M5
G0 X1.664 Y1.957 F2500
M3 S280
G1 F900
G1 X1.792 Y1.938
G1 X1.774 Y-0.713
G1 X1.646 Y-0.695
M5
G0 X3.675 Y0.055 F2500
M3 S280
G1 F900
G1 X3.730 Y0.018
G1 X3.639 Y-0.055
G1 X3.675 Y-0.091
G1 X3.767 Y-0.073
G1 X3.602 Y-0.256
G1 X3.547 Y-0.274
G1 X3.511 Y-0.219
G1 X3.511 Y-0.128
G1 X3.566 Y0.018
G1 X3.602 Y-0.037
G1 X3.566 Y0.018
M5
G0 X3.694 Y0.256 F2500
M3 S280
G1 F900
G1 X3.968 Y0.256
M5
G0 X4.096 Y0.201 F2500
M3 S280
G1 F900
G1 X4.078 Y0.091
G1 X3.877 Y0.091
G1 X3.639 Y0.037
G1 X3.511 Y0.037
G1 X3.529 Y0.201
G1 X3.803 Y0.201
G1 X3.822 Y0.219
M5
G0 X4.096 Y0.073 F2500
M3 S280
G1 F900
G1 X4.114 Y-0.018
G1 X4.096 Y-0.073
G1 X3.895 Y-0.201
G1 X3.877 Y-0.384
G1 X3.822 Y-0.439
G1 X3.694 Y-0.421
G1 X3.712 Y-0.512
G1 X3.675 Y-0.677
G1 X3.639 Y-0.731
G1 X3.547 Y-0.786
G1 X3.529 Y-0.329
G1 X3.547 Y-0.293
G1 X3.858 Y-0.018
G1 X3.950 Y0.037
G1 X4.005 Y0.000
G1 X3.950 Y0.037
G1 X3.785 Y-0.073
G1 X3.730 Y-0.018
G1 X3.730 Y0.037
G1 X3.767 Y0.073
G1 X3.877 Y0.091
M5
G0 X4.425 Y0.110 F2500
M3 S280
G1 F900
G1 X4.443 Y0.238
G1 X5.376 Y0.219
G1 X5.376 Y0.128
G1 X5.339 Y0.091
G1 X4.955 Y0.110
G1 X4.955 Y0.146
G1 X4.608 Y0.128
G1 X4.571 Y0.091
M5
G0 X4.590 Y0.110 F2500
M3 S280
G1 F900
G1 X4.626 Y0.146
G1 X4.955 Y0.128
G1 X4.937 Y0.073
M5
G0 X5.394 Y0.695 F2500
M3 S280
G1 F900
G1 X5.358 Y0.238
G1 X4.425 Y0.256
G1 X4.443 Y0.695
G1 X5.248 Y0.713
M5
G0 X5.413 Y0.768 F2500
M3 S280
G1 F900
G1 X5.577 Y0.768
G1 X5.559 Y0.037
G1 X5.522 Y0.000
G1 X5.431 Y0.018
G1 X5.358 Y0.110
G1 X5.376 Y0.530
M5
G0 X5.632 Y0.805 F2500
M3 S280
G1 F900
G1 X5.687 Y0.805
G1 X5.742 Y0.750
G1 X5.760 Y0.091
G1 X5.705 Y0.018
G1 X5.559 Y0.037
G1 X5.559 Y0.384
G1 X5.577 Y0.402
G1 X5.595 Y0.786
M5
G0 X5.778 Y0.293 F2500
M3 S280
G1 F900
G1 X5.815 Y0.238
G1 X5.760 Y0.256
M5
G0 X5.851 Y0.183 F2500
M3 S280
G1 F900
G1 X5.906 Y0.128
G1 X5.833 Y0.146
M5
G0 X5.906 Y0.311 F2500
M3 S280
G1 F900
G1 X5.906 Y0.256
G1 X5.833 Y0.274
M5
G0 X6.290 Y0.512 F2500
M3 S280
G1 F900
G1 X5.998 Y0.311
G1 X5.888 Y0.293
G1 X5.778 Y0.311
G1 X5.943 Y0.366
G1 X6.254 Y0.549
M5
G0 X6.674 Y0.841 F2500
M3 S280
G1 F900
G1 X6.290 Y0.512
G1 X6.254 Y0.549
G1 X6.546 Y0.805
M5
G0 X7.278 Y1.061 F2500
M3 S280
G1 F900
G1 X7.259 Y0.969
G1 X7.003 Y0.896
G1 X6.894 Y0.841
G1 X6.546 Y0.530
G1 X6.491 Y0.549
G1 X6.382 Y0.439
G1 X6.254 Y0.366
G1 X6.254 Y0.311
G1 X6.199 Y0.256
G1 X6.144 Y0.238
G1 X6.126 Y0.274
G1 X5.906 Y0.183
G1 X5.833 Y0.183
G1 X5.815 Y0.128
G1 X5.742 Y0.146
G1 X5.760 Y0.238
G1 X5.925 Y0.256
G1 X5.979 Y0.311
G1 X6.053 Y0.329
G1 X6.619 Y0.768
G1 X6.711 Y0.878
G1 X6.766 Y0.878
G1 X6.912 Y0.969
G1 X7.205 Y1.079
M5
G0 X7.241 Y1.499 F2500
M3 S280
G1 F900
G1 X7.278 Y1.353
G1 X7.259 Y1.079
G1 X7.113 Y1.061
G1 X6.802 Y0.951
G1 X7.022 Y1.079
G1 X6.875 Y1.042
G1 X7.003 Y1.115
G1 X6.839 Y1.042
G1 X6.199 Y0.512
G1 X5.979 Y0.384
G1 X5.760 Y0.311
G1 X5.760 Y0.731
G1 X5.833 Y0.731
G1 X6.016 Y0.841
G1 X6.455 Y1.225
G1 X6.693 Y1.390
G1 X7.003 Y1.499
G1 X7.168 Y1.518
M5
G0 X7.278 Y1.554 F2500
M3 S280
G1 F900
G1 X7.369 Y1.536
G1 X7.424 Y1.170
G1 X7.424 Y0.987
G1 X7.406 Y0.951
G1 X7.314 Y0.933
G1 X7.259 Y0.987
G1 X7.278 Y1.353
G1 X7.241 Y1.518
M5
G0 X7.406 Y1.536 F2500
M3 S280
G1 F900
G1 X7.534 Y1.499
G1 X7.534 Y0.914
G1 X7.406 Y0.933
G1 X7.424 Y1.170
G1 X7.387 Y1.335
M5
G0 X7.552 Y1.499 F2500
M3 S280
G1 F900
G1 X7.753 Y1.463
G1 X7.918 Y1.298
G1 X7.936 Y1.243
G1 X7.918 Y1.079
G1 X7.771 Y0.914
G1 X7.680 Y0.896
G1 X7.552 Y0.914
G1 X7.570 Y0.969
G1 X7.625 Y0.969
G1 X7.534 Y0.987
M5
G0 X7.863 Y1.189 F2500
M3 S280
G1 F900
G1 X7.863 Y1.134
G1 X7.808 Y1.042
G1 X7.753 Y1.006
G1 X7.717 Y1.024
G1 X7.643 Y1.006
G1 X7.717 Y0.987
G1 X7.680 Y0.969
G1 X7.753 Y0.987
G1 X7.826 Y1.061
G1 X7.863 Y1.134
M5
G0 X9.253 Y-0.823 F2500
M3 S280
G1 F900
G1 X9.490 Y-1.317
G1 X9.563 Y-1.426
M5
G0 X9.655 Y-1.353 F2500
M3 S280
G1 F900
G1 X9.893 Y-1.755
G1 X10.167 Y-2.085
G1 X10.167 Y-2.944
G1 X10.112 Y-3.621
G1 X9.947 Y-4.571
G1 X9.801 Y-5.120
G1 X9.655 Y-5.559
G1 X9.344 Y-6.290
G1 X9.161 Y-6.656
G1 X8.942 Y-7.022
G1 X9.143 Y-6.693
G1 X9.435 Y-6.107
G1 X9.673 Y-5.522
G1 X9.947 Y-4.590
G1 X10.112 Y-3.621
G1 X10.167 Y-2.944
G1 X10.167 Y-2.085
G1 X9.929 Y-1.792
M5
G0 X9.637 Y-1.554 F2500
M3 S280
G1 F900
G1 X9.819 Y-1.847
G1 X10.057 Y-2.139
G1 X10.057 Y-2.816
G1 X10.002 Y-3.584
G1 X10.057 Y-2.816
G1 X10.057 Y-2.139
G1 X9.819 Y-1.847
M5
G0 X6.601 Y-3.365 F2500
M3 S280
G1 F900
G1 X6.400 Y-3.566
G1 X6.199 Y-3.639
G1 X6.144 Y-3.694
G1 X5.870 Y-3.730
G1 X5.577 Y-3.712
G1 X5.559 Y-3.675
G1 X5.778 Y-3.456
G1 X5.870 Y-3.419
G1 X6.089 Y-3.401
G1 X6.199 Y-3.419
G1 X6.144 Y-3.511
G1 X6.181 Y-3.474
G1 X6.181 Y-3.438
G1 X6.254 Y-3.383
G1 X6.491 Y-3.346
M5
G0 X5.175 Y-2.798 F2500
M3 S280
G1 F900
G1 X5.211 Y-2.761
G1 X5.266 Y-2.761
G1 X5.339 Y-2.798
G1 X5.303 Y-2.834
G1 X5.211 Y-2.834
M5
G0 X4.992 Y-2.798 F2500
M3 S280
G1 F900
G1 X5.029 Y-2.761
G1 X5.157 Y-2.779
G1 X5.193 Y-2.834
G1 X5.321 Y-2.834
G1 X5.358 Y-2.798
G1 X5.504 Y-2.779
G1 X5.705 Y-2.798
G1 X5.687 Y-2.871
G1 X5.614 Y-2.871
G1 X5.705 Y-2.889
G1 X5.705 Y-2.926
G1 X5.669 Y-2.981
G1 X5.504 Y-2.962
G1 X5.157 Y-2.981
G1 X5.010 Y-2.944
M5
G0 X4.901 Y-3.255 F2500
M3 S280
G1 F900
G1 X4.955 Y-3.182
G1 X4.974 Y-3.090
G1 X5.047 Y-2.962
G1 X5.650 Y-2.962
G1 X5.705 Y-3.017
G1 X5.723 Y-3.072
G1 X5.760 Y-3.090
G1 X5.778 Y-3.182
G1 X5.833 Y-3.255
G1 X5.797 Y-3.291
G1 X5.632 Y-3.310
G1 X4.919 Y-3.291
M5
G0 X4.480 Y-3.895 F2500
M3 S280
G1 F900
G1 X4.571 Y-3.712
G1 X4.645 Y-3.694
G1 X5.065 Y-3.749
G1 X5.870 Y-3.730
G1 X6.016 Y-3.694
G1 X6.144 Y-3.694
G1 X6.181 Y-3.730
G1 X6.181 Y-3.803
G1 X6.254 Y-3.913
G1 X6.235 Y-3.950
G1 X6.144 Y-3.986
G1 X5.888 Y-4.023
G1 X5.175 Y-4.041
G1 X4.535 Y-3.968
G1 X4.498 Y-3.950
M5
G0 X4.279 Y-4.059 F2500
M3 S280
G1 F900
G1 X4.334 Y-3.968
G1 X4.425 Y-3.931
G1 X4.480 Y-3.931
G1 X4.535 Y-3.968
G1 X5.175 Y-4.041
G1 X5.723 Y-4.041
G1 X6.217 Y-3.968
G1 X6.254 Y-3.931
G1 X6.309 Y-3.931
G1 X6.382 Y-3.968
G1 X6.437 Y-4.059
G1 X6.363 Y-4.114
G1 X5.925 Y-4.187
G1 X5.669 Y-4.206
G1 X5.632 Y-4.242
G1 X5.083 Y-4.242
G1 X5.047 Y-4.206
G1 X4.955 Y-4.187
G1 X4.809 Y-4.187
G1 X4.315 Y-4.096
M5
G0 X4.151 Y-3.401 F2500
M3 S280
G1 F900
G1 X4.169 Y-3.346
G1 X4.242 Y-3.346
G1 X4.498 Y-3.401
G1 X5.175 Y-3.456
G1 X5.467 Y-3.456
G1 X5.486 Y-3.438
G1 X5.778 Y-3.474
G1 X5.559 Y-3.657
G1 X5.504 Y-3.749
G1 X5.065 Y-3.749
G1 X4.590 Y-3.694
G1 X4.535 Y-3.639
G1 X4.443 Y-3.621
G1 X4.297 Y-3.547
M5
G0 X4.005 Y-3.218 F2500
M3 S280
G1 F900
G1 X4.096 Y-3.163
G1 X4.206 Y-3.163
G1 X4.297 Y-3.127
G1 X4.754 Y-3.090
G1 X4.955 Y-3.145
G1 X4.955 Y-3.182
G1 X4.882 Y-3.255
G1 X4.242 Y-3.255
G1 X5.632 Y-3.310
G1 X5.797 Y-3.291
G1 X5.833 Y-3.255
G1 X5.943 Y-3.237
G1 X5.961 Y-3.255
G1 X6.053 Y-3.255
G1 X6.071 Y-3.237
G1 X6.455 Y-3.255
G1 X5.833 Y-3.237
G1 X5.778 Y-3.182
G1 X5.760 Y-3.109
G1 X6.071 Y-3.090
G1 X6.674 Y-3.182
G1 X6.711 Y-3.218
G1 X6.711 Y-3.273
G1 X6.619 Y-3.346
G1 X6.473 Y-3.346
G1 X6.235 Y-3.401
G1 X5.851 Y-3.438
G1 X5.175 Y-3.456
G1 X4.645 Y-3.419
G1 X4.114 Y-3.346
G1 X4.005 Y-3.255
M5
G0 X4.992 Y-4.462 F2500
M3 S280
G1 F900
G1 X5.010 Y-4.370
G1 X5.102 Y-4.242
G1 X5.632 Y-4.242
G1 X5.742 Y-4.389
G1 X5.742 Y-4.480
G1 X5.705 Y-4.498
G1 X5.285 Y-4.498
M5
G0 X5.029 Y-4.754 F2500
M3 S280
G1 F900
G1 X5.102 Y-4.754
G1 X5.193 Y-4.791
G1 X5.467 Y-4.791
G1 X5.504 Y-4.827
G1 X5.467 Y-4.864
G1 X5.467 Y-4.937
G1 X5.467 Y-4.882
G1 X5.522 Y-4.827
G1 X5.559 Y-4.827
G1 X5.632 Y-4.773
G1 X5.705 Y-4.791
G1 X5.742 Y-5.413
G1 X5.815 Y-5.778
G1 X5.833 Y-6.016
G1 X5.888 Y-6.235
G1 X5.870 Y-6.363
G1 X5.797 Y-6.400
G1 X5.541 Y-6.455
G1 X5.248 Y-6.455
G1 X5.010 Y-6.418
G1 X4.809 Y-6.345
G1 X4.809 Y-6.217
G1 X4.882 Y-5.906
M5
G0 X4.754 Y-6.382 F2500
M3 S280
G1 F900
G1 X4.809 Y-6.345
G1 X5.102 Y-6.437
G1 X5.541 Y-6.455
G1 X5.742 Y-6.418
G1 X5.906 Y-6.345
G1 X5.961 Y-6.437
G1 X5.723 Y-6.546
G1 X5.321 Y-6.565
G1 X4.955 Y-6.510
G1 X4.754 Y-6.437
M5
G0 X4.699 Y-6.473 F2500
M3 S280
G1 F900
G1 X4.773 Y-6.455
G1 X4.937 Y-6.510
G1 X5.321 Y-6.565
G1 X5.595 Y-6.565
G1 X5.742 Y-6.546
G1 X5.925 Y-6.455
G1 X5.979 Y-6.473
G1 X5.979 Y-6.565
G1 X5.906 Y-6.638
G1 X5.778 Y-6.674
G1 X5.248 Y-6.674
G1 X4.937 Y-6.638
G1 X4.699 Y-6.565
M5
G0 X4.352 Y-7.022 F2500
M3 S280
G1 F900
G1 X4.389 Y-6.985
G1 X4.389 Y-6.930
G1 X4.681 Y-6.601
G1 X4.791 Y-6.583
G1 X4.937 Y-6.638
G1 X5.248 Y-6.674
G1 X5.778 Y-6.674
G1 X5.870 Y-6.656
G1 X5.998 Y-6.583
G1 X6.107 Y-6.747
G1 X6.235 Y-6.875
G1 X6.254 Y-6.967
G1 X6.345 Y-7.095
G1 X6.254 Y-7.150
G1 X5.961 Y-7.205
G1 X5.065 Y-7.223
G1 X4.754 Y-7.186
G1 X4.370 Y-7.095
M5
G0 X4.187 Y-7.296 F2500
M3 S280
G1 F900
G1 X4.206 Y-7.223
G1 X4.279 Y-7.223
G1 X4.517 Y-7.296
G1 X4.809 Y-7.351
G1 X5.541 Y-7.369
G1 X6.034 Y-7.333
G1 X6.510 Y-7.223
G1 X6.583 Y-7.278
G1 X6.473 Y-7.369
G1 X6.126 Y-7.442
G1 X5.467 Y-7.497
G1 X4.974 Y-7.479
G1 X4.480 Y-7.406
G1 X4.407 Y-7.369
G1 X4.297 Y-7.369
G1 X4.206 Y-7.333
M5
G0 X4.041 Y-7.113 F2500
M3 S280
G1 F900
G1 X4.096 Y-7.022
G1 X4.261 Y-6.949
G1 X4.334 Y-6.967
G1 X4.352 Y-7.003
G1 X4.315 Y-7.058
G1 X4.407 Y-7.113
G1 X4.754 Y-7.186
G1 X5.065 Y-7.223
G1 X5.961 Y-7.205
G1 X6.309 Y-7.131
G1 X6.400 Y-7.095
G1 X6.455 Y-7.022
G1 X6.546 Y-7.022
G1 X6.546 Y-7.058
G1 X6.473 Y-7.113
G1 X6.583 Y-7.022
G1 X6.674 Y-7.095
G1 X6.674 Y-7.168
G1 X6.583 Y-7.241
G1 X6.473 Y-7.223
G1 X6.034 Y-7.333
G1 X5.541 Y-7.369
G1 X5.138 Y-7.369
G1 X4.699 Y-7.333
G1 X4.297 Y-7.223
G1 X4.151 Y-7.241
G1 X4.041 Y-7.150
M5
G0 X4.023 Y-7.698 F2500
M3 S280
G1 F900
G1 X4.187 Y-7.442
G1 X4.206 Y-7.369
G1 X4.279 Y-7.351
G1 X4.663 Y-7.442
G1 X5.394 Y-7.497
G1 X5.998 Y-7.461
G1 X6.309 Y-7.406
G1 X6.400 Y-7.369
G1 X6.491 Y-7.387
G1 X6.491 Y-7.442
G1 X6.656 Y-7.753
G1 X6.510 Y-7.826
G1 X6.126 Y-7.918
G1 X5.650 Y-7.973
G1 X5.248 Y-7.973
G1 X4.791 Y-7.936
G1 X4.443 Y-7.881
G1 X4.187 Y-7.808
G1 X4.078 Y-7.753
M5
G0 X3.877 Y-7.753 F2500
M3 S280
G1 F900
G1 X3.913 Y-7.717
G1 X4.023 Y-7.698
G1 X4.096 Y-7.771
G1 X4.443 Y-7.881
G1 X4.791 Y-7.936
G1 X5.248 Y-7.973
G1 X5.650 Y-7.973
G1 X6.126 Y-7.918
G1 X6.510 Y-7.826
G1 X6.638 Y-7.771
G1 X6.656 Y-7.735
G1 X6.729 Y-7.717
G1 X6.784 Y-7.735
G1 X6.802 Y-7.845
G1 X6.729 Y-7.936
G1 X6.619 Y-7.991
G1 X6.181 Y-8.101
G1 X5.760 Y-8.155
G1 X5.010 Y-8.155
G1 X4.608 Y-8.119
G1 X4.187 Y-8.027
G1 X3.986 Y-7.936
G1 X3.895 Y-7.845
M5
G0 X6.309 Y-6.912 F2500
M3 S280
G1 F900
G1 X6.473 Y-6.985
G1 X6.455 Y-7.040
G1 X6.400 Y-7.095
G1 X6.363 Y-7.095
G1 X6.309 Y-7.040
G1 X6.290 Y-6.949
M5
G0 X8.485 Y-7.461 F2500
M3 S280
G1 F900
G1 X8.210 Y-7.790
G1 X7.698 Y-8.302
G1 X7.479 Y-8.485
G1 X6.985 Y-8.832
G1 X6.546 Y-9.070
G1 X6.162 Y-9.216
G1 X5.541 Y-9.362
G1 X5.193 Y-9.399
G1 X4.736 Y-9.399
G1 X4.480 Y-9.362
G1 X4.261 Y-9.783
G1 X4.078 Y-10.021
G1 X3.803 Y-10.277
G1 X4.096 Y-10.002
G1 X4.242 Y-9.819
G1 X4.480 Y-9.362
G1 X4.736 Y-9.399
G1 X5.193 Y-9.399
G1 X5.541 Y-9.362
G1 X6.107 Y-9.234
G1 X6.711 Y-8.997
G1 X7.278 Y-8.649
G1 X7.735 Y-8.283
G1 X8.174 Y-7.845
M5
G0 X8.430 Y-7.753 F2500
M3 S280
G1 F900
G1 X7.680 Y-8.503
G1 X7.369 Y-8.741
G1 X6.875 Y-9.051
G1 X6.309 Y-9.307
G1 X5.705 Y-9.472
G1 X5.248 Y-9.527
G1 X4.590 Y-9.509
G1 X4.517 Y-9.545
G1 X4.498 Y-9.490
G1 X4.517 Y-9.454
G1 X4.370 Y-9.801
G1 X4.206 Y-10.021
G1 X4.389 Y-9.783
G1 X4.480 Y-9.563
G1 X4.590 Y-9.509
G1 X5.248 Y-9.527
G1 X5.705 Y-9.472
G1 X6.089 Y-9.381
G1 X6.363 Y-9.289
G1 X6.821 Y-9.088
G1 X7.387 Y-8.741
G1 X7.717 Y-8.485
G1 X8.174 Y-8.046
M5
G0 X8.997 Y-8.997 F2500
M3 S280
G1 F900
G1 X8.741 Y-9.088
G1 X8.302 Y-9.289
G1 X7.973 Y-9.509
G1 X7.808 Y-9.691
G1 X8.027 Y-9.472
G1 X8.247 Y-9.326
G1 X8.613 Y-9.143
M5
G0 X8.741 Y-9.435 F2500
M3 S280
G1 F900
G1 X8.795 Y-9.490
G1 X8.777 Y-9.545
G1 X8.704 Y-9.472
M5
G0 X8.667 Y-9.472 F2500
M3 S280
G1 F900
G1 X8.704 Y-9.472
G1 X8.741 Y-9.527
G1 X8.814 Y-9.563
G1 X8.814 Y-9.600
G1 X8.850 Y-9.637
G1 X8.850 Y-9.691
G1 X8.777 Y-9.746
G1 X8.686 Y-9.637
G1 X8.686 Y-9.582
G1 X8.631 Y-9.509
M5
G0 X8.594 Y-9.527 F2500
M3 S280
G1 F900
G1 X8.631 Y-9.527
G1 X8.686 Y-9.582
G1 X8.686 Y-9.655
G1 X8.741 Y-9.691
G1 X8.777 Y-9.765
G1 X8.777 Y-9.819
G1 X8.722 Y-9.874
G1 X8.558 Y-9.563
M5
G0 X8.558 Y-9.563 F2500
M3 S280
G1 F900
G1 X8.594 Y-9.600
G1 X8.613 Y-9.691
G1 X8.704 Y-9.856
G1 X8.759 Y-9.911
G1 X8.832 Y-10.075
G1 X8.795 Y-10.112
G1 X8.722 Y-10.094
G1 X8.649 Y-9.929
G1 X8.539 Y-9.765
G1 X8.741 Y-10.130
G1 X8.686 Y-10.185
G1 X8.631 Y-10.167
G1 X8.631 Y-10.130
G1 X8.521 Y-9.966
G1 X8.466 Y-9.819
G1 X8.521 Y-9.966
G1 X8.631 Y-10.130
G1 X8.631 Y-10.222
G1 X8.594 Y-10.240
G1 X8.539 Y-10.222
G1 X8.466 Y-10.057
G1 X8.558 Y-10.258
G1 X8.521 Y-10.295
G1 X8.466 Y-10.313
G1 X8.430 Y-10.277
G1 X8.375 Y-10.130
G1 X8.448 Y-10.295
G1 X8.448 Y-10.331
G1 X8.411 Y-10.368
G1 X8.338 Y-10.350
G1 X8.283 Y-10.203
G1 X8.357 Y-10.386
G1 X8.302 Y-10.441
G1 X8.247 Y-10.423
G1 X8.174 Y-10.277
G1 X8.265 Y-10.459
G1 X8.192 Y-10.514
G1 X8.137 Y-10.496
G1 X8.082 Y-10.331
G1 X8.155 Y-10.533
G1 X8.101 Y-10.587
G1 X8.027 Y-10.569
G1 X8.027 Y-10.514
G1 X7.973 Y-10.386
G1 X8.027 Y-10.569
G1 X8.027 Y-10.624
G1 X7.991 Y-10.642
G1 X7.936 Y-10.624
G1 X7.863 Y-10.423
G1 X7.899 Y-10.496
G1 X7.936 Y-10.679
G1 X7.863 Y-10.715
G1 X7.771 Y-10.697
G1 X7.698 Y-10.551
G1 X7.662 Y-10.405
G1 X7.461 Y-9.984
G1 X7.479 Y-9.874
G1 X7.698 Y-9.947
G1 X7.918 Y-9.929
G1 X8.210 Y-9.801
G1 X8.466 Y-9.618
G1 X8.521 Y-9.673
G1 X8.466 Y-9.618
M5
G0 X8.814 Y-9.728 F2500
M3 S280
G1 F900
G1 X8.887 Y-9.728
G1 X8.887 Y-9.765
G1 X8.997 Y-9.947
G1 X8.942 Y-10.002
G1 X8.887 Y-9.984
G1 X8.832 Y-9.856
G1 X8.777 Y-9.801
M5
G0 X8.795 Y-9.819 F2500
M3 S280
G1 F900
G1 X8.905 Y-10.021
G1 X8.869 Y-10.057
G1 X8.814 Y-10.039
G1 X8.741 Y-9.874
M5
G0 X8.923 Y-9.765 F2500
M3 S280
G1 F900
G1 X8.978 Y-9.746
G1 X9.033 Y-9.765
G1 X9.033 Y-9.819
G1 X9.070 Y-9.856
G1 X9.070 Y-9.893
G1 X9.033 Y-9.929
G1 X8.997 Y-9.929
G1 X8.942 Y-9.874
M5
G0 X8.942 Y-9.655 F2500
M3 S280
G1 F900
G1 X8.978 Y-9.673
G1 X8.978 Y-9.746
G1 X8.942 Y-9.765
G1 X8.887 Y-9.728
M5
G0 X8.923 Y-9.563 F2500
M3 S280
G1 F900
G1 X8.960 Y-9.600
G1 X8.960 Y-9.637
G1 X8.923 Y-9.691
G1 X8.850 Y-9.691
G1 X8.869 Y-9.600
M5
G0 X8.923 Y-9.490 F2500
M3 S280
G1 F900
G1 X8.923 Y-9.545
G1 X8.832 Y-9.618
G1 X8.795 Y-9.545
M5
G0 X8.850 Y-9.381 F2500
M3 S280
G1 F900
G1 X8.887 Y-9.417
G1 X8.869 Y-9.490
G1 X8.795 Y-9.509
G1 X8.741 Y-9.435
G1 X8.777 Y-9.399
M5
G0 X8.978 Y-9.435 F2500
M3 S280
G1 F900
G1 X9.015 Y-9.509
G1 X8.923 Y-9.527
G1 X8.923 Y-9.490
M5
G0 X9.015 Y-9.545 F2500
M3 S280
G1 F900
G1 X9.033 Y-9.655
G1 X8.960 Y-9.655
G1 X8.960 Y-9.600
M5
G0 X9.070 Y-9.618 F2500
M3 S280
G1 F900
G1 X9.106 Y-9.691
G1 X9.051 Y-9.746
G1 X8.997 Y-9.728
G1 X9.015 Y-9.673
M5
G0 X9.125 Y-9.728 F2500
M3 S280
G1 F900
G1 X9.143 Y-9.801
G1 X9.106 Y-9.838
G1 X9.033 Y-9.819
G1 X9.033 Y-9.765
M5
G0 X9.198 Y-9.637 F2500
M3 S280
G1 F900
G1 X9.216 Y-9.710
G1 X9.125 Y-9.746
G1 X9.125 Y-9.673
M5
G0 X9.143 Y-9.582 F2500
M3 S280
G1 F900
G1 X9.161 Y-9.655
G1 X9.088 Y-9.655
G1 X9.088 Y-9.618
M5
G0 X9.125 Y-9.509 F2500
M3 S280
G1 F900
G1 X9.143 Y-9.563
G1 X9.070 Y-9.618
G1 X9.033 Y-9.582
G1 X9.051 Y-9.509
M5
G0 X9.051 Y-9.362 F2500
M3 S280
G1 F900
G1 X9.106 Y-9.435
G1 X9.088 Y-9.490
G1 X9.033 Y-9.527
G1 X8.997 Y-9.490
G1 X8.997 Y-9.417
M5
G0 X9.015 Y-9.344 F2500
M3 S280
G1 F900
G1 X8.997 Y-9.417
G1 X8.960 Y-9.454
G1 X8.887 Y-9.454
G1 X8.887 Y-9.417
G1 X8.850 Y-9.381
G1 X8.887 Y-9.344
G1 X8.942 Y-9.326
M5
G0 X9.198 Y-9.307 F2500
M3 S280
G1 F900
G1 X9.198 Y-9.344
G1 X9.106 Y-9.417
G1 X9.033 Y-9.344
G1 X9.088 Y-9.289
M5
G0 X9.216 Y-9.344 F2500
M3 S280
G1 F900
G1 X9.271 Y-9.399
G1 X9.253 Y-9.454
G1 X9.198 Y-9.509
G1 X9.143 Y-9.527
G1 X9.106 Y-9.490
G1 X9.125 Y-9.417
M5
G0 X9.253 Y-9.472 F2500
M3 S280
G1 F900
G1 X9.271 Y-9.545
G1 X9.253 Y-9.600
G1 X9.198 Y-9.637
G1 X9.143 Y-9.545
M5
G0 X9.271 Y-9.984 F2500
M3 S280
G1 F900
G1 X9.015 Y-10.222
G1 X8.558 Y-10.533
G1 X9.088 Y-10.167
M5
G0 X9.435 Y-10.039 F2500
M3 S280
G1 F900
G1 X9.088 Y-10.386
M5
G0 X9.527 Y-10.203 F2500
M3 S280
G1 F900
G1 X9.381 Y-10.386
G1 X9.198 Y-10.551
G1 X9.417 Y-10.350
M5
G0 X9.801 Y-10.935 F2500
M3 S280
G1 F900
G1 X9.618 Y-11.118
G1 X9.381 Y-11.301
G1 X9.618 Y-11.118
M5
G0 X9.947 Y-11.063 F2500
M3 S280
G1 F900
G1 X9.563 Y-11.410
M5
G0 X10.039 Y-11.227 F2500
M3 S280
G1 F900
G1 X9.655 Y-11.575
M5
G0 X10.075 Y-11.703 F2500
M3 S280
G1 F900
G1 X9.746 Y-11.977
M5
G0 X10.295 Y-11.703 F2500
M3 S280
G1 F900
G1 X10.021 Y-11.977
G1 X9.637 Y-12.270
G1 X10.130 Y-11.886
M5
G0 X10.386 Y-11.849 F2500
M3 S280
G1 F900
G1 X10.130 Y-12.087
G1 X9.600 Y-12.489
G1 X10.094 Y-12.123
M5
G0 X10.112 Y-11.410 F2500
M3 S280
G1 F900
G1 X9.637 Y-11.831
G1 X9.911 Y-11.611
M5
G0 X7.497 Y-11.995 F2500
M3 S280
G1 F900
G1 X7.442 Y-11.977
G1 X6.711 Y-12.343
G1 X6.729 Y-12.398
G1 X6.821 Y-12.471
G1 X7.003 Y-12.891
G1 X7.003 Y-12.946
G1 X6.967 Y-13.038
G1 X6.857 Y-13.147
G1 X6.766 Y-13.202
G1 X6.693 Y-13.221
G1 X6.619 Y-13.221
G1 X6.546 Y-13.166
G1 X6.711 Y-12.983
G1 X6.729 Y-12.928
G1 X6.729 Y-12.727
G1 X6.693 Y-12.635
G1 X6.601 Y-12.526
G1 X6.528 Y-12.489
G1 X6.382 Y-12.489
G1 X6.290 Y-12.526
G1 X6.162 Y-12.672
G1 X6.162 Y-12.800
G1 X6.181 Y-12.855
G1 X6.272 Y-12.928
G1 X6.418 Y-12.910
G1 X6.418 Y-12.855
G1 X6.345 Y-12.782
G1 X6.345 Y-12.727
G1 X6.400 Y-12.672
G1 X6.473 Y-12.672
G1 X6.528 Y-12.709
G1 X6.565 Y-12.782
G1 X6.528 Y-12.928
G1 X6.400 Y-13.038
G1 X6.235 Y-13.074
G1 X5.815 Y-13.239
G1 X5.742 Y-13.330
G1 X5.742 Y-13.440
G1 X5.778 Y-13.513
G1 X5.851 Y-13.586
G1 X5.979 Y-13.586
G1 X6.053 Y-13.550
G1 X6.071 Y-13.477
G1 X5.998 Y-13.367
G1 X6.034 Y-13.330
G1 X6.290 Y-13.221
G1 X6.327 Y-13.221
G1 X6.400 Y-13.294
G1 X6.546 Y-13.367
G1 X6.766 Y-13.367
G1 X6.857 Y-13.330
G1 X7.095 Y-13.147
G1 X7.131 Y-13.184
G1 X7.223 Y-13.385
G1 X7.259 Y-13.385
G1 X7.333 Y-13.330
G1 X7.387 Y-13.257
G1 X7.241 Y-12.983
G1 X6.985 Y-12.416
G1 X6.985 Y-12.379
G1 X7.022 Y-12.343
G1 X7.205 Y-12.270
G1 X7.241 Y-12.306
G1 X7.479 Y-12.800
G1 X7.680 Y-13.147
G1 X7.845 Y-13.038
G1 X7.735 Y-12.855
G1 X7.680 Y-12.709
G1 X7.534 Y-12.453
G1 X7.534 Y-12.416
G1 X7.406 Y-12.178
G1 X7.461 Y-12.123
G1 X7.515 Y-12.105
G1 X7.534 Y-12.069
G1 X7.497 Y-11.995
G1 X7.442 Y-11.977
M5
G0 X7.479 Y-11.995 F2500
M3 S280
G1 F900
G1 X7.442 Y-11.995
G1 X6.729 Y-12.361
G1 X6.747 Y-12.398
G1 X6.839 Y-12.471
G1 X7.022 Y-12.891
G1 X7.022 Y-12.946
G1 X6.985 Y-13.038
G1 X6.857 Y-13.166
G1 X6.766 Y-13.221
G1 X6.693 Y-13.239
G1 X6.619 Y-13.239
G1 X6.528 Y-13.166
G1 X6.693 Y-12.983
G1 X6.711 Y-12.928
G1 X6.711 Y-12.727
G1 X6.674 Y-12.635
G1 X6.601 Y-12.544
G1 X6.528 Y-12.507
G1 X6.382 Y-12.507
G1 X6.290 Y-12.544
G1 X6.199 Y-12.635
G1 X6.181 Y-12.672
G1 X6.181 Y-12.800
G1 X6.199 Y-12.855
G1 X6.272 Y-12.910
G1 X6.400 Y-12.910
G1 X6.400 Y-12.855
G1 X6.327 Y-12.782
G1 X6.327 Y-12.727
G1 X6.400 Y-12.654
G1 X6.473 Y-12.654
G1 X6.546 Y-12.709
G1 X6.583 Y-12.782
G1 X6.546 Y-12.928
G1 X6.400 Y-13.056
G1 X6.235 Y-13.093
G1 X5.815 Y-13.257
G1 X5.760 Y-13.330
G1 X5.760 Y-13.440
G1 X5.797 Y-13.513
G1 X5.851 Y-13.568
G1 X5.979 Y-13.568
G1 X6.053 Y-13.513
G1 X6.053 Y-13.477
G1 X5.979 Y-13.367
G1 X6.034 Y-13.312
G1 X6.290 Y-13.202
G1 X6.327 Y-13.202
G1 X6.400 Y-13.275
G1 X6.546 Y-13.349
G1 X6.766 Y-13.349
G1 X6.857 Y-13.312
G1 X7.095 Y-13.129
G1 X7.150 Y-13.184
G1 X7.223 Y-13.349
G1 X7.259 Y-13.367
G1 X7.333 Y-13.312
G1 X7.369 Y-13.257
G1 X7.223 Y-12.983
G1 X6.967 Y-12.416
G1 X6.967 Y-12.379
G1 X7.022 Y-12.325
G1 X7.205 Y-12.251
G1 X7.259 Y-12.306
G1 X7.497 Y-12.800
G1 X7.680 Y-13.111
G1 X7.717 Y-13.111
G1 X7.826 Y-13.038
G1 X7.717 Y-12.855
G1 X7.662 Y-12.709
G1 X7.515 Y-12.453
G1 X7.515 Y-12.416
G1 X7.387 Y-12.178
G1 X7.461 Y-12.105
G1 X7.515 Y-12.087
G1 X7.479 Y-11.995
G1 X7.442 Y-11.995
M5
G0 X7.461 Y-12.032 F2500
M3 S280
G1 F900
G1 X6.784 Y-12.361
G1 X6.875 Y-12.471
G1 X7.058 Y-12.891
G1 X7.058 Y-12.946
G1 X7.022 Y-13.038
G1 X6.857 Y-13.202
G1 X6.766 Y-13.257
G1 X6.619 Y-13.275
G1 X6.491 Y-13.166
G1 X6.656 Y-12.983
G1 X6.674 Y-12.928
G1 X6.674 Y-12.727
G1 X6.601 Y-12.581
G1 X6.528 Y-12.544
G1 X6.382 Y-12.544
G1 X6.290 Y-12.581
G1 X6.217 Y-12.672
G1 X6.217 Y-12.800
G1 X6.235 Y-12.818
G1 X6.235 Y-12.855
G1 X6.272 Y-12.873
G1 X6.363 Y-12.873
G1 X6.290 Y-12.782
G1 X6.290 Y-12.727
G1 X6.400 Y-12.617
G1 X6.473 Y-12.617
G1 X6.583 Y-12.709
G1 X6.619 Y-12.782
G1 X6.583 Y-12.928
G1 X6.400 Y-13.093
G1 X6.235 Y-13.129
G1 X6.034 Y-13.221
G1 X5.888 Y-13.257
G1 X5.815 Y-13.294
G1 X5.797 Y-13.330
G1 X5.797 Y-13.440
G1 X5.833 Y-13.513
G1 X5.979 Y-13.531
G1 X6.016 Y-13.513
G1 X6.016 Y-13.477
G1 X5.943 Y-13.367
G1 X6.034 Y-13.275
G1 X6.290 Y-13.166
G1 X6.327 Y-13.166
G1 X6.400 Y-13.239
G1 X6.546 Y-13.312
G1 X6.766 Y-13.312
G1 X6.857 Y-13.275
G1 X7.095 Y-13.093
G1 X7.186 Y-13.184
G1 X7.259 Y-13.330
G1 X7.333 Y-13.275
G1 X6.930 Y-12.416
G1 X6.930 Y-12.379
G1 X7.022 Y-12.288
G1 X7.205 Y-12.215
G1 X7.296 Y-12.306
G1 X7.534 Y-12.800
G1 X7.625 Y-12.965
G1 X7.662 Y-13.001
G1 X7.680 Y-13.056
G1 X7.717 Y-13.074
G1 X7.771 Y-13.038
G1 X7.771 Y-13.001
G1 X7.680 Y-12.855
G1 X7.625 Y-12.709
G1 X7.479 Y-12.453
G1 X7.479 Y-12.416
G1 X7.351 Y-12.178
G1 X7.479 Y-12.069
G1 X7.461 Y-12.032
G1 X6.784 Y-12.361
M5
G0 X6.894 Y-12.361 F2500
M3 S280
G1 F900
G1 X6.857 Y-12.379
G1 X6.894 Y-12.434
G1 X6.894 Y-12.361
G1 X6.857 Y-12.379
M5
G0 X6.967 Y-12.306 F2500
M3 S280
G1 F900
G1 X6.821 Y-12.379
G1 X6.912 Y-12.471
G1 X7.003 Y-12.654
G1 X7.095 Y-12.891
G1 X7.095 Y-12.946
G1 X7.058 Y-13.038
G1 X6.857 Y-13.239
G1 X6.821 Y-13.257
G1 X6.967 Y-13.166
G1 X7.095 Y-13.056
G1 X7.223 Y-13.184
G1 X7.259 Y-13.275
G1 X7.296 Y-13.257
G1 X7.150 Y-12.983
G1 X6.894 Y-12.416
G1 X6.894 Y-12.379
G1 X6.967 Y-12.306
G1 X6.821 Y-12.379
M5
G0 X6.528 Y-12.599 F2500
M3 S280
G1 F900
G1 X6.601 Y-12.672
G1 X6.583 Y-12.635
G1 X6.528 Y-12.599
G1 X6.601 Y-12.672
M5
G0 X6.638 Y-12.837 F2500
M3 S280
G1 F900
G1 X6.619 Y-12.928
G1 X6.437 Y-13.111
G1 X6.345 Y-13.147
G1 X6.400 Y-13.202
G1 X6.565 Y-13.275
G1 X6.455 Y-13.166
G1 X6.601 Y-13.019
G1 X6.638 Y-12.928
G1 X6.638 Y-12.837
G1 X6.619 Y-12.928
M5
G0 X6.601 Y-12.965 F2500
M3 S280
G1 F900
G1 X6.437 Y-13.129
G1 X6.363 Y-13.147
G1 X6.400 Y-13.184
G1 X6.510 Y-13.239
G1 X6.437 Y-13.166
G1 X6.583 Y-13.019
G1 X6.601 Y-12.965
G1 X6.437 Y-13.129
M5
G0 X6.565 Y-13.019 F2500
M3 S280
G1 F900
G1 X6.400 Y-13.166
G1 X6.437 Y-13.184
G1 X6.565 Y-13.019
G1 X6.400 Y-13.166
M5
G0 X6.016 Y-13.257 F2500
M3 S280
G1 F900
G1 X5.851 Y-13.312
G1 X5.833 Y-13.440
G1 X5.851 Y-13.477
G1 X5.979 Y-13.495
G1 X5.961 Y-13.440
G1 X5.906 Y-13.367
G1 X6.016 Y-13.257
G1 X5.851 Y-13.312
M5
G0 X5.906 Y-13.330 F2500
M3 S280
G1 F900
G1 X5.870 Y-13.349
G1 X5.888 Y-13.458
G1 X5.925 Y-13.458
G1 X5.870 Y-13.367
G1 X5.906 Y-13.330
G1 X5.870 Y-13.349
M5
G0 X5.961 Y-13.294 F2500
M3 S280
G1 F900
G1 X5.851 Y-13.330
G1 X5.851 Y-13.440
G1 X5.870 Y-13.477
G1 X5.961 Y-13.477
G1 X5.888 Y-13.367
G1 X5.961 Y-13.294
G1 X5.851 Y-13.330
M5
G0 X5.449 Y-13.586 F2500
M3 S280
G1 F900
G1 X5.449 Y-13.641
G1 X5.413 Y-13.678
G1 X5.522 Y-13.787
G1 X5.486 Y-13.733
G1 X5.449 Y-13.586
G1 X5.449 Y-13.641
M5
G0 X4.882 Y-13.586 F2500
M3 S280
G1 F900
G1 X4.937 Y-13.733
G1 X4.974 Y-13.769
G1 X5.010 Y-13.769
G1 X4.919 Y-13.678
G1 X4.882 Y-13.586
G1 X4.937 Y-13.733
M5
G0 X4.901 Y-13.275 F2500
M3 S280
G1 F900
G1 X5.193 Y-13.184
G1 X5.230 Y-13.221
G1 X5.339 Y-13.568
G1 X5.339 Y-13.641
G1 X5.230 Y-13.733
G1 X5.083 Y-13.733
G1 X5.029 Y-13.678
G1 X4.882 Y-13.349
G1 X4.901 Y-13.275
G1 X5.193 Y-13.184
M5
G0 X5.193 Y-13.129 F2500
M3 S280
G1 F900
G1 X5.285 Y-13.221
G1 X5.394 Y-13.568
G1 X5.394 Y-13.641
G1 X5.230 Y-13.787
G1 X5.083 Y-13.787
G1 X4.974 Y-13.678
G1 X4.827 Y-13.349
G1 X4.827 Y-13.294
G1 X4.901 Y-13.221
G1 X5.193 Y-13.129
G1 X5.285 Y-13.221
M5
G0 X5.230 Y-13.111 F2500
M3 S280
G1 F900
G1 X5.285 Y-13.166
G1 X5.266 Y-13.129
G1 X5.285 Y-13.093
G1 X5.230 Y-13.111
G1 X5.285 Y-13.166
M5
G0 X5.193 Y-13.111 F2500
M3 S280
G1 F900
G1 X5.303 Y-13.221
G1 X5.413 Y-13.568
G1 X5.413 Y-13.641
G1 X5.266 Y-13.787
G1 X5.230 Y-13.806
G1 X5.083 Y-13.806
G1 X4.955 Y-13.678
G1 X4.809 Y-13.349
G1 X4.809 Y-13.294
G1 X4.901 Y-13.202
G1 X5.193 Y-13.111
G1 X5.303 Y-13.221
M5
G0 X5.358 Y-13.038 F2500
M3 S280
G1 F900
G1 X5.211 Y-13.111
G1 X5.321 Y-13.221
G1 X5.431 Y-13.568
G1 X5.431 Y-13.641
G1 X5.303 Y-13.769
G1 X5.413 Y-13.696
G1 X5.522 Y-13.806
G1 X5.559 Y-13.934
G1 X5.614 Y-14.007
G1 X5.504 Y-13.733
G1 X5.413 Y-13.440
G1 X5.339 Y-13.294
G1 X5.285 Y-13.111
G1 X5.358 Y-13.038
G1 X5.211 Y-13.111
M5
G0 X4.901 Y-13.239 F2500
M3 S280
G1 F900
G1 X5.193 Y-13.147
G1 X5.266 Y-13.221
G1 X5.376 Y-13.568
G1 X5.376 Y-13.641
G1 X5.266 Y-13.751
G1 X5.230 Y-13.769
G1 X5.083 Y-13.769
G1 X4.992 Y-13.678
G1 X4.846 Y-13.349
G1 X4.846 Y-13.294
G1 X4.901 Y-13.239
G1 X5.193 Y-13.147
M5
G0 X4.901 Y-13.257 F2500
M3 S280
G1 F900
G1 X5.193 Y-13.166
G1 X5.248 Y-13.221
G1 X5.358 Y-13.568
G1 X5.358 Y-13.641
G1 X5.266 Y-13.733
G1 X5.230 Y-13.751
G1 X5.083 Y-13.751
G1 X5.010 Y-13.678
G1 X4.864 Y-13.349
G1 X4.864 Y-13.294
G1 X4.901 Y-13.257
G1 X5.193 Y-13.166
M5
G0 X4.736 Y-13.294 F2500
M3 S280
G1 F900
G1 X4.773 Y-13.330
G1 X4.791 Y-13.275
G1 X4.736 Y-13.294
G1 X4.773 Y-13.330
M5
G0 X4.699 Y-13.275 F2500
M3 S280
G1 F900
G1 X4.791 Y-13.367
G1 X4.882 Y-13.659
G1 X4.937 Y-13.769
G1 X5.065 Y-13.806
G1 X4.937 Y-13.678
G1 X4.791 Y-13.349
G1 X4.791 Y-13.294
G1 X4.846 Y-13.239
G1 X4.699 Y-13.275
G1 X4.791 Y-13.367
M5
G0 X4.114 Y-13.367 F2500
M3 S280
G1 F900
G1 X4.059 Y-13.367
G1 X3.931 Y-13.422
G1 X3.675 Y-13.495
G1 X3.310 Y-13.568
G1 X2.907 Y-13.678
G1 X2.944 Y-13.824
G1 X3.273 Y-13.733
G1 X3.346 Y-13.787
G1 X3.419 Y-13.934
G1 X3.419 Y-14.062
G1 X3.346 Y-14.117
G1 X3.163 Y-14.062
G1 X3.109 Y-14.135
G1 X3.090 Y-14.226
G1 X3.547 Y-14.629
G1 X3.694 Y-14.738
G1 X3.822 Y-14.610
G1 X3.584 Y-14.446
G1 X3.419 Y-14.281
G1 X3.474 Y-14.245
G1 X3.566 Y-14.245
G1 X3.767 Y-14.208
G1 X3.913 Y-14.153
G1 X4.005 Y-14.171
G1 X4.059 Y-14.446
G1 X4.133 Y-14.592
G1 X4.279 Y-14.537
G1 X4.023 Y-13.586
G1 X4.023 Y-13.531
G1 X4.151 Y-13.495
G1 X4.151 Y-13.440
G1 X4.114 Y-13.367
G1 X4.059 Y-13.367
M5
G0 X4.059 Y-13.385 F2500
M3 S280
G1 F900
G1 X3.986 Y-13.422
G1 X3.675 Y-13.513
G1 X3.310 Y-13.586
G1 X2.926 Y-13.696
G1 X2.962 Y-13.806
G1 X3.273 Y-13.714
G1 X3.365 Y-13.787
G1 X3.438 Y-13.934
G1 X3.438 Y-14.062
G1 X3.346 Y-14.135
G1 X3.310 Y-14.135
G1 X3.200 Y-14.080
G1 X3.145 Y-14.098
G1 X3.109 Y-14.208
G1 X3.401 Y-14.482
G1 X3.694 Y-14.720
G1 X3.803 Y-14.610
G1 X3.584 Y-14.464
G1 X3.401 Y-14.281
G1 X3.474 Y-14.226
G1 X3.675 Y-14.208
G1 X3.840 Y-14.171
G1 X3.913 Y-14.135
G1 X3.986 Y-14.135
G1 X4.023 Y-14.171
G1 X4.041 Y-14.226
G1 X4.059 Y-14.373
G1 X4.114 Y-14.519
G1 X4.114 Y-14.574
G1 X4.261 Y-14.537
G1 X4.187 Y-14.299
G1 X4.151 Y-14.098
G1 X3.986 Y-13.550
G1 X4.023 Y-13.513
G1 X4.133 Y-13.477
G1 X4.114 Y-13.403
G1 X4.059 Y-13.385
G1 X3.986 Y-13.422
M5
G0 X3.968 Y-13.495 F2500
M3 S280
G1 F900
G1 X3.840 Y-13.531
G1 X3.931 Y-13.623
G1 X3.986 Y-13.824
G1 X4.005 Y-13.970
G1 X3.931 Y-14.062
G1 X3.986 Y-14.062
G1 X4.096 Y-14.171
G1 X4.096 Y-14.208
G1 X4.078 Y-14.098
G1 X4.005 Y-13.897
G1 X3.913 Y-13.550
G1 X3.968 Y-13.495
G1 X3.840 Y-13.531
M5
G0 X3.822 Y-13.550 F2500
M3 S280
G1 F900
G1 X3.913 Y-13.659
G1 X3.968 Y-13.970
G1 X3.877 Y-14.080
G1 X3.785 Y-14.117
G1 X3.657 Y-14.135
G1 X3.566 Y-14.043
G1 X3.566 Y-13.970
G1 X3.456 Y-13.696
G1 X3.547 Y-13.605
G1 X3.822 Y-13.550
G1 X3.913 Y-13.659
M5
G0 X3.840 Y-13.623 F2500
M3 S280
G1 F900
G1 X3.895 Y-13.824
G1 X3.913 Y-13.970
G1 X3.895 Y-14.007
G1 X3.840 Y-14.043
G1 X3.657 Y-14.080
G1 X3.621 Y-14.043
G1 X3.621 Y-13.970
G1 X3.511 Y-13.696
G1 X3.547 Y-13.659
G1 X3.675 Y-13.641
G1 X3.767 Y-13.605
G1 X3.840 Y-13.623
G1 X3.895 Y-13.824
M5
G0 X4.023 Y-13.970 F2500
M3 S280
G1 F900
G1 X3.968 Y-14.043
G1 X4.059 Y-14.117
G1 X4.023 Y-14.025
G1 X4.023 Y-13.970
G1 X3.968 Y-14.043
M5
G0 X4.114 Y-14.245 F2500
M3 S280
G1 F900
G1 X4.114 Y-14.299
G1 X4.133 Y-14.318
G1 X4.169 Y-14.482
G1 X4.151 Y-14.373
G1 X4.114 Y-14.299
G1 X4.114 Y-14.245
G1 X4.114 Y-14.299
M5
G0 X3.566 Y-14.117 F2500
M3 S280
G1 F900
G1 X3.529 Y-14.080
G1 X3.493 Y-14.117
G1 X3.566 Y-14.117
G1 X3.529 Y-14.080
M5
G0 X3.200 Y-14.190 F2500
M3 S280
G1 F900
G1 X3.237 Y-14.245
G1 X3.401 Y-14.391
G1 X3.419 Y-14.391
G1 X3.547 Y-14.519
G1 X3.310 Y-14.281
G1 X3.438 Y-14.153
G1 X3.584 Y-14.117
G1 X3.529 Y-14.062
G1 X3.346 Y-14.226
G1 X3.200 Y-14.190
G1 X3.237 Y-14.245
M5
G0 X3.310 Y-13.659 F2500
M3 S280
G1 F900
G1 X3.474 Y-13.842
G1 X3.511 Y-13.934
G1 X3.511 Y-14.062
G1 X3.346 Y-14.208
G1 X3.310 Y-14.208
G1 X3.200 Y-14.153
G1 X3.182 Y-14.208
G1 X3.639 Y-14.610
G1 X3.712 Y-14.629
G1 X3.584 Y-14.537
G1 X3.328 Y-14.281
G1 X3.438 Y-14.171
G1 X3.621 Y-14.135
G1 X3.529 Y-14.043
G1 X3.529 Y-13.970
G1 X3.419 Y-13.696
G1 X3.493 Y-13.623
G1 X3.310 Y-13.659
G1 X3.474 Y-13.842
M5
G0 X3.456 Y-13.641 F2500
M3 S280
G1 F900
G1 X3.346 Y-13.678
G1 X3.438 Y-13.769
G1 X3.401 Y-13.696
G1 X3.456 Y-13.641
G1 X3.346 Y-13.678
M5
G0 X3.822 Y-13.586 F2500
M3 S280
G1 F900
G1 X3.877 Y-13.659
G1 X3.931 Y-13.970
G1 X3.913 Y-14.007
G1 X3.840 Y-14.062
G1 X3.657 Y-14.098
G1 X3.602 Y-14.043
G1 X3.602 Y-13.970
G1 X3.493 Y-13.696
G1 X3.547 Y-13.641
G1 X3.822 Y-13.586
G1 X3.877 Y-13.659
M5
G0 X3.822 Y-13.568 F2500
M3 S280
G1 F900
G1 X3.895 Y-13.659
G1 X3.950 Y-13.970
G1 X3.877 Y-14.062
G1 X3.785 Y-14.098
G1 X3.657 Y-14.117
G1 X3.584 Y-14.043
G1 X3.584 Y-13.970
G1 X3.474 Y-13.696
G1 X3.547 Y-13.623
G1 X3.822 Y-13.568
G1 X3.895 Y-13.659
M5
G0 X3.877 Y-13.531 F2500
M3 S280
G1 F900
G1 X3.913 Y-13.586
G1 X3.913 Y-13.531
G1 X3.877 Y-13.531
G1 X3.913 Y-13.586
M5
G0 X4.078 Y-13.440 F2500
M3 S280
G1 F900
G1 X3.675 Y-13.568
G1 X3.310 Y-13.641
G1 X2.999 Y-13.733
G1 X3.273 Y-13.659
G1 X3.419 Y-13.787
G1 X3.493 Y-13.934
G1 X3.493 Y-14.062
G1 X3.346 Y-14.190
G1 X3.310 Y-14.190
G1 X3.182 Y-14.135
G1 X3.163 Y-14.208
G1 X3.547 Y-14.555
G1 X3.694 Y-14.665
G1 X3.730 Y-14.629
G1 X3.584 Y-14.519
G1 X3.346 Y-14.281
G1 X3.474 Y-14.171
G1 X3.675 Y-14.153
G1 X3.547 Y-14.043
G1 X3.547 Y-13.970
G1 X3.438 Y-13.696
G1 X3.547 Y-13.586
G1 X3.675 Y-13.568
G1 X3.767 Y-13.531
G1 X3.822 Y-13.531
G1 X3.913 Y-13.623
G1 X3.968 Y-13.824
G1 X3.986 Y-13.970
G1 X3.877 Y-14.098
G1 X3.803 Y-14.117
G1 X3.840 Y-14.117
G1 X3.913 Y-14.080
G1 X3.986 Y-14.080
G1 X4.078 Y-14.171
G1 X4.151 Y-14.501
G1 X4.206 Y-14.501
G1 X4.133 Y-14.299
G1 X4.096 Y-14.098
G1 X3.931 Y-13.550
G1 X4.023 Y-13.458
G1 X4.078 Y-13.440
G1 X3.675 Y-13.568
M5
G0 X4.078 Y-13.422 F2500
M3 S280
G1 F900
G1 X3.675 Y-13.550
G1 X3.310 Y-13.623
G1 X2.981 Y-13.714
G1 X2.981 Y-13.751
G1 X3.017 Y-13.751
G1 X3.035 Y-13.733
G1 X3.273 Y-13.678
G1 X3.401 Y-13.787
G1 X3.474 Y-13.934
G1 X3.474 Y-14.062
G1 X3.346 Y-14.171
G1 X3.163 Y-14.135
G1 X3.145 Y-14.208
G1 X3.547 Y-14.574
G1 X3.694 Y-14.683
G1 X3.749 Y-14.610
G1 X3.584 Y-14.501
G1 X3.365 Y-14.281
G1 X3.474 Y-14.190
G1 X3.675 Y-14.171
G1 X3.840 Y-14.135
G1 X3.913 Y-14.098
G1 X3.986 Y-14.098
G1 X4.059 Y-14.171
G1 X4.114 Y-14.446
G1 X4.151 Y-14.519
G1 X4.224 Y-14.501
G1 X4.151 Y-14.299
G1 X4.114 Y-14.098
G1 X3.950 Y-13.550
G1 X4.023 Y-13.477
G1 X4.096 Y-13.458
G1 X4.078 Y-13.422
G1 X3.675 Y-13.550
M5
G0 X4.096 Y-13.403 F2500
M3 S280
G1 F900
G1 X3.675 Y-13.531
G1 X2.999 Y-13.696
G1 X2.944 Y-13.696
G1 X2.962 Y-13.769
G1 X3.017 Y-13.769
G1 X3.273 Y-13.696
G1 X3.383 Y-13.787
G1 X3.456 Y-13.934
G1 X3.456 Y-14.062
G1 X3.346 Y-14.153
G1 X3.163 Y-14.098
G1 X3.127 Y-14.208
G1 X3.547 Y-14.592
G1 X3.694 Y-14.702
G1 X3.749 Y-14.592
G1 X3.584 Y-14.482
G1 X3.383 Y-14.281
G1 X3.474 Y-14.208
G1 X3.675 Y-14.190
G1 X3.840 Y-14.153
G1 X3.913 Y-14.117
G1 X3.986 Y-14.117
G1 X4.041 Y-14.171
G1 X4.078 Y-14.373
G1 X4.133 Y-14.555
G1 X4.242 Y-14.519
G1 X3.968 Y-13.550
G1 X4.023 Y-13.495
G1 X4.114 Y-13.477
G1 X4.096 Y-13.403
G1 X3.675 Y-13.531
M5
G0 X2.011 Y-13.806 F2500
M3 S280
G1 F900
G1 X1.225 Y-13.915
G1 X0.603 Y-13.952
G1 X-0.037 Y-13.952
G1 X-0.037 Y-14.098
G1 X0.201 Y-14.117
G1 X0.238 Y-14.281
G1 X0.256 Y-14.446
G1 X0.201 Y-14.482
G1 X0.091 Y-14.464
G1 X0.055 Y-14.482
G1 X0.037 Y-14.592
G1 X0.055 Y-14.647
G1 X0.146 Y-14.738
G1 X0.219 Y-14.775
G1 X0.293 Y-14.775
G1 X0.384 Y-14.738
G1 X0.421 Y-14.702
G1 X0.439 Y-14.647
G1 X0.439 Y-14.555
G1 X0.457 Y-14.537
G1 X0.439 Y-14.299
G1 X0.402 Y-14.190
G1 X0.421 Y-14.098
G1 X0.658 Y-14.080
G1 X0.695 Y-14.135
G1 X0.713 Y-14.958
G1 X0.731 Y-14.976
G1 X0.731 Y-15.086
G1 X0.914 Y-15.086
G1 X0.896 Y-14.482
G1 X0.859 Y-14.171
G1 X0.878 Y-14.080
G1 X1.207 Y-14.062
G1 X1.518 Y-14.025
G1 X1.664 Y-13.989
G1 X1.701 Y-14.025
G1 X1.719 Y-14.208
G1 X1.682 Y-14.245
G1 X1.426 Y-14.245
G1 X1.335 Y-14.263
G1 X1.225 Y-14.318
G1 X1.189 Y-14.354
G1 X1.152 Y-14.427
G1 X1.152 Y-14.647
G1 X1.189 Y-14.757
G1 X1.262 Y-14.903
G1 X1.353 Y-15.031
G1 X1.408 Y-15.067
G1 X1.445 Y-15.031
G1 X1.536 Y-14.994
G1 X1.554 Y-14.958
G1 X1.463 Y-14.866
G1 X1.353 Y-14.683
G1 X1.335 Y-14.629
G1 X1.335 Y-14.482
G1 X1.390 Y-14.427
G1 X1.445 Y-14.409
G1 X1.719 Y-14.391
G1 X1.755 Y-14.427
G1 X1.755 Y-14.574
G1 X1.810 Y-14.866
G1 X1.810 Y-15.013
G1 X1.865 Y-15.013
G1 X2.011 Y-14.958
G1 X1.957 Y-14.464
G1 X1.902 Y-14.153
G1 X1.920 Y-13.952
G1 X2.048 Y-13.952
G1 X2.011 Y-13.806
G1 X1.225 Y-13.915
M5
G0 X1.207 Y-13.989 F2500
M3 S280
G1 F900
G1 X0.622 Y-14.007
G1 X0.658 Y-14.007
G1 X0.768 Y-14.135
G1 X0.786 Y-14.958
G1 X0.823 Y-15.013
G1 X0.823 Y-14.482
G1 X0.786 Y-14.098
G1 X0.878 Y-14.007
G1 X1.207 Y-13.989
G1 X0.622 Y-14.007
M5
G0 X0.695 Y-14.025 F2500
M3 S280
G1 F900
G1 X0.768 Y-14.098
G1 X0.841 Y-14.025
G1 X0.695 Y-14.025
G1 X0.768 Y-14.098
M5
G0 X0.731 Y-14.043 F2500
M3 S280
G1 F900
G1 X0.768 Y-14.080
G1 X0.805 Y-14.043
G1 X0.731 Y-14.043
G1 X0.768 Y-14.080
M5
G0 X0.786 Y-14.190 F2500
M3 S280
G1 F900
G1 X0.805 Y-14.958
G1 X0.805 Y-14.482
G1 X0.786 Y-14.464
G1 X0.786 Y-14.190
G1 X0.805 Y-14.958
M5
G0 X1.335 Y-14.830 F2500
M3 S280
G1 F900
G1 X1.371 Y-14.903
G1 X1.426 Y-14.939
G1 X1.335 Y-14.830
G1 X1.371 Y-14.903
M5
G0 X1.335 Y-14.373 F2500
M3 S280
G1 F900
G1 X1.298 Y-14.391
G1 X1.262 Y-14.446
G1 X1.335 Y-14.373
G1 X1.298 Y-14.391
M5
G0 X1.335 Y-14.354 F2500
M3 S280
G1 F900
G1 X1.262 Y-14.391
G1 X1.243 Y-14.427
G1 X1.243 Y-14.647
G1 X1.280 Y-14.757
G1 X1.408 Y-14.976
G1 X1.445 Y-14.939
G1 X1.371 Y-14.866
G1 X1.298 Y-14.757
G1 X1.243 Y-14.629
G1 X1.243 Y-14.482
G1 X1.371 Y-14.354
G1 X1.335 Y-14.354
G1 X1.262 Y-14.391
M5
G0 X1.792 Y-14.263 F2500
M3 S280
G1 F900
G1 X1.755 Y-14.299
G1 X1.810 Y-14.354
G1 X1.792 Y-14.263
G1 X1.755 Y-14.299
M5
G0 X1.810 Y-14.226 F2500
M3 S280
G1 F900
G1 X1.737 Y-14.299
G1 X1.829 Y-14.391
G1 X1.810 Y-14.226
G1 X1.737 Y-14.299
M5
G0 X1.829 Y-13.934 F2500
M3 S280
G1 F900
G1 X1.737 Y-13.952
G1 X1.792 Y-14.007
G1 X1.792 Y-13.970
G1 X1.829 Y-13.934
G1 X1.737 Y-13.952
M5
G0 X1.829 Y-13.915 F2500
M3 S280
G1 F900
G1 X1.810 Y-13.934
G1 X1.701 Y-13.934
G1 X1.792 Y-14.025
G1 X1.810 Y-14.208
G1 X1.719 Y-14.299
G1 X1.847 Y-14.427
G1 X1.865 Y-14.720
G1 X1.902 Y-14.903
G1 X1.902 Y-14.811
G1 X1.883 Y-14.793
G1 X1.865 Y-14.629
G1 X1.865 Y-14.464
G1 X1.810 Y-14.153
G1 X1.810 Y-13.970
G1 X1.865 Y-13.915
G1 X1.829 Y-13.915
G1 X1.810 Y-13.934
M5
G0 X1.902 Y-13.897 F2500
M3 S280
G1 F900
G1 X1.682 Y-13.915
G1 X1.774 Y-14.025
G1 X1.792 Y-14.208
G1 X1.682 Y-14.318
G1 X1.426 Y-14.318
G1 X1.335 Y-14.336
G1 X1.262 Y-14.373
G1 X1.225 Y-14.427
G1 X1.225 Y-14.647
G1 X1.335 Y-14.903
G1 X1.408 Y-14.994
G1 X1.463 Y-14.958
G1 X1.280 Y-14.683
G1 X1.262 Y-14.629
G1 X1.262 Y-14.482
G1 X1.390 Y-14.354
G1 X1.554 Y-14.318
G1 X1.719 Y-14.318
G1 X1.829 Y-14.427
G1 X1.865 Y-14.848
G1 X1.883 Y-14.866
G1 X1.883 Y-14.921
G1 X1.920 Y-14.921
G1 X1.883 Y-14.464
G1 X1.829 Y-14.153
G1 X1.829 Y-13.970
G1 X1.902 Y-13.897
G1 X1.682 Y-13.915
M5
G0 X1.975 Y-13.861 F2500
M3 S280
G1 F900
G1 X1.225 Y-13.970
G1 X0.603 Y-14.007
G1 X0.018 Y-14.007
G1 X0.018 Y-14.043
G1 X0.183 Y-14.043
G1 X0.274 Y-14.153
G1 X0.311 Y-14.446
G1 X0.201 Y-14.537
G1 X0.091 Y-14.519
G1 X0.110 Y-14.647
G1 X0.219 Y-14.720
G1 X0.293 Y-14.720
G1 X0.366 Y-14.683
G1 X0.384 Y-14.647
G1 X0.402 Y-14.464
G1 X0.384 Y-14.299
G1 X0.347 Y-14.190
G1 X0.347 Y-14.117
G1 X0.421 Y-14.043
G1 X0.658 Y-14.025
G1 X0.750 Y-14.135
G1 X0.768 Y-14.958
G1 X0.786 Y-14.976
G1 X0.786 Y-15.031
G1 X0.841 Y-15.031
G1 X0.841 Y-14.482
G1 X0.805 Y-14.098
G1 X0.878 Y-14.025
G1 X1.207 Y-14.007
G1 X1.518 Y-13.970
G1 X1.664 Y-13.934
G1 X1.755 Y-14.025
G1 X1.774 Y-14.208
G1 X1.682 Y-14.299
G1 X1.426 Y-14.299
G1 X1.335 Y-14.318
G1 X1.262 Y-14.354
G1 X1.207 Y-14.427
G1 X1.207 Y-14.647
G1 X1.243 Y-14.757
G1 X1.353 Y-14.958
G1 X1.408 Y-15.013
G1 X1.445 Y-14.976
G1 X1.499 Y-14.958
G1 X1.408 Y-14.866
G1 X1.298 Y-14.683
G1 X1.280 Y-14.629
G1 X1.280 Y-14.482
G1 X1.390 Y-14.373
G1 X1.554 Y-14.336
G1 X1.719 Y-14.336
G1 X1.810 Y-14.427
G1 X1.847 Y-14.848
G1 X1.865 Y-14.866
G1 X1.865 Y-14.958
G1 X1.938 Y-14.939
G1 X1.938 Y-14.811
G1 X1.920 Y-14.793
G1 X1.902 Y-14.629
G1 X1.902 Y-14.464
G1 X1.847 Y-14.153
G1 X1.847 Y-13.970
G1 X1.920 Y-13.897
G1 X1.975 Y-13.897
G1 X1.975 Y-13.861
G1 X1.225 Y-13.970
M5
G0 X1.993 Y-13.824 F2500
M3 S280
G1 F900
G1 X1.225 Y-13.934
G1 X0.603 Y-13.970
G1 X-0.018 Y-13.970
G1 X-0.018 Y-14.080
G1 X0.183 Y-14.080
G1 X0.219 Y-14.117
G1 X0.256 Y-14.281
G1 X0.274 Y-14.446
G1 X0.201 Y-14.501
G1 X0.091 Y-14.482
G1 X0.055 Y-14.501
G1 X0.055 Y-14.592
G1 X0.073 Y-14.647
G1 X0.146 Y-14.720
G1 X0.219 Y-14.757
G1 X0.293 Y-14.757
G1 X0.384 Y-14.720
G1 X0.421 Y-14.647
G1 X0.421 Y-14.555
G1 X0.439 Y-14.537
G1 X0.421 Y-14.299
G1 X0.384 Y-14.190
G1 X0.384 Y-14.117
G1 X0.421 Y-14.080
G1 X0.658 Y-14.062
G1 X0.713 Y-14.135
G1 X0.731 Y-14.958
G1 X0.750 Y-14.976
G1 X0.750 Y-15.067
G1 X0.878 Y-15.067
G1 X0.878 Y-14.482
G1 X0.841 Y-14.098
G1 X0.878 Y-14.062
G1 X1.207 Y-14.043
G1 X1.518 Y-14.007
G1 X1.664 Y-13.970
G1 X1.719 Y-14.025
G1 X1.737 Y-14.208
G1 X1.682 Y-14.263
G1 X1.426 Y-14.263
G1 X1.335 Y-14.281
G1 X1.225 Y-14.336
G1 X1.170 Y-14.427
G1 X1.170 Y-14.647
G1 X1.280 Y-14.903
G1 X1.371 Y-15.031
G1 X1.408 Y-15.049
G1 X1.445 Y-15.013
G1 X1.536 Y-14.976
G1 X1.445 Y-14.866
G1 X1.335 Y-14.683
G1 X1.317 Y-14.629
G1 X1.317 Y-14.482
G1 X1.390 Y-14.409
G1 X1.445 Y-14.391
G1 X1.719 Y-14.373
G1 X1.774 Y-14.427
G1 X1.792 Y-14.720
G1 X1.829 Y-14.866
G1 X1.829 Y-14.994
G1 X1.993 Y-14.976
G1 X1.938 Y-14.464
G1 X1.883 Y-14.153
G1 X1.883 Y-13.970
G1 X1.920 Y-13.934
G1 X2.030 Y-13.934
G1 X1.993 Y-13.824
G1 X1.225 Y-13.934
M5
G0 X2.011 Y-13.915 F2500
M3 S280
G1 F900
G1 X1.975 Y-13.842
G1 X1.225 Y-13.952
G1 X0.603 Y-13.989
G1 X0.000 Y-13.989
G1 X0.000 Y-14.062
G1 X0.183 Y-14.062
G1 X0.238 Y-14.117
G1 X0.274 Y-14.281
G1 X0.293 Y-14.446
G1 X0.201 Y-14.519
G1 X0.073 Y-14.519
G1 X0.091 Y-14.647
G1 X0.146 Y-14.702
G1 X0.219 Y-14.738
G1 X0.293 Y-14.738
G1 X0.384 Y-14.702
G1 X0.384 Y-14.665
G1 X0.402 Y-14.647
G1 X0.402 Y-14.555
G1 X0.421 Y-14.537
G1 X0.402 Y-14.299
G1 X0.366 Y-14.190
G1 X0.366 Y-14.117
G1 X0.421 Y-14.062
G1 X0.658 Y-14.043
G1 X0.731 Y-14.135
G1 X0.750 Y-14.958
G1 X0.768 Y-14.976
G1 X0.768 Y-15.049
G1 X0.859 Y-15.049
G1 X0.859 Y-14.482
G1 X0.823 Y-14.098
G1 X0.878 Y-14.043
G1 X1.207 Y-14.025
G1 X1.518 Y-13.989
G1 X1.664 Y-13.952
G1 X1.737 Y-14.025
G1 X1.755 Y-14.208
G1 X1.682 Y-14.281
G1 X1.426 Y-14.281
G1 X1.335 Y-14.299
G1 X1.225 Y-14.354
G1 X1.189 Y-14.427
G1 X1.189 Y-14.647
G1 X1.298 Y-14.903
G1 X1.390 Y-15.031
G1 X1.518 Y-14.958
G1 X1.426 Y-14.866
G1 X1.317 Y-14.683
G1 X1.298 Y-14.629
G1 X1.298 Y-14.482
G1 X1.390 Y-14.391
G1 X1.445 Y-14.373
G1 X1.719 Y-14.354
G1 X1.792 Y-14.427
G1 X1.847 Y-14.976
G1 X1.975 Y-14.958
G1 X1.920 Y-14.464
G1 X1.865 Y-14.153
G1 X1.865 Y-13.970
G1 X1.920 Y-13.915
G1 X2.011 Y-13.915
G1 X1.975 Y-13.842
M5
G0 X0.384 Y-14.043 F2500
M3 S280
G1 F900
G1 X0.219 Y-14.043
G1 X0.311 Y-14.153
G1 X0.347 Y-14.446
G1 X0.201 Y-14.574
G1 X0.128 Y-14.555
G1 X0.146 Y-14.647
G1 X0.219 Y-14.683
G1 X0.293 Y-14.683
G1 X0.329 Y-14.665
G1 X0.347 Y-14.555
G1 X0.366 Y-14.537
G1 X0.347 Y-14.299
G1 X0.311 Y-14.190
G1 X0.311 Y-14.117
G1 X0.384 Y-14.043
G1 X0.219 Y-14.043
M5
G0 X0.256 Y-14.062 F2500
M3 S280
G1 F900
G1 X0.311 Y-14.098
G1 X0.347 Y-14.062
G1 X0.256 Y-14.062
G1 X0.311 Y-14.098
M5
G0 X0.037 Y-14.025 F2500
M3 S280
G1 F900
G1 X0.183 Y-14.025
G1 X0.293 Y-14.153
G1 X0.329 Y-14.446
G1 X0.201 Y-14.555
G1 X0.110 Y-14.537
G1 X0.110 Y-14.592
G1 X0.146 Y-14.665
G1 X0.219 Y-14.702
G1 X0.347 Y-14.683
G1 X0.366 Y-14.647
G1 X0.384 Y-14.464
G1 X0.366 Y-14.299
G1 X0.329 Y-14.190
G1 X0.329 Y-14.117
G1 X0.421 Y-14.025
G1 X0.549 Y-14.025
G1 X0.037 Y-14.025
G1 X0.183 Y-14.025
M5
G0 X0.347 Y-14.464 F2500
M3 S280
G1 F900
G1 X0.201 Y-14.592
G1 X0.146 Y-14.574
G1 X0.165 Y-14.629
G1 X0.219 Y-14.665
G1 X0.293 Y-14.665
G1 X0.329 Y-14.647
G1 X0.347 Y-14.464
G1 X0.201 Y-14.592
M5
G0 X0.311 Y-14.537 F2500
M3 S280
G1 F900
G1 X0.219 Y-14.629
G1 X0.293 Y-14.629
G1 X0.311 Y-14.537
G1 X0.219 Y-14.629
M5
G0 X0.329 Y-14.501 F2500
M3 S280
G1 F900
G1 X0.165 Y-14.592
G1 X0.183 Y-14.629
G1 X0.219 Y-14.647
G1 X0.311 Y-14.629
G1 X0.329 Y-14.501
G1 X0.165 Y-14.592
M5
G0 X-0.750 Y-14.354 F2500
M3 S280
G1 F900
G1 X-0.841 Y-14.446
G1 X-0.768 Y-14.519
G1 X-0.750 Y-14.354
G1 X-0.841 Y-14.446
M5
G0 X-0.768 Y-14.391 F2500
M3 S280
G1 F900
G1 X-0.823 Y-14.446
G1 X-0.786 Y-14.482
G1 X-0.768 Y-14.391
G1 X-0.823 Y-14.446
M5
G0 X-0.731 Y-14.190 F2500
M3 S280
G1 F900
G1 X-0.731 Y-14.299
G1 X-0.859 Y-14.446
G1 X-0.750 Y-14.555
G1 X-0.768 Y-14.994
G1 X-0.768 Y-14.903
G1 X-0.750 Y-14.885
G1 X-0.750 Y-14.464
G1 X-0.731 Y-14.446
G1 X-0.731 Y-14.190
G1 X-0.731 Y-14.299
M5
G0 X-0.768 Y-14.025 F2500
M3 S280
G1 F900
G1 X-0.713 Y-14.062
G1 X-0.677 Y-14.025
G1 X-0.768 Y-14.025
G1 X-0.713 Y-14.062
M5
G0 X-0.805 Y-14.007 F2500
M3 S280
G1 F900
G1 X-0.731 Y-14.080
G1 X-0.731 Y-14.135
G1 X-0.731 Y-14.098
G1 X-0.640 Y-14.007
G1 X-0.805 Y-14.007
G1 X-0.731 Y-14.080
M5
G0 X-1.115 Y-13.989 F2500
M3 S280
G1 F900
G1 X-0.841 Y-13.989
G1 X-0.750 Y-14.080
G1 X-0.731 Y-14.171
G1 X-0.750 Y-14.299
G1 X-0.878 Y-14.446
G1 X-0.987 Y-14.446
G1 X-1.006 Y-14.427
G1 X-1.152 Y-14.409
G1 X-1.371 Y-14.409
G1 X-1.371 Y-14.592
G1 X-1.335 Y-14.629
G1 X-1.243 Y-14.629
G1 X-1.243 Y-14.592
G1 X-1.280 Y-14.537
G1 X-1.170 Y-14.427
G1 X-0.878 Y-14.446
G1 X-0.768 Y-14.555
G1 X-0.786 Y-15.013
G1 X-0.750 Y-15.013
G1 X-0.750 Y-14.903
G1 X-0.731 Y-14.885
G1 X-0.713 Y-14.098
G1 X-0.603 Y-13.989
G1 X-0.567 Y-13.989
G1 X-0.823 Y-14.007
G1 X-1.115 Y-13.989
G1 X-0.841 Y-13.989
M5
G0 X-1.225 Y-14.446 F2500
M3 S280
G1 F900
G1 X-1.335 Y-14.446
G1 X-1.335 Y-14.592
G1 X-1.280 Y-14.592
G1 X-1.317 Y-14.537
G1 X-1.225 Y-14.446
G1 X-1.335 Y-14.446
M5
G0 X-1.353 Y-14.427 F2500
M3 S280
G1 F900
G1 X-1.335 Y-14.610
G1 X-1.262 Y-14.610
G1 X-1.298 Y-14.537
G1 X-1.189 Y-14.427
G1 X-1.353 Y-14.427
G1 X-1.335 Y-14.610
M5
G0 X-1.262 Y-14.464 F2500
M3 S280
G1 F900
G1 X-1.317 Y-14.464
G1 X-1.317 Y-14.519
G1 X-1.262 Y-14.464
G1 X-1.317 Y-14.464
M5
G0 X-1.792 Y-14.519 F2500
M3 S280
G1 F900
G1 X-1.902 Y-14.647
G1 X-1.810 Y-14.738
G1 X-1.810 Y-14.592
G1 X-1.792 Y-14.574
G1 X-1.792 Y-14.519
G1 X-1.902 Y-14.647
M5
G0 X-1.810 Y-14.555 F2500
M3 S280
G1 F900
G1 X-1.883 Y-14.647
G1 X-1.829 Y-14.702
G1 X-1.829 Y-14.592
G1 X-1.810 Y-14.555
G1 X-1.883 Y-14.647
M5
G0 X-2.432 Y-14.318 F2500
M3 S280
G1 F900
G1 X-2.432 Y-14.409
G1 X-2.377 Y-14.537
G1 X-2.286 Y-14.592
G1 X-2.359 Y-14.519
G1 X-2.395 Y-14.446
G1 X-2.395 Y-14.354
G1 X-2.341 Y-14.299
G1 X-2.432 Y-14.318
G1 X-2.432 Y-14.409
M5
G0 X-2.213 Y-13.897 F2500
M3 S280
G1 F900
G1 X-2.176 Y-13.952
G1 X-2.139 Y-13.915
G1 X-2.213 Y-13.897
G1 X-2.176 Y-13.952
M5
G0 X-2.103 Y-13.897 F2500
M3 S280
G1 F900
G1 X-2.158 Y-13.879
G1 X-2.249 Y-13.879
G1 X-2.194 Y-13.934
G1 X-2.194 Y-14.153
G1 X-2.267 Y-14.245
G1 X-2.176 Y-14.208
G1 X-2.176 Y-14.153
G1 X-2.158 Y-14.135
G1 X-2.176 Y-13.970
G1 X-2.103 Y-13.897
G1 X-2.158 Y-13.879
M5
G0 X-2.066 Y-13.879 F2500
M3 S280
G1 F900
G1 X-1.847 Y-13.897
G1 X-1.755 Y-13.989
G1 X-1.792 Y-14.226
G1 X-1.792 Y-14.409
G1 X-1.810 Y-14.501
G1 X-1.993 Y-14.665
G1 X-2.121 Y-14.665
G1 X-2.231 Y-14.629
G1 X-2.341 Y-14.519
G1 X-2.377 Y-14.446
G1 X-2.377 Y-14.354
G1 X-2.286 Y-14.263
G1 X-2.176 Y-14.226
G1 X-2.139 Y-14.135
G1 X-2.158 Y-13.970
G1 X-2.066 Y-13.879
G1 X-1.847 Y-13.897
M5
G0 X-1.810 Y-13.897 F2500
M3 S280
G1 F900
G1 X-1.719 Y-13.989
G1 X-1.682 Y-13.934
G1 X-1.755 Y-13.861
G1 X-1.810 Y-13.897
G1 X-1.719 Y-13.989
M5
G0 X-1.792 Y-13.897 F2500
M3 S280
G1 F900
G1 X-1.719 Y-13.970
G1 X-1.701 Y-13.934
G1 X-1.755 Y-13.879
G1 X-1.792 Y-13.897
G1 X-1.719 Y-13.970
M5
G0 X-1.755 Y-13.842 F2500
M3 S280
G1 F900
G1 X-1.829 Y-13.897
G1 X-1.737 Y-13.989
G1 X-1.774 Y-14.226
G1 X-1.774 Y-14.409
G1 X-1.792 Y-14.501
G1 X-1.920 Y-14.647
G1 X-1.810 Y-14.757
G1 X-1.810 Y-14.921
G1 X-1.810 Y-14.775
G1 X-1.792 Y-14.757
G1 X-1.774 Y-14.574
G1 X-1.774 Y-14.354
G1 X-1.737 Y-14.025
G1 X-1.664 Y-13.934
G1 X-1.755 Y-13.842
G1 X-1.829 Y-13.897
M5
G0 X-2.066 Y-13.897 F2500
M3 S280
G1 F900
G1 X-1.847 Y-13.915
G1 X-1.774 Y-13.989
G1 X-1.810 Y-14.226
G1 X-1.810 Y-14.409
G1 X-1.829 Y-14.501
G1 X-1.993 Y-14.647
G1 X-2.121 Y-14.647
G1 X-2.231 Y-14.610
G1 X-2.322 Y-14.519
G1 X-2.359 Y-14.446
G1 X-2.359 Y-14.354
G1 X-2.286 Y-14.281
G1 X-2.213 Y-14.263
G1 X-2.139 Y-14.208
G1 X-2.121 Y-14.135
G1 X-2.139 Y-13.970
G1 X-2.066 Y-13.897
G1 X-1.847 Y-13.915
M5
G0 X-2.066 Y-13.915 F2500
M3 S280
G1 F900
G1 X-1.847 Y-13.934
G1 X-1.792 Y-13.989
G1 X-1.829 Y-14.226
G1 X-1.829 Y-14.409
G1 X-1.847 Y-14.501
G1 X-1.993 Y-14.629
G1 X-2.121 Y-14.629
G1 X-2.231 Y-14.592
G1 X-2.304 Y-14.519
G1 X-2.341 Y-14.446
G1 X-2.341 Y-14.354
G1 X-2.286 Y-14.299
G1 X-2.139 Y-14.245
G1 X-2.103 Y-14.135
G1 X-2.121 Y-13.970
G1 X-2.066 Y-13.915
G1 X-1.847 Y-13.934
M5
G0 X-2.066 Y-13.934 F2500
M3 S280
G1 F900
G1 X-1.847 Y-13.952
G1 X-1.810 Y-13.989
G1 X-1.847 Y-14.226
G1 X-1.847 Y-14.409
G1 X-1.865 Y-14.501
G1 X-1.993 Y-14.610
G1 X-2.121 Y-14.610
G1 X-2.194 Y-14.592
G1 X-2.286 Y-14.519
G1 X-2.322 Y-14.446
G1 X-2.322 Y-14.354
G1 X-2.286 Y-14.318
G1 X-2.213 Y-14.299
G1 X-2.121 Y-14.245
G1 X-2.085 Y-14.135
G1 X-2.103 Y-13.970
G1 X-2.066 Y-13.934
G1 X-1.847 Y-13.952
M5
G0 X-2.066 Y-13.952 F2500
M3 S280
G1 F900
G1 X-1.829 Y-13.989
G1 X-1.865 Y-14.226
G1 X-1.865 Y-14.409
G1 X-1.883 Y-14.501
G1 X-1.993 Y-14.592
G1 X-2.121 Y-14.592
G1 X-2.194 Y-14.574
G1 X-2.267 Y-14.519
G1 X-2.304 Y-14.446
G1 X-2.286 Y-14.336
G1 X-2.139 Y-14.281
G1 X-2.085 Y-14.208
G1 X-2.066 Y-14.135
G1 X-2.085 Y-14.025
G1 X-2.066 Y-13.952
G1 X-1.829 Y-13.989
M5
G0 X-1.993 Y-13.403 F2500
M3 S280
G1 F900
G1 X-1.920 Y-13.477
G1 X-1.957 Y-13.422
G1 X-1.993 Y-13.403
G1 X-1.920 Y-13.477
M5
G0 X-2.103 Y-13.367 F2500
M3 S280
G1 F900
G1 X-2.066 Y-13.367
G1 X-2.011 Y-13.403
G1 X-1.865 Y-13.568
G1 X-1.902 Y-13.477
G1 X-1.957 Y-13.403
G1 X-2.048 Y-13.367
G1 X-2.103 Y-13.367
G1 X-2.066 Y-13.367
M5
G0 X-2.176 Y-13.367 F2500
M3 S280
G1 F900
G1 X-2.066 Y-13.385
G1 X-1.883 Y-13.550
G1 X-1.755 Y-13.806
G1 X-1.847 Y-13.897
G1 X-1.993 Y-13.897
G1 X-2.359 Y-13.842
G1 X-2.304 Y-13.842
G1 X-2.213 Y-13.934
G1 X-2.213 Y-14.153
G1 X-2.322 Y-14.281
G1 X-2.359 Y-14.299
G1 X-2.450 Y-14.299
G1 X-2.450 Y-14.409
G1 X-2.395 Y-14.537
G1 X-2.213 Y-14.647
G1 X-2.121 Y-14.665
G1 X-1.938 Y-14.647
G1 X-1.829 Y-14.757
G1 X-1.829 Y-14.939
G1 X-1.792 Y-14.921
G1 X-1.719 Y-14.025
G1 X-1.627 Y-13.934
G1 X-1.755 Y-13.824
G1 X-1.792 Y-13.678
G1 X-1.920 Y-13.422
G1 X-1.957 Y-13.385
G1 X-2.048 Y-13.349
G1 X-2.176 Y-13.367
G1 X-2.066 Y-13.385
M5
G0 X-2.194 Y-13.312 F2500
M3 S280
G1 F900
G1 X-2.194 Y-13.385
G1 X-2.066 Y-13.403
G1 X-1.902 Y-13.550
G1 X-1.774 Y-13.806
G1 X-1.847 Y-13.879
G1 X-1.993 Y-13.879
G1 X-2.267 Y-13.842
G1 X-2.487 Y-13.787
G1 X-2.469 Y-13.842
G1 X-2.304 Y-13.861
G1 X-2.231 Y-13.934
G1 X-2.231 Y-14.153
G1 X-2.249 Y-14.190
G1 X-2.322 Y-14.263
G1 X-2.469 Y-14.299
G1 X-2.469 Y-14.409
G1 X-2.414 Y-14.537
G1 X-2.322 Y-14.610
G1 X-2.213 Y-14.665
G1 X-2.121 Y-14.683
G1 X-1.938 Y-14.665
G1 X-1.847 Y-14.757
G1 X-1.847 Y-14.958
G1 X-1.792 Y-14.958
G1 X-1.774 Y-14.921
G1 X-1.737 Y-14.574
G1 X-1.737 Y-14.354
G1 X-1.701 Y-14.025
G1 X-1.627 Y-13.952
G1 X-1.335 Y-13.970
G1 X-1.115 Y-14.007
G1 X-0.841 Y-14.007
G1 X-0.768 Y-14.080
G1 X-0.750 Y-14.171
G1 X-0.786 Y-14.336
G1 X-0.878 Y-14.427
G1 X-0.987 Y-14.427
G1 X-1.006 Y-14.409
G1 X-1.152 Y-14.391
G1 X-1.390 Y-14.409
G1 X-1.390 Y-14.592
G1 X-1.371 Y-14.629
G1 X-1.335 Y-14.647
G1 X-1.207 Y-14.647
G1 X-1.262 Y-14.537
G1 X-1.170 Y-14.446
G1 X-0.878 Y-14.464
G1 X-0.786 Y-14.555
G1 X-0.805 Y-15.031
G1 X-0.731 Y-15.031
G1 X-0.731 Y-14.903
G1 X-0.713 Y-14.885
G1 X-0.695 Y-14.098
G1 X-0.603 Y-14.007
G1 X-0.549 Y-14.007
G1 X-0.549 Y-13.970
G1 X-0.823 Y-13.989
G1 X-1.609 Y-13.934
G1 X-1.737 Y-13.824
G1 X-1.774 Y-13.678
G1 X-1.902 Y-13.422
G1 X-1.993 Y-13.349
G1 X-2.194 Y-13.312
G1 X-2.194 Y-13.385
M5
G0 X-2.231 Y-13.294 F2500
M3 S280
G1 F900
G1 X-2.213 Y-13.403
G1 X-2.121 Y-13.403
G1 X-2.066 Y-13.422
G1 X-1.920 Y-13.550
G1 X-1.792 Y-13.806
G1 X-1.847 Y-13.861
G1 X-1.993 Y-13.861
G1 X-2.267 Y-13.824
G1 X-2.487 Y-13.769
G1 X-2.505 Y-13.842
G1 X-2.469 Y-13.861
G1 X-2.304 Y-13.879
G1 X-2.249 Y-13.934
G1 X-2.249 Y-14.153
G1 X-2.267 Y-14.190
G1 X-2.359 Y-14.263
G1 X-2.450 Y-14.263
G1 X-2.487 Y-14.281
G1 X-2.487 Y-14.409
G1 X-2.432 Y-14.537
G1 X-2.377 Y-14.592
G1 X-2.213 Y-14.683
G1 X-2.121 Y-14.702
G1 X-1.938 Y-14.683
G1 X-1.865 Y-14.757
G1 X-1.865 Y-14.976
G1 X-1.774 Y-14.994
G1 X-1.719 Y-14.574
G1 X-1.719 Y-14.354
G1 X-1.682 Y-14.025
G1 X-1.627 Y-13.970
G1 X-1.335 Y-13.989
G1 X-1.115 Y-14.025
G1 X-0.841 Y-14.025
G1 X-0.786 Y-14.080
G1 X-0.768 Y-14.171
G1 X-0.805 Y-14.336
G1 X-0.878 Y-14.409
G1 X-0.987 Y-14.409
G1 X-1.006 Y-14.391
G1 X-1.152 Y-14.373
G1 X-1.371 Y-14.373
G1 X-1.408 Y-14.409
G1 X-1.408 Y-14.592
G1 X-1.390 Y-14.629
G1 X-1.335 Y-14.665
G1 X-1.189 Y-14.665
G1 X-1.243 Y-14.537
G1 X-1.170 Y-14.464
G1 X-0.878 Y-14.482
G1 X-0.805 Y-14.555
G1 X-0.823 Y-15.049
G1 X-0.713 Y-15.049
G1 X-0.713 Y-14.903
G1 X-0.695 Y-14.885
G1 X-0.677 Y-14.098
G1 X-0.603 Y-14.025
G1 X-0.512 Y-14.025
G1 X-0.530 Y-13.952
G1 X-0.823 Y-13.970
G1 X-1.609 Y-13.915
G1 X-1.719 Y-13.824
G1 X-1.755 Y-13.678
G1 X-1.883 Y-13.422
G1 X-1.993 Y-13.330
G1 X-2.231 Y-13.294
G1 X-2.213 Y-13.403
M5
G0 X-2.249 Y-13.275 F2500
M3 S280
G1 F900
G1 X-2.213 Y-13.422
G1 X-2.121 Y-13.422
G1 X-2.011 Y-13.477
G1 X-1.902 Y-13.605
G1 X-1.810 Y-13.806
G1 X-1.847 Y-13.842
G1 X-1.993 Y-13.842
G1 X-2.267 Y-13.806
G1 X-2.505 Y-13.751
G1 X-2.523 Y-13.787
G1 X-2.523 Y-13.861
G1 X-2.304 Y-13.897
G1 X-2.267 Y-13.934
G1 X-2.267 Y-14.153
G1 X-2.286 Y-14.190
G1 X-2.359 Y-14.245
G1 X-2.450 Y-14.245
G1 X-2.469 Y-14.263
G1 X-2.505 Y-14.263
G1 X-2.505 Y-14.409
G1 X-2.450 Y-14.537
G1 X-2.377 Y-14.610
G1 X-2.213 Y-14.702
G1 X-2.121 Y-14.720
G1 X-1.938 Y-14.702
G1 X-1.883 Y-14.757
G1 X-1.902 Y-14.994
G1 X-1.755 Y-15.013
G1 X-1.701 Y-14.574
G1 X-1.701 Y-14.354
G1 X-1.664 Y-14.025
G1 X-1.627 Y-13.989
G1 X-1.536 Y-13.989
G1 X-1.115 Y-14.043
G1 X-0.841 Y-14.043
G1 X-0.805 Y-14.080
G1 X-0.786 Y-14.171
G1 X-0.805 Y-14.299
G1 X-0.878 Y-14.391
G1 X-0.987 Y-14.391
G1 X-1.006 Y-14.373
G1 X-1.152 Y-14.354
G1 X-1.371 Y-14.354
G1 X-1.408 Y-14.373
G1 X-1.426 Y-14.409
G1 X-1.426 Y-14.592
G1 X-1.408 Y-14.629
G1 X-1.335 Y-14.683
G1 X-1.189 Y-14.629
G1 X-1.225 Y-14.537
G1 X-1.170 Y-14.482
G1 X-0.878 Y-14.501
G1 X-0.823 Y-14.555
G1 X-0.841 Y-15.067
G1 X-0.695 Y-15.067
G1 X-0.695 Y-14.903
G1 X-0.677 Y-14.885
G1 X-0.658 Y-14.098
G1 X-0.603 Y-14.043
G1 X-0.494 Y-14.043
G1 X-0.512 Y-13.934
G1 X-0.823 Y-13.952
G1 X-1.609 Y-13.897
G1 X-1.701 Y-13.824
G1 X-1.737 Y-13.678
G1 X-1.829 Y-13.477
G1 X-1.957 Y-13.330
G1 X-2.048 Y-13.294
G1 X-2.249 Y-13.275
G1 X-2.213 Y-13.422
M5
G0 X-2.267 Y-13.257 F2500
M3 S280
G1 F900
G1 X-2.231 Y-13.440
G1 X-2.121 Y-13.440
G1 X-2.011 Y-13.495
G1 X-1.920 Y-13.605
G1 X-1.829 Y-13.806
G1 X-1.993 Y-13.824
G1 X-2.523 Y-13.733
G1 X-2.523 Y-13.769
G1 X-2.542 Y-13.787
G1 X-2.542 Y-13.879
G1 X-2.377 Y-13.897
G1 X-2.286 Y-13.934
G1 X-2.286 Y-14.153
G1 X-2.304 Y-14.190
G1 X-2.359 Y-14.226
G1 X-2.523 Y-14.245
G1 X-2.523 Y-14.409
G1 X-2.469 Y-14.537
G1 X-2.377 Y-14.629
G1 X-2.213 Y-14.720
G1 X-2.121 Y-14.738
G1 X-1.938 Y-14.720
G1 X-1.902 Y-14.757
G1 X-1.920 Y-14.994
G1 X-1.737 Y-15.031
G1 X-1.682 Y-14.574
G1 X-1.664 Y-14.153
G1 X-1.627 Y-14.007
G1 X-0.823 Y-14.080
G1 X-0.805 Y-14.171
G1 X-0.823 Y-14.299
G1 X-0.878 Y-14.373
G1 X-0.987 Y-14.373
G1 X-1.006 Y-14.354
G1 X-1.152 Y-14.336
G1 X-1.371 Y-14.336
G1 X-1.408 Y-14.354
G1 X-1.445 Y-14.409
G1 X-1.445 Y-14.592
G1 X-1.426 Y-14.629
G1 X-1.335 Y-14.702
G1 X-1.170 Y-14.702
G1 X-1.170 Y-14.629
G1 X-1.207 Y-14.537
G1 X-1.170 Y-14.501
G1 X-0.878 Y-14.519
G1 X-0.841 Y-14.555
G1 X-0.859 Y-15.086
G1 X-0.677 Y-15.086
G1 X-0.640 Y-14.098
G1 X-0.603 Y-14.062
G1 X-0.475 Y-14.062
G1 X-0.494 Y-13.915
G1 X-0.823 Y-13.934
G1 X-1.609 Y-13.879
G1 X-1.682 Y-13.824
G1 X-1.719 Y-13.678
G1 X-1.810 Y-13.477
G1 X-1.957 Y-13.312
G1 X-2.048 Y-13.275
G1 X-2.267 Y-13.257
G1 X-2.231 Y-13.440
M5
G0 X-3.200 Y-13.586 F2500
M3 S280
G1 F900
G1 X-3.273 Y-13.678
G1 X-3.200 Y-13.751
G1 X-3.200 Y-13.806
G1 X-3.218 Y-13.824
G1 X-3.237 Y-13.989
G1 X-3.310 Y-14.263
G1 X-3.383 Y-14.665
G1 X-3.328 Y-14.391
G1 X-3.310 Y-14.373
G1 X-3.255 Y-14.135
G1 X-3.200 Y-13.806
G1 X-3.109 Y-13.696
G1 X-3.200 Y-13.586
G1 X-3.273 Y-13.678
M5
G0 X-3.255 Y-13.678 F2500
M3 S280
G1 F900
G1 X-3.182 Y-13.769
G1 X-3.127 Y-13.696
G1 X-3.200 Y-13.623
G1 X-3.255 Y-13.678
G1 X-3.182 Y-13.769
M5
G0 X-3.237 Y-13.678 F2500
M3 S280
G1 F900
G1 X-3.145 Y-13.696
G1 X-3.200 Y-13.641
G1 X-3.237 Y-13.678
G1 X-3.145 Y-13.696
M5
G0 X-3.694 Y-13.586 F2500
M3 S280
G1 F900
G1 X-3.657 Y-13.678
G1 X-3.602 Y-13.623
G1 X-3.694 Y-13.586
G1 X-3.657 Y-13.678
M5
G0 X-3.694 Y-13.568 F2500
M3 S280
G1 F900
G1 X-3.730 Y-13.568
G1 X-3.657 Y-13.659
G1 X-3.712 Y-13.897
G1 X-3.840 Y-14.025
G1 X-3.785 Y-14.080
G1 X-3.785 Y-14.135
G1 X-3.822 Y-14.281
G1 X-3.858 Y-14.354
G1 X-3.877 Y-14.482
G1 X-3.895 Y-14.501
G1 X-3.877 Y-14.537
G1 X-3.675 Y-13.714
G1 X-3.566 Y-13.605
G1 X-3.675 Y-13.586
G1 X-3.694 Y-13.568
G1 X-3.730 Y-13.568
M5
G0 X-3.749 Y-13.952 F2500
M3 S280
G1 F900
G1 X-3.822 Y-14.025
G1 X-3.767 Y-14.062
G1 X-3.749 Y-13.952
G1 X-3.822 Y-14.025
M5
G0 X-4.206 Y-13.915 F2500
M3 S280
G1 F900
G1 X-4.334 Y-13.897
G1 X-4.352 Y-14.025
G1 X-4.315 Y-14.080
G1 X-4.315 Y-14.025
G1 X-4.206 Y-13.915
G1 X-4.334 Y-13.897
M5
G0 X-4.352 Y-13.879 F2500
M3 S280
G1 F900
G1 X-4.370 Y-14.025
G1 X-4.352 Y-14.043
G1 X-4.352 Y-14.080
G1 X-4.297 Y-14.098
G1 X-4.297 Y-14.025
G1 X-4.187 Y-13.915
G1 X-4.261 Y-13.879
G1 X-4.352 Y-13.879
G1 X-4.370 Y-14.025
M5
G0 X-4.261 Y-13.934 F2500
M3 S280
G1 F900
G1 X-4.297 Y-13.934
G1 X-4.315 Y-13.989
G1 X-4.261 Y-13.934
G1 X-4.297 Y-13.934
M5
G0 X-4.242 Y-13.934 F2500
M3 S280
G1 F900
G1 X-4.315 Y-13.915
G1 X-4.334 Y-14.025
G1 X-4.242 Y-13.934
G1 X-4.315 Y-13.915
M5
G0 X-4.699 Y-13.513 F2500
M3 S280
G1 F900
G1 X-4.809 Y-13.623
G1 X-4.754 Y-13.678
G1 X-4.736 Y-13.586
G1 X-4.699 Y-13.513
G1 X-4.809 Y-13.623
M5
G0 X-5.138 Y-13.733 F2500
M3 S280
G1 F900
G1 X-5.157 Y-13.806
G1 X-5.285 Y-13.934
G1 X-5.358 Y-13.952
G1 X-5.303 Y-13.952
G1 X-5.175 Y-13.897
G1 X-5.138 Y-13.733
G1 X-5.157 Y-13.806
M5
G0 X-5.175 Y-13.842 F2500
M3 S280
G1 F900
G1 X-5.248 Y-13.915
G1 X-5.193 Y-13.897
G1 X-5.175 Y-13.842
G1 X-5.248 Y-13.915
M5
G0 X-5.577 Y-13.806 F2500
M3 S280
G1 F900
G1 X-5.559 Y-13.842
G1 X-5.486 Y-13.897
G1 X-5.577 Y-13.806
G1 X-5.559 Y-13.842
M5
G0 X-5.614 Y-13.733 F2500
M3 S280
G1 F900
G1 X-5.559 Y-13.879
G1 X-5.486 Y-13.915
G1 X-5.394 Y-13.934
G1 X-5.431 Y-13.934
G1 X-5.614 Y-13.733
G1 X-5.559 Y-13.879
M5
G0 X-5.266 Y-13.495 F2500
M3 S280
G1 F900
G1 X-5.157 Y-13.623
G1 X-5.083 Y-13.550
G1 X-5.266 Y-13.495
G1 X-5.157 Y-13.623
M5
G0 X-4.571 Y-13.349 F2500
M3 S280
G1 F900
G1 X-4.626 Y-13.330
G1 X-4.663 Y-13.458
G1 X-4.827 Y-13.623
G1 X-4.754 Y-13.696
G1 X-4.773 Y-13.806
G1 X-4.754 Y-13.696
G1 X-4.663 Y-13.440
G1 X-4.571 Y-13.349
G1 X-4.626 Y-13.330
M5
G0 X-4.553 Y-13.330 F2500
M3 S280
G1 F900
G1 X-4.681 Y-13.294
G1 X-4.626 Y-13.349
G1 X-4.681 Y-13.458
G1 X-4.864 Y-13.605
G1 X-4.773 Y-13.696
G1 X-4.773 Y-13.751
G1 X-4.846 Y-13.989
G1 X-4.882 Y-14.043
G1 X-4.937 Y-14.208
G1 X-4.919 Y-14.263
G1 X-4.882 Y-14.190
G1 X-4.645 Y-13.440
G1 X-4.553 Y-13.330
G1 X-4.681 Y-13.294
M5
G0 X-5.778 Y-12.891 F2500
M3 S280
G1 F900
G1 X-5.870 Y-12.855
G1 X-5.851 Y-12.928
G1 X-5.870 Y-12.983
G1 X-5.778 Y-12.891
G1 X-5.870 Y-12.855
M5
G0 X-5.943 Y-12.800 F2500
M3 S280
G1 F900
G1 X-5.870 Y-12.928
G1 X-5.870 Y-12.965
G1 X-6.217 Y-13.769
G1 X-6.181 Y-13.787
G1 X-5.870 Y-13.001
G1 X-5.760 Y-12.891
G1 X-5.943 Y-12.800
G1 X-5.870 Y-12.928
M5
G0 X-6.309 Y-12.654 F2500
M3 S280
G1 F900
G1 X-6.272 Y-12.690
G1 X-6.272 Y-12.727
G1 X-6.235 Y-12.690
G1 X-6.309 Y-12.654
G1 X-6.272 Y-12.690
M5
G0 X-6.382 Y-12.599 F2500
M3 S280
G1 F900
G1 X-6.290 Y-12.690
G1 X-6.309 Y-12.782
G1 X-6.418 Y-12.891
G1 X-6.363 Y-12.910
G1 X-6.327 Y-12.800
G1 X-6.217 Y-12.690
G1 X-6.382 Y-12.599
G1 X-6.290 Y-12.690
M5
G0 X-6.693 Y-12.782 F2500
M3 S280
G1 F900
G1 X-6.839 Y-12.782
G1 X-6.857 Y-12.800
G1 X-6.894 Y-12.800
G1 X-6.894 Y-12.837
G1 X-6.912 Y-12.855
G1 X-6.894 Y-12.946
G1 X-6.747 Y-12.782
G1 X-6.693 Y-12.782
G1 X-6.839 Y-12.782
M5
G0 X-6.784 Y-12.800 F2500
M3 S280
G1 F900
G1 X-6.875 Y-12.818
G1 X-6.894 Y-12.910
G1 X-6.784 Y-12.800
G1 X-6.875 Y-12.818
M5
G0 X-6.875 Y-13.019 F2500
M3 S280
G1 F900
G1 X-7.040 Y-13.184
G1 X-7.077 Y-13.294
G1 X-7.077 Y-13.458
G1 X-7.003 Y-13.623
G1 X-6.857 Y-13.733
G1 X-6.821 Y-13.733
G1 X-7.058 Y-13.477
G1 X-7.058 Y-13.367
G1 X-7.003 Y-13.257
G1 X-6.839 Y-13.093
G1 X-6.802 Y-13.093
G1 X-6.875 Y-13.019
G1 X-7.040 Y-13.184
M5
G0 X-7.022 Y-13.239 F2500
M3 S280
G1 F900
G1 X-6.857 Y-13.074
G1 X-7.003 Y-13.184
G1 X-7.022 Y-13.239
G1 X-6.857 Y-13.074
M5
G0 X-6.875 Y-13.038 F2500
M3 S280
G1 F900
G1 X-7.022 Y-13.184
G1 X-7.040 Y-13.275
G1 X-7.058 Y-13.294
G1 X-7.058 Y-13.349
G1 X-7.022 Y-13.257
G1 X-6.839 Y-13.074
G1 X-6.875 Y-13.038
G1 X-7.022 Y-13.184
M5
G0 X-6.711 Y-13.129 F2500
M3 S280
G1 F900
G1 X-6.510 Y-13.312
G1 X-6.510 Y-13.422
G1 X-6.583 Y-13.495
G1 X-6.528 Y-13.477
G1 X-6.491 Y-13.403
G1 X-6.491 Y-13.330
G1 X-6.546 Y-13.202
G1 X-6.601 Y-13.166
G1 X-6.711 Y-13.129
G1 X-6.510 Y-13.312
M5
G0 X-6.638 Y-13.166 F2500
M3 S280
G1 F900
G1 X-6.528 Y-13.275
G1 X-6.565 Y-13.202
G1 X-6.638 Y-13.166
G1 X-6.528 Y-13.275
M5
G0 X-7.022 Y-13.550 F2500
M3 S280
G1 F900
G1 X-6.985 Y-13.623
G1 X-6.857 Y-13.714
G1 X-7.022 Y-13.550
G1 X-6.985 Y-13.623
M5
G0 X-7.241 Y-12.581 F2500
M3 S280
G1 F900
G1 X-7.406 Y-12.709
G1 X-7.351 Y-12.782
G1 X-7.515 Y-13.111
G1 X-7.241 Y-12.581
G1 X-7.406 Y-12.709
M5
G0 X-7.808 Y-12.471 F2500
M3 S280
G1 F900
G1 X-7.881 Y-12.526
G1 X-7.881 Y-12.581
G1 X-7.845 Y-12.562
G1 X-7.808 Y-12.471
G1 X-7.881 Y-12.526
M5
G0 X-7.808 Y-12.453 F2500
M3 S280
G1 F900
G1 X-7.863 Y-12.507
G1 X-7.899 Y-12.507
G1 X-7.899 Y-12.599
G1 X-7.845 Y-12.581
G1 X-7.771 Y-12.489
G1 X-7.808 Y-12.453
G1 X-7.863 Y-12.507
M5
G0 X-7.790 Y-12.416 F2500
M3 S280
G1 F900
G1 X-7.863 Y-12.489
G1 X-7.918 Y-12.489
G1 X-7.918 Y-12.617
G1 X-7.845 Y-12.599
G1 X-7.753 Y-12.489
G1 X-7.790 Y-12.416
G1 X-7.863 Y-12.489
M5
G0 X-7.717 Y-12.325 F2500
M3 S280
G1 F900
G1 X-7.863 Y-12.471
G1 X-7.918 Y-12.453
G1 X-7.936 Y-12.489
G1 X-7.918 Y-12.635
G1 X-7.881 Y-12.635
G1 X-7.698 Y-12.526
G1 X-7.790 Y-12.434
G1 X-7.717 Y-12.325
G1 X-7.863 Y-12.471
M5
G0 X-7.479 Y-12.105 F2500
M3 S280
G1 F900
G1 X-7.442 Y-12.142
G1 X-7.241 Y-12.233
G1 X-7.223 Y-12.343
G1 X-7.333 Y-12.562
G1 X-7.387 Y-12.617
G1 X-7.625 Y-12.489
G1 X-7.680 Y-12.434
G1 X-7.515 Y-12.123
G1 X-7.479 Y-12.105
G1 X-7.442 Y-12.142
M5
G0 X-7.479 Y-12.087 F2500
M3 S280
G1 F900
G1 X-7.442 Y-12.123
G1 X-7.241 Y-12.215
G1 X-7.205 Y-12.306
G1 X-7.205 Y-12.343
G1 X-7.314 Y-12.562
G1 X-7.387 Y-12.635
G1 X-7.625 Y-12.507
G1 X-7.698 Y-12.434
G1 X-7.607 Y-12.288
G1 X-7.534 Y-12.123
G1 X-7.479 Y-12.087
G1 X-7.442 Y-12.123
M5
G0 X-7.479 Y-12.069 F2500
M3 S280
G1 F900
G1 X-7.442 Y-12.105
G1 X-7.241 Y-12.197
G1 X-7.186 Y-12.306
G1 X-7.186 Y-12.343
G1 X-7.296 Y-12.562
G1 X-7.387 Y-12.654
G1 X-7.625 Y-12.526
G1 X-7.717 Y-12.434
G1 X-7.552 Y-12.123
G1 X-7.479 Y-12.069
G1 X-7.442 Y-12.105
M5
G0 X-7.479 Y-12.050 F2500
M3 S280
G1 F900
G1 X-7.442 Y-12.087
G1 X-7.241 Y-12.178
G1 X-7.168 Y-12.306
G1 X-7.168 Y-12.343
G1 X-7.278 Y-12.562
G1 X-7.387 Y-12.672
G1 X-7.625 Y-12.544
G1 X-7.735 Y-12.434
G1 X-7.643 Y-12.288
G1 X-7.570 Y-12.123
G1 X-7.479 Y-12.050
G1 X-7.442 Y-12.087
M5
G0 X-7.479 Y-12.032 F2500
M3 S280
G1 F900
G1 X-7.442 Y-12.069
G1 X-7.241 Y-12.160
G1 X-7.150 Y-12.306
G1 X-7.150 Y-12.343
G1 X-7.259 Y-12.562
G1 X-7.387 Y-12.690
G1 X-7.625 Y-12.562
G1 X-7.753 Y-12.434
G1 X-7.662 Y-12.288
G1 X-7.589 Y-12.123
G1 X-7.479 Y-12.032
G1 X-7.442 Y-12.069
M5
G0 X-7.607 Y-11.959 F2500
M3 S280
G1 F900
G1 X-7.552 Y-12.014
G1 X-7.607 Y-12.105
G1 X-7.515 Y-12.014
G1 X-7.570 Y-11.995
G1 X-7.607 Y-11.959
G1 X-7.552 Y-12.014
M5
G0 X-7.735 Y-11.867 F2500
M3 S280
G1 F900
G1 X-7.570 Y-12.014
G1 X-7.717 Y-12.306
G1 X-7.863 Y-12.453
G1 X-7.936 Y-12.434
G1 X-7.936 Y-12.471
G1 X-7.954 Y-12.489
G1 X-7.954 Y-12.617
G1 X-7.918 Y-12.654
G1 X-7.845 Y-12.635
G1 X-7.717 Y-12.526
G1 X-7.515 Y-12.635
G1 X-7.625 Y-12.581
G1 X-7.771 Y-12.434
G1 X-7.680 Y-12.288
G1 X-7.607 Y-12.123
G1 X-7.497 Y-12.014
G1 X-7.735 Y-11.867
G1 X-7.570 Y-12.014
M5
G0 X-7.753 Y-11.849 F2500
M3 S280
G1 F900
G1 X-7.735 Y-11.886
G1 X-7.589 Y-12.014
G1 X-7.735 Y-12.306
G1 X-7.863 Y-12.434
G1 X-7.954 Y-12.434
G1 X-7.973 Y-12.489
G1 X-7.973 Y-12.617
G1 X-7.954 Y-12.654
G1 X-7.881 Y-12.672
G1 X-7.717 Y-12.544
G1 X-7.497 Y-12.654
G1 X-7.387 Y-12.782
G1 X-7.570 Y-13.129
G1 X-7.515 Y-13.166
G1 X-7.387 Y-12.946
G1 X-7.113 Y-12.379
G1 X-7.022 Y-12.288
G1 X-6.711 Y-12.434
G1 X-6.528 Y-12.544
G1 X-6.418 Y-12.581
G1 X-6.309 Y-12.690
G1 X-6.327 Y-12.782
G1 X-6.437 Y-12.891
G1 X-6.693 Y-12.763
G1 X-6.839 Y-12.763
G1 X-6.912 Y-12.800
G1 X-6.930 Y-12.928
G1 X-6.894 Y-13.019
G1 X-7.058 Y-13.184
G1 X-7.095 Y-13.294
G1 X-7.095 Y-13.458
G1 X-7.022 Y-13.623
G1 X-6.857 Y-13.751
G1 X-6.802 Y-13.733
G1 X-7.040 Y-13.477
G1 X-7.040 Y-13.367
G1 X-6.985 Y-13.257
G1 X-6.839 Y-13.111
G1 X-6.766 Y-13.111
G1 X-6.693 Y-13.147
G1 X-6.528 Y-13.312
G1 X-6.528 Y-13.422
G1 X-6.601 Y-13.513
G1 X-6.510 Y-13.495
G1 X-6.473 Y-13.403
G1 X-6.473 Y-13.330
G1 X-6.528 Y-13.202
G1 X-6.638 Y-13.129
G1 X-6.784 Y-13.093
G1 X-6.894 Y-12.965
G1 X-6.875 Y-12.928
G1 X-6.747 Y-12.800
G1 X-6.656 Y-12.800
G1 X-6.345 Y-12.910
G1 X-6.309 Y-12.800
G1 X-6.199 Y-12.690
G1 X-6.071 Y-12.763
G1 X-5.979 Y-12.782
G1 X-5.888 Y-12.928
G1 X-5.888 Y-12.965
G1 X-6.235 Y-13.787
G1 X-6.162 Y-13.787
G1 X-6.162 Y-13.751
G1 X-6.107 Y-13.659
G1 X-5.851 Y-13.001
G1 X-5.723 Y-12.891
G1 X-5.669 Y-12.928
G1 X-4.937 Y-13.202
G1 X-4.773 Y-13.239
G1 X-4.645 Y-13.349
G1 X-4.699 Y-13.458
G1 X-4.846 Y-13.605
G1 X-5.285 Y-13.477
G1 X-5.157 Y-13.641
G1 X-5.157 Y-13.769
G1 X-5.175 Y-13.806
G1 X-5.321 Y-13.934
G1 X-5.431 Y-13.915
G1 X-5.595 Y-13.751
G1 X-5.614 Y-13.714
G1 X-5.632 Y-13.422
G1 X-5.650 Y-13.623
G1 X-5.614 Y-13.806
G1 X-5.559 Y-13.897
G1 X-5.431 Y-13.952
G1 X-5.303 Y-13.970
G1 X-5.193 Y-13.934
G1 X-5.157 Y-13.897
G1 X-5.138 Y-13.787
G1 X-5.120 Y-13.769
G1 X-5.157 Y-13.641
G1 X-5.065 Y-13.550
G1 X-5.010 Y-13.550
G1 X-4.882 Y-13.605
G1 X-4.791 Y-13.696
G1 X-4.809 Y-13.824
G1 X-4.974 Y-14.263
G1 X-4.901 Y-14.281
G1 X-4.626 Y-13.440
G1 X-4.517 Y-13.330
G1 X-4.480 Y-13.330
G1 X-4.407 Y-13.367
G1 X-4.352 Y-13.367
G1 X-4.041 Y-13.477
G1 X-3.785 Y-13.531
G1 X-3.675 Y-13.659
G1 X-3.730 Y-13.897
G1 X-3.840 Y-14.007
G1 X-3.877 Y-14.007
G1 X-3.931 Y-13.970
G1 X-4.261 Y-13.861
G1 X-4.370 Y-13.879
G1 X-4.370 Y-13.952
G1 X-4.389 Y-13.970
G1 X-4.389 Y-14.025
G1 X-4.352 Y-14.098
G1 X-4.315 Y-14.117
G1 X-4.279 Y-14.117
G1 X-4.279 Y-14.025
G1 X-4.169 Y-13.915
G1 X-3.895 Y-13.989
G1 X-3.803 Y-14.080
G1 X-3.840 Y-14.281
G1 X-3.931 Y-14.555
G1 X-3.877 Y-14.574
G1 X-3.785 Y-14.281
G1 X-3.657 Y-13.714
G1 X-3.547 Y-13.605
G1 X-3.346 Y-13.641
G1 X-3.218 Y-13.751
G1 X-3.218 Y-13.806
G1 X-3.237 Y-13.824
G1 X-3.255 Y-13.989
G1 X-3.328 Y-14.263
G1 X-3.383 Y-14.610
G1 X-3.401 Y-14.629
G1 X-3.401 Y-14.683
G1 X-3.365 Y-14.702
G1 X-3.237 Y-14.135
G1 X-3.182 Y-13.806
G1 X-3.090 Y-13.714
G1 X-2.999 Y-13.733
G1 X-3.090 Y-13.696
G1 X-3.182 Y-13.605
G1 X-3.273 Y-13.275
G1 X-3.346 Y-13.129
G1 X-3.419 Y-13.093
G1 X-3.511 Y-13.074
G1 X-3.547 Y-13.093
G1 X-3.456 Y-13.129
G1 X-3.273 Y-13.312
G1 X-3.218 Y-13.440
G1 X-3.200 Y-13.568
G1 X-3.328 Y-13.641
G1 X-3.895 Y-13.513
G1 X-4.334 Y-13.367
G1 X-4.535 Y-13.330
G1 X-5.248 Y-13.074
G1 X-5.394 Y-13.001
G1 X-5.541 Y-12.965
G1 X-5.851 Y-12.818
G1 X-6.071 Y-12.745
G1 X-7.131 Y-12.215
G1 X-7.424 Y-12.050
G1 X-7.717 Y-11.849
G1 X-7.753 Y-11.849
G1 X-7.735 Y-11.886
M5
G0 X-7.790 Y-11.867 F2500
M3 S280
G1 F900
G1 X-7.717 Y-11.904
G1 X-7.607 Y-12.014
G1 X-7.753 Y-12.306
G1 X-7.863 Y-12.416
G1 X-7.954 Y-12.398
G1 X-7.991 Y-12.489
G1 X-7.991 Y-12.617
G1 X-7.954 Y-12.672
G1 X-7.881 Y-12.690
G1 X-7.717 Y-12.562
G1 X-7.497 Y-12.672
G1 X-7.406 Y-12.782
G1 X-7.589 Y-13.129
G1 X-7.552 Y-13.166
G1 X-7.497 Y-13.184
G1 X-7.095 Y-12.379
G1 X-7.022 Y-12.306
G1 X-6.711 Y-12.453
G1 X-6.528 Y-12.562
G1 X-6.418 Y-12.599
G1 X-6.327 Y-12.690
G1 X-6.345 Y-12.782
G1 X-6.437 Y-12.873
G1 X-6.693 Y-12.745
G1 X-6.839 Y-12.745
G1 X-6.894 Y-12.763
G1 X-6.930 Y-12.800
G1 X-6.949 Y-12.928
G1 X-6.912 Y-13.019
G1 X-7.040 Y-13.129
G1 X-7.095 Y-13.221
G1 X-7.113 Y-13.294
G1 X-7.113 Y-13.458
G1 X-7.040 Y-13.623
G1 X-6.967 Y-13.696
G1 X-6.857 Y-13.769
G1 X-6.821 Y-13.769
G1 X-6.784 Y-13.733
G1 X-7.022 Y-13.477
G1 X-7.022 Y-13.367
G1 X-6.967 Y-13.257
G1 X-6.839 Y-13.129
G1 X-6.766 Y-13.129
G1 X-6.693 Y-13.166
G1 X-6.546 Y-13.312
G1 X-6.546 Y-13.422
G1 X-6.638 Y-13.513
G1 X-6.565 Y-13.531
G1 X-6.491 Y-13.495
G1 X-6.455 Y-13.403
G1 X-6.455 Y-13.330
G1 X-6.510 Y-13.202
G1 X-6.565 Y-13.147
G1 X-6.638 Y-13.111
G1 X-6.784 Y-13.074
G1 X-6.875 Y-12.965
G1 X-6.857 Y-12.928
G1 X-6.747 Y-12.818
G1 X-6.656 Y-12.818
G1 X-6.473 Y-12.891
G1 X-6.382 Y-12.946
G1 X-6.345 Y-12.946
G1 X-6.290 Y-12.800
G1 X-6.199 Y-12.709
G1 X-6.071 Y-12.782
G1 X-5.979 Y-12.800
G1 X-5.906 Y-12.928
G1 X-5.906 Y-12.965
G1 X-6.053 Y-13.330
G1 X-6.162 Y-13.550
G1 X-6.235 Y-13.806
G1 X-6.162 Y-13.824
G1 X-5.833 Y-13.001
G1 X-5.723 Y-12.910
G1 X-5.669 Y-12.946
G1 X-4.937 Y-13.221
G1 X-4.773 Y-13.257
G1 X-4.663 Y-13.349
G1 X-4.718 Y-13.458
G1 X-4.846 Y-13.586
G1 X-5.065 Y-13.531
G1 X-5.248 Y-13.458
G1 X-5.303 Y-13.458
G1 X-5.303 Y-13.513
G1 X-5.193 Y-13.605
G1 X-5.175 Y-13.641
G1 X-5.175 Y-13.769
G1 X-5.193 Y-13.806
G1 X-5.321 Y-13.915
G1 X-5.431 Y-13.897
G1 X-5.577 Y-13.751
G1 X-5.595 Y-13.714
G1 X-5.595 Y-13.403
G1 X-5.650 Y-13.403
G1 X-5.650 Y-13.495
G1 X-5.669 Y-13.513
G1 X-5.650 Y-13.751
G1 X-5.595 Y-13.879
G1 X-5.486 Y-13.952
G1 X-5.358 Y-13.989
G1 X-5.303 Y-13.989
G1 X-5.193 Y-13.952
G1 X-5.138 Y-13.897
G1 X-5.120 Y-13.787
G1 X-5.102 Y-13.769
G1 X-5.138 Y-13.641
G1 X-5.065 Y-13.568
G1 X-4.955 Y-13.586
G1 X-4.882 Y-13.623
G1 X-4.809 Y-13.696
G1 X-4.827 Y-13.824
G1 X-4.992 Y-14.263
G1 X-4.919 Y-14.299
G1 X-4.882 Y-14.299
G1 X-4.882 Y-14.263
G1 X-4.846 Y-14.190
G1 X-4.608 Y-13.440
G1 X-4.517 Y-13.349
G1 X-4.480 Y-13.349
G1 X-4.407 Y-13.385
G1 X-4.352 Y-13.385
G1 X-4.041 Y-13.495
G1 X-3.785 Y-13.550
G1 X-3.694 Y-13.659
G1 X-3.749 Y-13.897
G1 X-3.840 Y-13.989
G1 X-3.877 Y-13.989
G1 X-3.931 Y-13.952
G1 X-4.261 Y-13.842
G1 X-4.352 Y-13.842
G1 X-4.389 Y-13.879
G1 X-4.389 Y-13.952
G1 X-4.407 Y-13.970
G1 X-4.389 Y-14.080
G1 X-4.315 Y-14.135
G1 X-4.261 Y-14.135
G1 X-4.261 Y-14.025
G1 X-4.169 Y-13.934
G1 X-3.895 Y-14.007
G1 X-3.822 Y-14.080
G1 X-3.858 Y-14.281
G1 X-3.950 Y-14.555
G1 X-3.858 Y-14.592
G1 X-3.767 Y-14.281
G1 X-3.639 Y-13.714
G1 X-3.547 Y-13.623
G1 X-3.346 Y-13.659
G1 X-3.237 Y-13.751
G1 X-3.237 Y-13.806
G1 X-3.255 Y-13.824
G1 X-3.273 Y-13.989
G1 X-3.419 Y-14.629
G1 X-3.419 Y-14.702
G1 X-3.365 Y-14.720
G1 X-3.218 Y-14.135
G1 X-3.163 Y-13.806
G1 X-3.090 Y-13.733
G1 X-2.981 Y-13.714
G1 X-3.090 Y-13.678
G1 X-3.163 Y-13.605
G1 X-3.255 Y-13.275
G1 X-3.346 Y-13.111
G1 X-3.419 Y-13.074
G1 X-3.566 Y-13.056
G1 X-3.566 Y-13.111
G1 X-3.456 Y-13.147
G1 X-3.291 Y-13.312
G1 X-3.237 Y-13.440
G1 X-3.218 Y-13.568
G1 X-3.328 Y-13.623
G1 X-3.895 Y-13.495
G1 X-4.334 Y-13.349
G1 X-4.535 Y-13.312
G1 X-5.248 Y-13.056
G1 X-5.394 Y-12.983
G1 X-5.541 Y-12.946
G1 X-5.851 Y-12.800
G1 X-6.071 Y-12.727
G1 X-7.131 Y-12.197
G1 X-7.424 Y-12.032
G1 X-7.753 Y-11.813
G1 X-7.790 Y-11.867
G1 X-7.717 Y-11.904
M5
G0 X-7.808 Y-11.867 F2500
M3 S280
G1 F900
G1 X-7.717 Y-11.922
G1 X-7.625 Y-12.014
G1 X-7.771 Y-12.306
G1 X-7.863 Y-12.398
G1 X-7.899 Y-12.398
G1 X-7.918 Y-12.379
G1 X-7.973 Y-12.398
G1 X-8.009 Y-12.489
G1 X-8.009 Y-12.617
G1 X-7.991 Y-12.654
G1 X-7.918 Y-12.709
G1 X-7.845 Y-12.690
G1 X-7.717 Y-12.581
G1 X-7.497 Y-12.690
G1 X-7.424 Y-12.782
G1 X-7.607 Y-13.129
G1 X-7.552 Y-13.184
G1 X-7.479 Y-13.184
G1 X-7.077 Y-12.379
G1 X-7.022 Y-12.325
G1 X-6.711 Y-12.471
G1 X-6.528 Y-12.581
G1 X-6.418 Y-12.617
G1 X-6.345 Y-12.690
G1 X-6.363 Y-12.782
G1 X-6.437 Y-12.855
G1 X-6.693 Y-12.727
G1 X-6.839 Y-12.727
G1 X-6.930 Y-12.763
G1 X-6.949 Y-12.800
G1 X-6.967 Y-12.928
G1 X-6.930 Y-13.019
G1 X-7.058 Y-13.129
G1 X-7.113 Y-13.221
G1 X-7.131 Y-13.294
G1 X-7.131 Y-13.458
G1 X-7.058 Y-13.623
G1 X-6.967 Y-13.714
G1 X-6.857 Y-13.787
G1 X-6.821 Y-13.787
G1 X-6.766 Y-13.733
G1 X-7.003 Y-13.477
G1 X-7.003 Y-13.367
G1 X-6.949 Y-13.257
G1 X-6.839 Y-13.147
G1 X-6.766 Y-13.147
G1 X-6.693 Y-13.184
G1 X-6.565 Y-13.312
G1 X-6.565 Y-13.422
G1 X-6.638 Y-13.495
G1 X-6.674 Y-13.495
G1 X-6.601 Y-13.550
G1 X-6.510 Y-13.531
G1 X-6.473 Y-13.495
G1 X-6.437 Y-13.403
G1 X-6.437 Y-13.330
G1 X-6.491 Y-13.202
G1 X-6.565 Y-13.129
G1 X-6.638 Y-13.093
G1 X-6.784 Y-13.056
G1 X-6.857 Y-12.965
G1 X-6.839 Y-12.928
G1 X-6.747 Y-12.837
G1 X-6.656 Y-12.837
G1 X-6.473 Y-12.910
G1 X-6.382 Y-12.965
G1 X-6.327 Y-12.946
G1 X-6.272 Y-12.800
G1 X-6.199 Y-12.727
G1 X-6.071 Y-12.800
G1 X-5.979 Y-12.818
G1 X-5.925 Y-12.928
G1 X-5.925 Y-12.965
G1 X-6.071 Y-13.330
G1 X-6.181 Y-13.550
G1 X-6.217 Y-13.678
G1 X-6.272 Y-13.769
G1 X-6.272 Y-13.806
G1 X-6.199 Y-13.842
G1 X-6.144 Y-13.824
G1 X-5.815 Y-13.001
G1 X-5.723 Y-12.928
G1 X-5.669 Y-12.965
G1 X-4.937 Y-13.239
G1 X-4.773 Y-13.275
G1 X-4.681 Y-13.349
G1 X-4.736 Y-13.458
G1 X-4.846 Y-13.568
G1 X-5.065 Y-13.513
G1 X-5.303 Y-13.422
G1 X-5.321 Y-13.458
G1 X-5.303 Y-13.531
G1 X-5.211 Y-13.605
G1 X-5.193 Y-13.641
G1 X-5.193 Y-13.769
G1 X-5.211 Y-13.806
G1 X-5.321 Y-13.897
G1 X-5.431 Y-13.879
G1 X-5.559 Y-13.751
G1 X-5.577 Y-13.714
G1 X-5.559 Y-13.385
G1 X-5.669 Y-13.385
G1 X-5.669 Y-13.495
G1 X-5.687 Y-13.513
G1 X-5.669 Y-13.751
G1 X-5.614 Y-13.879
G1 X-5.559 Y-13.934
G1 X-5.486 Y-13.970
G1 X-5.358 Y-14.007
G1 X-5.303 Y-14.007
G1 X-5.193 Y-13.970
G1 X-5.120 Y-13.897
G1 X-5.102 Y-13.787
G1 X-5.083 Y-13.769
G1 X-5.120 Y-13.641
G1 X-5.065 Y-13.586
G1 X-4.955 Y-13.605
G1 X-4.882 Y-13.641
G1 X-4.827 Y-13.696
G1 X-4.846 Y-13.824
G1 X-4.901 Y-13.989
G1 X-4.937 Y-14.043
G1 X-5.010 Y-14.281
G1 X-4.882 Y-14.336
G1 X-4.590 Y-13.440
G1 X-4.517 Y-13.367
G1 X-4.480 Y-13.367
G1 X-4.407 Y-13.403
G1 X-4.352 Y-13.403
G1 X-4.041 Y-13.513
G1 X-3.785 Y-13.568
G1 X-3.712 Y-13.659
G1 X-3.767 Y-13.897
G1 X-3.840 Y-13.970
G1 X-3.877 Y-13.970
G1 X-3.931 Y-13.934
G1 X-4.261 Y-13.824
G1 X-4.352 Y-13.824
G1 X-4.389 Y-13.842
G1 X-4.407 Y-13.879
G1 X-4.407 Y-13.952
G1 X-4.425 Y-13.970
G1 X-4.407 Y-14.080
G1 X-4.315 Y-14.153
G1 X-4.242 Y-14.135
G1 X-4.242 Y-14.025
G1 X-4.169 Y-13.952
G1 X-3.895 Y-14.025
G1 X-3.840 Y-14.080
G1 X-3.877 Y-14.281
G1 X-3.968 Y-14.574
G1 X-3.840 Y-14.610
G1 X-3.621 Y-13.714
G1 X-3.547 Y-13.641
G1 X-3.346 Y-13.678
G1 X-3.255 Y-13.751
G1 X-3.255 Y-13.806
G1 X-3.273 Y-13.824
G1 X-3.291 Y-13.989
G1 X-3.456 Y-14.720
G1 X-3.346 Y-14.738
G1 X-3.291 Y-14.464
G1 X-3.200 Y-14.135
G1 X-3.145 Y-13.806
G1 X-3.090 Y-13.751
G1 X-2.981 Y-13.769
G1 X-2.962 Y-13.733
G1 X-2.962 Y-13.696
G1 X-3.054 Y-13.678
G1 X-3.145 Y-13.605
G1 X-3.237 Y-13.275
G1 X-3.310 Y-13.129
G1 X-3.346 Y-13.093
G1 X-3.419 Y-13.056
G1 X-3.584 Y-13.038
G1 X-3.584 Y-13.129
G1 X-3.529 Y-13.129
G1 X-3.456 Y-13.166
G1 X-3.310 Y-13.312
G1 X-3.255 Y-13.440
G1 X-3.237 Y-13.568
G1 X-3.328 Y-13.605
G1 X-3.895 Y-13.477
G1 X-4.334 Y-13.330
G1 X-4.535 Y-13.294
G1 X-5.248 Y-13.038
G1 X-5.394 Y-12.965
G1 X-5.632 Y-12.891
G1 X-5.851 Y-12.782
G1 X-6.071 Y-12.709
G1 X-7.131 Y-12.178
G1 X-7.424 Y-12.014
G1 X-7.753 Y-11.794
G1 X-7.808 Y-11.867
G1 X-7.717 Y-11.922
M5
G0 X-7.826 Y-11.867 F2500
M3 S280
G1 F900
G1 X-7.717 Y-11.941
G1 X-7.643 Y-12.014
G1 X-7.790 Y-12.306
G1 X-7.863 Y-12.379
G1 X-7.973 Y-12.361
G1 X-8.027 Y-12.489
G1 X-8.027 Y-12.617
G1 X-8.009 Y-12.654
G1 X-7.918 Y-12.727
G1 X-7.845 Y-12.709
G1 X-7.717 Y-12.599
G1 X-7.497 Y-12.709
G1 X-7.442 Y-12.782
G1 X-7.625 Y-13.147
G1 X-7.497 Y-13.239
G1 X-7.333 Y-12.946
G1 X-7.058 Y-12.379
G1 X-7.022 Y-12.343
G1 X-6.711 Y-12.489
G1 X-6.528 Y-12.599
G1 X-6.418 Y-12.635
G1 X-6.363 Y-12.690
G1 X-6.363 Y-12.745
G1 X-6.437 Y-12.837
G1 X-6.693 Y-12.709
G1 X-6.839 Y-12.709
G1 X-6.930 Y-12.745
G1 X-6.967 Y-12.800
G1 X-6.985 Y-12.928
G1 X-6.949 Y-13.019
G1 X-7.077 Y-13.129
G1 X-7.131 Y-13.221
G1 X-7.150 Y-13.294
G1 X-7.150 Y-13.458
G1 X-7.077 Y-13.623
G1 X-6.967 Y-13.733
G1 X-6.821 Y-13.824
G1 X-6.747 Y-13.714
G1 X-6.949 Y-13.531
G1 X-6.985 Y-13.477
G1 X-6.985 Y-13.367
G1 X-6.930 Y-13.257
G1 X-6.839 Y-13.166
G1 X-6.766 Y-13.166
G1 X-6.693 Y-13.202
G1 X-6.583 Y-13.312
G1 X-6.583 Y-13.422
G1 X-6.638 Y-13.477
G1 X-6.693 Y-13.477
G1 X-6.638 Y-13.550
G1 X-6.601 Y-13.568
G1 X-6.510 Y-13.550
G1 X-6.455 Y-13.495
G1 X-6.418 Y-13.403
G1 X-6.418 Y-13.330
G1 X-6.473 Y-13.202
G1 X-6.565 Y-13.111
G1 X-6.638 Y-13.074
G1 X-6.784 Y-13.038
G1 X-6.839 Y-12.965
G1 X-6.821 Y-12.928
G1 X-6.747 Y-12.855
G1 X-6.656 Y-12.855
G1 X-6.327 Y-13.001
G1 X-6.327 Y-12.965
G1 X-6.272 Y-12.837
G1 X-6.199 Y-12.745
G1 X-6.071 Y-12.818
G1 X-5.979 Y-12.837
G1 X-5.943 Y-12.965
G1 X-6.089 Y-13.330
G1 X-6.199 Y-13.550
G1 X-6.235 Y-13.678
G1 X-6.290 Y-13.769
G1 X-6.272 Y-13.824
G1 X-6.144 Y-13.879
G1 X-6.144 Y-13.842
G1 X-6.053 Y-13.659
G1 X-5.797 Y-13.001
G1 X-5.723 Y-12.946
G1 X-5.669 Y-12.983
G1 X-4.937 Y-13.257
G1 X-4.773 Y-13.294
G1 X-4.699 Y-13.349
G1 X-4.754 Y-13.458
G1 X-4.846 Y-13.550
G1 X-5.065 Y-13.495
G1 X-5.321 Y-13.403
G1 X-5.339 Y-13.513
G1 X-5.285 Y-13.550
G1 X-5.211 Y-13.641
G1 X-5.211 Y-13.769
G1 X-5.230 Y-13.806
G1 X-5.321 Y-13.879
G1 X-5.431 Y-13.861
G1 X-5.559 Y-13.714
G1 X-5.541 Y-13.367
G1 X-5.687 Y-13.367
G1 X-5.705 Y-13.513
G1 X-5.687 Y-13.751
G1 X-5.632 Y-13.879
G1 X-5.559 Y-13.952
G1 X-5.486 Y-13.989
G1 X-5.303 Y-14.025
G1 X-5.193 Y-13.989
G1 X-5.138 Y-13.952
G1 X-5.102 Y-13.897
G1 X-5.083 Y-13.787
G1 X-5.065 Y-13.769
G1 X-5.102 Y-13.641
G1 X-5.065 Y-13.605
G1 X-4.955 Y-13.623
G1 X-4.846 Y-13.696
G1 X-4.864 Y-13.824
G1 X-5.029 Y-14.263
G1 X-5.029 Y-14.299
G1 X-4.992 Y-14.299
G1 X-4.864 Y-14.354
G1 X-4.571 Y-13.440
G1 X-4.517 Y-13.385
G1 X-4.480 Y-13.385
G1 X-4.407 Y-13.422
G1 X-4.352 Y-13.422
G1 X-4.041 Y-13.531
G1 X-3.785 Y-13.586
G1 X-3.730 Y-13.659
G1 X-3.785 Y-13.897
G1 X-3.840 Y-13.952
G1 X-3.877 Y-13.952
G1 X-3.931 Y-13.915
G1 X-4.261 Y-13.806
G1 X-4.352 Y-13.806
G1 X-4.407 Y-13.842
G1 X-4.425 Y-13.879
G1 X-4.425 Y-13.952
G1 X-4.443 Y-13.970
G1 X-4.425 Y-14.080
G1 X-4.315 Y-14.171
G1 X-4.261 Y-14.171
G1 X-4.224 Y-14.135
G1 X-4.224 Y-14.025
G1 X-4.169 Y-13.970
G1 X-3.895 Y-14.043
G1 X-3.858 Y-14.080
G1 X-3.858 Y-14.135
G1 X-3.968 Y-14.537
G1 X-3.968 Y-14.592
G1 X-3.877 Y-14.629
G1 X-3.822 Y-14.610
G1 X-3.822 Y-14.555
G1 X-3.785 Y-14.482
G1 X-3.602 Y-13.714
G1 X-3.547 Y-13.659
G1 X-3.346 Y-13.696
G1 X-3.273 Y-13.751
G1 X-3.273 Y-13.806
G1 X-3.291 Y-13.824
G1 X-3.310 Y-13.989
G1 X-3.383 Y-14.263
G1 X-3.474 Y-14.738
G1 X-3.328 Y-14.757
G1 X-3.273 Y-14.464
G1 X-3.182 Y-14.135
G1 X-3.127 Y-13.806
G1 X-3.090 Y-13.769
G1 X-2.962 Y-13.787
G1 X-2.944 Y-13.678
G1 X-3.054 Y-13.659
G1 X-3.127 Y-13.605
G1 X-3.218 Y-13.275
G1 X-3.291 Y-13.129
G1 X-3.346 Y-13.074
G1 X-3.419 Y-13.038
G1 X-3.621 Y-13.019
G1 X-3.602 Y-13.147
G1 X-3.529 Y-13.147
G1 X-3.456 Y-13.184
G1 X-3.328 Y-13.312
G1 X-3.273 Y-13.440
G1 X-3.255 Y-13.568
G1 X-3.328 Y-13.586
G1 X-3.895 Y-13.458
G1 X-4.334 Y-13.312
G1 X-4.535 Y-13.275
G1 X-5.248 Y-13.019
G1 X-5.394 Y-12.946
G1 X-5.541 Y-12.910
G1 X-5.851 Y-12.763
G1 X-6.071 Y-12.690
G1 X-7.131 Y-12.160
G1 X-7.424 Y-11.995
G1 X-7.753 Y-11.776
G1 X-7.826 Y-11.867
G1 X-7.717 Y-11.941
M5
G0 X-7.771 Y-11.758 F2500
M3 S280
G1 F900
G1 X-7.845 Y-11.886
G1 X-7.717 Y-11.959
G1 X-7.662 Y-12.014
G1 X-7.808 Y-12.306
G1 X-7.863 Y-12.361
G1 X-7.899 Y-12.361
G1 X-7.918 Y-12.343
G1 X-7.991 Y-12.361
G1 X-8.046 Y-12.489
G1 X-8.046 Y-12.617
G1 X-8.027 Y-12.654
G1 X-7.918 Y-12.745
G1 X-7.881 Y-12.745
G1 X-7.808 Y-12.709
G1 X-7.717 Y-12.617
G1 X-7.497 Y-12.727
G1 X-7.461 Y-12.782
G1 X-7.625 Y-13.166
G1 X-7.497 Y-13.257
G1 X-7.442 Y-13.184
G1 X-7.022 Y-12.361
G1 X-6.711 Y-12.507
G1 X-6.528 Y-12.617
G1 X-6.418 Y-12.654
G1 X-6.382 Y-12.690
G1 X-6.382 Y-12.745
G1 X-6.437 Y-12.818
G1 X-6.693 Y-12.690
G1 X-6.839 Y-12.690
G1 X-6.930 Y-12.727
G1 X-6.967 Y-12.763
G1 X-7.003 Y-12.855
G1 X-7.003 Y-12.928
G1 X-6.967 Y-13.019
G1 X-7.095 Y-13.129
G1 X-7.150 Y-13.221
G1 X-7.168 Y-13.294
G1 X-7.168 Y-13.458
G1 X-7.095 Y-13.623
G1 X-6.967 Y-13.751
G1 X-6.821 Y-13.842
G1 X-6.747 Y-13.696
G1 X-6.930 Y-13.531
G1 X-6.967 Y-13.477
G1 X-6.967 Y-13.367
G1 X-6.912 Y-13.257
G1 X-6.839 Y-13.184
G1 X-6.766 Y-13.184
G1 X-6.693 Y-13.221
G1 X-6.601 Y-13.312
G1 X-6.601 Y-13.422
G1 X-6.638 Y-13.458
G1 X-6.711 Y-13.458
G1 X-6.711 Y-13.495
G1 X-6.638 Y-13.568
G1 X-6.565 Y-13.586
G1 X-6.455 Y-13.531
G1 X-6.400 Y-13.403
G1 X-6.400 Y-13.330
G1 X-6.455 Y-13.202
G1 X-6.565 Y-13.093
G1 X-6.638 Y-13.056
G1 X-6.784 Y-13.019
G1 X-6.821 Y-12.965
G1 X-6.802 Y-12.928
G1 X-6.747 Y-12.873
G1 X-6.656 Y-12.873
G1 X-6.327 Y-13.019
G1 X-6.254 Y-12.837
G1 X-6.199 Y-12.763
G1 X-6.071 Y-12.837
G1 X-5.979 Y-12.855
G1 X-5.961 Y-12.965
G1 X-6.309 Y-13.769
G1 X-6.309 Y-13.824
G1 X-6.144 Y-13.897
G1 X-6.089 Y-13.751
G1 X-6.034 Y-13.659
G1 X-5.778 Y-13.001
G1 X-5.723 Y-12.965
G1 X-5.669 Y-13.001
G1 X-4.937 Y-13.275
G1 X-4.773 Y-13.312
G1 X-4.718 Y-13.349
G1 X-4.773 Y-13.458
G1 X-4.846 Y-13.531
G1 X-5.285 Y-13.403
G1 X-5.339 Y-13.403
G1 X-5.358 Y-13.531
G1 X-5.285 Y-13.568
G1 X-5.230 Y-13.641
G1 X-5.230 Y-13.769
G1 X-5.248 Y-13.806
G1 X-5.321 Y-13.861
G1 X-5.431 Y-13.842
G1 X-5.541 Y-13.714
G1 X-5.541 Y-13.349
G1 X-5.705 Y-13.367
G1 X-5.723 Y-13.623
G1 X-5.687 Y-13.806
G1 X-5.650 Y-13.879
G1 X-5.559 Y-13.970
G1 X-5.486 Y-14.007
G1 X-5.358 Y-14.043
G1 X-5.303 Y-14.043
G1 X-5.193 Y-14.007
G1 X-5.120 Y-13.952
G1 X-5.065 Y-13.842
G1 X-5.047 Y-13.733
G1 X-5.083 Y-13.641
G1 X-5.010 Y-13.623
G1 X-4.882 Y-13.678
G1 X-4.864 Y-13.751
G1 X-4.937 Y-13.989
G1 X-4.974 Y-14.043
G1 X-5.047 Y-14.263
G1 X-5.029 Y-14.318
G1 X-4.846 Y-14.354
G1 X-4.553 Y-13.440
G1 X-4.517 Y-13.403
G1 X-4.480 Y-13.403
G1 X-4.407 Y-13.440
G1 X-4.352 Y-13.440
G1 X-4.041 Y-13.550
G1 X-3.785 Y-13.605
G1 X-3.749 Y-13.659
G1 X-3.803 Y-13.897
G1 X-3.840 Y-13.934
G1 X-3.877 Y-13.934
G1 X-3.931 Y-13.897
G1 X-4.261 Y-13.787
G1 X-4.352 Y-13.787
G1 X-4.425 Y-13.842
G1 X-4.443 Y-13.879
G1 X-4.443 Y-13.952
G1 X-4.462 Y-13.970
G1 X-4.443 Y-14.080
G1 X-4.315 Y-14.190
G1 X-4.261 Y-14.190
G1 X-4.206 Y-14.135
G1 X-4.206 Y-14.025
G1 X-4.169 Y-13.989
G1 X-3.877 Y-14.080
G1 X-3.877 Y-14.135
G1 X-4.005 Y-14.592
G1 X-3.877 Y-14.647
G1 X-3.822 Y-14.647
G1 X-3.712 Y-14.281
G1 X-3.584 Y-13.714
G1 X-3.547 Y-13.678
G1 X-3.346 Y-13.714
G1 X-3.310 Y-13.733
G1 X-3.291 Y-13.806
G1 X-3.310 Y-13.824
G1 X-3.328 Y-13.989
G1 X-3.474 Y-14.629
G1 X-3.474 Y-14.757
G1 X-3.310 Y-14.775
G1 X-3.291 Y-14.629
G1 X-3.163 Y-14.135
G1 X-3.127 Y-13.879
G1 X-3.090 Y-13.787
G1 X-2.944 Y-13.806
G1 X-2.944 Y-13.751
G1 X-2.926 Y-13.733
G1 X-2.944 Y-13.659
G1 X-2.999 Y-13.659
G1 X-3.090 Y-13.623
G1 X-3.127 Y-13.550
G1 X-3.127 Y-13.495
G1 X-3.200 Y-13.275
G1 X-3.273 Y-13.129
G1 X-3.346 Y-13.056
G1 X-3.419 Y-13.019
G1 X-3.511 Y-13.001
G1 X-3.639 Y-13.001
G1 X-3.621 Y-13.166
G1 X-3.529 Y-13.166
G1 X-3.456 Y-13.202
G1 X-3.346 Y-13.312
G1 X-3.273 Y-13.513
G1 X-3.328 Y-13.568
G1 X-3.895 Y-13.440
G1 X-4.334 Y-13.294
G1 X-4.535 Y-13.257
G1 X-5.248 Y-13.001
G1 X-5.394 Y-12.928
G1 X-5.541 Y-12.891
G1 X-5.851 Y-12.745
G1 X-6.071 Y-12.672
G1 X-7.131 Y-12.142
G1 X-7.424 Y-11.977
G1 X-7.717 Y-11.776
G1 X-7.771 Y-11.758
G1 X-7.845 Y-11.886
M5
G0 X-7.205 Y-12.178 F2500
M3 S280
G1 F900
G1 X-7.131 Y-12.306
G1 X-7.131 Y-12.343
G1 X-7.241 Y-12.562
G1 X-7.387 Y-12.709
G1 X-7.479 Y-12.654
G1 X-7.369 Y-12.782
G1 X-7.552 Y-13.129
G1 X-7.515 Y-13.147
G1 X-7.131 Y-12.379
G1 X-7.040 Y-12.270
G1 X-7.131 Y-12.233
G1 X-7.205 Y-12.178
G1 X-7.131 Y-12.306
M5
G0 X-7.113 Y-12.251 F2500
M3 S280
G1 F900
G1 X-7.131 Y-12.361
G1 X-7.058 Y-12.288
G1 X-7.113 Y-12.251
G1 X-7.131 Y-12.361
M5
G0 X-9.691 Y-11.063 F2500
M3 S280
G1 F900
G1 X-9.454 Y-11.264
M5
G0 X-9.618 Y-10.862 F2500
M3 S280
G1 F900
G1 X-9.198 Y-11.209
M5
G0 X-9.966 Y-11.063 F2500
M3 S280
G1 F900
G1 X-9.746 Y-11.282
G1 X-9.563 Y-11.429
G1 X-9.746 Y-11.282
M5
G0 X-10.039 Y-11.246 F2500
M3 S280
G1 F900
G1 X-9.838 Y-11.447
G1 X-9.582 Y-11.648
G1 X-9.874 Y-11.410
M5
G0 X-10.167 Y-11.355 F2500
M3 S280
G1 F900
G1 X-9.947 Y-11.593
G1 X-9.655 Y-11.831
G1 X-10.039 Y-11.502
M5
G0 X-10.222 Y-11.557 F2500
M3 S280
G1 F900
G1 X-9.856 Y-11.904
M5
G0 X-10.313 Y-11.703 F2500
M3 S280
G1 F900
G1 X-10.057 Y-11.959
G1 X-9.783 Y-12.178
G1 X-10.075 Y-11.941
M5
G0 X-10.368 Y-11.886 F2500
M3 S280
G1 F900
G1 X-10.057 Y-12.160
G1 X-9.691 Y-12.434
M5
G0 X-10.624 Y-11.502 F2500
M3 S280
G1 F900
G1 X-10.569 Y-11.374
G1 X-10.331 Y-11.008
G1 X-10.295 Y-10.880
G1 X-10.258 Y-10.862
G1 X-10.203 Y-10.752
G1 X-10.075 Y-10.587
G1 X-10.075 Y-10.551
G1 X-10.002 Y-10.478
G1 X-9.966 Y-10.386
G1 X-9.728 Y-10.021
G1 X-9.582 Y-9.728
G1 X-9.509 Y-9.637
G1 X-9.490 Y-9.563
G1 X-9.381 Y-9.417
G1 X-9.271 Y-9.381
G1 X-9.253 Y-9.435
G1 X-9.271 Y-9.527
G1 X-9.234 Y-9.673
G1 X-9.143 Y-9.819
G1 X-9.088 Y-9.856
G1 X-9.070 Y-9.911
G1 X-9.015 Y-9.929
G1 X-8.905 Y-10.039
G1 X-8.869 Y-10.039
G1 X-8.850 Y-10.075
G1 X-8.795 Y-10.094
G1 X-8.722 Y-10.167
G1 X-8.686 Y-10.167
G1 X-8.667 Y-10.203
G1 X-8.503 Y-10.295
G1 X-8.046 Y-10.624
G1 X-7.881 Y-10.715
G1 X-7.790 Y-10.734
G1 X-7.771 Y-10.789
G1 X-6.528 Y-11.483
G1 X-5.522 Y-11.941
G1 X-4.590 Y-12.288
G1 X-3.365 Y-12.635
G1 X-2.487 Y-12.818
G1 X-1.792 Y-12.928
G1 X-1.097 Y-13.001
G1 X-0.439 Y-13.038
G1 X0.439 Y-13.038
G1 X1.317 Y-12.983
G1 X2.286 Y-12.855
G1 X3.054 Y-12.709
G1 X3.730 Y-12.544
G1 X4.846 Y-12.197
G1 X6.071 Y-11.703
G1 X6.912 Y-11.282
G1 X7.735 Y-10.807
G1 X7.790 Y-10.715
G1 X7.863 Y-10.715
G1 X8.064 Y-10.587
G1 X8.101 Y-10.587
G1 X8.375 Y-10.368
G1 X8.411 Y-10.368
G1 X8.485 Y-10.295
G1 X8.521 Y-10.295
G1 X8.576 Y-10.240
G1 X8.704 Y-10.185
G1 X8.741 Y-10.130
G1 X8.832 Y-10.094
G1 X8.850 Y-10.057
G1 X8.887 Y-10.057
G1 X8.905 Y-10.021
G1 X8.960 Y-10.002
G1 X9.070 Y-9.893
G1 X9.088 Y-9.838
G1 X9.143 Y-9.819
G1 X9.143 Y-9.783
G1 X9.216 Y-9.710
G1 X9.216 Y-9.637
G1 X9.271 Y-9.545
G1 X9.253 Y-9.454
G1 X9.289 Y-9.399
G1 X9.399 Y-9.435
G1 X9.399 Y-9.472
G1 X9.454 Y-9.527
G1 X9.582 Y-9.801
G1 X9.765 Y-10.057
G1 X9.783 Y-10.130
G1 X9.874 Y-10.240
G1 X9.874 Y-10.277
G1 X9.947 Y-10.368
G1 X9.966 Y-10.441
G1 X10.039 Y-10.514
G1 X10.057 Y-10.587
G1 X10.222 Y-10.789
G1 X10.240 Y-10.862
G1 X10.295 Y-10.898
G1 X10.368 Y-11.081
G1 X10.606 Y-11.483
G1 X10.624 Y-11.739
G1 X10.587 Y-11.867
G1 X10.533 Y-11.959
G1 X10.130 Y-12.343
G1 X9.545 Y-12.782
G1 X8.558 Y-13.422
G1 X7.552 Y-13.989
G1 X6.930 Y-14.299
G1 X6.053 Y-14.683
G1 X5.285 Y-14.976
G1 X4.681 Y-15.177
G1 X4.096 Y-15.342
G1 X3.474 Y-15.488
G1 X2.578 Y-15.653
G1 X1.902 Y-15.744
G1 X1.042 Y-15.817
G1 X-0.677 Y-15.835
G1 X-1.920 Y-15.744
G1 X-2.578 Y-15.653
G1 X-3.474 Y-15.488
G1 X-4.736 Y-15.159
G1 X-5.833 Y-14.775
G1 X-6.546 Y-14.482
G1 X-7.643 Y-13.952
G1 X-8.174 Y-13.659
G1 X-9.033 Y-13.129
G1 X-9.673 Y-12.690
G1 X-10.203 Y-12.288
G1 X-10.478 Y-12.032
G1 X-10.624 Y-11.794
M5
G0 X-9.490 Y-10.258 F2500
M3 S280
G1 F900
G1 X-9.253 Y-10.514
G1 X-9.070 Y-10.661
G1 X-9.271 Y-10.496
M5
G0 X-9.417 Y-10.057 F2500
M3 S280
G1 F900
G1 X-9.143 Y-10.350
G1 X-8.942 Y-10.496
G1 X-9.161 Y-10.331
M5
G0 X-9.344 Y-9.893 F2500
M3 S280
G1 F900
G1 X-8.978 Y-10.258
G1 X-8.247 Y-10.752
G1 X-8.997 Y-10.240
M5
G0 X-8.869 Y-9.911 F2500
M3 S280
G1 F900
G1 X-8.832 Y-10.021
G1 X-8.905 Y-10.039
G1 X-8.942 Y-10.002
M5
G0 X-8.905 Y-9.838 F2500
M3 S280
G1 F900
G1 X-8.869 Y-9.893
G1 X-8.887 Y-9.929
G1 X-8.997 Y-9.966
G1 X-9.015 Y-9.929
G1 X-8.978 Y-9.893
G1 X-8.960 Y-9.819
M5
G0 X-8.960 Y-9.710 F2500
M3 S280
G1 F900
G1 X-8.923 Y-9.765
G1 X-8.942 Y-9.819
G1 X-8.978 Y-9.819
G1 X-8.978 Y-9.874
G1 X-9.015 Y-9.911
G1 X-9.051 Y-9.911
G1 X-9.088 Y-9.856
G1 X-9.033 Y-9.728
M5
G0 X-9.088 Y-9.710 F2500
M3 S280
G1 F900
G1 X-9.051 Y-9.746
G1 X-9.051 Y-9.801
G1 X-9.088 Y-9.838
G1 X-9.143 Y-9.819
G1 X-9.161 Y-9.765
M5
G0 X-9.179 Y-9.600 F2500
M3 S280
G1 F900
G1 X-9.088 Y-9.691
G1 X-9.179 Y-9.746
G1 X-9.234 Y-9.673
G1 X-9.234 Y-9.637
M5
G0 X-9.106 Y-9.527 F2500
M3 S280
G1 F900
G1 X-9.070 Y-9.563
G1 X-9.143 Y-9.637
G1 X-9.161 Y-9.563
M5
G0 X-9.033 Y-9.582 F2500
M3 S280
G1 F900
G1 X-8.978 Y-9.637
G1 X-8.997 Y-9.691
G1 X-9.088 Y-9.710
G1 X-9.088 Y-9.655
M5
G0 X-8.923 Y-9.582 F2500
M3 S280
G1 F900
G1 X-8.869 Y-9.637
G1 X-8.887 Y-9.710
G1 X-8.960 Y-9.728
G1 X-8.978 Y-9.637
M5
G0 X-8.869 Y-9.673 F2500
M3 S280
G1 F900
G1 X-8.795 Y-9.746
G1 X-8.832 Y-9.838
G1 X-8.905 Y-9.838
G1 X-8.923 Y-9.801
M5
G0 X-8.795 Y-9.765 F2500
M3 S280
G1 F900
G1 X-8.722 Y-9.838
G1 X-8.777 Y-9.947
G1 X-8.814 Y-9.966
G1 X-8.869 Y-9.911
G1 X-8.869 Y-9.874
M5
G0 X-8.759 Y-9.600 F2500
M3 S280
G1 F900
G1 X-8.741 Y-9.655
G1 X-8.814 Y-9.728
G1 X-8.869 Y-9.673
G1 X-8.850 Y-9.618
M5
G0 X-8.887 Y-9.490 F2500
M3 S280
G1 F900
G1 X-8.832 Y-9.527
G1 X-8.832 Y-9.600
G1 X-8.869 Y-9.618
G1 X-8.923 Y-9.563
G1 X-8.923 Y-9.527
M5
G0 X-8.942 Y-9.509 F2500
M3 S280
G1 F900
G1 X-8.923 Y-9.563
G1 X-9.015 Y-9.600
G1 X-9.033 Y-9.527
M5
G0 X-9.015 Y-9.435 F2500
M3 S280
G1 F900
G1 X-8.997 Y-9.472
G1 X-9.051 Y-9.582
G1 X-9.125 Y-9.490
G1 X-9.106 Y-9.454
M5
G0 X-9.234 Y-9.435 F2500
M3 S280
G1 F900
G1 X-9.125 Y-9.509
G1 X-9.179 Y-9.600
G1 X-9.253 Y-9.600
G1 X-9.271 Y-9.527
M5
G0 X-9.234 Y-9.326 F2500
M3 S280
G1 F900
G1 X-9.088 Y-9.326
G1 X-9.070 Y-9.399
G1 X-9.106 Y-9.472
G1 X-9.161 Y-9.490
G1 X-9.253 Y-9.417
M5
G0 X-9.070 Y-9.307 F2500
M3 S280
G1 F900
G1 X-8.978 Y-9.307
G1 X-8.942 Y-9.344
G1 X-8.978 Y-9.417
G1 X-9.033 Y-9.435
G1 X-9.088 Y-9.362
M5
G0 X-8.869 Y-9.362 F2500
M3 S280
G1 F900
G1 X-8.850 Y-9.399
G1 X-8.887 Y-9.435
G1 X-8.887 Y-9.472
G1 X-8.978 Y-9.490
G1 X-8.978 Y-9.399
M5
G0 X-8.795 Y-9.399 F2500
M3 S280
G1 F900
G1 X-8.759 Y-9.454
G1 X-8.777 Y-9.490
G1 X-8.869 Y-9.509
G1 X-8.887 Y-9.454
G1 X-8.832 Y-9.399
M5
G0 X-8.704 Y-9.454 F2500
M3 S280
G1 F900
G1 X-8.649 Y-9.509
G1 X-8.741 Y-9.618
G1 X-8.814 Y-9.545
G1 X-8.741 Y-9.454
M5
G0 X-8.613 Y-9.527 F2500
M3 S280
G1 F900
G1 X-8.576 Y-9.582
G1 X-8.686 Y-9.783
G1 X-8.741 Y-9.819
G1 X-8.795 Y-9.746
G1 X-8.704 Y-9.582
G1 X-8.649 Y-9.527
M5
G0 X-8.558 Y-9.582 F2500
M3 S280
G1 F900
G1 X-8.521 Y-9.637
G1 X-8.539 Y-9.728
G1 X-8.521 Y-9.655
G1 X-8.485 Y-9.618
G1 X-8.192 Y-9.819
G1 X-7.936 Y-9.929
G1 X-7.753 Y-9.947
G1 X-7.643 Y-9.929
G1 X-7.589 Y-9.893
G1 X-7.479 Y-9.893
G1 X-7.479 Y-10.021
G1 X-7.662 Y-10.405
G1 X-7.771 Y-10.697
G1 X-7.881 Y-10.715
G1 X-7.954 Y-10.661
G1 X-7.881 Y-10.533
G1 X-7.863 Y-10.441
G1 X-7.918 Y-10.606
G1 X-7.973 Y-10.661
G1 X-8.064 Y-10.587
G1 X-8.009 Y-10.514
G1 X-7.973 Y-10.405
G1 X-8.027 Y-10.533
G1 X-8.082 Y-10.587
G1 X-8.192 Y-10.514
G1 X-8.137 Y-10.459
G1 X-8.119 Y-10.368
G1 X-8.137 Y-10.459
G1 X-8.192 Y-10.496
G1 X-8.229 Y-10.496
G1 X-8.302 Y-10.441
G1 X-8.247 Y-10.386
G1 X-8.210 Y-10.277
G1 X-8.265 Y-10.405
G1 X-8.302 Y-10.423
G1 X-8.375 Y-10.405
G1 X-8.411 Y-10.368
G1 X-8.357 Y-10.313
G1 X-8.302 Y-10.185
G1 X-8.357 Y-10.313
G1 X-8.448 Y-10.350
G1 X-8.485 Y-10.313
G1 X-8.375 Y-10.112
G1 X-8.466 Y-10.277
G1 X-8.521 Y-10.295
G1 X-8.594 Y-10.240
G1 X-8.539 Y-10.185
G1 X-8.521 Y-10.112
G1 X-8.466 Y-10.039
G1 X-8.539 Y-10.167
G1 X-8.594 Y-10.222
G1 X-8.631 Y-10.222
G1 X-8.667 Y-10.185
G1 X-8.539 Y-9.947
G1 X-8.613 Y-10.039
G1 X-8.649 Y-10.149
G1 X-8.704 Y-10.167
G1 X-8.741 Y-10.149
G1 X-8.759 Y-10.112
G1 X-8.722 Y-10.075
G1 X-8.722 Y-10.039
G1 X-8.777 Y-10.112
G1 X-8.850 Y-10.057
G1 X-8.814 Y-9.966
G1 X-8.759 Y-9.929
G1 X-8.741 Y-9.856
G1 X-8.686 Y-9.801
G1 X-8.613 Y-9.637
M5
G0 X-9.435 Y-8.997 F2500
M3 S280
G1 F900
G1 X-8.814 Y-9.234
M5
G0 X-9.435 Y-8.667 F2500
M3 S280
G1 F900
G1 X-8.576 Y-8.997
G1 X-8.210 Y-9.179
G1 X-7.973 Y-9.344
G1 X-7.753 Y-9.563
G1 X-7.625 Y-9.801
G1 X-7.698 Y-9.637
G1 X-7.808 Y-9.490
G1 X-7.991 Y-9.326
G1 X-8.229 Y-9.161
G1 X-8.613 Y-8.978
M5
G0 X-8.357 Y-7.845 F2500
M3 S280
G1 F900
G1 X-7.662 Y-8.539
G1 X-7.369 Y-8.759
G1 X-7.022 Y-8.978
G1 X-6.455 Y-9.253
G1 X-5.888 Y-9.435
G1 X-5.230 Y-9.527
G1 X-4.498 Y-9.545
G1 X-4.498 Y-9.582
G1 X-4.352 Y-9.856
G1 X-4.114 Y-10.130
G1 X-4.242 Y-10.002
G1 X-4.370 Y-9.819
G1 X-4.553 Y-9.435
G1 X-4.535 Y-9.527
G1 X-5.431 Y-9.509
G1 X-6.016 Y-9.399
G1 X-6.437 Y-9.253
G1 X-7.003 Y-8.978
G1 X-7.406 Y-8.722
G1 X-7.735 Y-8.466
M5
G0 X-8.466 Y-7.497 F2500
M3 S280
G1 F900
G1 X-8.119 Y-7.918
G1 X-7.863 Y-8.174
G1 X-7.552 Y-8.448
G1 X-6.949 Y-8.869
G1 X-6.510 Y-9.088
G1 X-6.107 Y-9.234
G1 X-5.742 Y-9.326
G1 X-5.193 Y-9.399
G1 X-4.699 Y-9.399
G1 X-4.480 Y-9.362
G1 X-4.297 Y-9.746
G1 X-4.169 Y-9.929
G1 X-3.968 Y-10.130
G1 X-4.206 Y-9.874
G1 X-4.334 Y-9.673
G1 X-4.480 Y-9.362
G1 X-4.699 Y-9.399
G1 X-5.193 Y-9.399
G1 X-5.742 Y-9.326
G1 X-6.309 Y-9.161
G1 X-6.656 Y-9.015
G1 X-6.930 Y-8.869
G1 X-7.241 Y-8.667
G1 X-7.790 Y-8.229
G1 X-8.174 Y-7.845
M5
G0 X-5.669 Y-7.680 F2500
M3 S280
G1 F900
G1 X-5.541 Y-7.698
G1 X-5.522 Y-7.680
G1 X-5.413 Y-7.680
G1 X-5.376 Y-7.717
G1 X-5.394 Y-8.283
G1 X-5.467 Y-8.302
G1 X-5.687 Y-8.283
M5
G0 X-5.321 Y-8.430 F2500
M3 S280
G1 F900
G1 X-5.358 Y-8.485
G1 X-5.431 Y-8.521
G1 X-5.595 Y-8.521
G1 X-5.650 Y-8.503
G1 X-5.723 Y-8.411
G1 X-5.687 Y-8.320
G1 X-5.614 Y-8.320
G1 X-5.614 Y-8.375
G1 X-5.595 Y-8.302
G1 X-5.449 Y-8.283
G1 X-5.376 Y-8.320
G1 X-5.413 Y-8.338
G1 X-5.431 Y-8.393
G1 X-5.358 Y-8.338
M5
G0 X-5.358 Y-7.570 F2500
M3 S280
G1 F900
G1 X-5.394 Y-7.698
G1 X-5.522 Y-7.680
G1 X-5.541 Y-7.698
G1 X-5.650 Y-7.698
G1 X-5.705 Y-7.643
G1 X-5.705 Y-7.589
G1 X-5.650 Y-7.534
G1 X-5.413 Y-7.515
M5
G0 X-5.888 Y-4.791 F2500
M3 S280
G1 F900
G1 X-5.778 Y-4.809
G1 X-5.760 Y-4.846
G1 X-5.760 Y-5.138
G1 X-5.833 Y-5.193
G1 X-5.906 Y-5.175
G1 X-5.925 Y-4.974
M5
G0 X-6.327 Y-4.791 F2500
M3 S280
G1 F900
G1 X-6.235 Y-4.809
G1 X-6.199 Y-4.901
G1 X-6.199 Y-5.120
G1 X-6.217 Y-5.157
G1 X-6.363 Y-5.157
G1 X-6.382 Y-5.120
G1 X-6.382 Y-4.992
M5
G0 X-6.309 Y-4.626 F2500
M3 S280
G1 F900
G1 X-6.217 Y-4.645
G1 X-6.254 Y-4.791
G1 X-6.327 Y-4.773
M5
G0 X-6.601 Y-4.535 F2500
M3 S280
G1 F900
G1 X-6.619 Y-4.736
G1 X-6.693 Y-4.718
G1 X-6.693 Y-4.590
G1 X-6.674 Y-4.553
M5
G0 X-6.693 Y-4.736 F2500
M3 S280
G1 F900
G1 X-6.601 Y-4.754
G1 X-6.583 Y-4.827
G1 X-6.601 Y-5.102
G1 X-6.638 Y-5.120
G1 X-6.747 Y-5.102
G1 X-6.766 Y-5.047
G1 X-6.729 Y-4.773
M5
G0 X-6.967 Y-4.663 F2500
M3 S280
G1 F900
G1 X-6.949 Y-5.010
G1 X-6.967 Y-5.047
G1 X-7.040 Y-5.065
G1 X-7.113 Y-5.010
G1 X-7.131 Y-4.882
G1 X-7.077 Y-4.663
M5
G0 X-7.058 Y-4.443 F2500
M3 S280
G1 F900
G1 X-6.967 Y-4.443
G1 X-6.985 Y-4.645
G1 X-7.077 Y-4.626
M5
G0 X-7.461 Y-4.626 F2500
M3 S280
G1 F900
G1 X-7.387 Y-4.626
G1 X-7.351 Y-4.663
G1 X-7.351 Y-4.974
G1 X-7.387 Y-5.010
G1 X-7.479 Y-4.992
G1 X-7.515 Y-4.937
G1 X-7.497 Y-4.699
M5
G0 X-7.461 Y-4.462 F2500
M3 S280
G1 F900
G1 X-7.351 Y-4.480
G1 X-7.387 Y-4.626
G1 X-7.479 Y-4.608
M5
G0 X-7.808 Y-4.571 F2500
M3 S280
G1 F900
G1 X-7.808 Y-4.827
G1 X-7.826 Y-4.864
G1 X-7.936 Y-4.901
G1 X-7.973 Y-4.846
G1 X-7.954 Y-4.608
G1 X-7.936 Y-4.571
M5
G0 X-7.899 Y-4.370 F2500
M3 S280
G1 F900
G1 X-7.826 Y-4.389
G1 X-7.808 Y-4.443
G1 X-7.826 Y-4.553
G1 X-7.918 Y-4.535
G1 X-7.936 Y-4.407
M5
G0 X-7.881 Y-4.187 F2500
M3 S280
G1 F900
G1 X-7.845 Y-4.224
G1 X-7.863 Y-4.370
G1 X-7.954 Y-4.370
G1 X-7.954 Y-4.242
M5
G0 X-7.899 Y-4.023 F2500
M3 S280
G1 F900
G1 X-7.881 Y-4.096
G1 X-7.899 Y-4.169
G1 X-7.954 Y-4.242
G1 X-7.973 Y-4.425
G1 X-8.101 Y-4.480
G1 X-8.174 Y-4.443
G1 X-8.192 Y-4.242
G1 X-8.137 Y-4.096
G1 X-8.064 Y-4.114
G1 X-8.027 Y-4.151
G1 X-8.155 Y-4.078
G1 X-7.936 Y-4.059
M5
G0 X-7.863 Y-4.023 F2500
M3 S280
G1 F900
G1 X-7.826 Y-4.059
G1 X-7.607 Y-4.059
G1 X-7.570 Y-4.023
G1 X-7.534 Y-4.096
G1 X-7.534 Y-4.334
G1 X-7.607 Y-4.462
G1 X-7.771 Y-4.462
G1 X-7.826 Y-4.407
G1 X-7.845 Y-4.224
G1 X-7.899 Y-4.169
M5
G0 X-7.881 Y-3.931 F2500
M3 S280
G1 F900
G1 X-7.808 Y-3.858
G1 X-7.625 Y-3.877
G1 X-7.552 Y-3.931
G1 X-7.570 Y-4.023
G1 X-7.625 Y-4.059
G1 X-7.826 Y-4.059
G1 X-7.881 Y-4.005
M5
G0 X-8.210 Y-3.986 F2500
M3 S280
G1 F900
G1 X-8.155 Y-4.059
G1 X-8.192 Y-4.242
G1 X-8.192 Y-4.425
G1 X-8.283 Y-4.590
G1 X-8.302 Y-4.425
G1 X-8.357 Y-4.315
G1 X-8.338 Y-4.059
G1 X-8.283 Y-4.005
M5
G0 X-8.210 Y-3.986 F2500
M3 S280
G1 F900
G1 X-8.101 Y-3.877
G1 X-7.936 Y-3.877
G1 X-7.881 Y-3.931
G1 X-7.899 Y-4.023
G1 X-7.954 Y-4.059
G1 X-8.174 Y-4.041
M5
G0 X-8.357 Y-4.059 F2500
M3 S280
G1 F900
G1 X-8.338 Y-4.224
G1 X-8.357 Y-4.261
G1 X-8.466 Y-4.261
G1 X-8.485 Y-4.133
G1 X-8.466 Y-4.078
M5
G0 X-8.448 Y-4.279 F2500
M3 S280
G1 F900
G1 X-8.357 Y-4.297
G1 X-8.302 Y-4.443
G1 X-8.302 Y-4.626
G1 X-8.320 Y-4.681
G1 X-8.375 Y-4.718
G1 X-8.466 Y-4.718
G1 X-8.521 Y-4.663
G1 X-8.539 Y-4.608
G1 X-8.521 Y-4.407
M5
G0 X-8.210 Y-4.443 F2500
M3 S280
G1 F900
G1 X-8.119 Y-4.462
G1 X-8.082 Y-4.498
G1 X-8.064 Y-4.699
G1 X-8.137 Y-4.827
G1 X-8.229 Y-4.827
G1 X-8.265 Y-4.791
G1 X-8.302 Y-4.626
G1 X-8.247 Y-4.571
M5
G0 X-7.534 Y-4.005 F2500
M3 S280
G1 F900
G1 X-7.168 Y-4.023
G1 X-7.150 Y-4.206
G1 X-7.241 Y-4.297
G1 X-7.259 Y-4.407
G1 X-7.314 Y-4.462
G1 X-7.442 Y-4.462
G1 X-7.515 Y-4.407
G1 X-7.552 Y-4.078
M5
G0 X-7.168 Y-3.822 F2500
M3 S280
G1 F900
G1 X-7.186 Y-4.005
G1 X-7.552 Y-3.986
G1 X-7.552 Y-3.950
G1 X-7.424 Y-3.822
G1 X-7.205 Y-3.785
M5
G0 X-7.131 Y-3.822 F2500
M3 S280
G1 F900
G1 X-7.077 Y-3.877
G1 X-6.839 Y-3.877
G1 X-6.747 Y-3.822
G1 X-6.729 Y-3.877
G1 X-6.747 Y-4.242
G1 X-6.839 Y-4.334
G1 X-7.040 Y-4.315
G1 X-7.150 Y-4.224
G1 X-7.168 Y-4.059
M5
G0 X-7.131 Y-3.822 F2500
M3 S280
G1 F900
G1 X-7.058 Y-3.694
G1 X-6.967 Y-3.657
G1 X-6.839 Y-3.657
G1 X-6.747 Y-3.749
G1 X-6.747 Y-3.822
G1 X-6.839 Y-3.877
G1 X-7.077 Y-3.877
M5
G0 X-6.729 Y-3.785 F2500
M3 S280
G1 F900
G1 X-6.638 Y-3.694
G1 X-6.546 Y-3.694
G1 X-6.437 Y-3.730
G1 X-6.363 Y-3.803
G1 X-6.382 Y-3.895
G1 X-6.638 Y-3.895
M5
G0 X-6.711 Y-3.822 F2500
M3 S280
G1 F900
G1 X-6.638 Y-3.895
G1 X-6.363 Y-3.913
G1 X-6.382 Y-3.968
G1 X-6.382 Y-4.370
G1 X-6.656 Y-4.352
G1 X-6.729 Y-4.297
G1 X-6.747 Y-4.261
G1 X-6.747 Y-3.895
M5
G0 X-6.363 Y-3.474 F2500
M3 S280
G1 F900
G1 X-6.345 Y-3.438
G1 X-6.071 Y-3.291
G1 X-5.778 Y-3.218
G1 X-5.248 Y-3.218
G1 X-4.937 Y-3.291
G1 X-4.718 Y-3.401
G1 X-4.663 Y-3.456
G1 X-4.645 Y-3.730
G1 X-4.718 Y-3.785
G1 X-4.773 Y-3.712
G1 X-5.010 Y-3.657
G1 X-5.083 Y-3.675
G1 X-5.193 Y-3.785
G1 X-5.321 Y-3.657
G1 X-5.394 Y-3.547
G1 X-5.669 Y-3.566
G1 X-5.815 Y-3.749
G1 X-5.888 Y-3.767
G1 X-5.979 Y-3.749
G1 X-6.053 Y-3.675
G1 X-6.345 Y-3.712
M5
G0 X-6.345 Y-3.456 F2500
M3 S280
G1 F900
G1 X-6.363 Y-3.602
G1 X-6.345 Y-3.621
G1 X-6.382 Y-3.785
G1 X-6.437 Y-3.730
G1 X-6.546 Y-3.694
G1 X-6.638 Y-3.694
G1 X-6.729 Y-3.767
G1 X-6.839 Y-3.657
G1 X-6.967 Y-3.657
G1 X-7.040 Y-3.675
G1 X-7.113 Y-3.785
G1 X-7.168 Y-3.822
G1 X-7.205 Y-3.785
G1 X-7.424 Y-3.822
G1 X-7.552 Y-3.931
G1 X-7.589 Y-3.895
G1 X-7.589 Y-3.730
G1 X-7.552 Y-3.566
G1 X-7.479 Y-3.547
G1 X-7.333 Y-3.438
G1 X-7.168 Y-3.365
G1 X-7.022 Y-3.328
G1 X-6.693 Y-3.328
G1 X-6.491 Y-3.383
M5
G0 X-5.979 Y-3.749 F2500
M3 S280
G1 F900
G1 X-6.089 Y-3.858
G1 X-6.162 Y-3.877
G1 X-6.363 Y-3.858
G1 X-6.363 Y-3.803
G1 X-6.327 Y-3.730
G1 X-6.290 Y-3.712
G1 X-6.053 Y-3.675
M5
G0 X-5.888 Y-3.767 F2500
M3 S280
G1 F900
G1 X-5.851 Y-3.803
G1 X-5.851 Y-4.151
G1 X-5.961 Y-4.261
G1 X-6.016 Y-4.352
G1 X-6.089 Y-4.389
G1 X-6.199 Y-4.407
G1 X-6.345 Y-4.389
G1 X-6.382 Y-4.023
G1 X-6.345 Y-3.877
G1 X-6.071 Y-3.858
G1 X-5.925 Y-3.767
M5
G0 X-5.797 Y-3.712 F2500
M3 S280
G1 F900
G1 X-5.742 Y-3.675
G1 X-5.687 Y-3.730
G1 X-5.230 Y-3.749
G1 X-5.211 Y-3.767
G1 X-5.211 Y-4.206
G1 X-5.851 Y-4.169
G1 X-5.851 Y-3.803
M5
G0 X-5.742 Y-3.675 F2500
M3 S280
G1 F900
G1 X-5.632 Y-3.547
G1 X-5.413 Y-3.547
G1 X-5.266 Y-3.712
G1 X-5.687 Y-3.730
M5
G0 X-5.815 Y-4.206 F2500
M3 S280
G1 F900
G1 X-5.486 Y-4.206
G1 X-5.504 Y-6.455
G1 X-5.504 Y-4.279
G1 X-5.467 Y-4.224
G1 X-5.230 Y-4.224
G1 X-5.394 Y-4.407
G1 X-5.413 Y-7.515
G1 X-5.449 Y-7.534
G1 X-5.650 Y-7.515
G1 X-5.632 Y-4.882
G1 X-5.650 Y-4.498
G1 X-5.632 Y-4.407
M5
G0 X-5.632 Y-4.480 F2500
M3 S280
G1 F900
G1 X-5.669 Y-4.517
G1 X-5.998 Y-4.535
G1 X-6.217 Y-4.626
G1 X-6.309 Y-4.626
G1 X-6.528 Y-4.517
G1 X-6.619 Y-4.517
G1 X-6.674 Y-4.462
G1 X-7.058 Y-4.407
G1 X-7.205 Y-4.425
G1 X-7.259 Y-4.407
G1 X-7.259 Y-4.334
G1 X-7.150 Y-4.224
G1 X-7.077 Y-4.297
G1 X-6.949 Y-4.334
G1 X-6.839 Y-4.334
G1 X-6.747 Y-4.261
G1 X-6.656 Y-4.352
G1 X-6.363 Y-4.370
G1 X-6.309 Y-4.407
G1 X-6.199 Y-4.407
G1 X-6.016 Y-4.370
G1 X-5.961 Y-4.279
G1 X-5.851 Y-4.169
G1 X-5.650 Y-4.370
M5
G0 X-5.851 Y-4.535 F2500
M3 S280
G1 F900
G1 X-5.778 Y-4.553
G1 X-5.797 Y-4.791
G1 X-5.888 Y-4.773
G1 X-5.888 Y-4.608
M5
G0 X-5.394 Y-4.480 F2500
M3 S280
G1 F900
G1 X-5.394 Y-4.407
G1 X-5.230 Y-4.224
G1 X-5.175 Y-4.206
G1 X-5.029 Y-4.352
G1 X-4.901 Y-4.389
G1 X-4.443 Y-4.370
G1 X-4.370 Y-4.352
G1 X-4.279 Y-4.261
G1 X-4.206 Y-4.315
G1 X-3.986 Y-4.315
G1 X-3.895 Y-4.242
G1 X-3.822 Y-4.315
G1 X-3.840 Y-4.407
G1 X-4.279 Y-4.443
G1 X-4.352 Y-4.462
G1 X-4.389 Y-4.498
G1 X-4.571 Y-4.535
G1 X-4.736 Y-4.626
G1 X-4.846 Y-4.626
G1 X-5.047 Y-4.535
G1 X-5.193 Y-4.535
M5
G0 X-5.193 Y-4.535 F2500
M3 S280
G1 F900
G1 X-5.138 Y-4.553
G1 X-5.157 Y-4.754
G1 X-5.248 Y-4.736
G1 X-5.248 Y-4.626
M5
G0 X-5.211 Y-4.754 F2500
M3 S280
G1 F900
G1 X-5.120 Y-4.773
G1 X-5.102 Y-5.102
G1 X-5.138 Y-5.175
G1 X-5.285 Y-5.157
G1 X-5.266 Y-4.809
M5
G0 X-4.791 Y-4.773 F2500
M3 S280
G1 F900
G1 X-4.699 Y-4.791
G1 X-4.663 Y-4.901
G1 X-4.663 Y-5.138
G1 X-4.736 Y-5.193
G1 X-4.809 Y-5.157
G1 X-4.827 Y-5.120
G1 X-4.827 Y-4.919
M5
G0 X-4.718 Y-4.608 F2500
M3 S280
G1 F900
G1 X-4.718 Y-4.773
G1 X-4.809 Y-4.754
G1 X-4.791 Y-4.626
M5
G0 X-4.425 Y-4.736 F2500
M3 S280
G1 F900
G1 X-4.315 Y-4.754
G1 X-4.297 Y-4.827
G1 X-4.297 Y-5.102
G1 X-4.334 Y-5.138
G1 X-4.425 Y-5.138
G1 X-4.462 Y-5.102
G1 X-4.462 Y-4.846
M5
G0 X-4.389 Y-4.498 F2500
M3 S280
G1 F900
G1 X-4.334 Y-4.571
G1 X-4.352 Y-4.736
G1 X-4.425 Y-4.718
G1 X-4.443 Y-4.681
G1 X-4.425 Y-4.553
M5
G0 X-4.041 Y-4.425 F2500
M3 S280
G1 F900
G1 X-3.986 Y-4.425
G1 X-3.950 Y-4.462
G1 X-3.968 Y-4.626
G1 X-4.023 Y-4.626
G1 X-4.059 Y-4.590
M5
G0 X-4.023 Y-4.626 F2500
M3 S280
G1 F900
G1 X-3.968 Y-4.626
G1 X-3.931 Y-4.663
G1 X-3.895 Y-4.901
G1 X-3.895 Y-5.029
G1 X-3.931 Y-5.065
G1 X-4.023 Y-5.047
G1 X-4.059 Y-4.992
G1 X-4.059 Y-4.663
M5
G0 X-3.657 Y-4.443 F2500
M3 S280
G1 F900
G1 X-3.566 Y-4.462
G1 X-3.584 Y-4.608
G1 X-3.675 Y-4.590
M5
G0 X-3.566 Y-4.590 F2500
M3 S280
G1 F900
G1 X-3.493 Y-4.864
G1 X-3.493 Y-4.919
G1 X-3.529 Y-4.992
G1 X-3.566 Y-5.010
G1 X-3.621 Y-4.992
G1 X-3.675 Y-4.937
G1 X-3.657 Y-4.608
M5
G0 X-3.200 Y-4.535 F2500
M3 S280
G1 F900
G1 X-3.072 Y-4.553
G1 X-3.054 Y-4.663
G1 X-3.072 Y-4.827
G1 X-3.127 Y-4.901
G1 X-3.182 Y-4.901
G1 X-3.237 Y-4.846
G1 X-3.237 Y-4.626
M5
G0 X-3.145 Y-4.242 F2500
M3 S280
G1 F900
G1 X-3.109 Y-4.279
G1 X-3.090 Y-4.370
G1 X-3.109 Y-4.535
G1 X-3.182 Y-4.535
G1 X-3.237 Y-4.443
G1 X-3.218 Y-4.297
M5
G0 X-3.127 Y-4.059 F2500
M3 S280
G1 F900
G1 X-2.871 Y-4.078
G1 X-2.853 Y-4.187
G1 X-2.871 Y-4.407
G1 X-2.944 Y-4.443
G1 X-3.090 Y-4.407
G1 X-3.109 Y-4.279
G1 X-3.163 Y-4.206
M5
G0 X-3.163 Y-3.968 F2500
M3 S280
G1 F900
G1 X-3.145 Y-4.187
G1 X-3.218 Y-4.297
G1 X-3.218 Y-4.425
G1 X-3.255 Y-4.462
G1 X-3.419 Y-4.462
G1 X-3.493 Y-4.425
G1 X-3.493 Y-4.041
G1 X-3.237 Y-4.041
M5
G0 X-3.163 Y-3.950 F2500
M3 S280
G1 F900
G1 X-3.090 Y-3.858
G1 X-2.926 Y-3.877
G1 X-2.871 Y-3.931
G1 X-2.853 Y-4.023
G1 X-2.889 Y-4.059
G1 X-3.145 Y-4.041
M5
G0 X-2.816 Y-4.023 F2500
M3 S280
G1 F900
G1 X-2.725 Y-4.059
G1 X-2.706 Y-4.297
G1 X-2.743 Y-4.370
G1 X-2.743 Y-4.443
G1 X-2.779 Y-4.480
G1 X-2.853 Y-4.389
G1 X-2.871 Y-4.059
M5
G0 X-2.706 Y-4.059 F2500
M3 S280
G1 F900
G1 X-2.560 Y-4.114
G1 X-2.578 Y-4.242
G1 X-2.615 Y-4.279
G1 X-2.706 Y-4.261
G1 X-2.706 Y-4.169
G1 X-2.725 Y-4.151
M5
G0 X-2.688 Y-4.279 F2500
M3 S280
G1 F900
G1 X-2.578 Y-4.297
G1 X-2.523 Y-4.480
G1 X-2.523 Y-4.645
G1 X-2.542 Y-4.681
G1 X-2.670 Y-4.699
G1 X-2.743 Y-4.663
G1 X-2.761 Y-4.462
G1 X-2.725 Y-4.315
M5
G0 X-2.853 Y-4.389 F2500
M3 S280
G1 F900
G1 X-2.798 Y-4.443
G1 X-2.798 Y-4.480
G1 X-2.761 Y-4.498
G1 X-2.761 Y-4.663
G1 X-2.779 Y-4.773
G1 X-2.834 Y-4.827
G1 X-2.907 Y-4.827
G1 X-2.981 Y-4.754
G1 X-2.981 Y-4.553
G1 X-2.962 Y-4.480
M5
G0 X-3.493 Y-4.023 F2500
M3 S280
G1 F900
G1 X-3.493 Y-3.950
G1 X-3.401 Y-3.877
G1 X-3.237 Y-3.877
G1 X-3.163 Y-3.950
G1 X-3.255 Y-4.041
M5
G0 X-3.511 Y-3.950 F2500
M3 S280
G1 F900
G1 X-3.493 Y-4.023
G1 X-3.511 Y-4.389
G1 X-3.566 Y-4.443
G1 X-3.712 Y-4.443
G1 X-3.803 Y-4.407
G1 X-3.822 Y-4.315
G1 X-3.895 Y-4.242
G1 X-3.877 Y-3.986
G1 X-3.639 Y-3.986
M5
G0 X-3.895 Y-3.803 F2500
M3 S280
G1 F900
G1 X-3.858 Y-3.767
G1 X-3.657 Y-3.803
G1 X-3.584 Y-3.840
G1 X-3.529 Y-3.913
G1 X-3.547 Y-3.968
G1 X-3.639 Y-3.986
G1 X-3.877 Y-3.968
M5
G0 X-3.913 Y-3.822 F2500
M3 S280
G1 F900
G1 X-3.877 Y-3.913
G1 X-3.895 Y-4.224
G1 X-3.986 Y-4.315
G1 X-4.206 Y-4.315
G1 X-4.297 Y-4.242
G1 X-4.279 Y-3.858
G1 X-4.059 Y-3.877
G1 X-3.950 Y-3.858
M5
G0 X-4.315 Y-3.822 F2500
M3 S280
G1 F900
G1 X-4.297 Y-4.261
G1 X-4.389 Y-4.352
G1 X-4.608 Y-4.389
G1 X-4.681 Y-4.370
G1 X-4.663 Y-3.913
G1 X-4.389 Y-3.895
M5
G0 X-4.315 Y-3.785 F2500
M3 S280
G1 F900
G1 X-4.224 Y-3.657
G1 X-4.133 Y-3.639
G1 X-3.968 Y-3.694
G1 X-3.913 Y-3.803
G1 X-3.968 Y-3.858
G1 X-4.261 Y-3.877
M5
G0 X-4.315 Y-3.767 F2500
M3 S280
G1 F900
G1 X-4.315 Y-3.803
G1 X-4.407 Y-3.895
G1 X-4.480 Y-3.913
G1 X-4.681 Y-3.895
G1 X-4.699 Y-3.803
G1 X-4.608 Y-3.712
G1 X-4.389 Y-3.694
M5
G0 X-4.699 Y-3.840 F2500
M3 S280
G1 F900
G1 X-4.681 Y-4.352
G1 X-4.718 Y-4.389
G1 X-4.901 Y-4.389
G1 X-5.029 Y-4.352
G1 X-5.193 Y-4.187
G1 X-5.175 Y-3.895
G1 X-4.827 Y-3.895
G1 X-4.736 Y-3.877
M5
G0 X-4.645 Y-3.438 F2500
M3 S280
G1 F900
G1 X-4.334 Y-3.328
G1 X-4.059 Y-3.328
G1 X-3.858 Y-3.383
G1 X-3.547 Y-3.529
G1 X-3.493 Y-3.584
G1 X-3.474 Y-3.840
G1 X-3.547 Y-3.895
G1 X-3.584 Y-3.840
G1 X-3.657 Y-3.803
G1 X-3.877 Y-3.767
G1 X-3.913 Y-3.803
G1 X-3.986 Y-3.675
G1 X-4.133 Y-3.639
G1 X-4.224 Y-3.657
G1 X-4.315 Y-3.767
G1 X-4.389 Y-3.694
G1 X-4.626 Y-3.730
G1 X-4.663 Y-3.602
M5
G0 X-5.193 Y-3.877 F2500
M3 S280
G1 F900
G1 X-5.193 Y-3.803
G1 X-5.065 Y-3.675
G1 X-4.992 Y-3.657
G1 X-4.791 Y-3.712
G1 X-4.699 Y-3.822
G1 X-4.754 Y-3.877
G1 X-4.827 Y-3.895
M5
G0 X-3.474 Y-3.566 F2500
M3 S280
G1 F900
G1 X-3.383 Y-3.529
G1 X-3.090 Y-3.511
G1 X-2.871 Y-3.584
G1 X-2.743 Y-3.694
G1 X-2.706 Y-3.694
G1 X-2.633 Y-3.785
G1 X-2.560 Y-3.968
G1 X-2.578 Y-4.078
G1 X-2.834 Y-4.023
G1 X-2.889 Y-3.895
G1 X-3.017 Y-3.858
G1 X-3.090 Y-3.858
G1 X-3.182 Y-3.931
G1 X-3.237 Y-3.877
G1 X-3.401 Y-3.877
G1 X-3.456 Y-3.895
G1 X-3.511 Y-3.950
G1 X-3.529 Y-3.913
G1 X-3.474 Y-3.858
G1 X-3.493 Y-3.621
M5
G0 X-4.517 Y-2.030 F2500
M3 S280
G1 F900
G1 X-4.206 Y-2.213
G1 X-3.913 Y-2.450
G1 X-3.621 Y-2.761
G1 X-3.456 Y-3.017
G1 X-3.383 Y-3.090
G1 X-3.310 Y-3.237
G1 X-3.035 Y-3.346
G1 X-2.853 Y-3.511
G1 X-2.999 Y-3.365
G1 X-3.273 Y-3.255
G1 X-3.675 Y-2.688
G1 X-3.950 Y-2.414
G1 X-4.224 Y-2.194
M5
G0 X-4.773 Y-1.902 F2500
M3 S280
G1 F900
G1 X-4.699 Y-1.883
G1 X-4.315 Y-2.011
G1 X-3.931 Y-2.213
G1 X-3.493 Y-2.523
G1 X-3.310 Y-2.725
G1 X-3.310 Y-2.779
G1 X-3.255 Y-2.834
G1 X-3.182 Y-2.853
G1 X-3.017 Y-3.054
G1 X-2.761 Y-3.474
G1 X-2.688 Y-3.639
G1 X-2.706 Y-3.694
G1 X-2.743 Y-3.694
G1 X-2.926 Y-3.547
G1 X-3.090 Y-3.511
G1 X-3.383 Y-3.529
G1 X-3.493 Y-3.566
G1 X-3.529 Y-3.529
G1 X-3.566 Y-3.383
G1 X-3.730 Y-3.054
G1 X-4.023 Y-2.597
G1 X-4.370 Y-2.231
G1 X-4.681 Y-2.011
G1 X-4.773 Y-1.975
M5
G0 X-4.864 Y-1.883 F2500
M3 S280
G1 F900
G1 X-4.773 Y-1.883
G1 X-4.773 Y-1.920
G1 X-4.809 Y-1.957
M5
G0 X-5.029 Y-1.865 F2500
M3 S280
G1 F900
G1 X-5.010 Y-1.902
G1 X-5.047 Y-1.938
G1 X-5.065 Y-1.902
M5
G0 X-5.157 Y-1.847 F2500
M3 S280
G1 F900
G1 X-5.029 Y-1.847
G1 X-5.065 Y-1.920
G1 X-5.102 Y-1.938
M5
G0 X-5.285 Y-1.774 F2500
M3 S280
G1 F900
G1 X-5.193 Y-1.810
G1 X-5.138 Y-1.865
G1 X-5.138 Y-1.920
G1 X-5.047 Y-1.957
G1 X-4.645 Y-2.377
G1 X-4.370 Y-2.853
G1 X-4.334 Y-2.944
G1 X-4.498 Y-3.127
G1 X-4.571 Y-3.273
G1 X-4.535 Y-3.237
G1 X-4.517 Y-3.163
G1 X-4.334 Y-2.962
G1 X-4.297 Y-2.962
G1 X-3.931 Y-3.145
G1 X-3.730 Y-3.328
G1 X-3.803 Y-3.237
G1 X-3.931 Y-3.145
G1 X-4.315 Y-2.962
G1 X-4.352 Y-2.926
G1 X-4.389 Y-2.816
G1 X-4.590 Y-2.450
G1 X-4.846 Y-2.139
G1 X-4.992 Y-2.030
G1 X-5.047 Y-1.957
G1 X-4.992 Y-1.847
G1 X-4.882 Y-1.865
G1 X-4.809 Y-1.957
G1 X-4.571 Y-2.085
G1 X-4.279 Y-2.322
G1 X-4.114 Y-2.487
G1 X-3.968 Y-2.670
G1 X-3.712 Y-3.090
G1 X-3.566 Y-3.383
G1 X-3.547 Y-3.474
G1 X-3.566 Y-3.529
G1 X-3.602 Y-3.493
G1 X-3.639 Y-3.493
G1 X-3.840 Y-3.383
G1 X-4.059 Y-3.328
G1 X-4.425 Y-3.346
G1 X-4.663 Y-3.456
G1 X-4.699 Y-3.401
G1 X-4.754 Y-3.035
G1 X-4.901 Y-2.560
G1 X-5.120 Y-2.121
G1 X-5.321 Y-1.883
M5
G0 X-5.230 Y-1.682 F2500
M3 S280
G1 F900
G1 X-5.248 Y-1.774
G1 X-5.321 Y-1.792
G1 X-5.431 Y-1.774
G1 X-5.486 Y-1.810
G1 X-5.541 Y-1.755
G1 X-5.778 Y-1.774
G1 X-5.851 Y-1.755
G1 X-5.851 Y-1.701
G1 X-5.705 Y-1.591
G1 X-5.669 Y-1.609
G1 X-5.339 Y-1.573
M5
G0 X-5.522 Y-1.536 F2500
M3 S280
G1 F900
G1 X-5.467 Y-1.463
G1 X-5.413 Y-1.499
G1 X-5.394 Y-1.573
G1 X-5.449 Y-1.591
G1 X-5.522 Y-1.573
M5
G0 X-5.650 Y-1.755 F2500
M3 S280
G1 F900
G1 X-5.541 Y-1.755
G1 X-5.486 Y-1.810
G1 X-5.522 Y-2.048
G1 X-5.522 Y-2.688
G1 X-5.870 Y-2.889
G1 X-6.144 Y-3.163
G1 X-5.833 Y-2.871
G1 X-5.577 Y-2.725
G1 X-5.504 Y-2.706
G1 X-5.138 Y-2.907
G1 X-4.919 Y-3.127
G1 X-4.882 Y-3.200
G1 X-4.992 Y-3.035
G1 X-5.138 Y-2.907
G1 X-5.522 Y-2.688
G1 X-5.522 Y-2.048
G1 X-5.486 Y-1.829
G1 X-5.449 Y-1.829
G1 X-5.431 Y-1.792
G1 X-5.321 Y-1.792
G1 X-5.339 Y-1.847
G1 X-5.120 Y-2.121
G1 X-4.882 Y-2.615
G1 X-4.754 Y-3.035
G1 X-4.699 Y-3.310
G1 X-4.736 Y-3.401
G1 X-4.882 Y-3.310
G1 X-5.248 Y-3.218
G1 X-5.778 Y-3.218
G1 X-6.034 Y-3.273
G1 X-6.162 Y-3.328
G1 X-6.290 Y-3.419
G1 X-6.345 Y-3.401
G1 X-6.272 Y-2.981
G1 X-6.089 Y-2.432
G1 X-5.925 Y-2.121
G1 X-5.833 Y-1.993
G1 X-5.687 Y-1.847
M5
G0 X-5.669 Y-1.774 F2500
M3 S280
G1 F900
G1 X-5.669 Y-1.810
G1 X-5.797 Y-1.938
G1 X-5.925 Y-2.121
G1 X-6.089 Y-2.432
G1 X-6.272 Y-2.981
G1 X-6.363 Y-3.438
G1 X-6.674 Y-3.328
G1 X-7.022 Y-3.328
G1 X-7.223 Y-3.383
G1 X-7.515 Y-3.566
G1 X-7.534 Y-3.493
G1 X-7.369 Y-3.127
G1 X-7.168 Y-2.779
G1 X-6.967 Y-2.523
G1 X-6.619 Y-2.194
G1 X-6.400 Y-2.030
G1 X-6.309 Y-1.993
G1 X-6.254 Y-1.902
G1 X-5.998 Y-1.810
G1 X-5.906 Y-1.829
G1 X-5.888 Y-1.865
G1 X-5.906 Y-1.920
G1 X-6.071 Y-2.030
G1 X-6.327 Y-2.286
G1 X-6.437 Y-2.432
G1 X-6.601 Y-2.706
G1 X-6.711 Y-2.962
G1 X-7.077 Y-3.109
G1 X-7.205 Y-3.200
G1 X-7.314 Y-3.310
G1 X-7.314 Y-3.346
G1 X-7.058 Y-3.109
G1 X-6.729 Y-2.962
G1 X-6.693 Y-2.962
G1 X-6.565 Y-3.090
G1 X-6.455 Y-3.273
G1 X-6.565 Y-3.090
G1 X-6.693 Y-2.962
G1 X-6.693 Y-2.907
G1 X-6.638 Y-2.779
G1 X-6.437 Y-2.432
G1 X-6.309 Y-2.267
G1 X-6.107 Y-2.066
G1 X-5.851 Y-1.883
G1 X-5.797 Y-1.774
G1 X-5.760 Y-1.755
M5
G0 X-5.833 Y-1.774 F2500
M3 S280
G1 F900
G1 X-5.815 Y-1.810
G1 X-5.870 Y-1.883
G1 X-5.906 Y-1.847
G1 X-5.888 Y-1.792
M5
G0 X-6.254 Y-1.920 F2500
M3 S280
G1 F900
G1 X-6.309 Y-1.993
G1 X-6.400 Y-2.030
G1 X-6.656 Y-2.213
G1 X-7.022 Y-2.578
G1 X-7.333 Y-3.054
G1 X-7.461 Y-3.310
G1 X-7.552 Y-3.566
G1 X-7.735 Y-3.511
G1 X-7.936 Y-3.511
G1 X-8.137 Y-3.566
G1 X-8.283 Y-3.657
G1 X-8.338 Y-3.639
G1 X-8.338 Y-3.602
G1 X-8.210 Y-3.346
G1 X-8.027 Y-3.072
G1 X-7.845 Y-2.834
G1 X-7.515 Y-2.505
G1 X-7.113 Y-2.213
G1 X-6.802 Y-2.048
G1 X-6.345 Y-1.883
M5
G0 X-6.619 Y-2.085 F2500
M3 S280
G1 F900
G1 X-6.693 Y-2.103
G1 X-6.857 Y-2.213
G1 X-7.205 Y-2.505
G1 X-7.570 Y-2.944
G1 X-7.717 Y-3.200
G1 X-8.046 Y-3.383
G1 X-8.174 Y-3.511
G1 X-7.991 Y-3.346
G1 X-7.717 Y-3.218
G1 X-7.717 Y-3.182
G1 X-7.552 Y-2.926
G1 X-7.314 Y-2.633
G1 X-6.875 Y-2.231
G1 X-6.747 Y-2.139
M5
G0 X-5.705 Y-1.189 F2500
M3 S280
G1 F900
G1 X-5.595 Y-1.097
G1 X-5.504 Y-1.115
G1 X-5.413 Y-1.097
G1 X-5.266 Y-1.298
G1 X-5.285 Y-1.371
G1 X-5.321 Y-1.371
G1 X-5.266 Y-1.390
G1 X-5.285 Y-1.518
G1 X-5.358 Y-1.481
G1 X-5.339 Y-1.426
G1 X-5.376 Y-1.390
G1 X-5.541 Y-1.499
G1 X-5.541 Y-1.591
G1 X-5.687 Y-1.609
G1 X-5.723 Y-1.573
G1 X-5.778 Y-1.408
G1 X-5.760 Y-1.280
M5
G0 X-5.595 Y-1.042 F2500
M3 S280
G1 F900
G1 X-5.559 Y-1.006
G1 X-5.431 Y-1.024
G1 X-5.449 Y-1.097
G1 X-5.504 Y-1.115
G1 X-5.595 Y-1.097
M5
G0 X-5.504 Y-0.823 F2500
M3 S280
G1 F900
G1 X-5.449 Y-0.878
G1 X-5.467 Y-1.006
G1 X-5.577 Y-0.987
G1 X-5.577 Y-0.878
M5
G0 X-5.504 Y-0.823 F2500
M3 S280
G1 F900
G1 X-5.559 Y-0.841
G1 X-5.577 Y-0.878
G1 X-5.595 Y-1.079
G1 X-5.723 Y-1.207
G1 X-5.760 Y-1.280
G1 X-5.778 Y-1.408
G1 X-5.723 Y-1.536
G1 X-5.742 Y-1.627
G1 X-5.833 Y-1.664
G1 X-5.870 Y-1.792
G1 X-6.071 Y-1.829
G1 X-6.199 Y-1.883
G1 X-6.345 Y-1.883
G1 X-6.729 Y-2.011
G1 X-7.040 Y-2.158
G1 X-7.314 Y-2.341
G1 X-7.625 Y-2.597
G1 X-7.936 Y-2.944
G1 X-8.265 Y-3.438
G1 X-8.320 Y-3.547
G1 X-8.338 Y-3.657
G1 X-8.393 Y-3.730
G1 X-8.485 Y-4.023
G1 X-8.466 Y-4.297
G1 X-8.503 Y-4.334
G1 X-8.539 Y-4.517
G1 X-8.539 Y-4.626
G1 X-8.503 Y-4.699
G1 X-8.466 Y-4.718
G1 X-8.283 Y-4.699
G1 X-8.265 Y-4.791
G1 X-8.229 Y-4.827
G1 X-8.137 Y-4.827
G1 X-8.064 Y-4.699
G1 X-8.064 Y-4.590
G1 X-8.082 Y-4.571
G1 X-8.064 Y-4.462
G1 X-8.027 Y-4.462
G1 X-7.991 Y-4.425
G1 X-7.918 Y-4.425
G1 X-7.918 Y-4.553
G1 X-7.973 Y-4.681
G1 X-7.973 Y-4.864
G1 X-7.881 Y-4.919
G1 X-7.845 Y-4.901
G1 X-7.808 Y-4.827
G1 X-7.826 Y-4.553
G1 X-7.790 Y-4.443
G1 X-7.607 Y-4.462
G1 X-7.515 Y-4.407
G1 X-7.461 Y-4.462
G1 X-7.461 Y-4.626
G1 X-7.497 Y-4.681
G1 X-7.515 Y-4.937
G1 X-7.479 Y-4.992
G1 X-7.387 Y-5.010
G1 X-7.351 Y-4.974
G1 X-7.369 Y-4.553
G1 X-7.333 Y-4.462
G1 X-7.278 Y-4.425
G1 X-7.186 Y-4.407
G1 X-7.058 Y-4.425
G1 X-7.131 Y-4.992
G1 X-7.058 Y-5.065
G1 X-6.967 Y-5.065
G1 X-6.949 Y-5.010
G1 X-6.949 Y-4.425
G1 X-6.674 Y-4.462
G1 X-6.638 Y-4.498
G1 X-6.693 Y-4.590
G1 X-6.693 Y-4.718
G1 X-6.729 Y-4.754
G1 X-6.766 Y-5.047
G1 X-6.729 Y-5.120
G1 X-6.583 Y-5.102
G1 X-6.583 Y-4.827
G1 X-6.601 Y-4.809
G1 X-6.583 Y-4.517
G1 X-6.528 Y-4.517
G1 X-6.345 Y-4.608
G1 X-6.327 Y-4.791
G1 X-6.382 Y-4.992
G1 X-6.363 Y-5.157
G1 X-6.217 Y-5.157
G1 X-6.199 Y-5.120
G1 X-6.199 Y-4.901
G1 X-6.235 Y-4.827
G1 X-6.235 Y-4.663
G1 X-6.217 Y-4.626
G1 X-5.998 Y-4.535
G1 X-5.870 Y-4.553
G1 X-5.925 Y-4.974
G1 X-5.925 Y-5.157
G1 X-5.888 Y-5.193
G1 X-5.778 Y-5.175
G1 X-5.760 Y-5.138
G1 X-5.760 Y-4.846
G1 X-5.778 Y-4.827
G1 X-5.760 Y-4.517
G1 X-5.669 Y-4.517
G1 X-5.632 Y-4.553
G1 X-5.650 Y-7.515
G1 X-5.705 Y-7.589
G1 X-5.687 Y-8.338
G1 X-5.723 Y-8.411
G1 X-5.687 Y-8.485
G1 X-5.614 Y-8.521
G1 X-5.431 Y-8.521
G1 X-5.376 Y-8.503
G1 X-5.321 Y-8.430
G1 X-5.339 Y-8.357
G1 X-5.376 Y-8.320
G1 X-5.358 Y-7.570
G1 X-5.394 Y-7.515
G1 X-5.376 Y-4.498
G1 X-5.285 Y-4.498
G1 X-5.211 Y-4.535
G1 X-5.248 Y-4.626
G1 X-5.230 Y-4.754
G1 X-5.266 Y-4.809
G1 X-5.285 Y-4.955
G1 X-5.266 Y-5.175
G1 X-5.120 Y-5.157
G1 X-5.102 Y-5.102
G1 X-5.102 Y-4.882
G1 X-5.138 Y-4.754
G1 X-5.120 Y-4.535
G1 X-5.065 Y-4.535
G1 X-4.827 Y-4.626
G1 X-4.791 Y-4.773
G1 X-4.827 Y-4.919
G1 X-4.827 Y-5.120
G1 X-4.809 Y-5.157
G1 X-4.736 Y-5.193
G1 X-4.681 Y-5.175
G1 X-4.663 Y-5.138
G1 X-4.663 Y-4.901
G1 X-4.681 Y-4.809
G1 X-4.718 Y-4.773
G1 X-4.699 Y-4.626
G1 X-4.663 Y-4.590
G1 X-4.462 Y-4.498
G1 X-4.407 Y-4.535
G1 X-4.443 Y-4.645
G1 X-4.425 Y-4.736
G1 X-4.462 Y-4.846
G1 X-4.462 Y-5.102
G1 X-4.425 Y-5.138
G1 X-4.334 Y-5.138
G1 X-4.297 Y-5.102
G1 X-4.297 Y-4.827
G1 X-4.334 Y-4.718
G1 X-4.334 Y-4.571
G1 X-4.370 Y-4.498
G1 X-4.334 Y-4.462
G1 X-4.169 Y-4.425
G1 X-4.059 Y-4.443
G1 X-4.041 Y-4.608
G1 X-4.059 Y-5.010
G1 X-3.986 Y-5.065
G1 X-3.931 Y-5.065
G1 X-3.895 Y-5.029
G1 X-3.913 Y-4.754
G1 X-3.950 Y-4.645
G1 X-3.950 Y-4.407
G1 X-3.785 Y-4.407
G1 X-3.694 Y-4.443
G1 X-3.657 Y-4.608
G1 X-3.675 Y-4.937
G1 X-3.621 Y-4.992
G1 X-3.566 Y-5.010
G1 X-3.511 Y-4.992
G1 X-3.493 Y-4.919
G1 X-3.529 Y-4.663
G1 X-3.566 Y-4.590
G1 X-3.547 Y-4.425
G1 X-3.511 Y-4.407
G1 X-3.419 Y-4.462
G1 X-3.237 Y-4.443
G1 X-3.200 Y-4.535
G1 X-3.237 Y-4.626
G1 X-3.237 Y-4.846
G1 X-3.218 Y-4.882
G1 X-3.109 Y-4.901
G1 X-3.072 Y-4.827
G1 X-3.054 Y-4.699
G1 X-3.090 Y-4.535
G1 X-3.072 Y-4.425
G1 X-2.944 Y-4.462
G1 X-2.981 Y-4.553
G1 X-2.981 Y-4.773
G1 X-2.926 Y-4.827
G1 X-2.798 Y-4.809
G1 X-2.761 Y-4.663
G1 X-2.725 Y-4.663
G1 X-2.688 Y-4.699
G1 X-2.542 Y-4.681
G1 X-2.523 Y-4.645
G1 X-2.523 Y-4.480
G1 X-2.597 Y-4.261
G1 X-2.560 Y-4.114
G1 X-2.578 Y-3.913
G1 X-2.688 Y-3.694
G1 X-2.688 Y-3.621
G1 X-2.853 Y-3.291
G1 X-3.145 Y-2.889
G1 X-3.511 Y-2.505
G1 X-3.986 Y-2.176
G1 X-4.315 Y-2.011
G1 X-4.681 Y-1.883
G1 X-4.919 Y-1.865
G1 X-5.029 Y-1.829
G1 X-5.157 Y-1.829
G1 X-5.230 Y-1.792
G1 X-5.230 Y-1.682
G1 X-5.303 Y-1.609
G1 X-5.303 Y-1.518
G1 X-5.266 Y-1.499
G1 X-5.266 Y-1.298
G1 X-5.431 Y-1.079
G1 X-5.449 Y-0.878
M5
G0 X-6.034 Y0.658 F2500
M3 S280
G1 F900
G1 X-5.998 Y0.695
G1 X-4.443 Y0.677
G1 X-4.480 Y0.091
G1 X-6.034 Y0.128
G1 X-6.016 Y0.256
G1 X-4.535 Y0.256
G1 X-6.034 Y0.238
G1 X-6.053 Y0.585
M5
G0 X-6.144 Y0.768 F2500
M3 S280
G1 F900
G1 X-6.053 Y0.768
G1 X-6.016 Y0.731
G1 X-6.053 Y0.585
G1 X-6.053 Y0.238
G1 X-6.016 Y0.110
G1 X-6.053 Y0.018
G1 X-6.199 Y0.037
G1 X-6.217 Y0.183
G1 X-6.199 Y0.713
M5
G0 X-6.290 Y0.768 F2500
M3 S280
G1 F900
G1 X-6.217 Y0.768
G1 X-6.181 Y0.731
G1 X-6.217 Y0.549
G1 X-6.199 Y0.165
G1 X-6.217 Y0.018
G1 X-6.345 Y0.037
G1 X-6.363 Y0.073
G1 X-6.363 Y0.677
M5
G0 X-6.766 Y0.677 F2500
M3 S280
G1 F900
G1 X-6.363 Y0.677
G1 X-6.382 Y0.073
G1 X-6.766 Y0.110
G1 X-6.802 Y0.219
G1 X-6.802 Y0.567
M5
G0 X-6.875 Y0.768 F2500
M3 S280
G1 F900
G1 X-6.784 Y0.750
G1 X-6.766 Y0.713
G1 X-6.802 Y0.567
G1 X-6.802 Y0.219
G1 X-6.766 Y0.037
G1 X-6.894 Y0.018
G1 X-6.949 Y0.073
G1 X-6.967 Y0.128
G1 X-6.949 Y0.256
G1 X-6.967 Y0.585
G1 X-6.949 Y0.695
M5
G0 X-7.022 Y0.713 F2500
M3 S280
G1 F900
G1 X-6.949 Y0.695
G1 X-6.949 Y0.146
G1 X-6.985 Y0.110
G1 X-7.150 Y0.165
G1 X-7.241 Y0.256
G1 X-7.278 Y0.329
G1 X-7.278 Y0.475
G1 X-7.168 Y0.640
M5
G0 X-7.278 Y0.311 F2500
M3 S280
G1 F900
G1 X-7.168 Y0.165
G1 X-6.985 Y0.110
G1 X-6.894 Y0.018
G1 X-6.766 Y0.037
G1 X-6.729 Y0.091
G1 X-6.491 Y0.091
G1 X-6.363 Y0.073
G1 X-6.345 Y0.037
G1 X-6.034 Y0.037
G1 X-6.034 Y0.073
G1 X-5.998 Y0.110
G1 X-4.681 Y0.110
G1 X-4.480 Y0.091
G1 X-4.425 Y0.018
G1 X-4.315 Y-0.018
G1 X-4.133 Y-0.018
G1 X-4.114 Y-0.091
G1 X-3.986 Y-0.165
G1 X-3.895 Y-0.256
G1 X-3.895 Y-0.402
G1 X-3.858 Y-0.439
G1 X-3.803 Y-0.439
G1 X-3.730 Y-0.475
G1 X-3.712 Y-0.640
G1 X-3.639 Y-0.750
G1 X-3.566 Y-0.768
G1 X-3.529 Y-0.859
G1 X-3.547 Y-1.225
G1 X-3.529 Y-1.481
G1 X-3.438 Y-1.536
G1 X-3.346 Y-1.536
G1 X-3.291 Y-1.481
G1 X-2.962 Y-1.463
G1 X-2.779 Y-1.499
G1 X-2.798 Y-1.810
G1 X-2.871 Y-1.938
G1 X-2.962 Y-2.030
G1 X-2.944 Y-2.139
G1 X-2.560 Y-2.139
G1 X-2.414 Y-2.085
G1 X-2.286 Y-1.938
G1 X-2.121 Y-1.591
G1 X-2.121 Y-1.536
G1 X-2.085 Y-1.463
G1 X2.139 Y-1.481
G1 X2.139 Y-1.554
G1 X2.194 Y-1.719
G1 X2.286 Y-1.902
G1 X2.432 Y-2.085
G1 X2.597 Y-2.158
G1 X2.981 Y-2.158
G1 X3.017 Y-2.139
G1 X3.017 Y-2.066
G1 X2.853 Y-1.883
G1 X2.798 Y-1.682
G1 X2.798 Y-1.536
G1 X2.834 Y-1.499
G1 X2.962 Y-1.499
G1 X2.999 Y-1.463
G1 X3.255 Y-1.463
G1 X3.328 Y-1.518
G1 X3.529 Y-1.499
G1 X3.529 Y-0.805
G1 X3.657 Y-0.713
G1 X3.730 Y-0.439
G1 X3.840 Y-0.439
G1 X3.877 Y-0.402
G1 X3.877 Y-0.238
G1 X3.931 Y-0.183
G1 X4.041 Y-0.128
G1 X4.133 Y-0.018
G1 X4.297 Y-0.037
G1 X4.425 Y0.018
G1 X4.425 Y0.055
G1 X4.462 Y0.091
G1 X4.955 Y0.073
G1 X4.974 Y0.091
G1 X5.339 Y0.091
G1 X5.449 Y0.000
G1 X5.742 Y0.037
G1 X5.760 Y0.110
G1 X5.998 Y0.146
G1 X6.107 Y0.238
G1 X6.181 Y0.238
G1 X6.235 Y0.274
G1 X6.272 Y0.347
G1 X6.491 Y0.475
G1 X6.784 Y0.750
G1 X7.003 Y0.896
G1 X7.186 Y0.951
G1 X7.296 Y0.951
G1 X7.570 Y0.896
G1 X7.680 Y0.896
G1 X7.808 Y0.933
G1 X7.918 Y1.061
G1 X7.936 Y1.243
G1 X7.899 Y1.335
G1 X7.790 Y1.445
G1 X7.680 Y1.499
G1 X7.589 Y1.518
G1 X7.534 Y1.499
G1 X7.351 Y1.554
G1 X7.259 Y1.554
G1 X7.223 Y1.518
G1 X7.003 Y1.499
G1 X6.802 Y1.445
G1 X6.693 Y1.390
G1 X6.400 Y1.189
G1 X6.089 Y0.896
G1 X5.833 Y0.731
G1 X5.760 Y0.731
G1 X5.723 Y0.786
G1 X5.632 Y0.805
G1 X5.431 Y0.786
G1 X5.394 Y0.731
G1 X5.230 Y0.695
G1 X4.425 Y0.713
G1 X4.425 Y0.750
G1 X4.389 Y0.786
G1 X4.114 Y0.805
G1 X4.041 Y0.878
G1 X3.895 Y0.896
G1 X3.877 Y1.115
G1 X3.712 Y1.152
G1 X3.675 Y1.390
G1 X3.529 Y1.371
G1 X3.511 Y1.865
G1 X3.547 Y1.920
G1 X3.639 Y1.902
G1 X3.785 Y1.829
G1 X3.840 Y1.829
G1 X3.913 Y1.865
G1 X3.950 Y1.920
G1 X3.968 Y1.993
G1 X3.950 Y2.066
G1 X3.749 Y2.194
G1 X3.200 Y2.414
G1 X2.633 Y2.597
G1 X1.993 Y2.761
G1 X1.609 Y2.834
G1 X0.969 Y2.926
G1 X0.055 Y2.981
G1 X-0.512 Y2.962
G1 X-1.353 Y2.871
G1 X-2.048 Y2.743
G1 X-2.487 Y2.633
G1 X-3.090 Y2.450
G1 X-3.913 Y2.103
G1 X-3.968 Y2.048
G1 X-3.968 Y1.938
G1 X-3.877 Y1.810
G1 X-3.785 Y1.810
G1 X-3.639 Y1.902
G1 X-3.547 Y1.883
G1 X-3.566 Y1.390
G1 X-3.675 Y1.371
G1 X-3.712 Y1.317
G1 X-3.712 Y1.170
G1 X-3.767 Y1.115
G1 X-3.895 Y1.097
G1 X-3.895 Y0.933
G1 X-3.950 Y0.878
G1 X-4.096 Y0.859
G1 X-4.133 Y0.805
G1 X-4.370 Y0.786
G1 X-4.425 Y0.713
G1 X-6.016 Y0.713
G1 X-6.053 Y0.768
G1 X-6.162 Y0.750
G1 X-6.290 Y0.768
G1 X-6.363 Y0.695
G1 X-6.747 Y0.695
G1 X-6.784 Y0.750
G1 X-6.875 Y0.768
G1 X-6.930 Y0.713
G1 X-7.022 Y0.713
G1 X-7.131 Y0.677
G1 X-7.241 Y0.567
G1 X-7.278 Y0.475
M5
G0 X-9.344 Y-1.006 F2500
M3 S280
G1 F900
G1 X-9.490 Y-1.280
M5
G0 X-9.582 Y-1.426 F2500
M3 S280
G1 F900
G1 X-9.618 Y-1.518
G1 X-9.819 Y-1.829
G1 X-10.094 Y-2.176
G1 X-10.075 Y-2.871
G1 X-10.039 Y-3.310
G1 X-9.893 Y-4.315
G1 X-10.039 Y-3.310
G1 X-10.075 Y-2.871
G1 X-10.094 Y-2.176
G1 X-9.856 Y-1.883
G1 X-9.600 Y-1.499
M5
G0 X-9.691 Y-1.390 F2500
M3 S280
G1 F900
G1 X-9.984 Y-1.847
G1 X-10.203 Y-2.103
G1 X-10.185 Y-2.999
G1 X-10.075 Y-4.005
G1 X-9.856 Y-4.992
G1 X-9.582 Y-5.797
G1 X-9.289 Y-6.437
G1 X-8.997 Y-6.967
G1 X-8.850 Y-7.186
G1 X-9.161 Y-6.674
G1 X-9.454 Y-6.089
G1 X-9.600 Y-5.742
G1 X-9.838 Y-5.047
G1 X-10.075 Y-4.005
G1 X-10.185 Y-2.999
G1 X-10.203 Y-2.103
G1 X-10.057 Y-1.957
G1 X-9.893 Y-1.737
M5
G0 X-7.570 Y-3.584 F2500
M3 S280
G1 F900
G1 X-7.570 Y-3.712
G1 X-7.607 Y-3.895
G1 X-7.717 Y-3.858
G1 X-7.808 Y-3.858
G1 X-7.899 Y-3.913
G1 X-7.936 Y-3.877
G1 X-8.101 Y-3.877
G1 X-8.174 Y-3.913
G1 X-8.247 Y-4.005
G1 X-8.320 Y-4.023
G1 X-8.375 Y-4.078
G1 X-8.485 Y-4.059
G1 X-8.466 Y-3.950
G1 X-8.357 Y-3.675
G1 X-8.283 Y-3.657
G1 X-8.137 Y-3.566
G1 X-7.936 Y-3.511
G1 X-7.735 Y-3.511
G1 X-7.607 Y-3.547
M5
G0 X-8.265 Y3.365 F2500
M3 S280
G1 F900
G1 X8.265 Y3.346
G1 X8.229 Y2.834
G1 X8.247 Y1.701
G1 X8.320 Y1.024
G1 X8.430 Y0.402
G1 X8.631 Y-0.329
G1 X8.887 Y-1.024
G1 X9.216 Y-1.664
G1 X9.673 Y-2.322
G1 X9.618 Y-3.401
G1 X9.545 Y-3.950
G1 X9.454 Y-4.425
G1 X9.307 Y-4.974
G1 X9.143 Y-5.467
G1 X8.942 Y-5.961
G1 X8.649 Y-6.528
G1 X8.283 Y-7.095
G1 X7.918 Y-7.552
G1 X7.515 Y-7.954
G1 X7.278 Y-8.155
G1 X6.747 Y-8.521
G1 X6.107 Y-8.814
G1 X5.449 Y-8.978
G1 X5.083 Y-9.015
G1 X4.736 Y-9.015
G1 X4.206 Y-8.942
G1 X4.151 Y-9.015
G1 X4.151 Y-9.088
G1 X4.096 Y-9.253
G1 X3.931 Y-9.563
G1 X3.785 Y-9.746
G1 X3.511 Y-9.984
G1 X3.310 Y-10.112
G1 X3.035 Y-10.240
G1 X1.701 Y-10.697
G1 X0.933 Y-11.045
G1 X0.530 Y-11.301
G1 X0.274 Y-11.502
G1 X0.037 Y-11.739
G1 X-0.018 Y-11.758
G1 X-0.421 Y-11.392
G1 X-1.006 Y-11.008
G1 X-1.609 Y-10.734
G1 X-3.035 Y-10.240
G1 X-3.310 Y-10.112
G1 X-3.566 Y-9.947
G1 X-3.840 Y-9.691
G1 X-3.968 Y-9.527
G1 X-4.096 Y-9.289
G1 X-4.206 Y-8.942
G1 X-4.773 Y-9.015
G1 X-5.065 Y-9.015
G1 X-5.541 Y-8.960
G1 X-5.925 Y-8.869
G1 X-6.199 Y-8.777
G1 X-6.784 Y-8.503
G1 X-7.314 Y-8.137
G1 X-7.881 Y-7.607
G1 X-8.375 Y-6.985
G1 X-8.741 Y-6.400
G1 X-9.070 Y-5.705
G1 X-9.362 Y-4.864
G1 X-9.545 Y-4.078
G1 X-9.637 Y-3.438
G1 X-9.673 Y-3.017
G1 X-9.673 Y-2.670
G1 X-9.691 Y-2.651
G1 X-9.691 Y-2.322
G1 X-9.234 Y-1.664
G1 X-8.887 Y-0.969
G1 X-8.686 Y-0.439
G1 X-8.430 Y0.530
G1 X-8.338 Y1.042
G1 X-8.247 Y1.993
G1 X-8.247 Y2.889
G1 X-8.265 Y3.127
G1 X-8.283 Y3.145
M5
G0 X-7.607 Y6.107 F2500
M3 S280
G1 F900
G1 X-7.625 Y5.870
M5
G0 X-7.552 Y6.510 F2500
M3 S280
G1 F900
G1 X-7.589 Y6.144
M5
G0 X-7.003 Y6.254 F2500
M3 S280
G1 F900
G1 X-6.839 Y6.235
M5
G0 X-6.674 Y6.473 F2500
M3 S280
G1 F900
G1 X-7.003 Y6.455
M5
G0 X-6.693 Y6.693 F2500
M3 S280
G1 F900
G1 X-6.985 Y6.674
M5
G0 X-6.400 Y6.766 F2500
M3 S280
G1 F900
G1 X-6.546 Y6.729
M5
G0 X-6.345 Y6.546 F2500
M3 S280
G1 F900
G1 X-6.619 Y6.473
M5
G0 X-6.473 Y6.290 F2500
M3 S280
G1 F900
G1 X-6.619 Y6.254
M5
G0 X-6.382 Y5.723 F2500
M3 S280
G1 F900
G1 X-6.309 Y5.723
G1 X-6.162 Y5.778
G1 X-5.870 Y5.833
G1 X-5.559 Y5.833
G1 X-5.157 Y5.742
G1 X-4.882 Y5.577
G1 X-4.937 Y5.632
G1 X-4.974 Y5.632
G1 X-5.157 Y5.742
G1 X-5.559 Y5.833
G1 X-6.016 Y5.815
G1 X-6.235 Y5.742
M5
G0 X-6.363 Y5.595 F2500
M3 S280
G1 F900
G1 X-5.979 Y5.687
G1 X-5.486 Y5.687
G1 X-5.175 Y5.595
G1 X-4.919 Y5.467
G1 X-5.083 Y5.559
G1 X-5.467 Y5.687
G1 X-5.979 Y5.687
M5
G0 X-5.961 Y5.358 F2500
M3 S280
G1 F900
G1 X-5.888 Y5.376
G1 X-5.723 Y5.358
G1 X-5.742 Y5.230
G1 X-5.979 Y5.248
M5
G0 X-5.979 Y5.339 F2500
M3 S280
G1 F900
G1 X-5.998 Y5.230
G1 X-6.254 Y5.211
G1 X-6.290 Y5.248
G1 X-6.290 Y5.285
G1 X-6.254 Y5.321
G1 X-6.071 Y5.358
M5
G0 X-6.290 Y5.486 F2500
M3 S280
G1 F900
G1 X-5.979 Y5.541
G1 X-5.541 Y5.541
G1 X-5.358 Y5.504
G1 X-5.065 Y5.394
G1 X-5.358 Y5.504
G1 X-5.541 Y5.541
G1 X-5.979 Y5.541
M5
G0 X-5.723 Y5.248 F2500
M3 S280
G1 F900
G1 X-5.705 Y5.376
G1 X-5.595 Y5.376
G1 X-5.522 Y5.339
G1 X-5.504 Y5.285
G1 X-5.541 Y5.248
G1 X-5.669 Y5.230
M5
G0 X-5.504 Y5.285 F2500
M3 S280
G1 F900
G1 X-5.449 Y5.339
G1 X-5.339 Y5.321
G1 X-5.321 Y5.266
G1 X-5.358 Y5.230
G1 X-5.449 Y5.230
M5
G0 X-4.937 Y5.230 F2500
M3 S280
G1 F900
G1 X-4.901 Y5.266
G1 X-4.846 Y5.248
G1 X-4.846 Y5.211
G1 X-4.754 Y5.138
G1 X-4.882 Y5.120
G1 X-4.937 Y5.193
M5
G0 X-4.864 Y5.120 F2500
M3 S280
G1 F900
G1 X-4.773 Y5.102
G1 X-4.827 Y4.882
G1 X-4.919 Y4.901
G1 X-4.974 Y4.937
M5
G0 X-4.681 Y5.120 F2500
M3 S280
G1 F900
G1 X-4.699 Y4.974
G1 X-4.681 Y4.901
G1 X-4.809 Y4.901
G1 X-4.809 Y5.010
G1 X-4.773 Y5.102
G1 X-4.736 Y5.138
M5
G0 X-4.608 Y5.138 F2500
M3 S280
G1 F900
G1 X-4.498 Y5.120
G1 X-4.517 Y4.937
G1 X-4.571 Y4.901
G1 X-4.590 Y4.955
G1 X-4.608 Y4.901
G1 X-4.681 Y4.974
G1 X-4.626 Y5.120
G1 X-4.626 Y4.974
M5
G0 X-4.443 Y4.882 F2500
M3 S280
G1 F900
G1 X-4.480 Y4.846
G1 X-4.553 Y4.846
G1 X-4.590 Y4.882
G1 X-4.498 Y4.937
M5
G0 X-4.480 Y5.138 F2500
M3 S280
G1 F900
G1 X-4.297 Y5.120
G1 X-4.224 Y5.047
G1 X-4.187 Y4.901
G1 X-4.242 Y4.864
G1 X-4.334 Y4.882
G1 X-4.297 Y4.974
G1 X-4.315 Y4.901
G1 X-4.352 Y4.864
G1 X-4.443 Y4.901
G1 X-4.407 Y4.919
G1 X-4.407 Y4.955
G1 X-4.443 Y4.955
G1 X-4.462 Y4.901
G1 X-4.498 Y4.937
M5
G0 X-4.279 Y5.102 F2500
M3 S280
G1 F900
G1 X-4.078 Y5.120
G1 X-4.041 Y5.083
G1 X-4.041 Y5.029
G1 X-4.005 Y4.974
G1 X-4.114 Y4.901
G1 X-4.206 Y4.919
G1 X-4.224 Y5.047
M5
G0 X-4.169 Y5.230 F2500
M3 S280
G1 F900
G1 X-4.187 Y5.120
G1 X-4.261 Y5.138
M5
G0 X-4.114 Y5.230 F2500
M3 S280
G1 F900
G1 X-4.078 Y5.175
G1 X-4.096 Y5.120
G1 X-4.169 Y5.138
G1 X-4.169 Y5.175
M5
G0 X-4.169 Y5.285 F2500
M3 S280
G1 F900
G1 X-4.169 Y5.248
G1 X-4.261 Y5.138
G1 X-4.407 Y5.120
G1 X-4.443 Y5.157
G1 X-4.352 Y5.230
G1 X-4.315 Y5.321
G1 X-4.242 Y5.321
M5
G0 X-4.334 Y5.339 F2500
M3 S280
G1 F900
G1 X-4.334 Y5.266
G1 X-4.425 Y5.175
G1 X-4.425 Y5.339
G1 X-4.389 Y5.358
M5
G0 X-4.480 Y5.394 F2500
M3 S280
G1 F900
G1 X-4.389 Y5.394
G1 X-4.407 Y5.339
G1 X-4.462 Y5.358
M5
G0 X-4.462 Y5.431 F2500
M3 S280
G1 F900
G1 X-4.187 Y5.723
G1 X-4.059 Y5.815
G1 X-3.840 Y5.925
G1 X-3.584 Y5.998
G1 X-3.200 Y6.016
G1 X-2.853 Y5.961
G1 X-2.523 Y5.851
G1 X-1.883 Y5.742
G1 X-1.481 Y5.760
G1 X-1.353 Y5.632
G1 X-1.353 Y5.559
G1 X-1.627 Y5.559
G1 X-1.865 Y5.595
G1 X-1.627 Y5.559
G1 X-1.317 Y5.559
G1 X-1.225 Y5.504
G1 X-1.225 Y5.431
G1 X-1.499 Y5.431
G1 X-1.993 Y5.486
G1 X-1.499 Y5.431
G1 X-1.189 Y5.449
G1 X-1.061 Y5.358
G1 X-1.097 Y5.321
G1 X-1.445 Y5.321
G1 X-1.682 Y5.339
G1 X-1.701 Y5.358
G1 X-1.902 Y5.358
G1 X-1.701 Y5.358
G1 X-1.682 Y5.339
G1 X-1.445 Y5.321
G1 X-1.061 Y5.339
G1 X-0.969 Y5.285
G1 X-0.878 Y5.266
G1 X-0.896 Y5.175
G1 X-1.061 Y5.157
G1 X-1.829 Y5.175
G1 X-2.011 Y5.211
G1 X-2.651 Y5.248
G1 X-2.853 Y5.339
G1 X-3.255 Y5.376
G1 X-3.639 Y5.339
G1 X-3.730 Y5.266
G1 X-3.950 Y5.230
G1 X-4.041 Y5.175
G1 X-4.096 Y5.193
G1 X-4.169 Y5.285
G1 X-4.242 Y5.321
G1 X-4.315 Y5.321
G1 X-4.407 Y5.413
M5
G0 X-4.535 Y5.413 F2500
M3 S280
G1 F900
G1 X-4.498 Y5.413
G1 X-4.443 Y5.339
G1 X-4.462 Y5.138
G1 X-4.535 Y5.157
G1 X-4.553 Y5.339
M5
G0 X-4.553 Y5.321 F2500
M3 S280
G1 F900
G1 X-4.590 Y5.157
G1 X-4.590 Y5.285
M5
G0 X-4.645 Y5.376 F2500
M3 S280
G1 F900
G1 X-4.590 Y5.303
G1 X-4.608 Y5.138
G1 X-4.663 Y5.157
G1 X-4.699 Y5.321
M5
G0 X-4.718 Y5.339 F2500
M3 S280
G1 F900
G1 X-4.663 Y5.285
G1 X-4.681 Y5.138
G1 X-4.736 Y5.157
G1 X-4.754 Y5.303
M5
G0 X-4.773 Y5.321 F2500
M3 S280
G1 F900
G1 X-4.736 Y5.285
G1 X-4.754 Y5.138
G1 X-4.791 Y5.175
M5
G0 X-4.791 Y5.303 F2500
M3 S280
G1 F900
G1 X-4.809 Y5.175
G1 X-4.846 Y5.211
G1 X-4.864 Y5.285
M5
G0 X-4.608 Y5.394 F2500
M3 S280
G1 F900
G1 X-4.553 Y5.376
G1 X-4.571 Y5.303
G1 X-4.608 Y5.321
M5
G0 X-4.571 Y5.413 F2500
M3 S280
G1 F900
G1 X-4.645 Y5.376
G1 X-4.699 Y5.376
G1 X-4.718 Y5.339
G1 X-4.864 Y5.303
G1 X-4.974 Y5.175
G1 X-5.010 Y5.175
G1 X-5.065 Y5.230
G1 X-5.303 Y5.266
G1 X-5.339 Y5.321
G1 X-5.467 Y5.339
G1 X-5.504 Y5.303
G1 X-5.541 Y5.358
G1 X-5.595 Y5.376
G1 X-5.888 Y5.376
G1 X-6.199 Y5.339
G1 X-6.400 Y5.248
G1 X-6.583 Y5.248
G1 X-6.729 Y5.211
G1 X-7.022 Y5.211
G1 X-7.241 Y5.175
G1 X-8.082 Y5.157
G1 X-8.119 Y5.193
G1 X-8.101 Y5.266
G1 X-8.027 Y5.285
G1 X-7.954 Y5.339
G1 X-7.570 Y5.321
G1 X-7.113 Y5.358
G1 X-7.570 Y5.321
G1 X-7.936 Y5.376
G1 X-7.936 Y5.394
G1 X-7.808 Y5.449
G1 X-7.314 Y5.449
G1 X-7.003 Y5.504
G1 X-7.314 Y5.449
G1 X-7.808 Y5.486
G1 X-7.717 Y5.559
G1 X-7.442 Y5.559
G1 X-7.077 Y5.595
G1 X-7.424 Y5.577
G1 X-7.442 Y5.559
G1 X-7.662 Y5.577
G1 X-7.662 Y5.632
G1 X-7.625 Y5.669
G1 X-7.570 Y5.687
G1 X-7.534 Y5.650
G1 X-7.570 Y5.687
G1 X-7.515 Y5.760
G1 X-6.839 Y5.778
G1 X-6.510 Y5.851
G1 X-6.235 Y5.943
G1 X-5.778 Y6.016
G1 X-5.431 Y5.998
G1 X-5.175 Y5.925
G1 X-5.029 Y5.851
G1 X-4.791 Y5.687
G1 X-4.681 Y5.577
M5
G0 X-4.206 Y5.449 F2500
M3 S280
G1 F900
G1 X-3.986 Y5.650
G1 X-3.803 Y5.742
G1 X-3.456 Y5.833
G1 X-3.035 Y5.815
G1 X-2.615 Y5.705
G1 X-3.035 Y5.815
G1 X-3.456 Y5.833
G1 X-3.767 Y5.760
G1 X-3.986 Y5.650
M5
G0 X-4.023 Y5.486 F2500
M3 S280
G1 F900
G1 X-3.785 Y5.614
G1 X-3.529 Y5.687
G1 X-3.072 Y5.687
G1 X-2.615 Y5.577
G1 X-3.072 Y5.687
G1 X-3.529 Y5.687
G1 X-3.785 Y5.614
M5
G0 X-3.877 Y5.431 F2500
M3 S280
G1 F900
G1 X-3.566 Y5.541
G1 X-3.365 Y5.559
G1 X-3.054 Y5.541
G1 X-2.706 Y5.467
G1 X-3.054 Y5.541
G1 X-3.383 Y5.559
G1 X-3.566 Y5.541
M5
G0 X-3.511 Y5.339 F2500
M3 S280
G1 F900
G1 X-3.511 Y5.285
G1 X-3.547 Y5.248
G1 X-3.639 Y5.248
G1 X-3.675 Y5.285
G1 X-3.657 Y5.321
G1 X-3.566 Y5.358
M5
G0 X-3.511 Y5.321 F2500
M3 S280
G1 F900
G1 X-3.474 Y5.358
G1 X-3.109 Y5.376
G1 X-2.981 Y5.339
G1 X-3.017 Y5.230
G1 X-3.474 Y5.248
G1 X-3.511 Y5.285
M5
G0 X-2.999 Y5.248 F2500
M3 S280
G1 F900
G1 X-2.981 Y5.339
G1 X-2.853 Y5.339
G1 X-2.761 Y5.303
G1 X-2.743 Y5.266
G1 X-2.779 Y5.230
M5
G0 X-2.706 Y6.345 F2500
M3 S280
G1 F900
G1 X-2.469 Y6.272
G1 X-2.249 Y6.254
G1 X-2.450 Y6.272
M5
G0 X-2.359 Y6.491 F2500
M3 S280
G1 F900
G1 X-2.139 Y6.455
M5
G0 X-2.615 Y6.528 F2500
M3 S280
G1 F900
G1 X-2.414 Y6.491
M5
G0 X-2.651 Y6.784 F2500
M3 S280
G1 F900
G1 X-2.578 Y6.747
G1 X-2.395 Y6.711
G1 X-2.176 Y6.711
G1 X-2.395 Y6.711
M5
G0 X-2.633 Y6.985 F2500
M3 S280
G1 F900
G1 X-2.414 Y6.930
G1 X-2.231 Y6.930
G1 X-2.414 Y6.930
M5
G0 X-2.432 Y7.168 F2500
M3 S280
G1 F900
G1 X-2.267 Y7.168
M5
G0 X-2.688 Y7.643 F2500
M3 S280
G1 F900
G1 X-2.469 Y7.589
G1 X-2.194 Y7.589
G1 X-2.469 Y7.589
M5
G0 X-2.469 Y7.808 F2500
M3 S280
G1 F900
G1 X-2.359 Y7.790
G1 X-2.231 Y7.808
G1 X-2.377 Y7.790
M5
G0 X-2.779 Y8.082 F2500
M3 S280
G1 F900
G1 X-2.615 Y8.046
M5
G0 X-2.651 Y8.247 F2500
M3 S280
G1 F900
G1 X-2.267 Y8.210
M5
G0 X-2.761 Y8.485 F2500
M3 S280
G1 F900
G1 X-2.469 Y8.430
G1 X-2.286 Y8.430
G1 X-2.469 Y8.430
M5
G0 X-1.902 Y8.795 F2500
M3 S280
G1 F900
G1 X-1.792 Y8.686
G1 X-1.810 Y8.521
G1 X-1.719 Y7.973
G1 X-1.737 Y8.174
G1 X-1.810 Y8.521
G1 X-1.774 Y8.667
G1 X-1.701 Y8.594
G1 X-1.719 Y8.521
G1 X-1.701 Y8.448
G1 X-1.682 Y8.576
G1 X-1.591 Y8.503
G1 X-1.591 Y8.411
G1 X-1.554 Y8.320
G1 X-1.536 Y8.174
G1 X-1.554 Y8.320
G1 X-1.591 Y8.411
G1 X-1.573 Y8.485
G1 X-1.518 Y8.485
G1 X-1.481 Y8.448
G1 X-1.445 Y8.338
G1 X-1.371 Y7.863
G1 X-1.280 Y7.479
G1 X-1.262 Y7.278
G1 X-1.170 Y6.894
G1 X-1.115 Y6.491
G1 X-1.024 Y6.107
G1 X-0.951 Y5.595
G1 X-0.878 Y5.303
G1 X-0.969 Y5.285
G1 X-1.061 Y5.358
G1 X-1.042 Y5.431
G1 X-1.079 Y5.614
G1 X-1.079 Y5.522
G1 X-1.042 Y5.431
G1 X-1.079 Y5.376
G1 X-1.207 Y5.467
G1 X-1.225 Y5.687
G1 X-1.207 Y5.614
G1 X-1.243 Y5.504
G1 X-1.335 Y5.577
G1 X-1.390 Y5.687
G1 X-1.371 Y5.833
G1 X-1.408 Y5.705
G1 X-1.499 Y5.778
G1 X-1.536 Y6.107
G1 X-1.682 Y6.894
G1 X-1.920 Y8.558
M5
G0 X-1.298 Y8.466 F2500
M3 S280
G1 F900
G1 X-1.262 Y8.411
G1 X-1.225 Y8.247
G1 X-1.225 Y8.137
G1 X-1.134 Y7.735
G1 X-1.079 Y7.333
G1 X-1.042 Y7.259
G1 X-1.024 Y7.040
G1 X-0.878 Y6.363
G1 X-0.878 Y6.254
G1 X-0.823 Y6.071
G1 X-0.823 Y5.979
G1 X-0.768 Y5.797
G1 X-0.768 Y5.687
G1 X-0.640 Y5.102
G1 X-0.640 Y5.029
G1 X-0.677 Y4.955
G1 X-0.713 Y4.937
G1 X-1.042 Y4.955
G1 X-1.042 Y5.029
G1 X-1.061 Y4.937
G1 X-1.573 Y4.974
G1 X-1.573 Y5.047
G1 X-1.591 Y4.955
G1 X-2.213 Y4.974
G1 X-2.395 Y5.010
G1 X-2.523 Y4.992
G1 X-3.273 Y5.010
G1 X-3.675 Y5.047
G1 X-4.005 Y4.992
G1 X-4.078 Y5.120
G1 X-4.059 Y5.175
G1 X-3.877 Y5.248
G1 X-3.803 Y5.248
G1 X-3.675 Y5.285
G1 X-3.639 Y5.248
G1 X-3.493 Y5.266
G1 X-3.273 Y5.230
G1 X-2.761 Y5.230
G1 X-2.725 Y5.266
G1 X-2.267 Y5.211
G1 X-2.011 Y5.211
G1 X-1.829 Y5.175
G1 X-1.353 Y5.157
G1 X-0.878 Y5.175
G1 X-0.805 Y5.120
G1 X-0.878 Y5.193
G1 X-0.896 Y5.413
G1 X-0.951 Y5.595
G1 X-1.024 Y6.107
G1 X-1.115 Y6.491
G1 X-1.170 Y6.894
G1 X-1.243 Y7.186
G1 X-1.335 Y7.771
G1 X-1.371 Y7.863
G1 X-1.445 Y8.357
G1 X-1.499 Y8.466
M5
G0 X-1.262 Y8.411 F2500
M3 S280
G1 F900
G1 X-1.298 Y8.466
G1 X-1.573 Y8.485
G1 X-1.975 Y8.887
G1 X-2.121 Y8.850
G1 X-2.597 Y8.869
G1 X-3.273 Y9.033
G1 X-3.547 Y9.051
G1 X-3.767 Y9.033
G1 X-3.968 Y8.978
G1 X-4.261 Y8.814
G1 X-4.517 Y8.594
G1 X-4.718 Y8.795
G1 X-5.010 Y8.960
G1 X-5.285 Y9.033
G1 X-5.797 Y9.015
G1 X-6.418 Y8.869
G1 X-6.638 Y8.850
G1 X-7.077 Y8.869
G1 X-7.113 Y8.777
G1 X-7.333 Y8.576
G1 X-7.351 Y8.521
G1 X-7.461 Y8.485
G1 X-7.680 Y8.485
G1 X-7.753 Y8.411
G1 X-7.808 Y8.027
G1 X-8.082 Y6.656
G1 X-8.137 Y6.254
G1 X-8.338 Y5.285
G1 X-8.357 Y5.010
G1 X-8.338 Y4.974
G1 X-8.265 Y4.937
G1 X-8.009 Y4.955
G1 X-7.881 Y4.937
G1 X-7.552 Y4.974
G1 X-6.802 Y4.974
G1 X-6.418 Y5.010
G1 X-5.138 Y5.029
G1 X-4.919 Y4.901
G1 X-4.827 Y4.882
G1 X-4.608 Y4.901
G1 X-4.571 Y4.846
G1 X-4.242 Y4.864
G1 X-4.114 Y4.901
G1 X-4.005 Y4.955
G1 X-3.950 Y5.010
G1 X-3.712 Y5.047
G1 X-3.273 Y5.010
G1 X-2.523 Y4.992
G1 X-2.395 Y5.010
G1 X-2.231 Y4.974
G1 X-0.713 Y4.937
G1 X-0.677 Y4.955
G1 X-0.640 Y5.029
G1 X-0.640 Y5.102
G1 X-0.658 Y5.120
G1 X-0.713 Y5.504
G1 X-0.750 Y5.595
G1 X-0.768 Y5.797
G1 X-0.823 Y5.979
G1 X-0.914 Y6.565
G1 X-0.969 Y6.747
G1 X-1.042 Y7.259
G1 X-1.079 Y7.333
M5
G0 X-1.189 Y6.199 F2500
M3 S280
G1 F900
G1 X-1.152 Y5.943
M5
G0 X-2.999 Y6.638 F2500
M3 S280
G1 F900
G1 X-2.834 Y6.601
M5
G0 X-3.035 Y6.875 F2500
M3 S280
G1 F900
G1 X-2.743 Y6.802
M5
G0 X-3.035 Y7.095 F2500
M3 S280
G1 F900
G1 X-2.816 Y7.040
M5
G0 X-3.054 Y7.314 F2500
M3 S280
G1 F900
G1 X-2.871 Y7.278
M5
G0 X-3.072 Y7.534 F2500
M3 S280
G1 F900
G1 X-2.834 Y7.479
M5
G0 X-3.291 Y7.150 F2500
M3 S280
G1 F900
G1 X-3.511 Y7.168
G1 X-3.840 Y7.095
G1 X-3.511 Y7.168
M5
G0 X-3.712 Y7.351 F2500
M3 S280
G1 F900
G1 X-3.639 Y7.369
G1 X-3.328 Y7.369
G1 X-3.273 Y7.351
G1 X-3.328 Y7.369
G1 X-3.639 Y7.369
M5
G0 X-3.730 Y7.570 F2500
M3 S280
G1 F900
G1 X-3.639 Y7.570
G1 X-3.621 Y7.589
G1 X-3.310 Y7.570
G1 X-3.383 Y7.589
M5
G0 X-3.328 Y7.790 F2500
M3 S280
G1 F900
G1 X-3.566 Y7.808
G1 X-3.803 Y7.753
G1 X-3.566 Y7.808
M5
G0 X-3.584 Y8.009 F2500
M3 S280
G1 F900
G1 X-3.529 Y8.027
G1 X-3.346 Y8.009
G1 X-3.493 Y8.027
M5
G0 X-3.712 Y8.210 F2500
M3 S280
G1 F900
G1 X-3.584 Y8.210
G1 X-3.566 Y8.229
G1 X-3.346 Y8.210
G1 X-3.438 Y8.210
G1 X-3.456 Y8.229
M5
G0 X-3.145 Y8.594 F2500
M3 S280
G1 F900
G1 X-2.999 Y8.576
M5
G0 X-3.913 Y8.576 F2500
M3 S280
G1 F900
G1 X-3.694 Y8.649
G1 X-3.401 Y8.649
G1 X-3.694 Y8.649
M5
G0 X-3.986 Y8.539 F2500
M3 S280
G1 F900
G1 X-4.023 Y8.539
G1 X-4.206 Y8.411
M5
G0 X-3.968 Y8.338 F2500
M3 S280
G1 F900
G1 X-4.041 Y8.320
G1 X-4.206 Y8.210
M5
G0 X-3.986 Y8.101 F2500
M3 S280
G1 F900
G1 X-4.023 Y8.101
G1 X-4.206 Y7.991
M5
G0 X-3.931 Y7.918 F2500
M3 S280
G1 F900
G1 X-3.968 Y7.918
G1 X-4.206 Y7.771
M5
G0 X-3.895 Y7.717 F2500
M3 S280
G1 F900
G1 X-4.041 Y7.662
G1 X-4.206 Y7.552
M5
G0 X-4.023 Y7.442 F2500
M3 S280
G1 F900
G1 X-4.059 Y7.442
G1 X-4.206 Y7.351
M5
G0 X-3.913 Y7.278 F2500
M3 S280
G1 F900
G1 X-3.950 Y7.278
G1 X-4.206 Y7.131
G1 X-4.169 Y7.131
G1 X-4.078 Y7.205
M5
G0 X-3.895 Y7.058 F2500
M3 S280
G1 F900
G1 X-3.931 Y7.058
G1 X-4.187 Y6.912
G1 X-4.151 Y6.912
G1 X-4.059 Y6.985
M5
G0 X-3.950 Y6.802 F2500
M3 S280
G1 F900
G1 X-3.986 Y6.802
G1 X-4.206 Y6.674
G1 X-4.169 Y6.674
G1 X-4.078 Y6.747
M5
G0 X-4.005 Y6.546 F2500
M3 S280
G1 F900
G1 X-4.041 Y6.546
G1 X-4.224 Y6.418
M5
G0 X-3.913 Y6.345 F2500
M3 S280
G1 F900
G1 X-3.986 Y6.327
G1 X-4.206 Y6.199
G1 X-4.169 Y6.199
G1 X-4.041 Y6.290
M5
G0 X-3.822 Y6.382 F2500
M3 S280
G1 F900
G1 X-3.566 Y6.455
G1 X-3.237 Y6.437
G1 X-3.566 Y6.455
M5
G0 X-3.767 Y6.638 F2500
M3 S280
G1 F900
G1 X-3.584 Y6.693
G1 X-3.237 Y6.674
G1 X-3.584 Y6.693
M5
G0 X-3.694 Y6.912 F2500
M3 S280
G1 F900
G1 X-3.602 Y6.912
G1 X-3.584 Y6.930
G1 X-3.255 Y6.912
G1 X-3.383 Y6.912
G1 X-3.401 Y6.930
M5
G0 X-3.913 Y8.375 F2500
M3 S280
G1 F900
G1 X-3.730 Y8.430
G1 X-3.383 Y8.430
G1 X-3.730 Y8.430
M5
G0 X-4.334 Y8.759 F2500
M3 S280
G1 F900
G1 X-4.151 Y8.887
G1 X-3.968 Y8.978
G1 X-3.767 Y9.033
G1 X-3.547 Y9.051
G1 X-3.163 Y9.015
G1 X-2.597 Y8.869
G1 X-2.103 Y8.850
G1 X-1.957 Y8.887
G1 X-1.920 Y8.850
G1 X-1.902 Y8.411
G1 X-1.682 Y6.894
G1 X-1.536 Y6.107
G1 X-1.499 Y5.833
G1 X-1.518 Y5.742
G1 X-2.048 Y5.760
G1 X-2.377 Y5.815
G1 X-2.706 Y5.925
G1 X-3.035 Y5.998
G1 X-3.456 Y6.016
G1 X-3.694 Y5.979
G1 X-4.005 Y5.851
G1 X-4.261 Y5.669
G1 X-4.480 Y5.431
G1 X-4.517 Y8.576
M5
G0 X-5.303 Y8.174 F2500
M3 S280
G1 F900
G1 X-5.138 Y8.137
G1 X-5.230 Y8.174
M5
G0 X-5.193 Y7.717 F2500
M3 S280
G1 F900
G1 X-5.029 Y7.662
G1 X-5.138 Y7.717
M5
G0 X-5.120 Y7.479 F2500
M3 S280
G1 F900
G1 X-4.882 Y7.351
M5
G0 X-5.029 Y7.205 F2500
M3 S280
G1 F900
G1 X-4.846 Y7.095
G1 X-4.992 Y7.205
M5
G0 X-5.047 Y6.985 F2500
M3 S280
G1 F900
G1 X-4.846 Y6.857
G1 X-5.010 Y6.985
M5
G0 X-5.102 Y6.784 F2500
M3 S280
G1 F900
G1 X-4.864 Y6.656
G1 X-4.992 Y6.747
M5
G0 X-5.138 Y6.583 F2500
M3 S280
G1 F900
G1 X-4.864 Y6.437
G1 X-5.029 Y6.546
M5
G0 X-5.413 Y6.894 F2500
M3 S280
G1 F900
G1 X-5.595 Y6.912
G1 X-5.797 Y6.875
G1 X-5.595 Y6.912
M5
G0 X-5.760 Y7.113 F2500
M3 S280
G1 F900
G1 X-5.522 Y7.131
G1 X-5.303 Y7.095
G1 X-5.522 Y7.131
M5
G0 X-5.522 Y7.351 F2500
M3 S280
G1 F900
G1 X-5.760 Y7.333
M5
G0 X-5.723 Y7.552 F2500
M3 S280
G1 F900
G1 X-5.358 Y7.552
M5
G0 X-5.705 Y7.771 F2500
M3 S280
G1 F900
G1 X-5.339 Y7.771
G1 X-5.266 Y7.753
G1 X-5.339 Y7.771
M5
G0 X-5.705 Y7.973 F2500
M3 S280
G1 F900
G1 X-5.376 Y7.991
M5
G0 X-5.705 Y8.192 F2500
M3 S280
G1 F900
G1 X-5.595 Y8.192
G1 X-5.577 Y8.210
G1 X-5.376 Y8.192
G1 X-5.577 Y8.210
G1 X-5.595 Y8.192
M5
G0 X-5.669 Y8.411 F2500
M3 S280
G1 F900
G1 X-5.467 Y8.411
M5
G0 X-5.687 Y8.613 F2500
M3 S280
G1 F900
G1 X-5.358 Y8.631
M5
G0 X-6.089 Y8.521 F2500
M3 S280
G1 F900
G1 X-6.272 Y8.466
M5
G0 X-6.290 Y8.265 F2500
M3 S280
G1 F900
G1 X-6.473 Y8.229
M5
G0 X-6.766 Y8.229 F2500
M3 S280
G1 F900
G1 X-6.729 Y8.210
G1 X-6.565 Y8.229
G1 X-6.601 Y8.210
M5
G0 X-6.363 Y7.826 F2500
M3 S280
G1 F900
G1 X-6.565 Y7.790
M5
G0 X-6.309 Y7.625 F2500
M3 S280
G1 F900
G1 X-6.601 Y7.570
G1 X-6.839 Y7.570
G1 X-6.601 Y7.570
M5
G0 X-6.455 Y7.387 F2500
M3 S280
G1 F900
G1 X-6.638 Y7.351
G1 X-6.875 Y7.351
G1 X-6.638 Y7.351
M5
G0 X-6.235 Y7.442 F2500
M3 S280
G1 F900
G1 X-6.418 Y7.406
M5
G0 X-6.144 Y7.259 F2500
M3 S280
G1 F900
G1 X-6.235 Y7.223
G1 X-6.473 Y7.186
G1 X-6.235 Y7.223
M5
G0 X-6.235 Y7.022 F2500
M3 S280
G1 F900
G1 X-6.491 Y6.949
M5
G0 X-6.034 Y6.839 F2500
M3 S280
G1 F900
G1 X-6.327 Y6.784
M5
G0 X-6.053 Y6.619 F2500
M3 S280
G1 F900
G1 X-6.181 Y6.601
M5
G0 X-5.815 Y6.638 F2500
M3 S280
G1 F900
G1 X-5.687 Y6.674
G1 X-5.467 Y6.674
G1 X-5.687 Y6.674
M5
G0 X-5.815 Y6.437 F2500
M3 S280
G1 F900
G1 X-5.431 Y6.437
G1 X-5.339 Y6.418
G1 X-5.431 Y6.437
M5
G0 X-7.442 Y8.338 F2500
M3 S280
G1 F900
G1 X-7.570 Y7.662
M5
G0 X-7.698 Y8.466 F2500
M3 S280
G1 F900
G1 X-7.534 Y8.485
G1 X-7.497 Y8.430
G1 X-7.570 Y8.357
G1 X-7.607 Y8.265
G1 X-7.771 Y7.186
G1 X-7.826 Y7.003
G1 X-7.863 Y6.674
G1 X-7.918 Y6.510
G1 X-7.918 Y6.400
G1 X-8.119 Y5.413
G1 X-8.137 Y5.175
G1 X-8.229 Y5.157
G1 X-8.229 Y5.120
G1 X-8.192 Y5.175
G1 X-7.662 Y5.157
G1 X-7.223 Y5.175
G1 X-7.022 Y5.211
G1 X-6.729 Y5.211
G1 X-6.382 Y5.266
G1 X-6.254 Y5.211
G1 X-5.669 Y5.230
G1 X-5.486 Y5.266
G1 X-5.449 Y5.230
G1 X-5.358 Y5.230
G1 X-5.266 Y5.266
G1 X-5.083 Y5.230
G1 X-4.882 Y5.120
G1 X-4.974 Y4.955
G1 X-5.010 Y4.955
G1 X-5.138 Y5.029
G1 X-6.418 Y5.010
G1 X-6.802 Y4.974
G1 X-7.077 Y4.992
G1 X-7.077 Y5.083
G1 X-7.095 Y4.974
G1 X-7.333 Y4.992
G1 X-7.333 Y5.047
G1 X-7.351 Y4.974
G1 X-7.570 Y4.992
G1 X-7.570 Y5.047
G1 X-7.589 Y4.955
G1 X-7.881 Y4.937
G1 X-8.137 Y4.955
G1 X-8.119 Y5.010
G1 X-8.155 Y4.937
G1 X-8.265 Y4.937
G1 X-8.357 Y5.010
G1 X-8.338 Y5.285
G1 X-8.283 Y5.467
G1 X-8.283 Y5.577
G1 X-8.137 Y6.254
G1 X-8.082 Y6.656
G1 X-7.808 Y8.027
G1 X-7.753 Y8.411
M5
G0 X-7.095 Y8.741 F2500
M3 S280
G1 F900
G1 X-7.150 Y8.430
G1 X-7.205 Y7.881
G1 X-7.259 Y7.607
G1 X-7.278 Y7.333
G1 X-7.515 Y5.925
G1 X-7.515 Y5.778
G1 X-7.552 Y5.705
G1 X-7.607 Y5.669
G1 X-7.643 Y5.705
G1 X-7.643 Y5.815
G1 X-7.662 Y5.705
G1 X-7.643 Y5.650
G1 X-7.680 Y5.559
G1 X-7.790 Y5.504
G1 X-7.808 Y5.614
G1 X-7.790 Y5.632
G1 X-7.790 Y5.723
G1 X-7.808 Y5.467
G1 X-7.936 Y5.394
G1 X-7.954 Y5.486
G1 X-7.918 Y5.595
G1 X-7.845 Y6.053
G1 X-7.954 Y5.486
G1 X-7.954 Y5.339
G1 X-8.027 Y5.285
G1 X-8.119 Y5.285
G1 X-8.119 Y5.394
G1 X-7.918 Y6.400
G1 X-7.918 Y6.510
G1 X-7.863 Y6.674
G1 X-7.826 Y7.003
G1 X-7.771 Y7.186
G1 X-7.717 Y7.625
G1 X-7.589 Y8.320
G1 X-7.461 Y8.485
G1 X-7.424 Y8.448
G1 X-7.424 Y8.375
G1 X-7.424 Y8.503
G1 X-7.387 Y8.521
G1 X-7.333 Y8.503
G1 X-7.369 Y8.210
G1 X-7.333 Y8.393
G1 X-7.333 Y8.558
G1 X-7.223 Y8.613
G1 X-7.223 Y8.485
G1 X-7.278 Y8.174
G1 X-7.223 Y8.485
G1 X-7.223 Y8.686
G1 X-7.168 Y8.741
M5
G0 X-7.077 Y8.850 F2500
M3 S280
G1 F900
G1 X-6.418 Y8.869
G1 X-5.797 Y9.015
G1 X-5.285 Y9.033
G1 X-5.010 Y8.960
G1 X-4.864 Y8.887
G1 X-4.681 Y8.759
G1 X-4.535 Y8.613
G1 X-4.498 Y8.466
G1 X-4.517 Y5.413
G1 X-4.590 Y5.431
G1 X-4.626 Y5.522
G1 X-4.846 Y5.742
G1 X-5.010 Y5.851
G1 X-5.321 Y5.979
G1 X-5.577 Y6.016
G1 X-5.778 Y6.016
G1 X-6.071 Y5.979
G1 X-6.839 Y5.778
G1 X-7.022 Y5.760
G1 X-7.515 Y5.778
G1 X-7.497 Y6.053
G1 X-7.278 Y7.333
G1 X-7.259 Y7.607
G1 X-7.095 Y8.686
G1 X-7.113 Y8.795
M5
G0 X-8.521 Y9.179 F2500
M3 S280
G1 F900
G1 X-9.198 Y8.430
G1 X-10.258 Y7.515
G1 X-10.258 Y7.461
G1 X-10.002 Y7.150
G1 X-9.765 Y6.766
G1 X-9.344 Y5.906
G1 X-9.179 Y5.486
G1 X-8.960 Y4.809
G1 X-8.832 Y4.279
G1 X-8.777 Y3.913
G1 X-8.832 Y4.279
G1 X-8.978 Y4.882
G1 X-9.289 Y5.778
G1 X-9.746 Y6.747
G1 X-10.021 Y7.186
G1 X-10.222 Y7.424
G1 X-10.258 Y7.497
G1 X-10.112 Y7.643
G1 X-9.381 Y8.247
G1 X-8.942 Y8.686
M5
G0 X-9.253 Y8.558 F2500
M3 S280
G1 F900
G1 X-9.819 Y8.027
G1 X-10.441 Y7.515
G1 X-10.441 Y7.479
G1 X-10.130 Y7.095
G1 X-9.801 Y6.565
G1 X-9.490 Y5.925
G1 X-9.253 Y5.339
G1 X-9.234 Y5.248
G1 X-9.399 Y5.723
G1 X-9.783 Y6.546
G1 X-10.130 Y7.113
G1 X-10.441 Y7.497
G1 X-9.582 Y8.229
M5
G0 X-10.459 Y9.326 F2500
M3 S280
G1 F900
G1 X-10.843 Y9.655
G1 X-11.008 Y9.454
G1 X-12.288 Y9.454
G1 X-12.434 Y9.435
G1 X-12.544 Y9.307
G1 X-12.471 Y9.307
G1 X-12.306 Y9.198
G1 X-12.233 Y9.125
G1 X-12.069 Y9.326
G1 X-11.227 Y9.307
G1 X-10.459 Y9.326
G1 X-10.843 Y9.655
M5
G0 X-10.587 Y9.381 F2500
M3 S280
G1 F900
G1 X-10.825 Y9.582
G1 X-11.008 Y9.399
G1 X-12.288 Y9.399
G1 X-12.434 Y9.326
G1 X-12.379 Y9.307
G1 X-12.251 Y9.198
G1 X-12.069 Y9.381
G1 X-11.227 Y9.362
G1 X-11.209 Y9.381
G1 X-10.587 Y9.381
G1 X-10.825 Y9.582
M5
G0 X-10.533 Y9.362 F2500
M3 S280
G1 F900
G1 X-10.825 Y9.600
G1 X-11.008 Y9.417
G1 X-12.288 Y9.417
G1 X-12.434 Y9.399
G1 X-12.489 Y9.344
G1 X-12.379 Y9.289
G1 X-12.251 Y9.179
G1 X-12.069 Y9.362
G1 X-11.227 Y9.344
G1 X-11.209 Y9.362
G1 X-10.533 Y9.362
G1 X-10.825 Y9.600
M5
G0 X-10.496 Y9.344 F2500
M3 S280
G1 F900
G1 X-10.825 Y9.618
G1 X-11.008 Y9.435
G1 X-12.288 Y9.435
G1 X-12.434 Y9.417
G1 X-12.526 Y9.326
G1 X-12.471 Y9.326
G1 X-12.251 Y9.161
G1 X-12.069 Y9.344
G1 X-11.227 Y9.326
G1 X-11.209 Y9.344
G1 X-10.496 Y9.344
G1 X-10.825 Y9.618
M5
G0 X-10.203 Y10.203 F2500
M3 S280
G1 F900
G1 X-10.075 Y10.039
G1 X-10.002 Y9.911
G1 X-9.984 Y9.838
G1 X-9.893 Y9.911
G1 X-10.203 Y10.203
G1 X-10.075 Y10.039
M5
G0 X-10.094 Y10.075 F2500
M3 S280
G1 F900
G1 X-10.057 Y10.039
G1 X-9.966 Y9.856
G1 X-9.929 Y9.911
G1 X-10.094 Y10.075
G1 X-10.057 Y10.039
M5
G0 X-10.350 Y10.386 F2500
M3 S280
G1 F900
G1 X-10.094 Y10.039
G1 X-10.002 Y9.874
G1 X-9.984 Y9.801
G1 X-9.874 Y9.911
G1 X-10.277 Y10.295
G1 X-10.277 Y10.313
G1 X-10.350 Y10.386
G1 X-10.094 Y10.039
M5
G0 X-10.898 Y11.136 F2500
M3 S280
G1 F900
G1 X-10.697 Y10.935
G1 X-10.551 Y11.081
G1 X-9.874 Y10.734
G1 X-9.838 Y10.734
G1 X-9.545 Y10.587
G1 X-9.637 Y10.843
G1 X-9.746 Y10.752
G1 X-9.874 Y10.825
G1 X-10.313 Y11.008
G1 X-10.734 Y11.227
G1 X-10.807 Y11.227
G1 X-10.898 Y11.136
G1 X-10.697 Y10.935
M5
G0 X-10.917 Y11.136 F2500
M3 S280
G1 F900
G1 X-10.697 Y10.917
G1 X-10.551 Y11.063
G1 X-9.527 Y10.551
G1 X-9.545 Y10.661
G1 X-9.618 Y10.880
G1 X-9.746 Y10.770
G1 X-9.874 Y10.843
G1 X-10.313 Y11.026
G1 X-10.734 Y11.246
G1 X-10.807 Y11.246
G1 X-10.917 Y11.136
G1 X-10.697 Y10.917
M5
G0 X-10.935 Y11.136 F2500
M3 S280
G1 F900
G1 X-10.697 Y10.898
G1 X-10.551 Y11.045
G1 X-9.490 Y10.514
G1 X-9.527 Y10.606
G1 X-9.527 Y10.661
G1 X-9.618 Y10.898
G1 X-9.746 Y10.789
G1 X-9.874 Y10.862
G1 X-10.313 Y11.045
G1 X-10.734 Y11.264
G1 X-10.807 Y11.264
G1 X-10.935 Y11.136
G1 X-10.697 Y10.898
M5
G0 X-10.953 Y11.136 F2500
M3 S280
G1 F900
G1 X-10.697 Y10.880
G1 X-10.551 Y11.026
G1 X-9.454 Y10.478
G1 X-9.509 Y10.606
G1 X-9.509 Y10.661
G1 X-9.600 Y10.935
G1 X-9.746 Y10.807
G1 X-9.874 Y10.880
G1 X-10.313 Y11.063
G1 X-10.734 Y11.282
G1 X-10.807 Y11.282
G1 X-10.953 Y11.136
G1 X-10.697 Y10.880
M5
G0 X-10.990 Y11.118 F2500
M3 S280
G1 F900
G1 X-10.953 Y11.118
G1 X-10.697 Y10.862
G1 X-10.551 Y11.008
G1 X-9.874 Y10.661
G1 X-9.838 Y10.661
G1 X-9.435 Y10.459
G1 X-9.490 Y10.606
G1 X-9.490 Y10.661
G1 X-9.600 Y10.953
G1 X-9.746 Y10.825
G1 X-9.874 Y10.898
G1 X-10.313 Y11.081
G1 X-10.734 Y11.301
G1 X-10.807 Y11.301
G1 X-10.990 Y11.118
G1 X-10.953 Y11.118
M5
G0 X-10.807 Y11.319 F2500
M3 S280
G1 F900
G1 X-11.045 Y11.099
G1 X-11.008 Y11.118
G1 X-10.953 Y11.099
G1 X-10.624 Y10.752
G1 X-10.112 Y10.039
G1 X-10.002 Y9.819
G1 X-10.021 Y9.746
G1 X-9.819 Y9.947
G1 X-9.874 Y9.929
G1 X-9.911 Y9.947
G1 X-10.258 Y10.295
G1 X-10.697 Y10.843
G1 X-10.551 Y10.990
G1 X-9.417 Y10.423
G1 X-9.417 Y10.478
G1 X-9.472 Y10.606
G1 X-9.472 Y10.661
G1 X-9.582 Y10.990
G1 X-9.746 Y10.843
G1 X-9.874 Y10.917
G1 X-10.313 Y11.099
G1 X-10.734 Y11.319
G1 X-10.807 Y11.319
G1 X-11.045 Y11.099
M5
G0 X-11.575 Y10.697 F2500
M3 S280
G1 F900
G1 X-11.685 Y10.587
G1 X-11.977 Y10.203
G1 X-11.977 Y10.167
G1 X-11.886 Y10.094
G1 X-11.794 Y10.167
G1 X-11.739 Y10.185
G1 X-11.685 Y10.185
G1 X-11.575 Y10.130
G1 X-10.990 Y9.637
G1 X-12.288 Y9.618
G1 X-12.453 Y9.600
G1 X-12.800 Y9.216
G1 X-12.818 Y9.143
G1 X-12.727 Y9.070
G1 X-12.617 Y9.143
G1 X-12.471 Y9.143
G1 X-12.306 Y9.033
G1 X-11.922 Y8.704
G1 X-11.630 Y8.485
G1 X-11.447 Y8.283
G1 X-11.429 Y8.247
G1 X-11.429 Y8.119
G1 X-11.465 Y8.064
G1 X-11.447 Y8.009
G1 X-11.374 Y7.973
G1 X-11.191 Y8.174
G1 X-11.026 Y8.393
G1 X-10.953 Y8.521
G1 X-10.953 Y8.558
G1 X-11.045 Y8.594
G1 X-11.081 Y8.594
G1 X-11.136 Y8.558
G1 X-11.301 Y8.558
G1 X-11.374 Y8.594
G1 X-11.776 Y8.887
G1 X-12.087 Y9.143
G1 X-11.941 Y9.161
G1 X-11.227 Y9.143
G1 X-10.405 Y9.161
G1 X-10.350 Y9.198
G1 X-10.295 Y9.289
G1 X-10.295 Y9.326
G1 X-10.441 Y9.490
G1 X-11.081 Y10.002
G1 X-11.465 Y10.368
G1 X-11.502 Y10.459
G1 X-11.483 Y10.587
G1 X-11.520 Y10.661
G1 X-11.575 Y10.697
G1 X-11.685 Y10.587
M5
G0 X-11.593 Y10.551 F2500
M3 S280
G1 F900
G1 X-11.831 Y10.240
G1 X-11.794 Y10.277
G1 X-11.739 Y10.295
G1 X-11.685 Y10.295
G1 X-11.575 Y10.240
G1 X-11.045 Y9.801
G1 X-10.880 Y9.637
G1 X-11.008 Y9.509
G1 X-12.288 Y9.509
G1 X-12.453 Y9.490
G1 X-12.690 Y9.216
G1 X-12.617 Y9.253
G1 X-12.471 Y9.253
G1 X-12.306 Y9.143
G1 X-11.922 Y8.814
G1 X-11.630 Y8.594
G1 X-11.337 Y8.283
G1 X-11.319 Y8.247
G1 X-11.319 Y8.155
G1 X-11.081 Y8.485
G1 X-11.136 Y8.448
G1 X-11.301 Y8.448
G1 X-11.374 Y8.485
G1 X-11.776 Y8.777
G1 X-11.941 Y8.923
G1 X-12.014 Y8.960
G1 X-12.197 Y9.143
G1 X-12.069 Y9.271
G1 X-11.227 Y9.253
G1 X-10.405 Y9.289
G1 X-10.405 Y9.326
G1 X-10.441 Y9.381
G1 X-11.209 Y10.002
G1 X-11.575 Y10.368
G1 X-11.611 Y10.459
G1 X-11.593 Y10.551
G1 X-11.831 Y10.240
M5
G0 X-11.648 Y10.386 F2500
M3 S280
G1 F900
G1 X-11.666 Y10.350
G1 X-11.593 Y10.313
G1 X-11.648 Y10.386
G1 X-11.666 Y10.350
M5
G0 X-11.648 Y10.423 F2500
M3 S280
G1 F900
G1 X-11.703 Y10.350
G1 X-11.575 Y10.295
G1 X-11.447 Y10.185
G1 X-11.630 Y10.368
G1 X-11.648 Y10.423
G1 X-11.703 Y10.350
M5
G0 X-11.630 Y10.478 F2500
M3 S280
G1 F900
G1 X-11.776 Y10.295
G1 X-11.685 Y10.313
G1 X-11.520 Y10.222
G1 X-11.045 Y9.819
G1 X-10.862 Y9.637
G1 X-11.008 Y9.490
G1 X-12.288 Y9.490
G1 X-12.471 Y9.454
G1 X-12.635 Y9.253
G1 X-12.471 Y9.271
G1 X-12.306 Y9.161
G1 X-11.922 Y8.832
G1 X-11.630 Y8.613
G1 X-11.374 Y8.357
G1 X-11.319 Y8.283
G1 X-11.301 Y8.210
G1 X-11.118 Y8.448
G1 X-11.301 Y8.430
G1 X-11.374 Y8.466
G1 X-11.776 Y8.759
G1 X-11.941 Y8.905
G1 X-12.014 Y8.942
G1 X-12.215 Y9.143
G1 X-12.069 Y9.289
G1 X-11.227 Y9.271
G1 X-10.423 Y9.289
G1 X-10.423 Y9.326
G1 X-10.441 Y9.362
G1 X-11.209 Y9.984
G1 X-11.593 Y10.368
G1 X-11.630 Y10.478
G1 X-11.776 Y10.295
M5
G0 X-11.575 Y10.587 F2500
M3 S280
G1 F900
G1 X-11.849 Y10.258
G1 X-11.886 Y10.185
G1 X-11.794 Y10.258
G1 X-11.739 Y10.277
G1 X-11.685 Y10.277
G1 X-11.575 Y10.222
G1 X-11.045 Y9.783
G1 X-10.898 Y9.637
G1 X-11.008 Y9.527
G1 X-12.288 Y9.527
G1 X-12.453 Y9.509
G1 X-12.709 Y9.216
G1 X-12.727 Y9.161
G1 X-12.617 Y9.234
G1 X-12.471 Y9.234
G1 X-12.306 Y9.125
G1 X-11.922 Y8.795
G1 X-11.630 Y8.576
G1 X-11.410 Y8.357
G1 X-11.337 Y8.247
G1 X-11.355 Y8.101
G1 X-11.118 Y8.393
G1 X-11.063 Y8.503
G1 X-11.136 Y8.466
G1 X-11.301 Y8.466
G1 X-11.374 Y8.503
G1 X-11.776 Y8.795
G1 X-11.941 Y8.942
G1 X-12.014 Y8.978
G1 X-12.178 Y9.143
G1 X-12.069 Y9.253
G1 X-11.227 Y9.234
G1 X-10.405 Y9.253
G1 X-10.386 Y9.326
G1 X-10.441 Y9.399
G1 X-11.209 Y10.021
G1 X-11.557 Y10.368
G1 X-11.593 Y10.459
G1 X-11.575 Y10.587
G1 X-11.849 Y10.258
M5
G0 X-11.575 Y10.624 F2500
M3 S280
G1 F900
G1 X-11.867 Y10.258
G1 X-11.886 Y10.167
G1 X-11.794 Y10.240
G1 X-11.739 Y10.258
G1 X-11.685 Y10.258
G1 X-11.575 Y10.203
G1 X-11.045 Y9.765
G1 X-10.917 Y9.637
G1 X-11.008 Y9.545
G1 X-12.288 Y9.545
G1 X-12.453 Y9.527
G1 X-12.727 Y9.216
G1 X-12.727 Y9.143
G1 X-12.617 Y9.216
G1 X-12.471 Y9.216
G1 X-12.306 Y9.106
G1 X-11.922 Y8.777
G1 X-11.630 Y8.558
G1 X-11.374 Y8.283
G1 X-11.355 Y8.247
G1 X-11.355 Y8.119
G1 X-11.392 Y8.046
G1 X-11.355 Y8.064
G1 X-11.099 Y8.393
G1 X-11.026 Y8.539
G1 X-11.136 Y8.485
G1 X-11.301 Y8.485
G1 X-11.374 Y8.521
G1 X-11.776 Y8.814
G1 X-11.941 Y8.960
G1 X-12.014 Y8.997
G1 X-12.160 Y9.143
G1 X-12.069 Y9.234
G1 X-11.227 Y9.216
G1 X-10.386 Y9.253
G1 X-10.368 Y9.326
G1 X-10.441 Y9.417
G1 X-11.209 Y10.039
G1 X-11.538 Y10.368
G1 X-11.575 Y10.459
G1 X-11.575 Y10.514
G1 X-11.557 Y10.533
G1 X-11.575 Y10.624
G1 X-11.867 Y10.258
M5
G0 X-11.575 Y10.642 F2500
M3 S280
G1 F900
G1 X-11.922 Y10.203
G1 X-11.922 Y10.167
G1 X-11.886 Y10.149
G1 X-11.794 Y10.222
G1 X-11.739 Y10.240
G1 X-11.685 Y10.240
G1 X-11.575 Y10.185
G1 X-11.429 Y10.075
G1 X-10.935 Y9.637
G1 X-11.008 Y9.563
G1 X-12.288 Y9.563
G1 X-12.453 Y9.545
G1 X-12.745 Y9.216
G1 X-12.763 Y9.143
G1 X-12.727 Y9.125
G1 X-12.617 Y9.198
G1 X-12.471 Y9.198
G1 X-12.123 Y8.942
G1 X-11.922 Y8.759
G1 X-11.630 Y8.539
G1 X-11.447 Y8.357
G1 X-11.374 Y8.247
G1 X-11.374 Y8.027
G1 X-11.081 Y8.393
G1 X-11.008 Y8.521
G1 X-11.008 Y8.558
G1 X-11.081 Y8.539
G1 X-11.136 Y8.503
G1 X-11.301 Y8.503
G1 X-11.374 Y8.539
G1 X-11.776 Y8.832
G1 X-11.941 Y8.978
G1 X-12.014 Y9.015
G1 X-12.142 Y9.143
G1 X-12.069 Y9.216
G1 X-11.227 Y9.198
G1 X-10.405 Y9.216
G1 X-10.368 Y9.253
G1 X-10.350 Y9.326
G1 X-10.441 Y9.435
G1 X-10.459 Y9.435
G1 X-10.551 Y9.527
G1 X-10.752 Y9.673
G1 X-11.209 Y10.057
G1 X-11.520 Y10.368
G1 X-11.557 Y10.459
G1 X-11.538 Y10.587
G1 X-11.575 Y10.642
G1 X-11.922 Y10.203
M5
G0 X-11.575 Y10.661 F2500
M3 S280
G1 F900
G1 X-11.941 Y10.203
G1 X-11.922 Y10.149
G1 X-11.886 Y10.130
G1 X-11.794 Y10.203
G1 X-11.739 Y10.222
G1 X-11.685 Y10.222
G1 X-11.575 Y10.167
G1 X-11.429 Y10.057
G1 X-10.953 Y9.637
G1 X-11.008 Y9.582
G1 X-12.288 Y9.582
G1 X-12.453 Y9.563
G1 X-12.562 Y9.454
G1 X-12.782 Y9.179
G1 X-12.763 Y9.125
G1 X-12.727 Y9.106
G1 X-12.617 Y9.179
G1 X-12.471 Y9.179
G1 X-12.306 Y9.070
G1 X-11.922 Y8.741
G1 X-11.630 Y8.521
G1 X-11.410 Y8.283
G1 X-11.392 Y8.247
G1 X-11.392 Y8.119
G1 X-11.429 Y8.046
G1 X-11.374 Y8.009
G1 X-11.227 Y8.174
G1 X-11.063 Y8.393
G1 X-10.990 Y8.521
G1 X-11.045 Y8.558
G1 X-11.081 Y8.558
G1 X-11.136 Y8.521
G1 X-11.301 Y8.521
G1 X-11.374 Y8.558
G1 X-11.776 Y8.850
G1 X-11.941 Y8.997
G1 X-12.014 Y9.033
G1 X-12.123 Y9.143
G1 X-12.069 Y9.198
G1 X-11.227 Y9.179
G1 X-10.405 Y9.198
G1 X-10.350 Y9.253
G1 X-10.331 Y9.326
G1 X-10.441 Y9.454
G1 X-11.209 Y10.075
G1 X-11.502 Y10.368
G1 X-11.538 Y10.459
G1 X-11.520 Y10.587
G1 X-11.575 Y10.661
G1 X-11.941 Y10.203
M5
G0 X-11.575 Y10.679 F2500
M3 S280
G1 F900
G1 X-11.666 Y10.587
G1 X-11.959 Y10.203
G1 X-11.959 Y10.167
G1 X-11.886 Y10.112
G1 X-11.794 Y10.185
G1 X-11.739 Y10.203
G1 X-11.685 Y10.203
G1 X-11.575 Y10.149
G1 X-11.429 Y10.039
G1 X-10.971 Y9.637
G1 X-11.008 Y9.600
G1 X-12.288 Y9.600
G1 X-12.453 Y9.582
G1 X-12.782 Y9.216
G1 X-12.800 Y9.143
G1 X-12.727 Y9.088
G1 X-12.617 Y9.161
G1 X-12.471 Y9.161
G1 X-12.123 Y8.905
G1 X-11.922 Y8.722
G1 X-11.630 Y8.503
G1 X-11.483 Y8.357
G1 X-11.410 Y8.247
G1 X-11.410 Y8.119
G1 X-11.447 Y8.064
G1 X-11.447 Y8.027
G1 X-11.374 Y7.991
G1 X-11.209 Y8.174
G1 X-11.045 Y8.393
G1 X-10.971 Y8.521
G1 X-10.971 Y8.558
G1 X-11.081 Y8.576
G1 X-11.136 Y8.539
G1 X-11.301 Y8.539
G1 X-11.374 Y8.576
G1 X-11.776 Y8.869
G1 X-11.941 Y9.015
G1 X-12.014 Y9.051
G1 X-12.105 Y9.143
G1 X-12.069 Y9.179
G1 X-11.227 Y9.161
G1 X-10.405 Y9.179
G1 X-10.368 Y9.198
G1 X-10.331 Y9.253
G1 X-10.313 Y9.326
G1 X-10.441 Y9.472
G1 X-11.209 Y10.094
G1 X-11.483 Y10.368
G1 X-11.520 Y10.459
G1 X-11.502 Y10.587
G1 X-11.538 Y10.661
G1 X-11.575 Y10.679
G1 X-11.666 Y10.587
M5
G0 X-12.581 Y9.289 F2500
M3 S280
G1 F900
G1 X-12.471 Y9.289
G1 X-12.379 Y9.234
G1 X-12.123 Y9.033
G1 X-12.032 Y8.942
G1 X-12.233 Y9.143
G1 X-12.069 Y9.307
G1 X-11.227 Y9.289
G1 X-10.441 Y9.307
G1 X-10.551 Y9.435
G1 X-10.752 Y9.582
G1 X-11.209 Y9.966
G1 X-11.611 Y10.368
G1 X-11.630 Y10.441
G1 X-11.666 Y10.423
G1 X-11.721 Y10.331
G1 X-11.520 Y10.240
G1 X-11.045 Y9.838
G1 X-10.843 Y9.637
G1 X-11.008 Y9.472
G1 X-12.288 Y9.472
G1 X-12.306 Y9.454
G1 X-12.453 Y9.454
G1 X-12.581 Y9.289
G1 X-12.471 Y9.289
M5
G0 X-11.995 Y8.923 F2500
M3 S280
G1 F900
G1 X-11.922 Y8.850
G1 X-11.630 Y8.631
G1 X-11.355 Y8.357
G1 X-11.282 Y8.247
G1 X-11.173 Y8.411
G1 X-11.301 Y8.411
G1 X-11.374 Y8.448
G1 X-11.776 Y8.741
G1 X-11.995 Y8.923
G1 X-11.922 Y8.850
M5
G0 X-11.538 Y8.558 F2500
M3 S280
G1 F900
G1 X-11.282 Y8.283
G1 X-11.191 Y8.393
G1 X-11.301 Y8.393
G1 X-11.483 Y8.503
G1 X-11.538 Y8.558
G1 X-11.282 Y8.283
M5
G0 X-11.319 Y8.375 F2500
M3 S280
G1 F900
G1 X-11.282 Y8.320
G1 X-11.264 Y8.357
G1 X-11.319 Y8.375
G1 X-11.282 Y8.320
M5
G0 X-11.410 Y8.448 F2500
M3 S280
G1 F900
G1 X-11.282 Y8.302
G1 X-11.227 Y8.375
G1 X-11.301 Y8.375
G1 X-11.410 Y8.448
G1 X-11.282 Y8.302
M5
G0 X-12.544 Y7.826 F2500
M3 S280
G1 F900
G1 X-12.507 Y7.771
G1 X-12.507 Y7.662
G1 X-12.288 Y7.662
G1 X-12.270 Y7.643
G1 X-11.813 Y7.662
G1 X-12.160 Y7.662
G1 X-12.416 Y7.698
G1 X-12.544 Y7.826
G1 X-12.507 Y7.771
M5
G0 X-13.038 Y8.265 F2500
M3 S280
G1 F900
G1 X-12.891 Y8.192
G1 X-12.654 Y7.954
G1 X-12.672 Y7.991
G1 X-12.672 Y8.101
G1 X-12.709 Y8.192
G1 X-12.745 Y8.229
G1 X-12.855 Y8.265
G1 X-13.038 Y8.265
G1 X-12.891 Y8.192
M5
G0 X-13.093 Y8.265 F2500
M3 S280
G1 F900
G1 X-12.983 Y8.229
G1 X-12.891 Y8.174
G1 X-12.562 Y7.845
G1 X-12.526 Y7.771
G1 X-12.507 Y7.643
G1 X-12.014 Y7.625
G1 X-11.813 Y7.643
G1 X-11.776 Y7.680
G1 X-12.160 Y7.680
G1 X-12.416 Y7.717
G1 X-12.635 Y7.936
G1 X-12.654 Y7.991
G1 X-12.654 Y8.101
G1 X-12.709 Y8.229
G1 X-12.855 Y8.283
G1 X-13.038 Y8.283
G1 X-13.056 Y8.265
G1 X-13.093 Y8.265
G1 X-12.983 Y8.229
M5
G0 X-13.202 Y8.229 F2500
M3 S280
G1 F900
G1 X-13.074 Y8.247
G1 X-12.891 Y8.155
G1 X-12.581 Y7.845
G1 X-12.544 Y7.771
G1 X-12.544 Y7.643
G1 X-12.507 Y7.625
G1 X-12.270 Y7.607
G1 X-11.813 Y7.625
G1 X-11.776 Y7.643
G1 X-11.739 Y7.698
G1 X-12.160 Y7.698
G1 X-12.416 Y7.735
G1 X-12.617 Y7.936
G1 X-12.635 Y7.991
G1 X-12.635 Y8.101
G1 X-12.709 Y8.247
G1 X-12.855 Y8.302
G1 X-13.038 Y8.302
G1 X-13.202 Y8.229
G1 X-13.074 Y8.247
M5
G0 X-13.202 Y8.265 F2500
M3 S280
G1 F900
G1 X-13.330 Y8.101
G1 X-13.257 Y8.174
G1 X-13.147 Y8.210
G1 X-13.019 Y8.192
G1 X-12.891 Y8.119
G1 X-12.617 Y7.845
G1 X-12.581 Y7.771
G1 X-12.581 Y7.625
G1 X-12.617 Y7.552
G1 X-12.855 Y7.333
G1 X-13.367 Y7.625
G1 X-13.531 Y7.790
G1 X-13.678 Y7.534
G1 X-13.605 Y7.534
G1 X-12.983 Y7.168
G1 X-12.526 Y6.875
G1 X-12.306 Y6.674
G1 X-12.233 Y6.821
G1 X-12.123 Y6.967
G1 X-12.197 Y6.949
G1 X-12.599 Y7.186
G1 X-12.763 Y7.351
G1 X-12.745 Y7.424
G1 X-12.562 Y7.607
G1 X-12.270 Y7.570
G1 X-11.813 Y7.589
G1 X-11.794 Y7.607
G1 X-11.758 Y7.607
G1 X-11.666 Y7.753
G1 X-11.703 Y7.753
G1 X-11.721 Y7.735
G1 X-12.160 Y7.735
G1 X-12.416 Y7.771
G1 X-12.581 Y7.936
G1 X-12.617 Y8.155
G1 X-12.654 Y8.229
G1 X-12.709 Y8.283
G1 X-12.855 Y8.338
G1 X-13.038 Y8.338
G1 X-13.202 Y8.265
G1 X-13.330 Y8.101
M5
G0 X-13.257 Y8.101 F2500
M3 S280
G1 F900
G1 X-13.147 Y8.137
G1 X-13.019 Y8.119
G1 X-12.891 Y8.046
G1 X-12.690 Y7.845
G1 X-12.654 Y7.771
G1 X-12.654 Y7.625
G1 X-12.690 Y7.552
G1 X-12.855 Y7.406
G1 X-13.367 Y7.698
G1 X-13.477 Y7.826
G1 X-13.440 Y7.863
G1 X-13.403 Y7.954
G1 X-13.257 Y8.101
G1 X-13.147 Y8.137
M5
G0 X-13.221 Y8.155 F2500
M3 S280
G1 F900
G1 X-13.074 Y8.174
G1 X-12.946 Y8.119
G1 X-12.654 Y7.845
G1 X-12.617 Y7.771
G1 X-12.617 Y7.625
G1 X-12.654 Y7.552
G1 X-12.855 Y7.369
G1 X-13.367 Y7.662
G1 X-13.513 Y7.826
G1 X-13.477 Y7.863
G1 X-13.440 Y7.954
G1 X-13.257 Y8.137
G1 X-13.221 Y8.155
G1 X-13.074 Y8.174
M5
G0 X-13.239 Y8.192 F2500
M3 S280
G1 F900
G1 X-13.147 Y8.229
G1 X-13.074 Y8.229
G1 X-12.891 Y8.137
G1 X-12.599 Y7.845
G1 X-12.562 Y7.771
G1 X-12.581 Y7.607
G1 X-12.526 Y7.625
G1 X-12.270 Y7.589
G1 X-11.813 Y7.607
G1 X-11.739 Y7.662
G1 X-11.703 Y7.735
G1 X-12.160 Y7.717
G1 X-12.416 Y7.753
G1 X-12.599 Y7.936
G1 X-12.617 Y7.991
G1 X-12.617 Y8.101
G1 X-12.672 Y8.229
G1 X-12.709 Y8.265
G1 X-12.855 Y8.320
G1 X-13.038 Y8.320
G1 X-13.202 Y8.247
G1 X-13.239 Y8.192
G1 X-13.147 Y8.229
M5
G0 X-13.202 Y8.283 F2500
M3 S280
G1 F900
G1 X-13.275 Y8.210
G1 X-13.422 Y7.991
G1 X-13.257 Y8.155
G1 X-13.221 Y8.174
G1 X-13.074 Y8.192
G1 X-12.946 Y8.137
G1 X-12.635 Y7.845
G1 X-12.599 Y7.771
G1 X-12.599 Y7.625
G1 X-12.635 Y7.552
G1 X-12.855 Y7.351
G1 X-13.367 Y7.643
G1 X-13.531 Y7.808
G1 X-13.733 Y7.479
G1 X-13.696 Y7.515
G1 X-13.605 Y7.515
G1 X-13.403 Y7.406
G1 X-12.526 Y6.857
G1 X-12.306 Y6.638
G1 X-12.215 Y6.821
G1 X-12.087 Y7.003
G1 X-12.142 Y6.967
G1 X-12.197 Y6.967
G1 X-12.599 Y7.205
G1 X-12.745 Y7.351
G1 X-12.727 Y7.424
G1 X-12.562 Y7.589
G1 X-12.270 Y7.552
G1 X-11.813 Y7.570
G1 X-11.739 Y7.607
G1 X-11.630 Y7.790
G1 X-11.721 Y7.753
G1 X-12.160 Y7.753
G1 X-12.416 Y7.790
G1 X-12.562 Y7.936
G1 X-12.599 Y8.155
G1 X-12.654 Y8.265
G1 X-12.709 Y8.302
G1 X-12.855 Y8.357
G1 X-13.038 Y8.357
G1 X-13.202 Y8.283
G1 X-13.275 Y8.210
M5
G0 X-13.257 Y8.119 F2500
M3 S280
G1 F900
G1 X-13.147 Y8.155
G1 X-13.019 Y8.137
G1 X-12.891 Y8.064
G1 X-12.672 Y7.845
G1 X-12.635 Y7.771
G1 X-12.635 Y7.625
G1 X-12.672 Y7.552
G1 X-12.855 Y7.387
G1 X-13.367 Y7.680
G1 X-13.495 Y7.826
G1 X-13.458 Y7.863
G1 X-13.422 Y7.954
G1 X-13.257 Y8.119
G1 X-13.147 Y8.155
M5
G0 X-13.257 Y8.082 F2500
M3 S280
G1 F900
G1 X-13.147 Y8.119
G1 X-13.019 Y8.101
G1 X-12.891 Y8.027
G1 X-12.709 Y7.845
G1 X-12.672 Y7.771
G1 X-12.672 Y7.625
G1 X-12.709 Y7.552
G1 X-12.855 Y7.424
G1 X-13.367 Y7.717
G1 X-13.458 Y7.826
G1 X-13.422 Y7.863
G1 X-13.385 Y7.954
G1 X-13.257 Y8.082
G1 X-13.147 Y8.119
M5
G0 X-13.257 Y8.064 F2500
M3 S280
G1 F900
G1 X-13.147 Y8.101
G1 X-13.019 Y8.082
G1 X-12.891 Y8.009
G1 X-12.727 Y7.845
G1 X-12.690 Y7.771
G1 X-12.690 Y7.625
G1 X-12.727 Y7.552
G1 X-12.855 Y7.442
G1 X-13.367 Y7.735
G1 X-13.440 Y7.826
G1 X-13.403 Y7.863
G1 X-13.367 Y7.954
G1 X-13.257 Y8.064
G1 X-13.147 Y8.101
M5
G0 X-13.257 Y8.046 F2500
M3 S280
G1 F900
G1 X-13.147 Y8.082
G1 X-13.074 Y8.082
G1 X-12.891 Y7.991
G1 X-12.745 Y7.845
G1 X-12.709 Y7.771
G1 X-12.709 Y7.625
G1 X-12.745 Y7.552
G1 X-12.855 Y7.461
G1 X-13.367 Y7.753
G1 X-13.422 Y7.826
G1 X-13.385 Y7.863
G1 X-13.349 Y7.954
G1 X-13.257 Y8.046
G1 X-13.147 Y8.082
M5
G0 X-13.257 Y8.027 F2500
M3 S280
G1 F900
G1 X-13.147 Y8.064
G1 X-13.074 Y8.064
G1 X-12.891 Y7.973
G1 X-12.763 Y7.845
G1 X-12.727 Y7.771
G1 X-12.727 Y7.625
G1 X-12.763 Y7.552
G1 X-12.855 Y7.479
G1 X-13.184 Y7.680
G1 X-13.367 Y7.771
G1 X-13.403 Y7.826
G1 X-13.367 Y7.863
G1 X-13.330 Y7.954
G1 X-13.257 Y8.027
G1 X-13.147 Y8.064
M5
G0 X-13.202 Y8.302 F2500
M3 S280
G1 F900
G1 X-13.294 Y8.210
G1 X-13.605 Y7.735
G1 X-13.769 Y7.442
G1 X-13.696 Y7.497
G1 X-13.605 Y7.497
G1 X-13.403 Y7.387
G1 X-12.526 Y6.839
G1 X-12.306 Y6.601
G1 X-12.197 Y6.821
G1 X-12.050 Y7.040
G1 X-12.142 Y6.985
G1 X-12.197 Y6.985
G1 X-12.599 Y7.223
G1 X-12.727 Y7.351
G1 X-12.709 Y7.424
G1 X-12.562 Y7.570
G1 X-12.270 Y7.534
G1 X-12.014 Y7.534
G1 X-11.758 Y7.570
G1 X-11.593 Y7.808
G1 X-11.721 Y7.771
G1 X-12.160 Y7.771
G1 X-12.416 Y7.808
G1 X-12.544 Y7.936
G1 X-12.562 Y7.991
G1 X-12.562 Y8.101
G1 X-12.654 Y8.283
G1 X-12.745 Y8.338
G1 X-12.855 Y8.375
G1 X-13.038 Y8.375
G1 X-13.202 Y8.302
G1 X-13.294 Y8.210
M5
G0 X-13.202 Y8.320 F2500
M3 S280
G1 F900
G1 X-13.312 Y8.210
G1 X-13.623 Y7.735
G1 X-13.806 Y7.406
G1 X-13.696 Y7.479
G1 X-13.605 Y7.479
G1 X-12.983 Y7.113
G1 X-12.526 Y6.821
G1 X-12.343 Y6.638
G1 X-12.325 Y6.601
G1 X-12.325 Y6.528
G1 X-12.343 Y6.491
G1 X-12.251 Y6.693
G1 X-12.069 Y6.967
G1 X-12.014 Y7.077
G1 X-12.142 Y7.003
G1 X-12.197 Y7.003
G1 X-12.599 Y7.241
G1 X-12.709 Y7.351
G1 X-12.690 Y7.424
G1 X-12.562 Y7.552
G1 X-12.270 Y7.515
G1 X-12.014 Y7.515
G1 X-11.758 Y7.552
G1 X-11.630 Y7.717
G1 X-11.611 Y7.771
G1 X-11.575 Y7.808
G1 X-11.575 Y7.845
G1 X-11.721 Y7.790
G1 X-12.160 Y7.790
G1 X-12.416 Y7.826
G1 X-12.526 Y7.936
G1 X-12.562 Y8.155
G1 X-12.617 Y8.265
G1 X-12.654 Y8.302
G1 X-12.745 Y8.357
G1 X-12.855 Y8.393
G1 X-13.038 Y8.393
G1 X-13.202 Y8.320
G1 X-13.312 Y8.210
M5
G0 X-13.202 Y8.338 F2500
M3 S280
G1 F900
G1 X-13.330 Y8.210
G1 X-13.641 Y7.735
G1 X-13.824 Y7.406
G1 X-13.787 Y7.387
G1 X-13.696 Y7.461
G1 X-13.605 Y7.461
G1 X-12.526 Y6.802
G1 X-12.361 Y6.638
G1 X-12.343 Y6.601
G1 X-12.343 Y6.528
G1 X-12.361 Y6.510
G1 X-12.343 Y6.455
G1 X-12.233 Y6.693
G1 X-12.050 Y6.967
G1 X-12.014 Y7.095
G1 X-12.142 Y7.022
G1 X-12.197 Y7.022
G1 X-12.599 Y7.259
G1 X-12.690 Y7.351
G1 X-12.672 Y7.424
G1 X-12.562 Y7.534
G1 X-12.270 Y7.497
G1 X-12.014 Y7.497
G1 X-11.758 Y7.534
G1 X-11.721 Y7.552
G1 X-11.557 Y7.808
G1 X-11.538 Y7.881
G1 X-11.593 Y7.845
G1 X-11.721 Y7.808
G1 X-12.160 Y7.808
G1 X-12.416 Y7.845
G1 X-12.507 Y7.936
G1 X-12.544 Y8.155
G1 X-12.599 Y8.265
G1 X-12.654 Y8.320
G1 X-12.745 Y8.375
G1 X-12.855 Y8.411
G1 X-13.038 Y8.411
G1 X-13.202 Y8.338
G1 X-13.330 Y8.210
M5
G0 X-13.202 Y8.357 F2500
M3 S280
G1 F900
G1 X-13.349 Y8.210
G1 X-13.659 Y7.735
G1 X-13.842 Y7.406
G1 X-13.787 Y7.369
G1 X-13.696 Y7.442
G1 X-13.605 Y7.442
G1 X-12.983 Y7.077
G1 X-12.526 Y6.784
G1 X-12.361 Y6.601
G1 X-12.361 Y6.528
G1 X-12.398 Y6.455
G1 X-12.325 Y6.455
G1 X-12.215 Y6.693
G1 X-12.032 Y6.967
G1 X-11.977 Y7.077
G1 X-12.014 Y7.113
G1 X-12.142 Y7.040
G1 X-12.197 Y7.040
G1 X-12.599 Y7.278
G1 X-12.672 Y7.351
G1 X-12.654 Y7.424
G1 X-12.562 Y7.515
G1 X-12.270 Y7.479
G1 X-12.014 Y7.479
G1 X-11.758 Y7.515
G1 X-11.703 Y7.552
G1 X-11.538 Y7.808
G1 X-11.520 Y7.899
G1 X-11.721 Y7.826
G1 X-12.160 Y7.826
G1 X-12.416 Y7.863
G1 X-12.489 Y7.936
G1 X-12.526 Y8.155
G1 X-12.581 Y8.265
G1 X-12.654 Y8.338
G1 X-12.745 Y8.393
G1 X-12.855 Y8.430
G1 X-13.038 Y8.430
G1 X-13.202 Y8.357
G1 X-13.349 Y8.210
M5
G0 X-13.202 Y8.375 F2500
M3 S280
G1 F900
G1 X-13.367 Y8.210
G1 X-13.678 Y7.735
G1 X-13.861 Y7.406
G1 X-13.787 Y7.351
G1 X-13.696 Y7.424
G1 X-13.605 Y7.424
G1 X-12.526 Y6.766
G1 X-12.398 Y6.638
G1 X-12.379 Y6.601
G1 X-12.379 Y6.528
G1 X-12.416 Y6.455
G1 X-12.343 Y6.418
G1 X-12.306 Y6.455
G1 X-12.197 Y6.693
G1 X-12.014 Y6.967
G1 X-11.959 Y7.077
G1 X-12.014 Y7.131
G1 X-12.142 Y7.058
G1 X-12.197 Y7.058
G1 X-12.599 Y7.296
G1 X-12.654 Y7.351
G1 X-12.635 Y7.424
G1 X-12.562 Y7.497
G1 X-12.270 Y7.461
G1 X-12.014 Y7.461
G1 X-11.758 Y7.497
G1 X-11.685 Y7.552
G1 X-11.520 Y7.808
G1 X-11.502 Y7.863
G1 X-11.538 Y7.918
G1 X-11.721 Y7.845
G1 X-12.160 Y7.845
G1 X-12.416 Y7.881
G1 X-12.471 Y7.936
G1 X-12.507 Y8.155
G1 X-12.562 Y8.265
G1 X-12.654 Y8.357
G1 X-12.745 Y8.411
G1 X-12.855 Y8.448
G1 X-13.038 Y8.448
G1 X-13.202 Y8.375
G1 X-13.367 Y8.210
M5
G0 X-13.202 Y8.393 F2500
M3 S280
G1 F900
G1 X-13.385 Y8.210
G1 X-13.806 Y7.552
G1 X-13.879 Y7.387
G1 X-13.787 Y7.333
G1 X-13.696 Y7.406
G1 X-13.605 Y7.406
G1 X-12.526 Y6.747
G1 X-12.416 Y6.638
G1 X-12.398 Y6.601
G1 X-12.398 Y6.528
G1 X-12.434 Y6.437
G1 X-12.343 Y6.400
G1 X-12.288 Y6.455
G1 X-12.178 Y6.693
G1 X-11.995 Y6.967
G1 X-11.941 Y7.077
G1 X-12.014 Y7.150
G1 X-12.142 Y7.077
G1 X-12.197 Y7.077
G1 X-12.270 Y7.113
G1 X-12.453 Y7.241
G1 X-12.599 Y7.314
G1 X-12.635 Y7.351
G1 X-12.617 Y7.424
G1 X-12.562 Y7.479
G1 X-12.270 Y7.442
G1 X-12.014 Y7.442
G1 X-11.758 Y7.479
G1 X-11.666 Y7.552
G1 X-11.502 Y7.808
G1 X-11.483 Y7.899
G1 X-11.538 Y7.936
G1 X-11.721 Y7.863
G1 X-12.160 Y7.863
G1 X-12.306 Y7.899
G1 X-12.416 Y7.899
G1 X-12.453 Y7.936
G1 X-12.471 Y7.991
G1 X-12.471 Y8.101
G1 X-12.544 Y8.265
G1 X-12.654 Y8.375
G1 X-12.745 Y8.430
G1 X-12.855 Y8.466
G1 X-13.038 Y8.466
G1 X-13.202 Y8.393
G1 X-13.385 Y8.210
M5
G0 X-13.202 Y8.411 F2500
M3 S280
G1 F900
G1 X-13.403 Y8.210
G1 X-13.824 Y7.552
G1 X-13.879 Y7.369
G1 X-13.787 Y7.314
G1 X-13.696 Y7.387
G1 X-13.605 Y7.387
G1 X-12.526 Y6.729
G1 X-12.434 Y6.638
G1 X-12.416 Y6.601
G1 X-12.434 Y6.418
G1 X-12.343 Y6.382
G1 X-12.270 Y6.455
G1 X-12.160 Y6.693
G1 X-11.977 Y6.967
G1 X-11.922 Y7.077
G1 X-12.014 Y7.168
G1 X-12.142 Y7.095
G1 X-12.197 Y7.095
G1 X-12.270 Y7.131
G1 X-12.544 Y7.314
G1 X-12.599 Y7.333
G1 X-12.617 Y7.387
G1 X-12.562 Y7.461
G1 X-12.270 Y7.424
G1 X-12.014 Y7.424
G1 X-11.758 Y7.461
G1 X-11.648 Y7.552
G1 X-11.483 Y7.808
G1 X-11.465 Y7.899
G1 X-11.502 Y7.954
G1 X-11.538 Y7.954
G1 X-11.721 Y7.881
G1 X-12.160 Y7.881
G1 X-12.434 Y7.936
G1 X-12.471 Y8.155
G1 X-12.526 Y8.265
G1 X-12.654 Y8.393
G1 X-12.745 Y8.448
G1 X-12.855 Y8.485
G1 X-13.038 Y8.485
G1 X-13.202 Y8.411
G1 X-13.403 Y8.210
M5
G0 X-13.531 Y7.735 F2500
M3 S280
G1 F900
G1 X-13.623 Y7.570
G1 X-13.403 Y7.461
G1 X-12.526 Y6.912
G1 X-12.325 Y6.711
G1 X-12.270 Y6.821
G1 X-12.197 Y6.912
G1 X-12.599 Y7.150
G1 X-12.800 Y7.333
G1 X-12.855 Y7.296
G1 X-13.367 Y7.589
G1 X-13.531 Y7.735
G1 X-13.623 Y7.570
M5
G0 X-13.513 Y7.698 F2500
M3 S280
G1 F900
G1 X-13.568 Y7.589
G1 X-13.531 Y7.552
G1 X-13.403 Y7.497
G1 X-12.526 Y6.949
G1 X-12.325 Y6.766
G1 X-12.251 Y6.912
G1 X-12.599 Y7.113
G1 X-12.800 Y7.296
G1 X-12.855 Y7.259
G1 X-13.367 Y7.552
G1 X-13.513 Y7.698
G1 X-13.568 Y7.589
M5
G0 X-13.513 Y7.717 F2500
M3 S280
G1 F900
G1 X-13.568 Y7.643
G1 X-13.586 Y7.570
G1 X-13.403 Y7.479
G1 X-12.526 Y6.930
G1 X-12.325 Y6.729
G1 X-12.288 Y6.821
G1 X-12.215 Y6.912
G1 X-12.270 Y6.930
G1 X-12.361 Y7.003
G1 X-12.599 Y7.131
G1 X-12.800 Y7.314
G1 X-12.855 Y7.278
G1 X-13.367 Y7.570
G1 X-13.513 Y7.717
G1 X-13.568 Y7.643
M5
G0 X-13.550 Y7.735 F2500
M3 S280
G1 F900
G1 X-13.568 Y7.680
G1 X-13.659 Y7.552
G1 X-13.605 Y7.552
G1 X-13.403 Y7.442
G1 X-12.526 Y6.894
G1 X-12.325 Y6.693
G1 X-12.288 Y6.729
G1 X-12.251 Y6.821
G1 X-12.178 Y6.930
G1 X-12.270 Y6.967
G1 X-12.599 Y7.168
G1 X-12.782 Y7.369
G1 X-12.855 Y7.314
G1 X-13.367 Y7.607
G1 X-13.513 Y7.753
G1 X-13.550 Y7.735
G1 X-13.568 Y7.680
M5
G0 X-14.098 Y6.912 F2500
M3 S280
G1 F900
G1 X-14.226 Y6.674
G1 X-14.373 Y6.309
G1 X-14.629 Y5.778
G1 X-14.629 Y5.705
G1 X-14.592 Y5.669
G1 X-14.519 Y5.650
G1 X-14.446 Y5.742
G1 X-14.354 Y5.742
G1 X-13.239 Y5.248
G1 X-13.111 Y5.175
G1 X-13.056 Y5.120
G1 X-13.056 Y4.955
G1 X-12.928 Y4.901
G1 X-12.873 Y5.047
G1 X-12.818 Y5.138
G1 X-12.709 Y5.467
G1 X-12.398 Y6.126
G1 X-12.398 Y6.199
G1 X-12.416 Y6.235
G1 X-12.818 Y6.473
G1 X-12.873 Y6.455
G1 X-12.873 Y6.382
G1 X-12.727 Y6.181
G1 X-12.709 Y6.126
G1 X-12.709 Y5.979
G1 X-12.745 Y5.851
G1 X-12.837 Y5.650
G1 X-12.873 Y5.614
G1 X-12.983 Y5.632
G1 X-13.312 Y5.797
G1 X-13.440 Y5.833
G1 X-13.477 Y5.870
G1 X-13.367 Y6.089
G1 X-13.312 Y6.144
G1 X-13.111 Y6.217
G1 X-13.111 Y6.327
G1 X-13.477 Y6.473
G1 X-13.586 Y6.546
G1 X-13.623 Y6.546
G1 X-13.733 Y6.455
G1 X-13.586 Y6.290
G1 X-13.586 Y6.144
G1 X-13.659 Y5.998
G1 X-13.733 Y5.979
G1 X-14.135 Y6.181
G1 X-14.190 Y6.235
G1 X-14.117 Y6.418
G1 X-14.062 Y6.510
G1 X-13.989 Y6.583
G1 X-13.897 Y6.619
G1 X-13.696 Y6.638
G1 X-13.696 Y6.729
G1 X-13.733 Y6.766
G1 X-13.915 Y6.821
G1 X-14.098 Y6.912
G1 X-14.226 Y6.674
M5
G0 X-14.098 Y6.821 F2500
M3 S280
G1 F900
G1 X-14.409 Y6.107
G1 X-14.574 Y5.778
G1 X-14.537 Y5.705
G1 X-14.446 Y5.797
G1 X-14.354 Y5.797
G1 X-13.239 Y5.303
G1 X-13.111 Y5.230
G1 X-13.001 Y5.120
G1 X-12.983 Y4.974
G1 X-12.946 Y4.974
G1 X-12.873 Y5.138
G1 X-12.763 Y5.467
G1 X-12.471 Y6.071
G1 X-12.453 Y6.199
G1 X-12.489 Y6.235
G1 X-12.818 Y6.418
G1 X-12.818 Y6.382
G1 X-12.672 Y6.181
G1 X-12.654 Y6.126
G1 X-12.654 Y5.979
G1 X-12.690 Y5.851
G1 X-12.782 Y5.650
G1 X-12.873 Y5.559
G1 X-12.983 Y5.577
G1 X-13.312 Y5.742
G1 X-13.440 Y5.778
G1 X-13.531 Y5.870
G1 X-13.422 Y6.089
G1 X-13.312 Y6.199
G1 X-13.166 Y6.254
G1 X-13.184 Y6.309
G1 X-13.221 Y6.309
G1 X-13.477 Y6.418
G1 X-13.586 Y6.491
G1 X-13.623 Y6.491
G1 X-13.678 Y6.455
G1 X-13.531 Y6.290
G1 X-13.531 Y6.144
G1 X-13.605 Y5.998
G1 X-13.678 Y5.925
G1 X-13.733 Y5.925
G1 X-14.135 Y6.126
G1 X-14.245 Y6.235
G1 X-14.171 Y6.418
G1 X-14.117 Y6.510
G1 X-13.989 Y6.638
G1 X-13.897 Y6.674
G1 X-13.751 Y6.674
G1 X-13.751 Y6.711
G1 X-13.787 Y6.729
G1 X-13.824 Y6.729
G1 X-14.007 Y6.821
G1 X-14.098 Y6.821
G1 X-14.409 Y6.107
M5
G0 X-14.299 Y6.181 F2500
M3 S280
G1 F900
G1 X-14.427 Y5.888
G1 X-14.354 Y5.888
G1 X-13.239 Y5.394
G1 X-13.111 Y5.321
G1 X-12.965 Y5.175
G1 X-12.873 Y5.376
G1 X-12.855 Y5.467
G1 X-12.818 Y5.522
G1 X-12.873 Y5.467
G1 X-12.928 Y5.467
G1 X-13.111 Y5.541
G1 X-13.312 Y5.650
G1 X-13.440 Y5.687
G1 X-13.623 Y5.870
G1 X-13.586 Y5.925
G1 X-13.678 Y5.833
G1 X-13.733 Y5.833
G1 X-14.135 Y6.034
G1 X-14.299 Y6.181
G1 X-14.427 Y5.888
M5
G0 X-14.354 Y5.943 F2500
M3 S280
G1 F900
G1 X-14.299 Y5.906
G1 X-14.135 Y5.851
G1 X-13.239 Y5.449
G1 X-13.111 Y5.376
G1 X-12.983 Y5.248
G1 X-12.965 Y5.321
G1 X-12.928 Y5.376
G1 X-12.946 Y5.431
G1 X-12.983 Y5.431
G1 X-13.111 Y5.486
G1 X-13.312 Y5.595
G1 X-13.440 Y5.632
G1 X-13.641 Y5.815
G1 X-13.678 Y5.778
G1 X-13.733 Y5.778
G1 X-14.135 Y5.979
G1 X-14.263 Y6.107
G1 X-14.354 Y5.943
G1 X-14.299 Y5.906
M5
G0 X-14.263 Y6.089 F2500
M3 S280
G1 F900
G1 X-14.336 Y5.943
G1 X-14.135 Y5.870
G1 X-13.879 Y5.742
G1 X-13.239 Y5.467
G1 X-13.111 Y5.394
G1 X-12.983 Y5.285
G1 X-12.946 Y5.413
G1 X-13.111 Y5.467
G1 X-13.312 Y5.577
G1 X-13.440 Y5.614
G1 X-13.641 Y5.797
G1 X-13.678 Y5.760
G1 X-13.733 Y5.760
G1 X-14.135 Y5.961
G1 X-14.263 Y6.089
G1 X-14.336 Y5.943
M5
G0 X-14.281 Y6.144 F2500
M3 S280
G1 F900
G1 X-14.281 Y6.107
G1 X-14.373 Y5.925
G1 X-14.135 Y5.833
G1 X-13.239 Y5.431
G1 X-13.111 Y5.358
G1 X-12.983 Y5.230
G1 X-12.891 Y5.431
G1 X-12.983 Y5.449
G1 X-13.312 Y5.614
G1 X-13.440 Y5.650
G1 X-13.641 Y5.833
G1 X-13.678 Y5.797
G1 X-13.733 Y5.797
G1 X-14.135 Y5.998
G1 X-14.281 Y6.144
G1 X-14.281 Y6.107
M5
G0 X-14.281 Y6.162 F2500
M3 S280
G1 F900
G1 X-14.409 Y5.906
G1 X-14.354 Y5.906
G1 X-13.239 Y5.413
G1 X-13.111 Y5.339
G1 X-12.965 Y5.193
G1 X-12.965 Y5.230
G1 X-12.891 Y5.376
G1 X-12.873 Y5.449
G1 X-12.983 Y5.467
G1 X-13.312 Y5.632
G1 X-13.440 Y5.669
G1 X-13.641 Y5.851
G1 X-13.678 Y5.815
G1 X-13.733 Y5.815
G1 X-14.135 Y6.016
G1 X-14.281 Y6.162
G1 X-14.409 Y5.906
M5
G0 X-14.299 Y6.217 F2500
M3 S280
G1 F900
G1 X-14.336 Y6.144
G1 X-14.336 Y6.107
G1 X-14.464 Y5.851
G1 X-14.354 Y5.870
G1 X-13.239 Y5.376
G1 X-13.111 Y5.303
G1 X-12.946 Y5.138
G1 X-12.837 Y5.467
G1 X-12.763 Y5.595
G1 X-12.873 Y5.486
G1 X-12.928 Y5.486
G1 X-13.111 Y5.559
G1 X-13.312 Y5.669
G1 X-13.440 Y5.705
G1 X-13.605 Y5.870
G1 X-13.495 Y6.089
G1 X-13.294 Y6.272
G1 X-13.440 Y6.345
G1 X-13.477 Y6.345
G1 X-13.550 Y6.400
G1 X-13.458 Y6.290
G1 X-13.458 Y6.144
G1 X-13.531 Y5.998
G1 X-13.678 Y5.851
G1 X-13.733 Y5.851
G1 X-14.135 Y6.053
G1 X-14.299 Y6.217
G1 X-14.336 Y6.144
M5
G0 X-14.007 Y6.729 F2500
M3 S280
G1 F900
G1 X-14.062 Y6.711
G1 X-14.098 Y6.619
G1 X-14.007 Y6.729
G1 X-14.062 Y6.711
M5
G0 X-14.062 Y6.784 F2500
M3 S280
G1 F900
G1 X-14.263 Y6.309
G1 X-14.519 Y5.778
G1 X-14.446 Y5.851
G1 X-14.354 Y5.851
G1 X-13.166 Y5.321
G1 X-13.111 Y5.285
G1 X-12.946 Y5.102
G1 X-12.818 Y5.467
G1 X-12.507 Y6.126
G1 X-12.526 Y6.199
G1 X-12.690 Y6.290
G1 X-12.635 Y6.217
G1 X-12.599 Y6.126
G1 X-12.599 Y5.979
G1 X-12.635 Y5.851
G1 X-12.727 Y5.650
G1 X-12.873 Y5.504
G1 X-12.983 Y5.522
G1 X-13.312 Y5.687
G1 X-13.440 Y5.723
G1 X-13.586 Y5.870
G1 X-13.477 Y6.089
G1 X-13.312 Y6.254
G1 X-13.257 Y6.272
G1 X-13.477 Y6.363
G1 X-13.550 Y6.418
G1 X-13.605 Y6.437
G1 X-13.477 Y6.290
G1 X-13.477 Y6.144
G1 X-13.550 Y5.998
G1 X-13.678 Y5.870
G1 X-13.733 Y5.870
G1 X-14.135 Y6.071
G1 X-14.299 Y6.235
G1 X-14.226 Y6.418
G1 X-14.171 Y6.510
G1 X-13.989 Y6.693
G1 X-13.915 Y6.711
G1 X-14.062 Y6.784
G1 X-14.263 Y6.309
M5
G0 X-13.970 Y6.729 F2500
M3 S280
G1 F900
G1 X-14.062 Y6.747
G1 X-14.098 Y6.674
G1 X-14.098 Y6.638
G1 X-14.153 Y6.546
G1 X-13.970 Y6.729
G1 X-14.062 Y6.747
M5
G0 X-14.062 Y6.802 F2500
M3 S280
G1 F900
G1 X-14.135 Y6.674
G1 X-14.373 Y6.107
G1 X-14.501 Y5.870
G1 X-14.537 Y5.742
G1 X-14.446 Y5.833
G1 X-14.354 Y5.833
G1 X-13.239 Y5.339
G1 X-13.111 Y5.266
G1 X-12.965 Y5.120
G1 X-12.965 Y5.010
G1 X-12.965 Y5.047
G1 X-12.910 Y5.138
G1 X-12.800 Y5.467
G1 X-12.507 Y6.071
G1 X-12.489 Y6.199
G1 X-12.745 Y6.327
G1 X-12.654 Y6.217
G1 X-12.617 Y6.126
G1 X-12.617 Y5.979
G1 X-12.635 Y5.906
G1 X-12.745 Y5.650
G1 X-12.873 Y5.522
G1 X-12.983 Y5.541
G1 X-13.312 Y5.705
G1 X-13.440 Y5.742
G1 X-13.568 Y5.870
G1 X-13.458 Y6.089
G1 X-13.312 Y6.235
G1 X-13.202 Y6.272
G1 X-13.477 Y6.382
G1 X-13.586 Y6.455
G1 X-13.623 Y6.455
G1 X-13.495 Y6.290
G1 X-13.495 Y6.144
G1 X-13.568 Y5.998
G1 X-13.678 Y5.888
G1 X-13.733 Y5.888
G1 X-14.135 Y6.089
G1 X-14.281 Y6.235
G1 X-14.208 Y6.418
G1 X-14.153 Y6.510
G1 X-13.989 Y6.674
G1 X-13.897 Y6.711
G1 X-13.842 Y6.711
G1 X-13.915 Y6.729
G1 X-14.062 Y6.802
G1 X-14.135 Y6.674
M5
G0 X-14.080 Y6.821 F2500
M3 S280
G1 F900
G1 X-14.391 Y6.107
G1 X-14.519 Y5.870
G1 X-14.555 Y5.778
G1 X-14.555 Y5.723
G1 X-14.446 Y5.815
G1 X-14.354 Y5.815
G1 X-13.166 Y5.285
G1 X-12.983 Y5.120
G1 X-12.983 Y4.992
G1 X-12.946 Y5.010
G1 X-12.946 Y5.047
G1 X-12.891 Y5.138
G1 X-12.782 Y5.467
G1 X-12.471 Y6.126
G1 X-12.489 Y6.217
G1 X-12.800 Y6.382
G1 X-12.654 Y6.181
G1 X-12.635 Y6.126
G1 X-12.635 Y5.979
G1 X-12.672 Y5.851
G1 X-12.763 Y5.650
G1 X-12.873 Y5.541
G1 X-12.983 Y5.559
G1 X-13.312 Y5.723
G1 X-13.440 Y5.760
G1 X-13.550 Y5.870
G1 X-13.440 Y6.089
G1 X-13.312 Y6.217
G1 X-13.184 Y6.290
G1 X-13.477 Y6.400
G1 X-13.586 Y6.473
G1 X-13.641 Y6.437
G1 X-13.513 Y6.290
G1 X-13.513 Y6.144
G1 X-13.586 Y5.998
G1 X-13.678 Y5.906
G1 X-13.733 Y5.906
G1 X-14.135 Y6.107
G1 X-14.263 Y6.235
G1 X-14.190 Y6.418
G1 X-14.135 Y6.510
G1 X-13.989 Y6.656
G1 X-13.897 Y6.693
G1 X-13.769 Y6.693
G1 X-14.080 Y6.821
G1 X-14.391 Y6.107
M5
G0 X-14.757 Y5.394 F2500
M3 S280
G1 F900
G1 X-14.939 Y4.864
G1 X-14.921 Y4.791
G1 X-14.848 Y4.754
G1 X-14.811 Y4.754
G1 X-14.793 Y4.809
G1 X-14.738 Y4.864
G1 X-14.629 Y4.882
G1 X-14.226 Y4.590
G1 X-13.861 Y4.297
G1 X-14.007 Y4.261
G1 X-14.171 Y4.261
G1 X-14.336 Y4.224
G1 X-14.903 Y4.187
G1 X-14.939 Y4.224
G1 X-14.939 Y4.370
G1 X-15.067 Y4.370
G1 X-15.250 Y3.712
G1 X-15.232 Y3.602
G1 X-15.195 Y3.584
G1 X-15.104 Y3.584
G1 X-15.086 Y3.639
G1 X-15.013 Y3.712
G1 X-14.958 Y3.730
G1 X-14.519 Y3.749
G1 X-13.221 Y3.877
G1 X-13.184 Y3.913
G1 X-13.166 Y4.005
G1 X-13.294 Y4.133
G1 X-14.555 Y5.120
G1 X-14.610 Y5.193
G1 X-14.629 Y5.248
G1 X-14.629 Y5.394
G1 X-14.757 Y5.394
G1 X-14.939 Y4.864
M5
G0 X-14.720 Y5.029 F2500
M3 S280
G1 F900
G1 X-14.647 Y5.047
G1 X-14.702 Y5.083
G1 X-14.720 Y5.029
G1 X-14.647 Y5.047
M5
G0 X-14.702 Y5.138 F2500
M3 S280
G1 F900
G1 X-14.738 Y5.010
G1 X-14.629 Y5.029
G1 X-14.318 Y4.791
G1 X-14.537 Y4.955
G1 X-14.702 Y5.138
G1 X-14.738 Y5.010
M5
G0 X-14.720 Y5.266 F2500
M3 S280
G1 F900
G1 X-14.720 Y5.211
G1 X-14.848 Y4.846
G1 X-14.738 Y4.955
G1 X-14.629 Y4.974
G1 X-13.989 Y4.498
G1 X-13.769 Y4.297
G1 X-13.879 Y4.187
G1 X-14.171 Y4.169
G1 X-14.336 Y4.133
G1 X-14.738 Y4.096
G1 X-14.903 Y4.096
G1 X-15.031 Y4.206
G1 X-15.031 Y4.151
G1 X-15.067 Y4.059
G1 X-15.086 Y3.931
G1 X-15.122 Y3.858
G1 X-15.159 Y3.675
G1 X-15.013 Y3.803
G1 X-14.958 Y3.822
G1 X-14.299 Y3.858
G1 X-13.550 Y3.950
G1 X-13.367 Y3.950
G1 X-13.349 Y3.968
G1 X-13.257 Y3.968
G1 X-13.257 Y4.005
G1 X-13.403 Y4.133
G1 X-14.537 Y5.010
G1 X-14.702 Y5.193
G1 X-14.720 Y5.266
G1 X-14.720 Y5.211
M5
G0 X-14.720 Y5.303 F2500
M3 S280
G1 F900
G1 X-14.848 Y4.882
G1 X-14.848 Y4.827
G1 X-14.738 Y4.937
G1 X-14.629 Y4.955
G1 X-13.989 Y4.480
G1 X-13.787 Y4.297
G1 X-13.879 Y4.206
G1 X-14.171 Y4.187
G1 X-14.336 Y4.151
G1 X-14.738 Y4.114
G1 X-14.903 Y4.114
G1 X-15.013 Y4.224
G1 X-15.013 Y4.297
G1 X-15.049 Y4.206
G1 X-15.104 Y3.931
G1 X-15.141 Y3.858
G1 X-15.177 Y3.657
G1 X-15.141 Y3.657
G1 X-15.013 Y3.785
G1 X-14.958 Y3.803
G1 X-14.299 Y3.840
G1 X-13.367 Y3.931
G1 X-13.239 Y3.968
G1 X-13.239 Y4.005
G1 X-13.403 Y4.151
G1 X-14.537 Y5.029
G1 X-14.683 Y5.193
G1 X-14.702 Y5.248
G1 X-14.683 Y5.321
G1 X-14.720 Y5.303
G1 X-14.848 Y4.882
M5
G0 X-14.720 Y5.339 F2500
M3 S280
G1 F900
G1 X-14.757 Y5.266
G1 X-14.775 Y5.157
G1 X-14.793 Y5.138
G1 X-14.885 Y4.827
G1 X-14.848 Y4.809
G1 X-14.738 Y4.919
G1 X-14.629 Y4.937
G1 X-13.989 Y4.462
G1 X-13.806 Y4.297
G1 X-13.879 Y4.224
G1 X-14.171 Y4.206
G1 X-14.519 Y4.151
G1 X-14.903 Y4.133
G1 X-14.994 Y4.224
G1 X-14.994 Y4.315
G1 X-15.031 Y4.315
G1 X-15.195 Y3.712
G1 X-15.195 Y3.639
G1 X-15.141 Y3.621
G1 X-15.013 Y3.767
G1 X-14.958 Y3.785
G1 X-14.299 Y3.822
G1 X-13.550 Y3.913
G1 X-13.239 Y3.931
G1 X-13.221 Y4.005
G1 X-13.294 Y4.078
G1 X-13.312 Y4.078
G1 X-13.678 Y4.389
G1 X-14.080 Y4.681
G1 X-14.354 Y4.919
G1 X-14.537 Y5.047
G1 X-14.665 Y5.193
G1 X-14.683 Y5.248
G1 X-14.665 Y5.339
G1 X-14.720 Y5.339
G1 X-14.757 Y5.266
M5
G0 X-14.757 Y5.358 F2500
M3 S280
G1 F900
G1 X-14.757 Y5.321
G1 X-14.793 Y5.266
G1 X-14.921 Y4.864
G1 X-14.921 Y4.809
G1 X-14.885 Y4.791
G1 X-14.811 Y4.791
G1 X-14.738 Y4.882
G1 X-14.629 Y4.901
G1 X-14.226 Y4.608
G1 X-13.842 Y4.297
G1 X-13.879 Y4.261
G1 X-14.007 Y4.242
G1 X-14.171 Y4.242
G1 X-14.336 Y4.206
G1 X-14.903 Y4.169
G1 X-14.958 Y4.224
G1 X-14.958 Y4.352
G1 X-15.067 Y4.334
G1 X-15.067 Y4.279
G1 X-15.104 Y4.206
G1 X-15.232 Y3.712
G1 X-15.232 Y3.621
G1 X-15.122 Y3.584
G1 X-15.104 Y3.639
G1 X-15.013 Y3.730
G1 X-14.958 Y3.749
G1 X-14.299 Y3.785
G1 X-13.367 Y3.877
G1 X-13.202 Y3.913
G1 X-13.184 Y4.005
G1 X-13.294 Y4.114
G1 X-13.678 Y4.425
G1 X-14.080 Y4.718
G1 X-14.354 Y4.955
G1 X-14.574 Y5.120
G1 X-14.629 Y5.193
G1 X-14.647 Y5.248
G1 X-14.629 Y5.376
G1 X-14.757 Y5.358
G1 X-14.757 Y5.321
M5
G0 X-14.738 Y5.358 F2500
M3 S280
G1 F900
G1 X-14.903 Y4.864
G1 X-14.885 Y4.809
G1 X-14.830 Y4.791
G1 X-14.738 Y4.901
G1 X-14.629 Y4.919
G1 X-13.989 Y4.443
G1 X-13.824 Y4.297
G1 X-13.879 Y4.242
G1 X-14.007 Y4.224
G1 X-14.171 Y4.224
G1 X-14.336 Y4.187
G1 X-14.903 Y4.151
G1 X-14.976 Y4.224
G1 X-14.976 Y4.334
G1 X-15.049 Y4.334
G1 X-15.214 Y3.712
G1 X-15.195 Y3.621
G1 X-15.141 Y3.602
G1 X-15.013 Y3.749
G1 X-14.958 Y3.767
G1 X-14.299 Y3.803
G1 X-13.550 Y3.895
G1 X-13.221 Y3.913
G1 X-13.202 Y4.005
G1 X-13.294 Y4.096
G1 X-13.678 Y4.407
G1 X-14.080 Y4.699
G1 X-14.354 Y4.937
G1 X-14.537 Y5.065
G1 X-14.647 Y5.193
G1 X-14.665 Y5.248
G1 X-14.647 Y5.358
G1 X-14.738 Y5.358
G1 X-14.903 Y4.864
M5
G0 X-15.104 Y3.749 F2500
M3 S280
G1 F900
G1 X-15.013 Y3.840
G1 X-14.958 Y3.858
G1 X-14.299 Y3.895
G1 X-13.294 Y4.005
G1 X-13.678 Y4.315
G1 X-14.080 Y4.608
G1 X-14.354 Y4.846
G1 X-14.537 Y4.974
G1 X-14.702 Y5.157
G1 X-14.775 Y4.955
G1 X-14.738 Y4.992
G1 X-14.629 Y5.010
G1 X-13.989 Y4.535
G1 X-13.733 Y4.297
G1 X-13.879 Y4.151
G1 X-14.007 Y4.133
G1 X-14.171 Y4.133
G1 X-14.336 Y4.096
G1 X-14.903 Y4.059
G1 X-14.994 Y4.151
G1 X-15.049 Y3.931
G1 X-15.086 Y3.858
G1 X-15.104 Y3.749
G1 X-15.013 Y3.840
M5
G0 X-15.141 Y3.694 F2500
M3 S280
G1 F900
G1 X-15.013 Y3.822
G1 X-14.958 Y3.840
G1 X-14.299 Y3.877
G1 X-13.550 Y3.968
G1 X-13.367 Y3.968
G1 X-13.349 Y3.986
G1 X-13.275 Y3.986
G1 X-13.294 Y4.023
G1 X-13.678 Y4.334
G1 X-13.915 Y4.498
G1 X-14.354 Y4.864
G1 X-14.537 Y4.992
G1 X-14.720 Y5.193
G1 X-14.811 Y4.901
G1 X-14.738 Y4.974
G1 X-14.629 Y4.992
G1 X-13.989 Y4.517
G1 X-13.751 Y4.297
G1 X-13.879 Y4.169
G1 X-14.171 Y4.151
G1 X-14.519 Y4.096
G1 X-14.903 Y4.078
G1 X-15.013 Y4.187
G1 X-15.067 Y3.931
G1 X-15.104 Y3.858
G1 X-15.141 Y3.694
G1 X-15.013 Y3.822
M5
G0 X-14.683 Y3.291 F2500
M3 S280
G1 F900
G1 X-14.866 Y3.255
G1 X-15.049 Y3.182
G1 X-15.195 Y3.090
G1 X-15.342 Y2.926
G1 X-15.433 Y2.761
G1 X-15.506 Y2.523
G1 X-15.525 Y2.377
G1 X-15.525 Y2.103
G1 X-15.488 Y1.957
G1 X-15.378 Y1.737
G1 X-15.323 Y1.664
G1 X-15.122 Y1.481
G1 X-14.921 Y1.371
G1 X-14.665 Y1.298
G1 X-14.427 Y1.298
G1 X-14.153 Y1.371
G1 X-14.007 Y1.445
G1 X-13.787 Y1.646
G1 X-13.659 Y1.865
G1 X-13.586 Y2.103
G1 X-13.568 Y2.286
G1 X-13.586 Y2.505
G1 X-13.678 Y2.779
G1 X-13.769 Y2.926
G1 X-13.934 Y3.090
G1 X-14.135 Y3.200
G1 X-14.281 Y3.255
G1 X-14.482 Y3.291
G1 X-14.683 Y3.291
G1 X-14.866 Y3.255
M5
G0 X-14.793 Y3.200 F2500
M3 S280
G1 F900
G1 X-14.976 Y3.145
G1 X-15.195 Y3.017
G1 X-15.323 Y2.834
G1 X-15.397 Y2.670
G1 X-15.451 Y2.377
G1 X-15.451 Y2.103
G1 X-15.415 Y1.957
G1 X-15.360 Y1.829
G1 X-15.250 Y1.664
G1 X-15.122 Y1.554
G1 X-14.921 Y1.445
G1 X-14.665 Y1.371
G1 X-14.427 Y1.371
G1 X-14.153 Y1.445
G1 X-13.952 Y1.554
G1 X-13.861 Y1.646
G1 X-13.787 Y1.755
G1 X-13.733 Y1.865
G1 X-13.659 Y2.103
G1 X-13.641 Y2.359
G1 X-13.678 Y2.578
G1 X-13.751 Y2.779
G1 X-13.842 Y2.926
G1 X-13.989 Y3.054
G1 X-14.226 Y3.163
G1 X-14.482 Y3.218
G1 X-14.683 Y3.218
G1 X-14.793 Y3.200
G1 X-14.976 Y3.145
M5
G0 X-14.793 Y3.163 F2500
M3 S280
G1 F900
G1 X-15.049 Y3.072
G1 X-15.141 Y3.017
G1 X-15.232 Y2.926
G1 X-15.360 Y2.670
G1 X-15.397 Y2.523
G1 X-15.397 Y2.450
G1 X-15.360 Y2.542
G1 X-15.305 Y2.615
G1 X-15.159 Y2.761
G1 X-14.939 Y2.889
G1 X-14.775 Y2.926
G1 X-14.519 Y2.926
G1 X-14.409 Y2.907
G1 X-14.098 Y2.816
G1 X-13.989 Y2.743
G1 X-13.787 Y2.542
G1 X-13.696 Y2.359
G1 X-13.714 Y2.158
G1 X-13.769 Y2.048
G1 X-14.025 Y1.792
G1 X-14.281 Y1.701
G1 X-14.391 Y1.682
G1 X-14.574 Y1.682
G1 X-14.793 Y1.719
G1 X-14.994 Y1.792
G1 X-15.086 Y1.847
G1 X-15.360 Y2.121
G1 X-15.415 Y2.249
G1 X-15.415 Y2.377
G1 X-15.415 Y2.103
G1 X-15.378 Y1.957
G1 X-15.323 Y1.829
G1 X-15.214 Y1.664
G1 X-15.067 Y1.554
G1 X-14.921 Y1.481
G1 X-14.665 Y1.408
G1 X-14.427 Y1.408
G1 X-14.153 Y1.481
G1 X-13.952 Y1.591
G1 X-13.897 Y1.646
G1 X-13.769 Y1.865
G1 X-13.696 Y2.103
G1 X-13.678 Y2.286
G1 X-13.696 Y2.505
G1 X-13.787 Y2.779
G1 X-13.879 Y2.926
G1 X-13.989 Y3.017
G1 X-14.135 Y3.090
G1 X-14.281 Y3.145
G1 X-14.482 Y3.182
G1 X-14.683 Y3.182
G1 X-14.793 Y3.163
G1 X-15.049 Y3.072
M5
G0 X-15.141 Y2.871 F2500
M3 S280
G1 F900
G1 X-15.086 Y2.926
G1 X-14.939 Y2.999
G1 X-14.775 Y3.035
G1 X-14.519 Y3.035
G1 X-14.318 Y2.999
G1 X-14.098 Y2.926
G1 X-13.989 Y2.853
G1 X-13.897 Y2.761
G1 X-13.952 Y2.871
G1 X-13.989 Y2.907
G1 X-14.226 Y3.017
G1 X-14.482 Y3.072
G1 X-14.683 Y3.072
G1 X-14.866 Y3.035
G1 X-15.049 Y2.962
G1 X-15.104 Y2.926
G1 X-15.141 Y2.871
G1 X-15.086 Y2.926
M5
G0 X-15.214 Y2.798 F2500
M3 S280
G1 F900
G1 X-15.086 Y2.907
G1 X-14.939 Y2.981
G1 X-14.775 Y3.017
G1 X-14.519 Y3.017
G1 X-14.318 Y2.981
G1 X-14.098 Y2.907
G1 X-13.989 Y2.834
G1 X-13.842 Y2.688
G1 X-13.934 Y2.871
G1 X-13.989 Y2.926
G1 X-14.226 Y3.035
G1 X-14.482 Y3.090
G1 X-14.683 Y3.090
G1 X-14.976 Y3.017
G1 X-15.141 Y2.926
G1 X-15.159 Y2.871
G1 X-15.214 Y2.798
G1 X-15.086 Y2.907
M5
G0 X-15.250 Y2.743 F2500
M3 S280
G1 F900
G1 X-15.086 Y2.889
G1 X-14.939 Y2.962
G1 X-14.775 Y2.999
G1 X-14.519 Y2.999
G1 X-14.318 Y2.962
G1 X-14.098 Y2.889
G1 X-13.989 Y2.816
G1 X-13.806 Y2.633
G1 X-13.861 Y2.779
G1 X-13.915 Y2.871
G1 X-13.989 Y2.944
G1 X-14.226 Y3.054
G1 X-14.482 Y3.109
G1 X-14.683 Y3.109
G1 X-14.976 Y3.035
G1 X-15.159 Y2.926
G1 X-15.250 Y2.743
G1 X-15.086 Y2.889
M5
G0 X-15.305 Y2.670 F2500
M3 S280
G1 F900
G1 X-15.159 Y2.816
G1 X-14.939 Y2.944
G1 X-14.775 Y2.981
G1 X-14.519 Y2.981
G1 X-14.318 Y2.944
G1 X-14.098 Y2.871
G1 X-13.989 Y2.798
G1 X-13.769 Y2.578
G1 X-13.842 Y2.779
G1 X-13.934 Y2.926
G1 X-14.226 Y3.072
G1 X-14.482 Y3.127
G1 X-14.683 Y3.127
G1 X-14.793 Y3.109
G1 X-15.049 Y3.017
G1 X-15.177 Y2.926
G1 X-15.305 Y2.670
G1 X-15.159 Y2.816
M5
G0 X-15.323 Y2.670 F2500
M3 S280
G1 F900
G1 X-15.323 Y2.633
G1 X-15.159 Y2.798
G1 X-14.939 Y2.926
G1 X-14.775 Y2.962
G1 X-14.519 Y2.962
G1 X-14.318 Y2.926
G1 X-14.098 Y2.853
G1 X-13.989 Y2.779
G1 X-13.751 Y2.542
G1 X-13.733 Y2.505
G1 X-13.824 Y2.779
G1 X-13.934 Y2.944
G1 X-14.226 Y3.090
G1 X-14.482 Y3.145
G1 X-14.683 Y3.145
G1 X-14.793 Y3.127
G1 X-15.049 Y3.035
G1 X-15.195 Y2.926
G1 X-15.323 Y2.670
G1 X-15.323 Y2.633
M5
G0 X-15.360 Y2.597 F2500
M3 S280
G1 F900
G1 X-15.360 Y2.560
G1 X-15.159 Y2.779
G1 X-14.939 Y2.907
G1 X-14.775 Y2.944
G1 X-14.519 Y2.944
G1 X-14.318 Y2.907
G1 X-14.098 Y2.834
G1 X-13.989 Y2.761
G1 X-13.769 Y2.542
G1 X-13.714 Y2.432
G1 X-13.733 Y2.578
G1 X-13.806 Y2.779
G1 X-13.934 Y2.962
G1 X-14.226 Y3.109
G1 X-14.482 Y3.163
G1 X-14.683 Y3.163
G1 X-14.793 Y3.145
G1 X-14.976 Y3.090
G1 X-15.141 Y2.999
G1 X-15.214 Y2.926
G1 X-15.269 Y2.834
G1 X-15.360 Y2.597
G1 X-15.360 Y2.560
M5
G0 X-15.342 Y2.542 F2500
M3 S280
G1 F900
G1 X-15.159 Y2.743
G1 X-14.939 Y2.871
G1 X-14.775 Y2.907
G1 X-14.519 Y2.907
G1 X-14.318 Y2.871
G1 X-14.098 Y2.798
G1 X-13.989 Y2.725
G1 X-13.806 Y2.542
G1 X-13.714 Y2.359
G1 X-13.733 Y2.158
G1 X-13.787 Y2.048
G1 X-14.025 Y1.810
G1 X-14.098 Y1.774
G1 X-14.391 Y1.701
G1 X-14.574 Y1.701
G1 X-14.793 Y1.737
G1 X-14.994 Y1.810
G1 X-15.086 Y1.865
G1 X-15.342 Y2.121
G1 X-15.397 Y2.249
G1 X-15.397 Y2.432
G1 X-15.342 Y2.542
G1 X-15.159 Y2.743
M5
G0 X-15.305 Y2.432 F2500
M3 S280
G1 F900
G1 X-15.250 Y2.542
G1 X-15.159 Y2.651
G1 X-14.939 Y2.779
G1 X-14.775 Y2.816
G1 X-14.519 Y2.816
G1 X-14.190 Y2.743
G1 X-14.098 Y2.706
G1 X-13.989 Y2.633
G1 X-13.897 Y2.542
G1 X-13.824 Y2.414
G1 X-13.806 Y2.359
G1 X-13.806 Y2.249
G1 X-13.824 Y2.158
G1 X-13.879 Y2.048
G1 X-14.025 Y1.902
G1 X-14.281 Y1.810
G1 X-14.391 Y1.792
G1 X-14.574 Y1.792
G1 X-14.793 Y1.829
G1 X-14.994 Y1.902
G1 X-15.086 Y1.957
G1 X-15.250 Y2.121
G1 X-15.305 Y2.249
G1 X-15.305 Y2.432
G1 X-15.250 Y2.542
M5
G0 X-15.323 Y2.432 F2500
M3 S280
G1 F900
G1 X-15.214 Y2.615
G1 X-15.086 Y2.725
G1 X-14.939 Y2.798
G1 X-14.775 Y2.834
G1 X-14.519 Y2.834
G1 X-14.190 Y2.761
G1 X-14.098 Y2.725
G1 X-13.989 Y2.651
G1 X-13.842 Y2.487
G1 X-13.787 Y2.359
G1 X-13.787 Y2.249
G1 X-13.806 Y2.158
G1 X-13.861 Y2.048
G1 X-14.025 Y1.883
G1 X-14.281 Y1.792
G1 X-14.391 Y1.774
G1 X-14.574 Y1.774
G1 X-14.793 Y1.810
G1 X-14.994 Y1.883
G1 X-15.086 Y1.938
G1 X-15.269 Y2.121
G1 X-15.323 Y2.249
G1 X-15.323 Y2.432
G1 X-15.214 Y2.615
M5
G0 X-15.342 Y2.432 F2500
M3 S280
G1 F900
G1 X-15.232 Y2.615
G1 X-15.086 Y2.743
G1 X-14.939 Y2.816
G1 X-14.775 Y2.853
G1 X-14.519 Y2.853
G1 X-14.190 Y2.779
G1 X-14.098 Y2.743
G1 X-13.989 Y2.670
G1 X-13.824 Y2.487
G1 X-13.769 Y2.359
G1 X-13.769 Y2.249
G1 X-13.787 Y2.158
G1 X-13.842 Y2.048
G1 X-14.025 Y1.865
G1 X-14.281 Y1.774
G1 X-14.391 Y1.755
G1 X-14.574 Y1.755
G1 X-14.793 Y1.792
G1 X-14.994 Y1.865
G1 X-15.086 Y1.920
G1 X-15.287 Y2.121
G1 X-15.342 Y2.249
G1 X-15.342 Y2.432
G1 X-15.232 Y2.615
M5
G0 X-15.360 Y2.432 F2500
M3 S280
G1 F900
G1 X-15.250 Y2.615
G1 X-15.086 Y2.761
G1 X-14.939 Y2.834
G1 X-14.775 Y2.871
G1 X-14.519 Y2.871
G1 X-14.190 Y2.798
G1 X-14.098 Y2.761
G1 X-13.989 Y2.688
G1 X-13.806 Y2.487
G1 X-13.751 Y2.359
G1 X-13.751 Y2.249
G1 X-13.769 Y2.158
G1 X-13.824 Y2.048
G1 X-14.025 Y1.847
G1 X-14.281 Y1.755
G1 X-14.391 Y1.737
G1 X-14.574 Y1.737
G1 X-14.793 Y1.774
G1 X-14.994 Y1.847
G1 X-15.086 Y1.902
G1 X-15.305 Y2.121
G1 X-15.360 Y2.249
G1 X-15.360 Y2.432
G1 X-15.250 Y2.615
M5
G0 X-15.378 Y2.432 F2500
M3 S280
G1 F900
G1 X-15.269 Y2.615
G1 X-15.086 Y2.779
G1 X-14.939 Y2.853
G1 X-14.775 Y2.889
G1 X-14.519 Y2.889
G1 X-14.190 Y2.816
G1 X-14.098 Y2.779
G1 X-13.989 Y2.706
G1 X-13.787 Y2.487
G1 X-13.733 Y2.359
G1 X-13.733 Y2.249
G1 X-13.751 Y2.158
G1 X-13.806 Y2.048
G1 X-14.025 Y1.829
G1 X-14.281 Y1.737
G1 X-14.391 Y1.719
G1 X-14.574 Y1.719
G1 X-14.793 Y1.755
G1 X-14.994 Y1.829
G1 X-15.086 Y1.883
G1 X-15.323 Y2.121
G1 X-15.378 Y2.249
G1 X-15.378 Y2.432
G1 X-15.269 Y2.615
M5
G0 X-15.397 Y2.176 F2500
M3 S280
G1 F900
G1 X-15.397 Y2.103
G1 X-15.360 Y1.957
G1 X-15.305 Y1.829
G1 X-15.195 Y1.664
G1 X-15.067 Y1.573
G1 X-14.921 Y1.499
G1 X-14.665 Y1.426
G1 X-14.427 Y1.426
G1 X-14.153 Y1.499
G1 X-13.952 Y1.609
G1 X-13.842 Y1.755
G1 X-13.787 Y1.865
G1 X-13.733 Y2.030
G1 X-13.733 Y2.085
G1 X-13.714 Y2.103
G1 X-13.714 Y2.139
G1 X-13.751 Y2.048
G1 X-14.025 Y1.774
G1 X-14.281 Y1.682
G1 X-14.391 Y1.664
G1 X-14.574 Y1.664
G1 X-14.793 Y1.701
G1 X-15.031 Y1.792
G1 X-15.086 Y1.829
G1 X-15.378 Y2.121
G1 X-15.397 Y2.176
G1 X-15.397 Y2.103
M5
G0 X-15.378 Y2.103 F2500
M3 S280
G1 F900
G1 X-15.342 Y1.957
G1 X-15.287 Y1.829
G1 X-15.232 Y1.737
G1 X-15.122 Y1.627
G1 X-14.921 Y1.518
G1 X-14.665 Y1.445
G1 X-14.427 Y1.445
G1 X-14.153 Y1.518
G1 X-14.007 Y1.591
G1 X-13.934 Y1.646
G1 X-13.861 Y1.755
G1 X-13.751 Y2.030
G1 X-14.025 Y1.755
G1 X-14.098 Y1.719
G1 X-14.391 Y1.646
G1 X-14.574 Y1.646
G1 X-14.793 Y1.682
G1 X-15.031 Y1.774
G1 X-15.086 Y1.810
G1 X-15.378 Y2.103
G1 X-15.342 Y1.957
M5
G0 X-15.305 Y1.993 F2500
M3 S280
G1 F900
G1 X-15.305 Y1.957
G1 X-15.269 Y1.902
G1 X-15.250 Y1.829
G1 X-15.195 Y1.737
G1 X-15.122 Y1.664
G1 X-14.921 Y1.554
G1 X-14.665 Y1.481
G1 X-14.427 Y1.481
G1 X-14.153 Y1.554
G1 X-14.007 Y1.627
G1 X-13.897 Y1.755
G1 X-13.824 Y1.920
G1 X-14.025 Y1.719
G1 X-14.098 Y1.682
G1 X-14.391 Y1.609
G1 X-14.574 Y1.609
G1 X-14.793 Y1.646
G1 X-15.031 Y1.737
G1 X-15.305 Y1.993
G1 X-15.305 Y1.957
M5
G0 X-15.287 Y1.957 F2500
M3 S280
G1 F900
G1 X-15.232 Y1.829
G1 X-15.122 Y1.682
G1 X-14.921 Y1.573
G1 X-14.665 Y1.499
G1 X-14.427 Y1.499
G1 X-14.153 Y1.573
G1 X-14.007 Y1.646
G1 X-13.952 Y1.701
G1 X-13.861 Y1.865
G1 X-14.025 Y1.701
G1 X-14.098 Y1.664
G1 X-14.391 Y1.591
G1 X-14.574 Y1.591
G1 X-14.793 Y1.627
G1 X-15.031 Y1.719
G1 X-15.287 Y1.957
G1 X-15.232 Y1.829
M5
G0 X-15.232 Y1.883 F2500
M3 S280
G1 F900
G1 X-15.159 Y1.737
G1 X-15.067 Y1.664
G1 X-14.921 Y1.591
G1 X-14.665 Y1.518
G1 X-14.427 Y1.518
G1 X-14.153 Y1.591
G1 X-14.007 Y1.664
G1 X-13.915 Y1.792
G1 X-14.025 Y1.682
G1 X-14.098 Y1.646
G1 X-14.391 Y1.573
G1 X-14.574 Y1.573
G1 X-14.793 Y1.609
G1 X-14.994 Y1.682
G1 X-15.086 Y1.737
G1 X-15.232 Y1.883
G1 X-15.159 Y1.737
M5
G0 X-15.342 Y2.048 F2500
M3 S280
G1 F900
G1 X-15.323 Y1.957
G1 X-15.269 Y1.829
G1 X-15.214 Y1.737
G1 X-15.122 Y1.646
G1 X-14.921 Y1.536
G1 X-14.665 Y1.463
G1 X-14.427 Y1.463
G1 X-14.153 Y1.536
G1 X-13.952 Y1.646
G1 X-13.879 Y1.755
G1 X-13.787 Y1.975
G1 X-14.025 Y1.737
G1 X-14.098 Y1.701
G1 X-14.391 Y1.627
G1 X-14.574 Y1.627
G1 X-14.793 Y1.664
G1 X-15.031 Y1.755
G1 X-15.342 Y2.048
G1 X-15.323 Y1.957
M5
G0 X-15.305 Y0.823 F2500
M3 S280
G1 F900
G1 X-15.506 Y0.805
G1 X-15.506 Y0.713
G1 X-15.543 Y0.549
G1 X-15.525 Y0.603
G1 X-15.305 Y0.823
G1 X-15.506 Y0.805
M5
G0 X-15.378 Y0.786 F2500
M3 S280
G1 F900
G1 X-15.470 Y0.768
G1 X-15.488 Y0.677
G1 X-15.378 Y0.786
G1 X-15.470 Y0.768
M5
G0 X-15.342 Y0.805 F2500
M3 S280
G1 F900
G1 X-15.378 Y0.805
G1 X-15.397 Y0.786
G1 X-15.488 Y0.786
G1 X-15.506 Y0.640
G1 X-15.342 Y0.805
G1 X-15.378 Y0.805
M5
G0 X-15.506 Y0.000 F2500
M3 S280
G1 F900
G1 X-15.470 Y-0.146
G1 X-15.378 Y-0.329
G1 X-15.287 Y-0.439
G1 X-15.104 Y-0.549
G1 X-14.866 Y-0.622
G1 X-14.482 Y-0.622
G1 X-14.281 Y-0.567
G1 X-14.135 Y-0.494
G1 X-14.062 Y-0.439
G1 X-13.989 Y-0.329
G1 X-13.879 Y-0.055
G1 X-13.879 Y0.000
G1 X-14.171 Y-0.293
G1 X-14.263 Y-0.347
G1 X-14.501 Y-0.421
G1 X-14.885 Y-0.421
G1 X-15.104 Y-0.347
G1 X-15.232 Y-0.274
G1 X-15.506 Y0.000
G1 X-15.470 Y-0.146
M5
G0 X-15.415 Y-0.146 F2500
M3 S280
G1 F900
G1 X-15.287 Y-0.384
G1 X-15.104 Y-0.494
G1 X-14.866 Y-0.567
G1 X-14.482 Y-0.567
G1 X-14.281 Y-0.512
G1 X-14.135 Y-0.439
G1 X-14.080 Y-0.384
G1 X-14.007 Y-0.256
G1 X-14.007 Y-0.219
G1 X-13.970 Y-0.146
G1 X-14.171 Y-0.347
G1 X-14.263 Y-0.402
G1 X-14.501 Y-0.475
G1 X-14.885 Y-0.475
G1 X-15.013 Y-0.439
G1 X-15.232 Y-0.329
G1 X-15.415 Y-0.146
G1 X-15.287 Y-0.384
M5
G0 X-15.451 Y-0.091 F2500
M3 S280
G1 F900
G1 X-15.342 Y-0.329
G1 X-15.287 Y-0.402
G1 X-15.104 Y-0.512
G1 X-14.866 Y-0.585
G1 X-14.482 Y-0.585
G1 X-14.281 Y-0.530
G1 X-14.135 Y-0.457
G1 X-14.025 Y-0.329
G1 X-13.934 Y-0.091
G1 X-14.171 Y-0.329
G1 X-14.263 Y-0.384
G1 X-14.501 Y-0.457
G1 X-14.885 Y-0.457
G1 X-15.013 Y-0.421
G1 X-15.232 Y-0.311
G1 X-15.451 Y-0.091
G1 X-15.342 Y-0.329
M5
G0 X-14.464 Y0.677 F2500
M3 S280
G1 F900
G1 X-14.409 Y0.713
G1 X-14.080 Y0.713
G1 X-14.025 Y0.695
G1 X-13.970 Y0.640
G1 X-14.007 Y0.731
G1 X-14.391 Y0.731
G1 X-14.446 Y0.768
G1 X-14.464 Y0.677
G1 X-14.409 Y0.713
M5
G0 X-14.464 Y0.786 F2500
M3 S280
G1 F900
G1 X-14.482 Y0.640
G1 X-14.409 Y0.695
G1 X-14.080 Y0.695
G1 X-14.025 Y0.677
G1 X-13.952 Y0.603
G1 X-13.952 Y0.658
G1 X-13.989 Y0.750
G1 X-14.391 Y0.750
G1 X-14.464 Y0.786
G1 X-14.482 Y0.640
M5
G0 X-14.482 Y0.823 F2500
M3 S280
G1 F900
G1 X-14.501 Y0.603
G1 X-14.409 Y0.677
G1 X-14.080 Y0.677
G1 X-14.025 Y0.658
G1 X-13.915 Y0.549
G1 X-13.970 Y0.768
G1 X-14.391 Y0.768
G1 X-14.482 Y0.823
G1 X-14.501 Y0.603
M5
G0 X-14.501 Y0.859 F2500
M3 S280
G1 F900
G1 X-14.519 Y0.567
G1 X-14.409 Y0.658
G1 X-14.080 Y0.658
G1 X-14.025 Y0.640
G1 X-13.897 Y0.512
G1 X-13.952 Y0.786
G1 X-14.391 Y0.786
G1 X-14.501 Y0.859
G1 X-14.519 Y0.567
M5
G0 X-14.519 Y0.896 F2500
M3 S280
G1 F900
G1 X-14.537 Y0.530
G1 X-14.409 Y0.640
G1 X-14.080 Y0.640
G1 X-14.025 Y0.622
G1 X-13.861 Y0.457
G1 X-13.897 Y0.658
G1 X-13.952 Y0.805
G1 X-14.391 Y0.805
G1 X-14.464 Y0.841
G1 X-14.519 Y0.896
G1 X-14.537 Y0.530
M5
G0 X-14.537 Y0.933 F2500
M3 S280
G1 F900
G1 X-14.555 Y0.494
G1 X-14.409 Y0.622
G1 X-14.080 Y0.622
G1 X-14.025 Y0.603
G1 X-13.842 Y0.421
G1 X-13.879 Y0.658
G1 X-13.915 Y0.731
G1 X-13.934 Y0.823
G1 X-14.391 Y0.823
G1 X-14.464 Y0.859
G1 X-14.537 Y0.933
G1 X-14.555 Y0.494
M5
G0 X-13.915 Y0.841 F2500
M3 S280
G1 F900
G1 X-14.391 Y0.841
G1 X-14.464 Y0.878
G1 X-14.555 Y0.969
G1 X-14.574 Y0.457
G1 X-14.409 Y0.603
G1 X-14.080 Y0.603
G1 X-14.025 Y0.585
G1 X-13.842 Y0.402
G1 X-13.824 Y0.347
G1 X-13.842 Y0.146
G1 X-13.897 Y0.018
G1 X-14.171 Y-0.256
G1 X-14.263 Y-0.311
G1 X-14.501 Y-0.384
G1 X-14.885 Y-0.384
G1 X-15.104 Y-0.311
G1 X-15.232 Y-0.238
G1 X-15.488 Y0.018
G1 X-15.543 Y0.128
G1 X-15.579 Y0.274
G1 X-15.561 Y0.494
G1 X-15.506 Y0.603
G1 X-15.287 Y0.823
G1 X-15.195 Y0.859
G1 X-15.378 Y0.841
G1 X-15.525 Y0.805
G1 X-15.579 Y0.402
G1 X-15.561 Y0.073
G1 X-15.506 Y-0.146
G1 X-15.378 Y-0.384
G1 X-15.287 Y-0.475
G1 X-15.177 Y-0.549
G1 X-15.013 Y-0.622
G1 X-14.866 Y-0.658
G1 X-14.482 Y-0.658
G1 X-14.281 Y-0.603
G1 X-14.062 Y-0.475
G1 X-13.915 Y-0.256
G1 X-13.824 Y0.037
G1 X-13.824 Y0.457
G1 X-13.861 Y0.658
G1 X-13.897 Y0.731
G1 X-13.915 Y0.841
G1 X-14.391 Y0.841
M5
G0 X-13.915 Y0.859 F2500
M3 S280
G1 F900
G1 X-14.391 Y0.859
G1 X-14.464 Y0.896
G1 X-14.574 Y1.006
G1 X-14.592 Y0.402
G1 X-14.592 Y0.421
G1 X-14.409 Y0.585
G1 X-14.080 Y0.585
G1 X-14.025 Y0.567
G1 X-13.861 Y0.402
G1 X-13.842 Y0.347
G1 X-13.861 Y0.146
G1 X-13.915 Y0.018
G1 X-14.171 Y-0.238
G1 X-14.263 Y-0.293
G1 X-14.501 Y-0.366
G1 X-14.885 Y-0.366
G1 X-15.013 Y-0.329
G1 X-15.232 Y-0.219
G1 X-15.470 Y0.018
G1 X-15.525 Y0.128
G1 X-15.561 Y0.274
G1 X-15.543 Y0.494
G1 X-15.488 Y0.603
G1 X-15.287 Y0.805
G1 X-15.177 Y0.841
G1 X-15.195 Y0.878
G1 X-15.397 Y0.841
G1 X-15.506 Y0.841
G1 X-15.543 Y0.805
G1 X-15.543 Y0.713
G1 X-15.579 Y0.585
G1 X-15.598 Y0.238
G1 X-15.543 Y-0.091
G1 X-15.397 Y-0.384
G1 X-15.287 Y-0.494
G1 X-15.177 Y-0.567
G1 X-15.013 Y-0.640
G1 X-14.866 Y-0.677
G1 X-14.482 Y-0.677
G1 X-14.281 Y-0.622
G1 X-14.062 Y-0.494
G1 X-14.007 Y-0.439
G1 X-13.897 Y-0.256
G1 X-13.806 Y0.037
G1 X-13.806 Y0.457
G1 X-13.842 Y0.658
G1 X-13.915 Y0.859
G1 X-14.391 Y0.859
M5
G0 X-13.897 Y0.878 F2500
M3 S280
G1 F900
G1 X-14.391 Y0.878
G1 X-14.464 Y0.914
G1 X-14.555 Y1.024
G1 X-14.592 Y1.024
G1 X-14.592 Y0.713
G1 X-14.610 Y0.695
G1 X-14.592 Y0.329
G1 X-14.574 Y0.421
G1 X-14.409 Y0.567
G1 X-14.080 Y0.567
G1 X-14.025 Y0.549
G1 X-13.879 Y0.402
G1 X-13.861 Y0.347
G1 X-13.879 Y0.146
G1 X-13.934 Y0.018
G1 X-14.171 Y-0.219
G1 X-14.263 Y-0.274
G1 X-14.501 Y-0.347
G1 X-14.885 Y-0.347
G1 X-15.013 Y-0.311
G1 X-15.232 Y-0.201
G1 X-15.451 Y0.018
G1 X-15.506 Y0.128
G1 X-15.543 Y0.274
G1 X-15.525 Y0.494
G1 X-15.470 Y0.603
G1 X-15.287 Y0.786
G1 X-15.159 Y0.823
G1 X-15.159 Y0.878
G1 X-15.250 Y0.896
G1 X-15.378 Y0.878
G1 X-15.397 Y0.859
G1 X-15.506 Y0.859
G1 X-15.543 Y0.841
G1 X-15.598 Y0.585
G1 X-15.616 Y0.238
G1 X-15.561 Y-0.091
G1 X-15.415 Y-0.384
G1 X-15.287 Y-0.512
G1 X-15.177 Y-0.585
G1 X-15.013 Y-0.658
G1 X-14.866 Y-0.695
G1 X-14.482 Y-0.695
G1 X-14.281 Y-0.640
G1 X-14.062 Y-0.512
G1 X-13.989 Y-0.439
G1 X-13.915 Y-0.329
G1 X-13.842 Y-0.165
G1 X-13.787 Y0.037
G1 X-13.787 Y0.457
G1 X-13.824 Y0.658
G1 X-13.897 Y0.878
G1 X-14.391 Y0.878
M5
G0 X-13.879 Y0.878 F2500
M3 S280
G1 F900
G1 X-14.391 Y0.896
G1 X-14.464 Y0.933
G1 X-14.537 Y1.024
G1 X-14.610 Y1.042
G1 X-14.610 Y0.713
G1 X-14.629 Y0.695
G1 X-14.574 Y0.329
G1 X-14.555 Y0.421
G1 X-14.409 Y0.549
G1 X-14.080 Y0.549
G1 X-14.025 Y0.530
G1 X-13.897 Y0.402
G1 X-13.879 Y0.347
G1 X-13.897 Y0.146
G1 X-13.952 Y0.018
G1 X-14.171 Y-0.201
G1 X-14.263 Y-0.256
G1 X-14.501 Y-0.329
G1 X-14.885 Y-0.329
G1 X-15.013 Y-0.293
G1 X-15.232 Y-0.183
G1 X-15.433 Y0.018
G1 X-15.488 Y0.128
G1 X-15.525 Y0.274
G1 X-15.506 Y0.494
G1 X-15.451 Y0.603
G1 X-15.287 Y0.768
G1 X-15.195 Y0.805
G1 X-15.141 Y0.805
G1 X-15.141 Y0.896
G1 X-15.250 Y0.914
G1 X-15.561 Y0.859
G1 X-15.616 Y0.585
G1 X-15.634 Y0.238
G1 X-15.579 Y-0.091
G1 X-15.433 Y-0.384
G1 X-15.287 Y-0.530
G1 X-15.177 Y-0.603
G1 X-15.013 Y-0.677
G1 X-14.866 Y-0.713
G1 X-14.482 Y-0.713
G1 X-14.281 Y-0.658
G1 X-14.062 Y-0.530
G1 X-13.970 Y-0.439
G1 X-13.897 Y-0.329
G1 X-13.824 Y-0.165
G1 X-13.769 Y0.037
G1 X-13.769 Y0.457
G1 X-13.806 Y0.658
G1 X-13.879 Y0.878
G1 X-14.391 Y0.896
M5
G0 X-13.879 Y0.914 F2500
M3 S280
G1 F900
G1 X-14.391 Y0.914
G1 X-14.464 Y0.951
G1 X-14.519 Y1.006
G1 X-14.537 Y1.061
G1 X-14.629 Y1.061
G1 X-14.647 Y0.311
G1 X-14.574 Y0.293
G1 X-14.537 Y0.421
G1 X-14.409 Y0.530
G1 X-14.080 Y0.530
G1 X-14.025 Y0.512
G1 X-13.915 Y0.402
G1 X-13.897 Y0.347
G1 X-13.915 Y0.146
G1 X-13.970 Y0.018
G1 X-14.171 Y-0.183
G1 X-14.263 Y-0.238
G1 X-14.501 Y-0.311
G1 X-14.885 Y-0.311
G1 X-15.013 Y-0.274
G1 X-15.232 Y-0.165
G1 X-15.415 Y0.018
G1 X-15.470 Y0.128
G1 X-15.506 Y0.274
G1 X-15.488 Y0.494
G1 X-15.433 Y0.603
G1 X-15.287 Y0.750
G1 X-15.122 Y0.805
G1 X-15.122 Y0.914
G1 X-15.250 Y0.933
G1 X-15.378 Y0.914
G1 X-15.397 Y0.896
G1 X-15.579 Y0.878
G1 X-15.653 Y0.402
G1 X-15.634 Y0.073
G1 X-15.579 Y-0.146
G1 X-15.488 Y-0.329
G1 X-15.378 Y-0.475
G1 X-15.177 Y-0.622
G1 X-15.013 Y-0.695
G1 X-14.866 Y-0.731
G1 X-14.482 Y-0.731
G1 X-14.281 Y-0.677
G1 X-14.062 Y-0.549
G1 X-13.952 Y-0.439
G1 X-13.879 Y-0.329
G1 X-13.806 Y-0.165
G1 X-13.751 Y0.037
G1 X-13.751 Y0.457
G1 X-13.787 Y0.658
G1 X-13.879 Y0.914
G1 X-14.391 Y0.914
M5
G0 X-13.861 Y0.914 F2500
M3 S280
G1 F900
G1 X-14.391 Y0.933
G1 X-14.464 Y0.969
G1 X-14.501 Y1.006
G1 X-14.519 Y1.061
G1 X-14.647 Y1.079
G1 X-14.665 Y0.293
G1 X-14.555 Y0.274
G1 X-14.519 Y0.421
G1 X-14.409 Y0.512
G1 X-14.080 Y0.512
G1 X-14.025 Y0.494
G1 X-13.934 Y0.402
G1 X-13.915 Y0.347
G1 X-13.934 Y0.146
G1 X-13.989 Y0.018
G1 X-14.171 Y-0.165
G1 X-14.263 Y-0.219
G1 X-14.501 Y-0.293
G1 X-14.885 Y-0.293
G1 X-15.013 Y-0.256
G1 X-15.232 Y-0.146
G1 X-15.397 Y0.018
G1 X-15.451 Y0.128
G1 X-15.488 Y0.274
G1 X-15.470 Y0.494
G1 X-15.415 Y0.603
G1 X-15.287 Y0.731
G1 X-15.195 Y0.768
G1 X-15.122 Y0.768
G1 X-15.104 Y0.805
G1 X-15.104 Y0.933
G1 X-15.250 Y0.951
G1 X-15.506 Y0.914
G1 X-15.598 Y0.878
G1 X-15.671 Y0.402
G1 X-15.653 Y0.073
G1 X-15.598 Y-0.146
G1 X-15.506 Y-0.329
G1 X-15.397 Y-0.475
G1 X-15.177 Y-0.640
G1 X-15.013 Y-0.713
G1 X-14.866 Y-0.750
G1 X-14.482 Y-0.750
G1 X-14.281 Y-0.695
G1 X-14.062 Y-0.567
G1 X-13.934 Y-0.439
G1 X-13.861 Y-0.329
G1 X-13.787 Y-0.165
G1 X-13.733 Y0.037
G1 X-13.733 Y0.457
G1 X-13.769 Y0.658
G1 X-13.861 Y0.914
G1 X-14.391 Y0.933
M5
G0 X-13.861 Y0.951 F2500
M3 S280
G1 F900
G1 X-14.391 Y0.951
G1 X-14.464 Y0.987
G1 X-14.537 Y1.097
G1 X-14.665 Y1.097
G1 X-14.665 Y0.713
G1 X-14.683 Y0.695
G1 X-14.665 Y0.274
G1 X-14.610 Y0.256
G1 X-14.537 Y0.274
G1 X-14.501 Y0.421
G1 X-14.409 Y0.494
G1 X-14.080 Y0.494
G1 X-14.025 Y0.475
G1 X-13.952 Y0.402
G1 X-13.934 Y0.347
G1 X-13.952 Y0.146
G1 X-14.007 Y0.018
G1 X-14.171 Y-0.146
G1 X-14.263 Y-0.201
G1 X-14.501 Y-0.274
G1 X-14.885 Y-0.274
G1 X-14.958 Y-0.256
G1 X-15.177 Y-0.165
G1 X-15.378 Y0.018
G1 X-15.433 Y0.128
G1 X-15.470 Y0.274
G1 X-15.451 Y0.494
G1 X-15.397 Y0.603
G1 X-15.287 Y0.713
G1 X-15.104 Y0.768
G1 X-15.086 Y0.805
G1 X-15.104 Y0.951
G1 X-15.250 Y0.969
G1 X-15.579 Y0.914
G1 X-15.616 Y0.878
G1 X-15.671 Y0.585
G1 X-15.689 Y0.402
G1 X-15.671 Y0.073
G1 X-15.616 Y-0.146
G1 X-15.525 Y-0.329
G1 X-15.415 Y-0.475
G1 X-15.177 Y-0.658
G1 X-15.013 Y-0.731
G1 X-14.866 Y-0.768
G1 X-14.482 Y-0.768
G1 X-14.281 Y-0.713
G1 X-14.062 Y-0.585
G1 X-13.915 Y-0.439
G1 X-13.842 Y-0.329
G1 X-13.769 Y-0.165
G1 X-13.714 Y0.037
G1 X-13.714 Y0.457
G1 X-13.787 Y0.786
G1 X-13.861 Y0.951
G1 X-14.391 Y0.951
M5
G0 X-13.842 Y0.128 F2500
M3 S280
G1 F900
G1 X-13.842 Y0.091
G1 X-13.879 Y0.018
G1 X-14.171 Y-0.274
G1 X-14.263 Y-0.329
G1 X-14.501 Y-0.402
G1 X-14.885 Y-0.402
G1 X-15.104 Y-0.329
G1 X-15.232 Y-0.256
G1 X-15.506 Y0.018
G1 X-15.543 Y0.110
G1 X-15.543 Y0.073
G1 X-15.525 Y0.055
G1 X-15.525 Y-0.018
G1 X-15.488 Y-0.146
G1 X-15.397 Y-0.329
G1 X-15.287 Y-0.457
G1 X-15.104 Y-0.567
G1 X-14.866 Y-0.640
G1 X-14.482 Y-0.640
G1 X-14.281 Y-0.585
G1 X-14.135 Y-0.512
G1 X-14.043 Y-0.439
G1 X-13.970 Y-0.329
G1 X-13.897 Y-0.165
G1 X-13.842 Y0.037
G1 X-13.842 Y0.128
G1 X-13.842 Y0.091
M5
G0 X-13.897 Y-0.037 F2500
M3 S280
G1 F900
G1 X-14.171 Y-0.311
G1 X-14.263 Y-0.366
G1 X-14.501 Y-0.439
G1 X-14.885 Y-0.439
G1 X-15.013 Y-0.402
G1 X-15.232 Y-0.293
G1 X-15.470 Y-0.055
G1 X-15.470 Y-0.091
G1 X-15.323 Y-0.384
G1 X-15.177 Y-0.494
G1 X-15.013 Y-0.567
G1 X-14.866 Y-0.603
G1 X-14.482 Y-0.603
G1 X-14.281 Y-0.549
G1 X-14.135 Y-0.475
G1 X-14.007 Y-0.329
G1 X-13.897 Y-0.037
G1 X-14.171 Y-0.311
M5
G0 X-14.007 Y-0.201 F2500
M3 S280
G1 F900
G1 X-14.171 Y-0.366
G1 X-14.263 Y-0.421
G1 X-14.501 Y-0.494
G1 X-14.885 Y-0.494
G1 X-14.958 Y-0.475
G1 X-15.177 Y-0.384
G1 X-15.360 Y-0.219
G1 X-15.305 Y-0.329
G1 X-15.232 Y-0.402
G1 X-15.013 Y-0.512
G1 X-14.866 Y-0.549
G1 X-14.482 Y-0.549
G1 X-14.281 Y-0.494
G1 X-14.135 Y-0.421
G1 X-14.062 Y-0.329
G1 X-14.007 Y-0.201
G1 X-14.171 Y-0.366
M5
G0 X-14.793 Y3.182 F2500
M3 S280
G1 F900
G1 X-14.976 Y3.127
G1 X-15.195 Y2.999
G1 X-15.342 Y2.761
G1 X-15.415 Y2.523
G1 X-15.433 Y2.377
G1 X-15.433 Y2.103
G1 X-15.397 Y1.957
G1 X-15.342 Y1.829
G1 X-15.232 Y1.664
G1 X-15.067 Y1.536
G1 X-14.921 Y1.463
G1 X-14.665 Y1.390
G1 X-14.427 Y1.390
G1 X-14.153 Y1.463
G1 X-13.952 Y1.573
G1 X-13.879 Y1.646
G1 X-13.751 Y1.865
G1 X-13.678 Y2.103
G1 X-13.659 Y2.286
G1 X-13.678 Y2.505
G1 X-13.769 Y2.779
G1 X-13.861 Y2.926
G1 X-13.934 Y2.999
G1 X-14.135 Y3.109
G1 X-14.281 Y3.163
G1 X-14.482 Y3.200
G1 X-14.683 Y3.200
G1 X-14.793 Y3.182
G1 X-14.976 Y3.127
M5
G0 X-14.683 Y3.237 F2500
M3 S280
G1 F900
G1 X-14.866 Y3.200
G1 X-15.049 Y3.127
G1 X-15.195 Y3.035
G1 X-15.287 Y2.926
G1 X-15.378 Y2.761
G1 X-15.451 Y2.523
G1 X-15.470 Y2.377
G1 X-15.470 Y2.103
G1 X-15.433 Y1.957
G1 X-15.323 Y1.737
G1 X-15.269 Y1.664
G1 X-15.122 Y1.536
G1 X-14.921 Y1.426
G1 X-14.665 Y1.353
G1 X-14.427 Y1.353
G1 X-14.153 Y1.426
G1 X-13.952 Y1.536
G1 X-13.842 Y1.646
G1 X-13.714 Y1.865
G1 X-13.641 Y2.103
G1 X-13.623 Y2.286
G1 X-13.641 Y2.505
G1 X-13.733 Y2.779
G1 X-13.824 Y2.926
G1 X-13.934 Y3.035
G1 X-14.135 Y3.145
G1 X-14.281 Y3.200
G1 X-14.482 Y3.237
G1 X-14.683 Y3.237
G1 X-14.866 Y3.200
M5
G0 X-14.683 Y3.255 F2500
M3 S280
G1 F900
G1 X-14.866 Y3.218
G1 X-15.049 Y3.145
G1 X-15.195 Y3.054
G1 X-15.305 Y2.926
G1 X-15.397 Y2.761
G1 X-15.470 Y2.523
G1 X-15.488 Y2.377
G1 X-15.488 Y2.103
G1 X-15.451 Y1.957
G1 X-15.342 Y1.737
G1 X-15.287 Y1.664
G1 X-15.122 Y1.518
G1 X-14.921 Y1.408
G1 X-14.665 Y1.335
G1 X-14.427 Y1.335
G1 X-14.153 Y1.408
G1 X-14.007 Y1.481
G1 X-13.824 Y1.646
G1 X-13.696 Y1.865
G1 X-13.623 Y2.103
G1 X-13.605 Y2.286
G1 X-13.623 Y2.505
G1 X-13.714 Y2.779
G1 X-13.806 Y2.926
G1 X-13.934 Y3.054
G1 X-14.135 Y3.163
G1 X-14.281 Y3.218
G1 X-14.482 Y3.255
G1 X-14.683 Y3.255
G1 X-14.866 Y3.218
M5
G0 X-14.683 Y3.273 F2500
M3 S280
G1 F900
G1 X-14.866 Y3.237
G1 X-15.049 Y3.163
G1 X-15.195 Y3.072
G1 X-15.323 Y2.926
G1 X-15.415 Y2.761
G1 X-15.488 Y2.523
G1 X-15.506 Y2.377
G1 X-15.506 Y2.103
G1 X-15.470 Y1.957
G1 X-15.360 Y1.737
G1 X-15.305 Y1.664
G1 X-15.122 Y1.499
G1 X-14.921 Y1.390
G1 X-14.665 Y1.317
G1 X-14.427 Y1.317
G1 X-14.153 Y1.390
G1 X-14.007 Y1.463
G1 X-13.806 Y1.646
G1 X-13.678 Y1.865
G1 X-13.605 Y2.103
G1 X-13.586 Y2.286
G1 X-13.605 Y2.505
G1 X-13.696 Y2.779
G1 X-13.787 Y2.926
G1 X-13.934 Y3.072
G1 X-14.135 Y3.182
G1 X-14.281 Y3.237
G1 X-14.482 Y3.273
G1 X-14.683 Y3.273
G1 X-14.866 Y3.237
M5
G0 X-13.495 Y4.078 F2500
M3 S280
G1 F900
G1 X-13.678 Y4.224
G1 X-13.714 Y4.224
G1 X-13.879 Y4.059
G1 X-14.171 Y4.041
G1 X-14.336 Y4.005
G1 X-14.738 Y3.968
G1 X-14.903 Y3.968
G1 X-14.939 Y4.005
G1 X-14.958 Y3.950
G1 X-14.757 Y3.950
G1 X-14.738 Y3.968
G1 X-14.299 Y3.986
G1 X-13.495 Y4.078
G1 X-13.678 Y4.224
M5
G0 X-13.458 Y4.059 F2500
M3 S280
G1 F900
G1 X-13.678 Y4.242
G1 X-13.714 Y4.242
G1 X-13.879 Y4.078
G1 X-14.171 Y4.059
G1 X-14.336 Y4.023
G1 X-14.738 Y3.986
G1 X-14.903 Y3.986
G1 X-14.958 Y4.041
G1 X-14.994 Y3.913
G1 X-14.958 Y3.931
G1 X-14.299 Y3.968
G1 X-13.751 Y4.023
G1 X-13.733 Y4.041
G1 X-13.458 Y4.059
G1 X-13.678 Y4.242
M5
G0 X-13.403 Y4.041 F2500
M3 S280
G1 F900
G1 X-13.605 Y4.187
G1 X-13.678 Y4.261
G1 X-13.714 Y4.261
G1 X-13.879 Y4.096
G1 X-14.171 Y4.078
G1 X-14.336 Y4.041
G1 X-14.738 Y4.005
G1 X-14.903 Y4.005
G1 X-14.976 Y4.059
G1 X-14.976 Y4.005
G1 X-15.013 Y3.895
G1 X-14.738 Y3.931
G1 X-14.299 Y3.950
G1 X-13.568 Y4.023
G1 X-13.550 Y4.041
G1 X-13.403 Y4.041
G1 X-13.605 Y4.187
M5
G0 X-13.367 Y4.023 F2500
M3 S280
G1 F900
G1 X-13.678 Y4.279
G1 X-13.714 Y4.279
G1 X-13.879 Y4.114
G1 X-14.171 Y4.096
G1 X-14.336 Y4.059
G1 X-14.738 Y4.023
G1 X-14.903 Y4.023
G1 X-14.976 Y4.096
G1 X-15.049 Y3.840
G1 X-15.013 Y3.877
G1 X-14.958 Y3.895
G1 X-14.519 Y3.913
G1 X-13.367 Y4.023
G1 X-13.678 Y4.279
M5
G0 X-13.349 Y4.023 F2500
M3 S280
G1 F900
G1 X-13.824 Y4.407
G1 X-13.714 Y4.297
G1 X-13.879 Y4.133
G1 X-14.171 Y4.114
G1 X-14.336 Y4.078
G1 X-14.738 Y4.041
G1 X-14.903 Y4.041
G1 X-14.994 Y4.133
G1 X-15.031 Y3.931
G1 X-15.086 Y3.785
G1 X-15.013 Y3.858
G1 X-14.958 Y3.877
G1 X-14.299 Y3.913
G1 X-13.349 Y4.023
G1 X-13.824 Y4.407
M5
G0 X-13.440 Y6.309 F2500
M3 S280
G1 F900
G1 X-13.422 Y6.199
G1 X-13.367 Y6.272
G1 X-13.440 Y6.309
G1 X-13.422 Y6.199
M5
G0 X-13.477 Y6.327 F2500
M3 S280
G1 F900
G1 X-13.440 Y6.290
G1 X-13.440 Y6.162
G1 X-13.330 Y6.272
G1 X-13.440 Y6.327
G1 X-13.477 Y6.327
G1 X-13.440 Y6.290
M5
G0 X-12.654 Y6.254 F2500
M3 S280
G1 F900
G1 X-12.617 Y6.217
G1 X-12.581 Y6.126
G1 X-12.581 Y5.998
G1 X-12.526 Y6.126
G1 X-12.526 Y6.181
G1 X-12.654 Y6.254
G1 X-12.617 Y6.217
M5
G0 X-12.599 Y6.199 F2500
M3 S280
G1 F900
G1 X-12.562 Y6.126
G1 X-12.562 Y6.071
G1 X-12.544 Y6.162
G1 X-12.599 Y6.199
G1 X-12.562 Y6.126
M5
G0 X-14.098 Y6.857 F2500
M3 S280
G1 F900
G1 X-14.427 Y6.107
G1 X-14.555 Y5.870
G1 X-14.592 Y5.778
G1 X-14.592 Y5.705
G1 X-14.537 Y5.687
G1 X-14.446 Y5.778
G1 X-14.354 Y5.778
G1 X-13.166 Y5.248
G1 X-13.019 Y5.120
G1 X-13.019 Y4.974
G1 X-12.983 Y4.955
G1 X-12.928 Y4.974
G1 X-12.910 Y5.047
G1 X-12.855 Y5.138
G1 X-12.745 Y5.467
G1 X-12.453 Y6.071
G1 X-12.434 Y6.199
G1 X-12.581 Y6.309
G1 X-12.837 Y6.437
G1 X-12.837 Y6.382
G1 X-12.690 Y6.181
G1 X-12.672 Y6.126
G1 X-12.672 Y5.979
G1 X-12.709 Y5.851
G1 X-12.800 Y5.650
G1 X-12.873 Y5.577
G1 X-12.983 Y5.595
G1 X-13.312 Y5.760
G1 X-13.440 Y5.797
G1 X-13.513 Y5.870
G1 X-13.403 Y6.089
G1 X-13.312 Y6.181
G1 X-13.239 Y6.217
G1 X-13.147 Y6.235
G1 X-13.147 Y6.309
G1 X-13.477 Y6.437
G1 X-13.586 Y6.510
G1 X-13.623 Y6.510
G1 X-13.696 Y6.455
G1 X-13.550 Y6.290
G1 X-13.550 Y6.144
G1 X-13.623 Y5.998
G1 X-13.678 Y5.943
G1 X-13.733 Y5.943
G1 X-14.135 Y6.144
G1 X-14.226 Y6.235
G1 X-14.153 Y6.418
G1 X-14.098 Y6.510
G1 X-13.989 Y6.619
G1 X-13.897 Y6.656
G1 X-13.733 Y6.656
G1 X-13.733 Y6.729
G1 X-13.915 Y6.784
G1 X-14.007 Y6.839
G1 X-14.098 Y6.857
G1 X-14.427 Y6.107
M5
G0 X-14.098 Y6.894 F2500
M3 S280
G1 F900
G1 X-14.208 Y6.674
G1 X-14.446 Y6.107
G1 X-14.574 Y5.870
G1 X-14.610 Y5.778
G1 X-14.592 Y5.687
G1 X-14.537 Y5.669
G1 X-14.446 Y5.760
G1 X-14.354 Y5.760
G1 X-13.239 Y5.266
G1 X-13.111 Y5.193
G1 X-13.038 Y5.120
G1 X-13.019 Y4.955
G1 X-12.928 Y4.919
G1 X-12.928 Y4.955
G1 X-12.837 Y5.138
G1 X-12.727 Y5.467
G1 X-12.416 Y6.126
G1 X-12.416 Y6.199
G1 X-12.434 Y6.235
G1 X-12.818 Y6.455
G1 X-12.855 Y6.455
G1 X-12.855 Y6.382
G1 X-12.709 Y6.181
G1 X-12.690 Y6.126
G1 X-12.690 Y5.979
G1 X-12.727 Y5.851
G1 X-12.818 Y5.650
G1 X-12.873 Y5.595
G1 X-12.983 Y5.614
G1 X-13.312 Y5.778
G1 X-13.440 Y5.815
G1 X-13.495 Y5.870
G1 X-13.385 Y6.089
G1 X-13.312 Y6.162
G1 X-13.184 Y6.217
G1 X-13.129 Y6.217
G1 X-13.147 Y6.327
G1 X-13.477 Y6.455
G1 X-13.586 Y6.528
G1 X-13.623 Y6.528
G1 X-13.714 Y6.455
G1 X-13.568 Y6.290
G1 X-13.568 Y6.144
G1 X-13.641 Y5.998
G1 X-13.678 Y5.961
G1 X-13.733 Y5.961
G1 X-14.135 Y6.162
G1 X-14.208 Y6.235
G1 X-14.135 Y6.418
G1 X-14.080 Y6.510
G1 X-13.989 Y6.601
G1 X-13.897 Y6.638
G1 X-13.714 Y6.638
G1 X-13.733 Y6.747
G1 X-13.824 Y6.766
G1 X-14.098 Y6.894
G1 X-14.208 Y6.674
M5
G0 X-9.819 Y12.160 F2500
M3 S280
G1 F900
G1 X-9.819 Y12.087
G1 X-9.728 Y11.758
G1 X-9.728 Y11.703
G1 X-9.618 Y11.794
G1 X-9.326 Y11.502
G1 X-9.234 Y11.374
G1 X-8.997 Y11.136
G1 X-8.869 Y10.971
G1 X-8.832 Y10.898
G1 X-8.759 Y10.953
G1 X-8.649 Y11.081
G1 X-9.070 Y11.483
G1 X-9.563 Y12.032
G1 X-9.710 Y12.233
G1 X-9.819 Y12.160
G1 X-9.819 Y12.087
M5
G0 X-9.819 Y12.178 F2500
M3 S280
G1 F900
G1 X-9.838 Y12.087
G1 X-9.728 Y11.666
G1 X-9.618 Y11.776
G1 X-9.344 Y11.502
G1 X-9.253 Y11.374
G1 X-9.015 Y11.136
G1 X-8.832 Y10.880
G1 X-8.759 Y10.935
G1 X-8.613 Y11.081
G1 X-8.667 Y11.099
G1 X-9.051 Y11.483
G1 X-9.545 Y12.032
G1 X-9.691 Y12.233
G1 X-9.819 Y12.178
G1 X-9.838 Y12.087
M5
G0 X-9.728 Y12.197 F2500
M3 S280
G1 F900
G1 X-9.783 Y12.142
G1 X-9.783 Y12.087
G1 X-9.765 Y12.069
G1 X-9.765 Y11.995
G1 X-9.691 Y11.758
G1 X-9.618 Y11.831
G1 X-9.289 Y11.502
G1 X-9.198 Y11.374
G1 X-8.960 Y11.136
G1 X-8.832 Y10.953
G1 X-8.759 Y10.990
G1 X-8.686 Y11.063
G1 X-9.106 Y11.483
G1 X-9.600 Y12.032
G1 X-9.728 Y12.197
G1 X-9.783 Y12.142
M5
G0 X-9.728 Y12.215 F2500
M3 S280
G1 F900
G1 X-9.801 Y12.142
G1 X-9.801 Y12.087
G1 X-9.783 Y12.069
G1 X-9.783 Y11.995
G1 X-9.710 Y11.721
G1 X-9.618 Y11.813
G1 X-9.307 Y11.502
G1 X-9.216 Y11.374
G1 X-8.978 Y11.136
G1 X-8.850 Y10.953
G1 X-8.814 Y10.935
G1 X-8.759 Y10.971
G1 X-8.667 Y11.063
G1 X-9.088 Y11.483
G1 X-9.728 Y12.215
G1 X-9.801 Y12.142
M5
G0 X-9.728 Y12.270 F2500
M3 S280
G1 F900
G1 X-9.856 Y12.160
G1 X-9.838 Y11.995
G1 X-9.746 Y11.648
G1 X-9.618 Y11.758
G1 X-9.033 Y11.136
G1 X-8.905 Y10.971
G1 X-8.850 Y10.862
G1 X-8.759 Y10.917
G1 X-8.576 Y11.081
G1 X-8.667 Y11.118
G1 X-9.033 Y11.483
G1 X-9.673 Y12.215
G1 X-9.691 Y12.288
G1 X-9.728 Y12.270
G1 X-9.856 Y12.160
M5
G0 X-9.655 Y12.343 F2500
M3 S280
G1 F900
G1 X-9.874 Y12.160
G1 X-9.856 Y11.995
G1 X-9.746 Y11.611
G1 X-9.618 Y11.739
G1 X-9.051 Y11.136
G1 X-8.887 Y10.917
G1 X-8.869 Y10.807
G1 X-8.539 Y11.099
G1 X-8.594 Y11.099
G1 X-8.667 Y11.136
G1 X-9.198 Y11.685
G1 X-9.655 Y12.215
G1 X-9.673 Y12.251
G1 X-9.655 Y12.343
G1 X-9.874 Y12.160
M5
G0 X-9.600 Y12.398 F2500
M3 S280
G1 F900
G1 X-9.893 Y12.160
G1 X-9.874 Y11.995
G1 X-9.801 Y11.703
G1 X-9.728 Y11.502
G1 X-9.600 Y10.990
G1 X-9.746 Y10.862
G1 X-9.874 Y10.935
G1 X-10.313 Y11.118
G1 X-10.734 Y11.337
G1 X-10.807 Y11.337
G1 X-11.099 Y11.063
G1 X-11.045 Y11.081
G1 X-10.953 Y11.081
G1 X-10.642 Y10.752
G1 X-10.203 Y10.149
G1 X-10.057 Y9.911
G1 X-10.021 Y9.819
G1 X-10.021 Y9.783
G1 X-10.057 Y9.710
G1 X-9.765 Y9.984
G1 X-9.838 Y9.947
G1 X-9.911 Y9.966
G1 X-10.240 Y10.295
G1 X-10.514 Y10.624
G1 X-10.679 Y10.843
G1 X-10.551 Y10.971
G1 X-9.381 Y10.386
G1 X-9.454 Y10.661
G1 X-9.600 Y11.063
G1 X-9.637 Y11.264
G1 X-9.746 Y11.593
G1 X-9.618 Y11.721
G1 X-9.399 Y11.502
G1 X-9.307 Y11.374
G1 X-8.997 Y11.045
G1 X-8.905 Y10.917
G1 X-8.887 Y10.807
G1 X-8.905 Y10.770
G1 X-8.448 Y11.154
G1 X-8.485 Y11.118
G1 X-8.594 Y11.118
G1 X-8.667 Y11.154
G1 X-8.997 Y11.483
G1 X-9.637 Y12.215
G1 X-9.655 Y12.251
G1 X-9.655 Y12.325
G1 X-9.600 Y12.398
G1 X-9.893 Y12.160
M5
G0 X-9.563 Y12.434 F2500
M3 S280
G1 F900
G1 X-9.728 Y12.325
G1 X-9.911 Y12.160
G1 X-9.893 Y11.995
G1 X-9.819 Y11.703
G1 X-9.746 Y11.502
G1 X-9.618 Y10.990
G1 X-9.746 Y10.880
G1 X-9.874 Y10.953
G1 X-10.313 Y11.136
G1 X-10.734 Y11.355
G1 X-10.807 Y11.355
G1 X-11.154 Y11.026
G1 X-11.081 Y11.063
G1 X-10.953 Y11.063
G1 X-10.661 Y10.752
G1 X-10.222 Y10.149
G1 X-10.075 Y9.911
G1 X-10.039 Y9.783
G1 X-10.094 Y9.673
G1 X-10.039 Y9.691
G1 X-9.728 Y10.021
G1 X-9.838 Y9.966
G1 X-9.911 Y9.984
G1 X-10.222 Y10.295
G1 X-10.661 Y10.843
G1 X-10.551 Y10.953
G1 X-9.874 Y10.606
G1 X-9.838 Y10.606
G1 X-9.362 Y10.368
G1 X-9.381 Y10.478
G1 X-9.582 Y11.063
G1 X-9.618 Y11.264
G1 X-9.728 Y11.593
G1 X-9.618 Y11.703
G1 X-9.417 Y11.502
G1 X-9.326 Y11.374
G1 X-9.088 Y11.136
G1 X-8.960 Y10.971
G1 X-8.887 Y10.825
G1 X-8.942 Y10.752
G1 X-8.869 Y10.770
G1 X-8.411 Y11.173
G1 X-8.448 Y11.173
G1 X-8.485 Y11.136
G1 X-8.594 Y11.136
G1 X-8.667 Y11.173
G1 X-8.978 Y11.483
G1 X-9.618 Y12.215
G1 X-9.637 Y12.251
G1 X-9.637 Y12.325
G1 X-9.563 Y12.434
G1 X-9.728 Y12.325
M5
G0 X-9.545 Y12.434 F2500
M3 S280
G1 F900
G1 X-9.728 Y12.343
G1 X-9.929 Y12.160
G1 X-9.911 Y11.995
G1 X-9.838 Y11.703
G1 X-9.765 Y11.502
G1 X-9.637 Y10.990
G1 X-9.746 Y10.898
G1 X-9.874 Y10.971
G1 X-10.313 Y11.154
G1 X-10.734 Y11.374
G1 X-10.807 Y11.374
G1 X-11.173 Y11.026
G1 X-11.136 Y11.008
G1 X-11.081 Y11.045
G1 X-10.953 Y11.045
G1 X-10.679 Y10.752
G1 X-10.240 Y10.149
G1 X-10.094 Y9.911
G1 X-10.057 Y9.783
G1 X-10.112 Y9.655
G1 X-10.039 Y9.673
G1 X-9.710 Y10.002
G1 X-9.710 Y10.039
G1 X-9.838 Y9.984
G1 X-9.911 Y10.002
G1 X-10.203 Y10.295
G1 X-10.642 Y10.843
G1 X-10.551 Y10.935
G1 X-9.874 Y10.587
G1 X-9.838 Y10.587
G1 X-9.344 Y10.368
G1 X-9.362 Y10.478
G1 X-9.563 Y11.063
G1 X-9.600 Y11.264
G1 X-9.710 Y11.593
G1 X-9.618 Y11.685
G1 X-9.435 Y11.502
G1 X-9.344 Y11.374
G1 X-9.106 Y11.136
G1 X-8.978 Y10.971
G1 X-8.905 Y10.825
G1 X-8.960 Y10.752
G1 X-8.960 Y10.715
G1 X-8.869 Y10.752
G1 X-8.393 Y11.173
G1 X-8.448 Y11.191
G1 X-8.485 Y11.154
G1 X-8.594 Y11.154
G1 X-8.667 Y11.191
G1 X-8.960 Y11.483
G1 X-9.600 Y12.215
G1 X-9.618 Y12.251
G1 X-9.618 Y12.325
G1 X-9.545 Y12.434
G1 X-9.728 Y12.343
M5
G0 X-9.582 Y12.489 F2500
M3 S280
G1 F900
G1 X-9.819 Y12.306
G1 X-9.966 Y12.160
G1 X-9.947 Y11.995
G1 X-9.874 Y11.703
G1 X-9.801 Y11.502
G1 X-9.673 Y10.990
G1 X-9.746 Y10.935
G1 X-9.874 Y11.008
G1 X-10.313 Y11.191
G1 X-10.734 Y11.410
G1 X-10.807 Y11.410
G1 X-11.209 Y11.026
G1 X-11.191 Y10.990
G1 X-11.136 Y10.971
G1 X-11.081 Y11.008
G1 X-10.953 Y11.008
G1 X-10.715 Y10.752
G1 X-10.277 Y10.149
G1 X-10.130 Y9.911
G1 X-10.094 Y9.819
G1 X-10.094 Y9.783
G1 X-10.149 Y9.655
G1 X-10.130 Y9.618
G1 X-10.039 Y9.637
G1 X-9.673 Y10.002
G1 X-9.691 Y10.075
G1 X-9.728 Y10.075
G1 X-9.838 Y10.021
G1 X-9.911 Y10.039
G1 X-10.167 Y10.295
G1 X-10.606 Y10.843
G1 X-10.551 Y10.898
G1 X-9.874 Y10.551
G1 X-9.838 Y10.551
G1 X-9.326 Y10.331
G1 X-9.307 Y10.405
G1 X-9.527 Y11.063
G1 X-9.563 Y11.264
G1 X-9.673 Y11.593
G1 X-9.618 Y11.648
G1 X-9.472 Y11.502
G1 X-9.381 Y11.374
G1 X-9.143 Y11.136
G1 X-9.015 Y10.971
G1 X-8.942 Y10.825
G1 X-8.997 Y10.752
G1 X-8.997 Y10.715
G1 X-8.960 Y10.679
G1 X-8.869 Y10.715
G1 X-8.503 Y11.045
G1 X-8.375 Y11.136
G1 X-8.357 Y11.173
G1 X-8.393 Y11.227
G1 X-8.448 Y11.227
G1 X-8.485 Y11.191
G1 X-8.594 Y11.191
G1 X-8.667 Y11.227
G1 X-8.923 Y11.483
G1 X-9.563 Y12.215
G1 X-9.582 Y12.251
G1 X-9.582 Y12.325
G1 X-9.509 Y12.434
G1 X-9.527 Y12.471
G1 X-9.582 Y12.489
G1 X-9.819 Y12.306
M5
G0 X-9.545 Y12.471 F2500
M3 S280
G1 F900
G1 X-9.582 Y12.471
G1 X-9.728 Y12.361
G1 X-9.947 Y12.160
G1 X-9.929 Y11.995
G1 X-9.856 Y11.703
G1 X-9.783 Y11.502
G1 X-9.655 Y10.990
G1 X-9.746 Y10.917
G1 X-9.874 Y10.990
G1 X-10.313 Y11.173
G1 X-10.734 Y11.392
G1 X-10.807 Y11.392
G1 X-11.191 Y11.026
G1 X-11.173 Y10.990
G1 X-11.136 Y10.990
G1 X-11.081 Y11.026
G1 X-10.953 Y11.026
G1 X-10.697 Y10.752
G1 X-10.258 Y10.149
G1 X-10.112 Y9.911
G1 X-10.075 Y9.819
G1 X-10.112 Y9.637
G1 X-10.039 Y9.655
G1 X-9.691 Y10.002
G1 X-9.691 Y10.057
G1 X-9.728 Y10.057
G1 X-9.838 Y10.002
G1 X-9.911 Y10.021
G1 X-10.185 Y10.295
G1 X-10.624 Y10.843
G1 X-10.551 Y10.917
G1 X-9.874 Y10.569
G1 X-9.838 Y10.569
G1 X-9.362 Y10.331
G1 X-9.326 Y10.350
G1 X-9.344 Y10.478
G1 X-9.545 Y11.063
G1 X-9.582 Y11.264
G1 X-9.691 Y11.593
G1 X-9.618 Y11.666
G1 X-9.454 Y11.502
G1 X-9.362 Y11.374
G1 X-9.125 Y11.136
G1 X-8.997 Y10.971
G1 X-8.923 Y10.825
G1 X-8.978 Y10.752
G1 X-8.960 Y10.697
G1 X-8.869 Y10.734
G1 X-8.375 Y11.173
G1 X-8.411 Y11.209
G1 X-8.448 Y11.209
G1 X-8.485 Y11.173
G1 X-8.594 Y11.173
G1 X-8.667 Y11.209
G1 X-9.125 Y11.685
G1 X-9.582 Y12.215
G1 X-9.600 Y12.251
G1 X-9.600 Y12.325
G1 X-9.527 Y12.434
G1 X-9.545 Y12.471
G1 X-9.582 Y12.471
M5
G0 X-9.545 Y12.507 F2500
M3 S280
G1 F900
G1 X-9.582 Y12.507
G1 X-9.728 Y12.398
G1 X-9.984 Y12.160
G1 X-9.966 Y11.995
G1 X-9.893 Y11.703
G1 X-9.819 Y11.502
G1 X-9.691 Y10.990
G1 X-9.746 Y10.953
G1 X-9.874 Y11.026
G1 X-10.313 Y11.209
G1 X-10.734 Y11.429
G1 X-10.807 Y11.429
G1 X-11.227 Y11.026
G1 X-11.173 Y10.953
G1 X-11.136 Y10.953
G1 X-11.081 Y10.990
G1 X-10.953 Y10.990
G1 X-10.807 Y10.843
G1 X-10.222 Y10.039
G1 X-10.112 Y9.819
G1 X-10.149 Y9.618
G1 X-10.075 Y9.600
G1 X-10.039 Y9.618
G1 X-9.655 Y10.002
G1 X-9.655 Y10.057
G1 X-9.673 Y10.094
G1 X-9.728 Y10.094
G1 X-9.838 Y10.039
G1 X-9.911 Y10.057
G1 X-10.149 Y10.295
G1 X-10.423 Y10.624
G1 X-10.587 Y10.843
G1 X-10.551 Y10.880
G1 X-9.874 Y10.533
G1 X-9.838 Y10.533
G1 X-9.362 Y10.295
G1 X-9.289 Y10.331
G1 X-9.289 Y10.405
G1 X-9.362 Y10.661
G1 X-9.509 Y11.063
G1 X-9.545 Y11.264
G1 X-9.655 Y11.593
G1 X-9.618 Y11.630
G1 X-9.490 Y11.502
G1 X-9.399 Y11.374
G1 X-9.161 Y11.136
G1 X-9.033 Y10.971
G1 X-8.960 Y10.825
G1 X-9.015 Y10.752
G1 X-9.015 Y10.715
G1 X-8.960 Y10.661
G1 X-8.869 Y10.697
G1 X-8.631 Y10.917
G1 X-8.375 Y11.118
G1 X-8.338 Y11.173
G1 X-8.375 Y11.227
G1 X-8.448 Y11.246
G1 X-8.485 Y11.209
G1 X-8.594 Y11.209
G1 X-8.667 Y11.246
G1 X-9.088 Y11.685
G1 X-9.545 Y12.215
G1 X-9.563 Y12.251
G1 X-9.563 Y12.325
G1 X-9.490 Y12.434
G1 X-9.545 Y12.507
G1 X-9.582 Y12.507
M5
G0 X-9.545 Y12.526 F2500
M3 S280
G1 F900
G1 X-9.582 Y12.526
G1 X-9.728 Y12.416
G1 X-10.002 Y12.160
G1 X-10.002 Y12.087
G1 X-9.911 Y11.703
G1 X-9.838 Y11.502
G1 X-9.710 Y11.026
G1 X-9.746 Y10.971
G1 X-9.874 Y11.045
G1 X-10.313 Y11.227
G1 X-10.734 Y11.447
G1 X-10.807 Y11.447
G1 X-11.246 Y11.026
G1 X-11.173 Y10.935
G1 X-11.136 Y10.935
G1 X-11.081 Y10.971
G1 X-10.953 Y10.971
G1 X-10.752 Y10.752
G1 X-10.313 Y10.149
G1 X-10.167 Y9.911
G1 X-10.130 Y9.783
G1 X-10.185 Y9.655
G1 X-10.130 Y9.582
G1 X-10.039 Y9.600
G1 X-9.637 Y10.002
G1 X-9.637 Y10.057
G1 X-9.655 Y10.094
G1 X-9.728 Y10.112
G1 X-9.838 Y10.057
G1 X-9.911 Y10.075
G1 X-10.240 Y10.423
G1 X-10.551 Y10.825
G1 X-10.514 Y10.843
G1 X-9.874 Y10.514
G1 X-9.838 Y10.514
G1 X-9.362 Y10.277
G1 X-9.289 Y10.313
G1 X-9.271 Y10.405
G1 X-9.344 Y10.661
G1 X-9.490 Y11.063
G1 X-9.527 Y11.264
G1 X-9.618 Y11.557
G1 X-9.618 Y11.611
G1 X-9.509 Y11.502
G1 X-9.417 Y11.374
G1 X-9.179 Y11.136
G1 X-9.051 Y10.971
G1 X-8.978 Y10.825
G1 X-9.033 Y10.752
G1 X-9.033 Y10.715
G1 X-8.960 Y10.642
G1 X-8.869 Y10.679
G1 X-8.375 Y11.099
G1 X-8.320 Y11.173
G1 X-8.393 Y11.264
G1 X-8.448 Y11.264
G1 X-8.485 Y11.227
G1 X-8.594 Y11.227
G1 X-8.667 Y11.264
G1 X-9.070 Y11.685
G1 X-9.527 Y12.215
G1 X-9.545 Y12.251
G1 X-9.545 Y12.325
G1 X-9.472 Y12.434
G1 X-9.545 Y12.526
G1 X-9.582 Y12.526
M5
G0 X-8.741 Y12.910 F2500
M3 S280
G1 F900
G1 X-8.832 Y12.837
G1 X-8.667 Y12.672
G1 X-8.448 Y12.325
G1 X-8.411 Y12.233
G1 X-8.210 Y11.959
G1 X-7.991 Y11.575
G1 X-7.845 Y11.666
G1 X-8.064 Y11.886
G1 X-8.283 Y12.233
G1 X-8.302 Y12.288
G1 X-8.283 Y12.361
G1 X-8.503 Y12.581
G1 X-8.704 Y12.910
G1 X-8.741 Y12.910
G1 X-8.832 Y12.837
M5
G0 X-8.741 Y12.928 F2500
M3 S280
G1 F900
G1 X-8.850 Y12.837
G1 X-8.686 Y12.672
G1 X-8.466 Y12.325
G1 X-8.430 Y12.233
G1 X-8.302 Y12.069
G1 X-8.027 Y11.630
G1 X-8.009 Y11.557
G1 X-7.973 Y11.557
G1 X-7.826 Y11.666
G1 X-8.046 Y11.886
G1 X-8.265 Y12.233
G1 X-8.283 Y12.288
G1 X-8.265 Y12.361
G1 X-8.485 Y12.581
G1 X-8.686 Y12.910
G1 X-8.741 Y12.928
G1 X-8.850 Y12.837
M5
G0 X-8.704 Y12.965 F2500
M3 S280
G1 F900
G1 X-8.869 Y12.855
G1 X-8.704 Y12.672
G1 X-8.485 Y12.325
G1 X-8.448 Y12.233
G1 X-8.320 Y12.069
G1 X-8.046 Y11.630
G1 X-8.009 Y11.520
G1 X-7.808 Y11.648
G1 X-8.027 Y11.886
G1 X-8.247 Y12.233
G1 X-8.265 Y12.288
G1 X-8.247 Y12.361
G1 X-8.466 Y12.581
G1 X-8.704 Y12.965
G1 X-8.869 Y12.855
M5
G0 X-8.704 Y12.983 F2500
M3 S280
G1 F900
G1 X-8.869 Y12.873
G1 X-8.887 Y12.837
G1 X-8.722 Y12.672
G1 X-8.503 Y12.325
G1 X-8.466 Y12.233
G1 X-8.265 Y11.959
G1 X-8.064 Y11.630
G1 X-8.027 Y11.538
G1 X-8.027 Y11.483
G1 X-7.808 Y11.630
G1 X-7.790 Y11.666
G1 X-8.009 Y11.886
G1 X-8.265 Y12.306
G1 X-8.192 Y12.379
G1 X-8.229 Y12.361
G1 X-8.448 Y12.581
G1 X-8.704 Y12.983
G1 X-8.869 Y12.873
M5
G0 X-8.631 Y13.056 F2500
M3 S280
G1 F900
G1 X-8.795 Y12.928
G1 X-8.923 Y12.855
G1 X-8.741 Y12.672
G1 X-8.521 Y12.325
G1 X-8.485 Y12.233
G1 X-8.283 Y11.959
G1 X-8.064 Y11.593
G1 X-8.046 Y11.465
G1 X-7.753 Y11.648
G1 X-7.991 Y11.886
G1 X-8.247 Y12.306
G1 X-8.101 Y12.453
G1 X-8.137 Y12.416
G1 X-8.229 Y12.379
G1 X-8.430 Y12.581
G1 X-8.667 Y12.946
G1 X-8.686 Y13.001
G1 X-8.631 Y13.056
G1 X-8.795 Y12.928
M5
G0 X-8.521 Y13.147 F2500
M3 S280
G1 F900
G1 X-8.741 Y13.001
G1 X-8.795 Y12.946
G1 X-8.923 Y12.873
G1 X-8.942 Y12.837
G1 X-8.759 Y12.672
G1 X-8.539 Y12.325
G1 X-8.503 Y12.233
G1 X-8.375 Y12.069
G1 X-8.155 Y11.721
G1 X-8.064 Y11.538
G1 X-8.082 Y11.410
G1 X-7.680 Y11.685
G1 X-7.753 Y11.666
G1 X-7.973 Y11.886
G1 X-8.229 Y12.306
G1 X-8.046 Y12.489
G1 X-7.863 Y12.599
G1 X-7.808 Y12.599
G1 X-7.698 Y12.526
G1 X-7.826 Y12.745
G1 X-7.863 Y12.672
G1 X-8.027 Y12.507
G1 X-8.137 Y12.434
G1 X-8.229 Y12.398
G1 X-8.411 Y12.581
G1 X-8.649 Y12.946
G1 X-8.667 Y13.001
G1 X-8.521 Y13.147
G1 X-8.741 Y13.001
M5
G0 X-8.320 Y13.275 F2500
M3 S280
G1 F900
G1 X-8.192 Y13.349
G1 X-8.137 Y13.349
G1 X-8.082 Y13.330
G1 X-8.009 Y13.275
G1 X-7.899 Y13.166
G1 X-7.936 Y13.239
G1 X-8.082 Y13.403
G1 X-8.119 Y13.403
G1 X-8.192 Y13.367
G1 X-8.320 Y13.275
G1 X-8.192 Y13.349
M5
G0 X-8.155 Y13.367 F2500
M3 S280
G1 F900
G1 X-8.082 Y13.349
G1 X-7.954 Y13.239
G1 X-8.082 Y13.385
G1 X-8.155 Y13.367
G1 X-8.082 Y13.349
M5
G0 X-8.119 Y13.367 F2500
M3 S280
G1 F900
G1 X-8.082 Y13.367
G1 X-8.046 Y13.330
G1 X-8.082 Y13.367
G1 X-8.119 Y13.367
G1 X-8.082 Y13.367
M5
G0 X-8.064 Y13.422 F2500
M3 S280
G1 F900
G1 X-8.119 Y13.422
G1 X-8.192 Y13.385
G1 X-8.997 Y12.837
G1 X-8.923 Y12.818
G1 X-8.777 Y12.672
G1 X-8.558 Y12.325
G1 X-8.521 Y12.233
G1 X-8.393 Y12.069
G1 X-8.119 Y11.630
G1 X-8.082 Y11.538
G1 X-8.082 Y11.429
G1 X-8.137 Y11.355
G1 X-7.662 Y11.685
G1 X-7.461 Y11.794
G1 X-7.131 Y12.014
G1 X-7.131 Y12.087
G1 X-7.186 Y12.270
G1 X-7.186 Y12.197
G1 X-7.223 Y12.087
G1 X-7.259 Y12.032
G1 X-7.515 Y11.776
G1 X-7.698 Y11.685
G1 X-7.753 Y11.685
G1 X-7.954 Y11.886
G1 X-8.064 Y12.050
G1 X-8.210 Y12.306
G1 X-8.046 Y12.471
G1 X-7.863 Y12.581
G1 X-7.771 Y12.562
G1 X-7.643 Y12.453
G1 X-7.735 Y12.635
G1 X-7.845 Y12.800
G1 X-7.845 Y12.745
G1 X-7.881 Y12.672
G1 X-8.027 Y12.526
G1 X-8.137 Y12.453
G1 X-8.229 Y12.416
G1 X-8.393 Y12.581
G1 X-8.631 Y12.946
G1 X-8.649 Y13.001
G1 X-8.430 Y13.202
G1 X-8.192 Y13.330
G1 X-8.082 Y13.312
G1 X-7.881 Y13.147
G1 X-7.918 Y13.239
G1 X-8.064 Y13.422
G1 X-8.119 Y13.422
M5
G0 X-8.119 Y13.440 F2500
M3 S280
G1 F900
G1 X-8.741 Y13.038
G1 X-9.070 Y12.800
G1 X-9.033 Y12.818
G1 X-8.960 Y12.818
G1 X-8.795 Y12.672
G1 X-8.576 Y12.325
G1 X-8.539 Y12.233
G1 X-8.411 Y12.069
G1 X-8.192 Y11.721
G1 X-8.101 Y11.538
G1 X-8.101 Y11.429
G1 X-8.174 Y11.319
G1 X-7.662 Y11.666
G1 X-7.461 Y11.776
G1 X-7.131 Y11.995
G1 X-7.113 Y12.087
G1 X-7.205 Y12.379
G1 X-7.205 Y12.197
G1 X-7.241 Y12.087
G1 X-7.515 Y11.794
G1 X-7.698 Y11.703
G1 X-7.753 Y11.703
G1 X-7.936 Y11.886
G1 X-8.192 Y12.306
G1 X-8.046 Y12.453
G1 X-7.863 Y12.562
G1 X-7.771 Y12.544
G1 X-7.625 Y12.434
G1 X-7.717 Y12.635
G1 X-7.881 Y12.873
G1 X-7.863 Y12.745
G1 X-7.899 Y12.672
G1 X-8.027 Y12.544
G1 X-8.137 Y12.471
G1 X-8.229 Y12.434
G1 X-8.375 Y12.581
G1 X-8.613 Y12.946
G1 X-8.631 Y13.001
G1 X-8.430 Y13.184
G1 X-8.192 Y13.312
G1 X-8.082 Y13.294
G1 X-7.863 Y13.166
G1 X-7.899 Y13.239
G1 X-8.046 Y13.422
G1 X-8.119 Y13.440
G1 X-8.741 Y13.038
M5
G0 X-8.064 Y13.458 F2500
M3 S280
G1 F900
G1 X-8.119 Y13.458
G1 X-8.192 Y13.422
G1 X-8.741 Y13.056
G1 X-9.106 Y12.782
G1 X-8.960 Y12.800
G1 X-8.814 Y12.672
G1 X-8.594 Y12.325
G1 X-8.558 Y12.233
G1 X-8.357 Y11.959
G1 X-8.155 Y11.630
G1 X-8.119 Y11.538
G1 X-8.119 Y11.429
G1 X-8.192 Y11.337
G1 X-8.192 Y11.301
G1 X-8.137 Y11.319
G1 X-7.662 Y11.648
G1 X-7.461 Y11.758
G1 X-7.095 Y12.014
G1 X-7.113 Y12.160
G1 X-7.168 Y12.325
G1 X-7.223 Y12.398
G1 X-7.223 Y12.197
G1 X-7.259 Y12.087
G1 X-7.515 Y11.813
G1 X-7.698 Y11.721
G1 X-7.753 Y11.721
G1 X-7.918 Y11.886
G1 X-8.174 Y12.306
G1 X-8.046 Y12.434
G1 X-7.863 Y12.544
G1 X-7.808 Y12.544
G1 X-7.717 Y12.489
G1 X-7.607 Y12.453
G1 X-7.698 Y12.635
G1 X-7.845 Y12.855
G1 X-7.899 Y12.891
G1 X-7.881 Y12.745
G1 X-7.918 Y12.672
G1 X-8.027 Y12.562
G1 X-8.137 Y12.489
G1 X-8.229 Y12.453
G1 X-8.357 Y12.581
G1 X-8.594 Y12.946
G1 X-8.613 Y13.001
G1 X-8.430 Y13.166
G1 X-8.192 Y13.294
G1 X-8.082 Y13.275
G1 X-7.881 Y13.111
G1 X-7.845 Y13.166
G1 X-7.881 Y13.239
G1 X-8.064 Y13.458
G1 X-8.119 Y13.458
M5
G0 X-8.064 Y13.477 F2500
M3 S280
G1 F900
G1 X-8.119 Y13.477
G1 X-8.192 Y13.440
G1 X-9.106 Y12.818
G1 X-9.106 Y12.763
G1 X-8.960 Y12.782
G1 X-8.832 Y12.672
G1 X-8.613 Y12.325
G1 X-8.576 Y12.233
G1 X-8.448 Y12.069
G1 X-8.174 Y11.630
G1 X-8.137 Y11.538
G1 X-8.137 Y11.429
G1 X-8.210 Y11.337
G1 X-8.210 Y11.282
G1 X-8.137 Y11.301
G1 X-7.662 Y11.630
G1 X-7.461 Y11.739
G1 X-7.077 Y11.995
G1 X-7.077 Y12.087
G1 X-7.186 Y12.416
G1 X-7.241 Y12.416
G1 X-7.241 Y12.197
G1 X-7.278 Y12.087
G1 X-7.515 Y11.831
G1 X-7.698 Y11.739
G1 X-7.753 Y11.739
G1 X-7.899 Y11.886
G1 X-8.155 Y12.306
G1 X-8.046 Y12.416
G1 X-7.863 Y12.526
G1 X-7.771 Y12.507
G1 X-7.625 Y12.398
G1 X-7.589 Y12.453
G1 X-7.680 Y12.635
G1 X-7.863 Y12.910
G1 X-7.918 Y12.891
G1 X-7.899 Y12.745
G1 X-7.936 Y12.672
G1 X-8.027 Y12.581
G1 X-8.137 Y12.507
G1 X-8.229 Y12.471
G1 X-8.338 Y12.581
G1 X-8.576 Y12.946
G1 X-8.594 Y13.001
G1 X-8.430 Y13.147
G1 X-8.192 Y13.275
G1 X-8.082 Y13.257
G1 X-7.881 Y13.093
G1 X-7.826 Y13.166
G1 X-7.863 Y13.239
G1 X-8.064 Y13.477
G1 X-8.119 Y13.477
M5
G0 X-8.064 Y13.495 F2500
M3 S280
G1 F900
G1 X-8.119 Y13.495
G1 X-8.192 Y13.458
G1 X-8.741 Y13.093
G1 X-8.978 Y12.910
G1 X-9.106 Y12.837
G1 X-9.143 Y12.782
G1 X-9.106 Y12.745
G1 X-8.960 Y12.763
G1 X-8.850 Y12.672
G1 X-8.631 Y12.325
G1 X-8.594 Y12.233
G1 X-8.466 Y12.069
G1 X-8.247 Y11.721
G1 X-8.155 Y11.538
G1 X-8.155 Y11.429
G1 X-8.229 Y11.337
G1 X-8.210 Y11.264
G1 X-8.137 Y11.282
G1 X-7.662 Y11.611
G1 X-7.461 Y11.721
G1 X-7.077 Y11.977
G1 X-7.058 Y12.087
G1 X-7.168 Y12.398
G1 X-7.168 Y12.434
G1 X-7.259 Y12.416
G1 X-7.259 Y12.197
G1 X-7.296 Y12.087
G1 X-7.515 Y11.849
G1 X-7.698 Y11.758
G1 X-7.753 Y11.758
G1 X-7.881 Y11.886
G1 X-8.137 Y12.306
G1 X-7.973 Y12.453
G1 X-7.863 Y12.507
G1 X-7.771 Y12.489
G1 X-7.625 Y12.379
G1 X-7.570 Y12.416
G1 X-7.570 Y12.453
G1 X-7.662 Y12.635
G1 X-7.845 Y12.910
G1 X-7.899 Y12.928
G1 X-7.936 Y12.910
G1 X-7.918 Y12.745
G1 X-7.954 Y12.672
G1 X-8.027 Y12.599
G1 X-8.137 Y12.526
G1 X-8.229 Y12.489
G1 X-8.320 Y12.581
G1 X-8.558 Y12.946
G1 X-8.576 Y13.001
G1 X-8.430 Y13.129
G1 X-8.192 Y13.257
G1 X-8.082 Y13.239
G1 X-7.881 Y13.074
G1 X-7.808 Y13.166
G1 X-7.845 Y13.239
G1 X-8.064 Y13.495
G1 X-8.119 Y13.495
M5
G0 X-8.064 Y13.513 F2500
M3 S280
G1 F900
G1 X-8.119 Y13.513
G1 X-8.192 Y13.477
G1 X-9.161 Y12.818
G1 X-9.161 Y12.782
G1 X-9.125 Y12.727
G1 X-8.960 Y12.745
G1 X-8.869 Y12.672
G1 X-8.649 Y12.325
G1 X-8.613 Y12.233
G1 X-8.485 Y12.069
G1 X-8.210 Y11.630
G1 X-8.174 Y11.538
G1 X-8.174 Y11.429
G1 X-8.247 Y11.337
G1 X-8.229 Y11.246
G1 X-8.137 Y11.264
G1 X-7.040 Y11.995
G1 X-7.058 Y12.160
G1 X-7.168 Y12.471
G1 X-7.278 Y12.434
G1 X-7.278 Y12.197
G1 X-7.314 Y12.087
G1 X-7.515 Y11.867
G1 X-7.698 Y11.776
G1 X-7.753 Y11.776
G1 X-7.863 Y11.886
G1 X-8.119 Y12.306
G1 X-7.973 Y12.434
G1 X-7.863 Y12.489
G1 X-7.771 Y12.471
G1 X-7.625 Y12.361
G1 X-7.570 Y12.398
G1 X-7.552 Y12.453
G1 X-7.643 Y12.635
G1 X-7.826 Y12.910
G1 X-7.863 Y12.946
G1 X-7.899 Y12.946
G1 X-7.936 Y12.928
G1 X-7.954 Y12.837
G1 X-7.936 Y12.818
G1 X-7.936 Y12.745
G1 X-7.973 Y12.672
G1 X-8.137 Y12.544
G1 X-8.229 Y12.507
G1 X-8.302 Y12.581
G1 X-8.539 Y12.946
G1 X-8.558 Y13.001
G1 X-8.375 Y13.147
G1 X-8.192 Y13.239
G1 X-8.082 Y13.221
G1 X-7.881 Y13.056
G1 X-7.790 Y13.166
G1 X-7.826 Y13.239
G1 X-8.064 Y13.513
G1 X-8.119 Y13.513
M5
G0 X-8.064 Y13.531 F2500
M3 S280
G1 F900
G1 X-8.119 Y13.531
G1 X-8.192 Y13.495
G1 X-9.161 Y12.837
G1 X-9.179 Y12.782
G1 X-9.143 Y12.727
G1 X-9.051 Y12.709
G1 X-9.033 Y12.727
G1 X-8.960 Y12.727
G1 X-8.923 Y12.709
G1 X-8.814 Y12.562
G1 X-8.667 Y12.325
G1 X-8.631 Y12.233
G1 X-8.430 Y11.959
G1 X-8.210 Y11.593
G1 X-8.192 Y11.538
G1 X-8.192 Y11.429
G1 X-8.265 Y11.337
G1 X-8.265 Y11.282
G1 X-8.247 Y11.246
G1 X-8.174 Y11.227
G1 X-7.662 Y11.575
G1 X-7.461 Y11.685
G1 X-7.077 Y11.941
G1 X-7.022 Y11.995
G1 X-7.040 Y12.160
G1 X-7.131 Y12.434
G1 X-7.168 Y12.489
G1 X-7.278 Y12.453
G1 X-7.296 Y12.197
G1 X-7.333 Y12.087
G1 X-7.515 Y11.886
G1 X-7.698 Y11.794
G1 X-7.753 Y11.794
G1 X-7.845 Y11.886
G1 X-8.101 Y12.306
G1 X-7.973 Y12.416
G1 X-7.863 Y12.471
G1 X-7.771 Y12.453
G1 X-7.625 Y12.343
G1 X-7.534 Y12.416
G1 X-7.534 Y12.453
G1 X-7.625 Y12.635
G1 X-7.808 Y12.910
G1 X-7.863 Y12.965
G1 X-7.899 Y12.965
G1 X-7.973 Y12.910
G1 X-7.954 Y12.745
G1 X-7.991 Y12.672
G1 X-8.137 Y12.562
G1 X-8.229 Y12.526
G1 X-8.357 Y12.690
G1 X-8.521 Y12.946
G1 X-8.539 Y13.001
G1 X-8.375 Y13.129
G1 X-8.192 Y13.221
G1 X-8.082 Y13.202
G1 X-7.881 Y13.038
G1 X-7.808 Y13.093
G1 X-7.771 Y13.166
G1 X-7.808 Y13.239
G1 X-8.064 Y13.531
G1 X-8.119 Y13.531
M5
G0 X-7.369 Y13.824 F2500
M3 S280
G1 F900
G1 X-7.168 Y13.605
G1 X-7.113 Y13.477
G1 X-6.967 Y13.605
G1 X-6.930 Y13.605
G1 X-6.345 Y13.349
G1 X-6.071 Y13.202
G1 X-5.669 Y13.038
G1 X-5.449 Y12.910
G1 X-5.394 Y12.910
G1 X-5.541 Y13.275
G1 X-5.650 Y13.495
G1 X-5.778 Y13.312
G1 X-5.815 Y13.312
G1 X-6.619 Y13.696
G1 X-7.131 Y13.915
G1 X-7.186 Y13.915
G1 X-7.369 Y13.824
G1 X-7.168 Y13.605
M5
G0 X-7.259 Y13.787 F2500
M3 S280
G1 F900
G1 X-7.077 Y13.586
G1 X-6.967 Y13.696
G1 X-6.930 Y13.696
G1 X-6.345 Y13.440
G1 X-5.705 Y13.129
G1 X-5.669 Y13.129
G1 X-5.541 Y13.056
G1 X-5.669 Y13.330
G1 X-5.778 Y13.221
G1 X-5.815 Y13.221
G1 X-6.619 Y13.605
G1 X-7.131 Y13.824
G1 X-7.186 Y13.824
G1 X-7.259 Y13.787
G1 X-7.077 Y13.586
M5
G0 X-7.278 Y13.787 F2500
M3 S280
G1 F900
G1 X-7.077 Y13.568
G1 X-6.967 Y13.678
G1 X-6.930 Y13.678
G1 X-5.522 Y13.038
G1 X-5.650 Y13.349
G1 X-5.778 Y13.239
G1 X-5.815 Y13.239
G1 X-6.619 Y13.623
G1 X-7.131 Y13.842
G1 X-7.186 Y13.842
G1 X-7.278 Y13.787
G1 X-7.077 Y13.568
M5
G0 X-7.296 Y13.806 F2500
M3 S280
G1 F900
G1 X-7.113 Y13.605
G1 X-7.095 Y13.550
G1 X-6.967 Y13.659
G1 X-6.930 Y13.659
G1 X-6.345 Y13.403
G1 X-6.071 Y13.257
G1 X-5.669 Y13.093
G1 X-5.522 Y13.019
G1 X-5.486 Y12.983
G1 X-5.541 Y13.147
G1 X-5.650 Y13.385
G1 X-5.778 Y13.257
G1 X-5.815 Y13.257
G1 X-6.619 Y13.641
G1 X-7.131 Y13.861
G1 X-7.186 Y13.861
G1 X-7.296 Y13.806
G1 X-7.113 Y13.605
M5
G0 X-7.333 Y13.806 F2500
M3 S280
G1 F900
G1 X-7.131 Y13.605
G1 X-7.095 Y13.513
G1 X-6.967 Y13.641
G1 X-6.930 Y13.641
G1 X-6.345 Y13.385
G1 X-6.071 Y13.239
G1 X-5.669 Y13.074
G1 X-5.449 Y12.946
G1 X-5.577 Y13.275
G1 X-5.650 Y13.403
G1 X-5.778 Y13.275
G1 X-5.815 Y13.275
G1 X-6.619 Y13.659
G1 X-7.131 Y13.879
G1 X-7.186 Y13.879
G1 X-7.333 Y13.806
G1 X-7.131 Y13.605
M5
G0 X-7.351 Y13.806 F2500
M3 S280
G1 F900
G1 X-7.150 Y13.605
G1 X-7.095 Y13.495
G1 X-6.967 Y13.623
G1 X-6.930 Y13.623
G1 X-6.345 Y13.367
G1 X-6.071 Y13.221
G1 X-5.669 Y13.056
G1 X-5.449 Y12.928
G1 X-5.413 Y12.928
G1 X-5.632 Y13.422
G1 X-5.778 Y13.294
G1 X-5.815 Y13.294
G1 X-6.619 Y13.678
G1 X-7.131 Y13.897
G1 X-7.186 Y13.897
G1 X-7.351 Y13.806
G1 X-7.150 Y13.605
M5
G0 X-6.839 Y12.910 F2500
M3 S280
G1 F900
G1 X-6.729 Y12.672
G1 X-6.674 Y12.507
G1 X-6.674 Y12.361
G1 X-6.747 Y12.270
G1 X-6.638 Y12.343
G1 X-6.473 Y12.416
G1 X-6.711 Y12.672
G1 X-6.839 Y12.910
G1 X-6.729 Y12.672
M5
G0 X-6.711 Y12.654 F2500
M3 S280
G1 F900
G1 X-6.656 Y12.507
G1 X-6.656 Y12.361
G1 X-6.674 Y12.325
G1 X-6.638 Y12.361
G1 X-6.491 Y12.434
G1 X-6.711 Y12.654
G1 X-6.656 Y12.507
M5
G0 X-6.638 Y12.544 F2500
M3 S280
G1 F900
G1 X-6.619 Y12.507
G1 X-6.619 Y12.398
G1 X-6.546 Y12.434
G1 X-6.638 Y12.544
G1 X-6.619 Y12.507
M5
G0 X-6.601 Y12.489 F2500
M3 S280
G1 F900
G1 X-6.601 Y12.434
G1 X-6.565 Y12.453
G1 X-6.601 Y12.489
G1 X-6.601 Y12.434
M5
G0 X-6.674 Y12.599 F2500
M3 S280
G1 F900
G1 X-6.638 Y12.507
G1 X-6.638 Y12.379
G1 X-6.510 Y12.434
G1 X-6.674 Y12.599
G1 X-6.638 Y12.507
M5
G0 X-7.186 Y12.178 F2500
M3 S280
G1 F900
G1 X-7.205 Y12.087
G1 X-7.241 Y12.032
G1 X-7.461 Y11.813
G1 X-7.150 Y12.032
G1 X-7.150 Y12.087
G1 X-7.186 Y12.178
G1 X-7.205 Y12.087
M5
G0 X-7.186 Y12.069 F2500
M3 S280
G1 F900
G1 X-7.241 Y11.995
G1 X-7.186 Y12.032
G1 X-7.186 Y12.069
G1 X-7.241 Y11.995
M5
G0 X-7.186 Y12.123 F2500
M3 S280
G1 F900
G1 X-7.186 Y12.087
G1 X-7.223 Y12.032
G1 X-7.351 Y11.904
G1 X-7.186 Y12.014
G1 X-7.168 Y12.087
G1 X-7.186 Y12.123
G1 X-7.186 Y12.087
M5
G0 X-7.735 Y12.562 F2500
M3 S280
G1 F900
G1 X-7.826 Y12.709
G1 X-7.954 Y12.562
G1 X-7.863 Y12.617
G1 X-7.808 Y12.617
G1 X-7.735 Y12.562
G1 X-7.826 Y12.709
M5
G0 X-7.790 Y12.617 F2500
M3 S280
G1 F900
G1 X-7.826 Y12.690
G1 X-7.881 Y12.617
G1 X-7.790 Y12.617
G1 X-7.826 Y12.690
M5
G0 X-7.497 Y10.697 F2500
M3 S280
G1 F900
G1 X-7.461 Y10.789
G1 X-7.406 Y10.843
G1 X-6.729 Y10.734
G1 X-6.363 Y10.715
G1 X-6.857 Y10.752
G1 X-7.333 Y10.825
G1 X-7.351 Y10.843
G1 X-7.442 Y10.825
M5
G0 X-7.698 Y10.569 F2500
M3 S280
G1 F900
G1 X-7.461 Y10.971
G1 X-7.369 Y10.971
G1 X-7.168 Y10.917
G1 X-6.693 Y10.843
G1 X-6.144 Y10.807
G1 X-5.614 Y10.807
G1 X-6.473 Y10.825
G1 X-6.821 Y10.862
G1 X-7.369 Y10.971
G1 X-7.461 Y10.971
G1 X-7.515 Y10.917
M5
G0 X-5.979 Y10.679 F2500
M3 S280
G1 F900
G1 X-5.449 Y10.679
M5
G0 X-6.107 Y14.373 F2500
M3 S280
G1 F900
G1 X-6.053 Y14.318
G1 X-6.071 Y14.391
G1 X-6.107 Y14.373
G1 X-6.053 Y14.318
M5
G0 X-6.126 Y14.391 F2500
M3 S280
G1 F900
G1 X-6.016 Y14.263
G1 X-6.053 Y14.354
G1 X-6.034 Y14.427
G1 X-6.126 Y14.391
G1 X-6.016 Y14.263
M5
G0 X-6.162 Y14.391 F2500
M3 S280
G1 F900
G1 X-5.961 Y14.190
G1 X-5.943 Y14.153
G1 X-6.016 Y14.281
G1 X-6.034 Y14.409
G1 X-5.998 Y14.464
G1 X-6.162 Y14.391
G1 X-5.961 Y14.190
M5
G0 X-5.961 Y14.501 F2500
M3 S280
G1 F900
G1 X-6.199 Y14.391
G1 X-5.979 Y14.190
G1 X-5.943 Y14.135
G1 X-5.669 Y13.531
G1 X-5.851 Y13.915
G1 X-5.925 Y14.153
G1 X-5.998 Y14.281
G1 X-6.016 Y14.409
G1 X-5.961 Y14.501
G1 X-6.199 Y14.391
M5
G0 X-5.906 Y14.537 F2500
M3 S280
G1 F900
G1 X-6.016 Y14.482
G1 X-6.053 Y14.482
G1 X-6.217 Y14.391
G1 X-6.254 Y14.391
G1 X-6.181 Y14.373
G1 X-5.998 Y14.190
G1 X-5.870 Y13.952
G1 X-5.650 Y13.458
G1 X-5.778 Y13.330
G1 X-5.815 Y13.330
G1 X-6.144 Y13.477
G1 X-6.382 Y13.605
G1 X-7.131 Y13.934
G1 X-7.186 Y13.934
G1 X-7.424 Y13.806
G1 X-7.387 Y13.806
G1 X-7.186 Y13.605
G1 X-6.967 Y13.166
G1 X-6.747 Y12.672
G1 X-6.693 Y12.507
G1 X-6.693 Y12.361
G1 X-6.784 Y12.233
G1 X-6.418 Y12.434
G1 X-6.455 Y12.434
G1 X-6.693 Y12.672
G1 X-6.985 Y13.221
G1 X-7.095 Y13.458
G1 X-6.967 Y13.586
G1 X-6.930 Y13.586
G1 X-6.345 Y13.330
G1 X-6.071 Y13.184
G1 X-5.669 Y13.019
G1 X-5.449 Y12.891
G1 X-5.376 Y12.928
G1 X-5.522 Y13.275
G1 X-5.650 Y13.513
G1 X-5.833 Y13.915
G1 X-5.870 Y14.062
G1 X-5.979 Y14.281
G1 X-5.998 Y14.409
G1 X-5.906 Y14.537
G1 X-6.016 Y14.482
M5
G0 X-5.888 Y14.574 F2500
M3 S280
G1 F900
G1 X-6.217 Y14.409
G1 X-6.254 Y14.409
G1 X-6.327 Y14.373
G1 X-6.217 Y14.373
G1 X-6.181 Y14.354
G1 X-5.979 Y14.135
G1 X-5.669 Y13.458
G1 X-5.778 Y13.349
G1 X-5.815 Y13.349
G1 X-6.144 Y13.495
G1 X-6.382 Y13.623
G1 X-7.131 Y13.952
G1 X-7.186 Y13.952
G1 X-7.479 Y13.806
G1 X-7.387 Y13.787
G1 X-7.205 Y13.605
G1 X-6.985 Y13.166
G1 X-6.766 Y12.672
G1 X-6.711 Y12.507
G1 X-6.711 Y12.361
G1 X-6.802 Y12.251
G1 X-6.802 Y12.215
G1 X-6.345 Y12.453
G1 X-6.400 Y12.434
G1 X-6.455 Y12.453
G1 X-6.711 Y12.727
G1 X-7.077 Y13.458
G1 X-6.967 Y13.568
G1 X-6.930 Y13.568
G1 X-6.345 Y13.312
G1 X-6.071 Y13.166
G1 X-5.669 Y13.001
G1 X-5.449 Y12.873
G1 X-5.358 Y12.891
G1 X-5.358 Y12.928
G1 X-5.413 Y13.019
G1 X-5.504 Y13.275
G1 X-5.632 Y13.513
G1 X-5.815 Y13.915
G1 X-5.888 Y14.153
G1 X-5.961 Y14.281
G1 X-5.979 Y14.409
G1 X-5.888 Y14.537
G1 X-5.888 Y14.574
G1 X-6.217 Y14.409
M5
G0 X-5.870 Y14.592 F2500
M3 S280
G1 F900
G1 X-6.363 Y14.373
G1 X-6.363 Y14.336
G1 X-6.217 Y14.354
G1 X-6.181 Y14.336
G1 X-5.998 Y14.135
G1 X-5.687 Y13.458
G1 X-5.778 Y13.367
G1 X-5.815 Y13.367
G1 X-6.144 Y13.513
G1 X-6.382 Y13.641
G1 X-7.131 Y13.970
G1 X-7.186 Y13.970
G1 X-7.552 Y13.769
G1 X-7.515 Y13.769
G1 X-7.497 Y13.787
G1 X-7.387 Y13.769
G1 X-7.223 Y13.605
G1 X-7.003 Y13.166
G1 X-6.784 Y12.672
G1 X-6.729 Y12.507
G1 X-6.729 Y12.361
G1 X-6.821 Y12.251
G1 X-6.821 Y12.197
G1 X-6.784 Y12.197
G1 X-6.327 Y12.434
G1 X-6.327 Y12.471
G1 X-6.400 Y12.453
G1 X-6.455 Y12.471
G1 X-6.693 Y12.727
G1 X-7.058 Y13.458
G1 X-6.967 Y13.550
G1 X-6.930 Y13.550
G1 X-6.345 Y13.294
G1 X-6.071 Y13.147
G1 X-5.669 Y12.983
G1 X-5.449 Y12.855
G1 X-5.358 Y12.873
G1 X-5.339 Y12.928
G1 X-5.394 Y13.019
G1 X-5.486 Y13.275
G1 X-5.614 Y13.513
G1 X-5.797 Y13.915
G1 X-5.833 Y14.062
G1 X-5.943 Y14.281
G1 X-5.961 Y14.409
G1 X-5.870 Y14.537
G1 X-5.870 Y14.592
G1 X-6.363 Y14.373
M5
G0 X-5.851 Y14.610 F2500
M3 S280
G1 F900
G1 X-5.888 Y14.610
G1 X-6.217 Y14.446
G1 X-6.254 Y14.446
G1 X-6.363 Y14.391
G1 X-6.382 Y14.318
G1 X-6.217 Y14.336
G1 X-6.181 Y14.318
G1 X-6.016 Y14.135
G1 X-5.705 Y13.458
G1 X-5.778 Y13.385
G1 X-5.815 Y13.385
G1 X-6.144 Y13.531
G1 X-6.382 Y13.659
G1 X-7.131 Y13.989
G1 X-7.186 Y13.989
G1 X-7.552 Y13.806
G1 X-7.570 Y13.751
G1 X-7.515 Y13.751
G1 X-7.497 Y13.769
G1 X-7.387 Y13.751
G1 X-7.241 Y13.605
G1 X-6.912 Y12.928
G1 X-6.747 Y12.507
G1 X-6.747 Y12.361
G1 X-6.839 Y12.251
G1 X-6.839 Y12.178
G1 X-6.784 Y12.178
G1 X-6.290 Y12.434
G1 X-6.309 Y12.489
G1 X-6.345 Y12.489
G1 X-6.363 Y12.471
G1 X-6.455 Y12.489
G1 X-6.674 Y12.727
G1 X-7.040 Y13.458
G1 X-6.967 Y13.531
G1 X-6.930 Y13.531
G1 X-6.345 Y13.275
G1 X-6.071 Y13.129
G1 X-5.669 Y12.965
G1 X-5.449 Y12.837
G1 X-5.394 Y12.837
G1 X-5.321 Y12.873
G1 X-5.321 Y12.928
G1 X-5.413 Y13.147
G1 X-5.778 Y13.915
G1 X-5.815 Y14.062
G1 X-5.925 Y14.281
G1 X-5.943 Y14.409
G1 X-5.851 Y14.537
G1 X-5.851 Y14.610
G1 X-5.888 Y14.610
M5
G0 X-5.851 Y14.629 F2500
M3 S280
G1 F900
G1 X-5.888 Y14.629
G1 X-6.400 Y14.391
G1 X-6.400 Y14.299
G1 X-6.217 Y14.318
G1 X-6.071 Y14.190
G1 X-5.943 Y13.952
G1 X-5.723 Y13.458
G1 X-5.778 Y13.403
G1 X-5.815 Y13.403
G1 X-6.144 Y13.550
G1 X-6.382 Y13.678
G1 X-7.131 Y14.007
G1 X-7.186 Y14.007
G1 X-7.589 Y13.806
G1 X-7.570 Y13.733
G1 X-7.515 Y13.733
G1 X-7.497 Y13.751
G1 X-7.387 Y13.733
G1 X-7.259 Y13.605
G1 X-6.930 Y12.928
G1 X-6.766 Y12.507
G1 X-6.766 Y12.361
G1 X-6.857 Y12.251
G1 X-6.839 Y12.160
G1 X-6.784 Y12.160
G1 X-6.272 Y12.434
G1 X-6.290 Y12.507
G1 X-6.363 Y12.489
G1 X-6.455 Y12.507
G1 X-6.656 Y12.727
G1 X-7.022 Y13.458
G1 X-6.967 Y13.513
G1 X-6.930 Y13.513
G1 X-6.345 Y13.257
G1 X-6.071 Y13.111
G1 X-5.669 Y12.946
G1 X-5.449 Y12.818
G1 X-5.394 Y12.818
G1 X-5.321 Y12.855
G1 X-5.303 Y12.928
G1 X-5.449 Y13.275
G1 X-5.577 Y13.513
G1 X-5.760 Y13.915
G1 X-5.797 Y14.062
G1 X-5.906 Y14.281
G1 X-5.925 Y14.409
G1 X-5.833 Y14.537
G1 X-5.851 Y14.629
G1 X-5.888 Y14.629
M5
G0 X-5.833 Y14.647 F2500
M3 S280
G1 F900
G1 X-5.888 Y14.647
G1 X-6.400 Y14.409
G1 X-6.400 Y14.281
G1 X-6.217 Y14.299
G1 X-6.089 Y14.190
G1 X-5.961 Y13.952
G1 X-5.742 Y13.458
G1 X-5.778 Y13.422
G1 X-5.815 Y13.422
G1 X-6.144 Y13.568
G1 X-6.382 Y13.696
G1 X-7.131 Y14.025
G1 X-7.186 Y14.025
G1 X-7.589 Y13.824
G1 X-7.607 Y13.751
G1 X-7.589 Y13.714
G1 X-7.497 Y13.733
G1 X-7.387 Y13.714
G1 X-7.278 Y13.605
G1 X-6.949 Y12.928
G1 X-6.784 Y12.507
G1 X-6.784 Y12.361
G1 X-6.875 Y12.251
G1 X-6.875 Y12.178
G1 X-6.857 Y12.142
G1 X-6.784 Y12.142
G1 X-6.290 Y12.398
G1 X-6.254 Y12.434
G1 X-6.290 Y12.526
G1 X-6.345 Y12.526
G1 X-6.363 Y12.507
G1 X-6.455 Y12.526
G1 X-6.601 Y12.672
G1 X-6.747 Y12.928
G1 X-7.003 Y13.458
G1 X-6.967 Y13.495
G1 X-6.930 Y13.495
G1 X-6.345 Y13.239
G1 X-6.071 Y13.093
G1 X-5.669 Y12.928
G1 X-5.449 Y12.800
G1 X-5.394 Y12.800
G1 X-5.285 Y12.873
G1 X-5.285 Y12.928
G1 X-5.376 Y13.147
G1 X-5.742 Y13.915
G1 X-5.778 Y14.062
G1 X-5.888 Y14.281
G1 X-5.906 Y14.409
G1 X-5.815 Y14.537
G1 X-5.815 Y14.610
G1 X-5.833 Y14.647
G1 X-5.888 Y14.647
M5
G0 X-5.815 Y14.665 F2500
M3 S280
G1 F900
G1 X-5.888 Y14.665
G1 X-6.400 Y14.427
G1 X-6.437 Y14.391
G1 X-6.437 Y14.299
G1 X-6.418 Y14.263
G1 X-6.217 Y14.281
G1 X-6.107 Y14.190
G1 X-5.979 Y13.952
G1 X-5.760 Y13.458
G1 X-5.815 Y13.440
G1 X-6.619 Y13.824
G1 X-7.131 Y14.043
G1 X-7.186 Y14.043
G1 X-7.589 Y13.842
G1 X-7.625 Y13.806
G1 X-7.607 Y13.714
G1 X-7.515 Y13.696
G1 X-7.497 Y13.714
G1 X-7.442 Y13.714
G1 X-7.387 Y13.696
G1 X-7.296 Y13.605
G1 X-6.967 Y12.928
G1 X-6.802 Y12.507
G1 X-6.802 Y12.361
G1 X-6.894 Y12.251
G1 X-6.894 Y12.178
G1 X-6.875 Y12.142
G1 X-6.784 Y12.123
G1 X-6.290 Y12.379
G1 X-6.235 Y12.434
G1 X-6.272 Y12.544
G1 X-6.363 Y12.526
G1 X-6.455 Y12.544
G1 X-6.583 Y12.672
G1 X-6.729 Y12.928
G1 X-6.985 Y13.458
G1 X-6.930 Y13.477
G1 X-6.345 Y13.221
G1 X-6.071 Y13.074
G1 X-5.669 Y12.910
G1 X-5.449 Y12.782
G1 X-5.394 Y12.782
G1 X-5.266 Y12.855
G1 X-5.266 Y12.928
G1 X-5.358 Y13.147
G1 X-5.723 Y13.915
G1 X-5.760 Y14.062
G1 X-5.870 Y14.281
G1 X-5.888 Y14.409
G1 X-5.797 Y14.537
G1 X-5.815 Y14.665
G1 X-5.888 Y14.665
M5
G0 X-5.266 Y14.757 F2500
M3 S280
G1 F900
G1 X-5.339 Y14.738
G1 X-5.339 Y14.683
G1 X-5.266 Y14.757
G1 X-5.339 Y14.738
M5
G0 X-5.211 Y14.793 F2500
M3 S280
G1 F900
G1 X-5.285 Y14.757
G1 X-5.376 Y14.757
G1 X-5.339 Y14.665
G1 X-5.211 Y14.793
G1 X-5.285 Y14.757
M5
G0 X-5.175 Y14.811 F2500
M3 S280
G1 F900
G1 X-5.358 Y14.757
G1 X-5.394 Y14.775
G1 X-5.394 Y14.738
G1 X-5.358 Y14.665
G1 X-5.358 Y14.610
G1 X-5.175 Y14.811
G1 X-5.358 Y14.757
M5
G0 X-5.065 Y14.866 F2500
M3 S280
G1 F900
G1 X-5.285 Y14.793
G1 X-5.413 Y14.793
G1 X-5.376 Y14.610
G1 X-5.339 Y14.555
G1 X-5.321 Y14.647
G1 X-5.120 Y14.848
G1 X-5.065 Y14.866
G1 X-5.285 Y14.793
M5
G0 X-4.791 Y14.866 F2500
M3 S280
G1 F900
G1 X-4.663 Y14.720
G1 X-4.553 Y14.299
G1 X-4.462 Y14.062
G1 X-4.443 Y13.934
G1 X-4.334 Y13.623
G1 X-4.297 Y13.440
G1 X-4.114 Y13.495
G1 X-4.242 Y13.623
G1 X-4.279 Y13.696
G1 X-4.626 Y14.757
G1 X-4.645 Y14.866
G1 X-4.663 Y14.903
G1 X-4.791 Y14.866
G1 X-4.663 Y14.720
M5
G0 X-4.754 Y14.866 F2500
M3 S280
G1 F900
G1 X-4.645 Y14.720
G1 X-4.535 Y14.299
G1 X-4.443 Y14.062
G1 X-4.425 Y13.934
G1 X-4.315 Y13.623
G1 X-4.279 Y13.458
G1 X-4.151 Y13.513
G1 X-4.261 Y13.623
G1 X-4.297 Y13.696
G1 X-4.645 Y14.757
G1 X-4.645 Y14.811
G1 X-4.681 Y14.885
G1 X-4.754 Y14.866
G1 X-4.645 Y14.720
M5
G0 X-4.645 Y14.939 F2500
M3 S280
G1 F900
G1 X-4.773 Y14.885
G1 X-4.809 Y14.885
G1 X-4.681 Y14.720
G1 X-4.571 Y14.299
G1 X-4.480 Y14.062
G1 X-4.462 Y13.934
G1 X-4.352 Y13.623
G1 X-4.334 Y13.495
G1 X-4.315 Y13.477
G1 X-4.334 Y13.403
G1 X-4.096 Y13.495
G1 X-4.224 Y13.623
G1 X-4.261 Y13.696
G1 X-4.608 Y14.757
G1 X-4.645 Y14.939
G1 X-4.773 Y14.885
M5
G0 X-4.626 Y14.958 F2500
M3 S280
G1 F900
G1 X-4.846 Y14.885
G1 X-4.699 Y14.720
G1 X-4.590 Y14.299
G1 X-4.498 Y14.062
G1 X-4.480 Y13.934
G1 X-4.370 Y13.623
G1 X-4.352 Y13.495
G1 X-4.334 Y13.477
G1 X-4.334 Y13.440
G1 X-4.389 Y13.367
G1 X-4.261 Y13.422
G1 X-4.059 Y13.477
G1 X-4.206 Y13.623
G1 X-4.242 Y13.696
G1 X-4.626 Y14.885
G1 X-4.626 Y14.958
G1 X-4.846 Y14.885
M5
G0 X-4.571 Y14.994 F2500
M3 S280
G1 F900
G1 X-4.864 Y14.903
G1 X-4.718 Y14.720
G1 X-4.608 Y14.299
G1 X-4.517 Y14.062
G1 X-4.498 Y13.934
G1 X-4.389 Y13.623
G1 X-4.352 Y13.440
G1 X-4.443 Y13.330
G1 X-4.041 Y13.477
G1 X-4.187 Y13.623
G1 X-4.279 Y13.842
G1 X-4.608 Y14.885
G1 X-4.608 Y14.958
G1 X-4.571 Y14.994
G1 X-4.864 Y14.903
M5
G0 X-4.517 Y15.031 F2500
M3 S280
G1 F900
G1 X-4.901 Y14.903
G1 X-4.736 Y14.720
G1 X-4.626 Y14.299
G1 X-4.535 Y14.062
G1 X-4.517 Y13.934
G1 X-4.407 Y13.623
G1 X-4.370 Y13.440
G1 X-4.498 Y13.294
G1 X-4.370 Y13.349
G1 X-4.005 Y13.458
G1 X-4.169 Y13.623
G1 X-4.279 Y13.897
G1 X-4.590 Y14.885
G1 X-4.590 Y14.958
G1 X-4.517 Y15.031
G1 X-4.901 Y14.903
M5
G0 X-4.462 Y15.067 F2500
M3 S280
G1 F900
G1 X-4.882 Y14.921
G1 X-4.919 Y14.921
G1 X-4.754 Y14.720
G1 X-4.645 Y14.299
G1 X-4.553 Y14.062
G1 X-4.535 Y13.934
G1 X-4.425 Y13.623
G1 X-4.407 Y13.495
G1 X-4.389 Y13.477
G1 X-4.407 Y13.403
G1 X-4.553 Y13.257
G1 X-3.968 Y13.458
G1 X-4.151 Y13.623
G1 X-4.187 Y13.696
G1 X-4.571 Y14.885
G1 X-4.571 Y14.958
G1 X-4.462 Y15.067
G1 X-4.882 Y14.921
M5
G0 X-4.315 Y15.122 F2500
M3 S280
G1 F900
G1 X-4.151 Y15.122
G1 X-4.114 Y15.104
G1 X-3.913 Y14.903
G1 X-3.950 Y14.976
G1 X-3.950 Y15.031
G1 X-4.023 Y15.214
G1 X-4.023 Y15.250
G1 X-4.059 Y15.250
G1 X-4.133 Y15.214
G1 X-4.206 Y15.141
G1 X-4.315 Y15.122
G1 X-4.151 Y15.122
M5
G0 X-4.151 Y15.159 F2500
M3 S280
G1 F900
G1 X-3.986 Y15.013
G1 X-4.059 Y15.214
G1 X-4.151 Y15.159
G1 X-3.986 Y15.013
M5
G0 X-4.133 Y15.159 F2500
M3 S280
G1 F900
G1 X-4.023 Y15.067
G1 X-4.059 Y15.195
G1 X-4.133 Y15.159
G1 X-4.023 Y15.067
M5
G0 X-4.133 Y15.195 F2500
M3 S280
G1 F900
G1 X-4.187 Y15.141
G1 X-4.114 Y15.122
G1 X-3.950 Y14.958
G1 X-4.041 Y15.232
G1 X-4.133 Y15.195
G1 X-4.187 Y15.141
M5
G0 X-4.023 Y15.269 F2500
M3 S280
G1 F900
G1 X-4.059 Y15.269
G1 X-4.133 Y15.232
G1 X-4.206 Y15.159
G1 X-4.315 Y15.141
G1 X-4.370 Y15.104
G1 X-5.157 Y14.848
G1 X-5.358 Y14.793
G1 X-5.449 Y14.811
G1 X-5.339 Y14.446
G1 X-5.339 Y14.537
G1 X-5.303 Y14.647
G1 X-5.120 Y14.830
G1 X-4.937 Y14.903
G1 X-4.791 Y14.757
G1 X-4.663 Y14.299
G1 X-4.571 Y14.062
G1 X-4.553 Y13.934
G1 X-4.443 Y13.623
G1 X-4.425 Y13.495
G1 X-4.407 Y13.477
G1 X-4.425 Y13.403
G1 X-4.571 Y13.239
G1 X-4.535 Y13.239
G1 X-4.480 Y13.275
G1 X-3.986 Y13.440
G1 X-3.877 Y13.458
G1 X-3.950 Y13.458
G1 X-3.986 Y13.477
G1 X-4.133 Y13.623
G1 X-4.169 Y13.696
G1 X-4.553 Y14.885
G1 X-4.553 Y14.958
G1 X-4.443 Y15.067
G1 X-4.334 Y15.104
G1 X-4.151 Y15.104
G1 X-4.114 Y15.086
G1 X-3.895 Y14.848
G1 X-3.931 Y15.031
G1 X-4.023 Y15.269
G1 X-4.059 Y15.269
M5
G0 X-4.005 Y15.287 F2500
M3 S280
G1 F900
G1 X-4.059 Y15.287
G1 X-4.133 Y15.250
G1 X-4.206 Y15.177
G1 X-4.315 Y15.159
G1 X-4.370 Y15.122
G1 X-5.157 Y14.866
G1 X-5.358 Y14.811
G1 X-5.467 Y14.830
G1 X-5.413 Y14.610
G1 X-5.321 Y14.391
G1 X-5.321 Y14.537
G1 X-5.285 Y14.647
G1 X-5.120 Y14.811
G1 X-4.937 Y14.885
G1 X-4.809 Y14.757
G1 X-4.681 Y14.299
G1 X-4.590 Y14.062
G1 X-4.571 Y13.934
G1 X-4.462 Y13.623
G1 X-4.443 Y13.495
G1 X-4.425 Y13.477
G1 X-4.443 Y13.403
G1 X-4.590 Y13.257
G1 X-4.590 Y13.221
G1 X-4.535 Y13.221
G1 X-3.986 Y13.422
G1 X-3.931 Y13.422
G1 X-3.822 Y13.477
G1 X-3.950 Y13.477
G1 X-4.114 Y13.623
G1 X-4.206 Y13.842
G1 X-4.535 Y14.885
G1 X-4.535 Y14.958
G1 X-4.443 Y15.049
G1 X-4.334 Y15.086
G1 X-4.151 Y15.086
G1 X-4.114 Y15.067
G1 X-3.895 Y14.830
G1 X-3.877 Y14.903
G1 X-4.005 Y15.287
G1 X-4.059 Y15.287
M5
G0 X-3.986 Y15.287 F2500
M3 S280
G1 F900
G1 X-4.059 Y15.305
G1 X-4.133 Y15.269
G1 X-4.206 Y15.195
G1 X-4.315 Y15.177
G1 X-4.370 Y15.141
G1 X-5.157 Y14.885
G1 X-5.358 Y14.830
G1 X-5.486 Y14.848
G1 X-5.431 Y14.610
G1 X-5.339 Y14.354
G1 X-5.303 Y14.373
G1 X-5.303 Y14.537
G1 X-5.285 Y14.610
G1 X-5.120 Y14.793
G1 X-4.937 Y14.866
G1 X-4.827 Y14.757
G1 X-4.699 Y14.299
G1 X-4.608 Y14.062
G1 X-4.590 Y13.934
G1 X-4.480 Y13.623
G1 X-4.462 Y13.495
G1 X-4.443 Y13.477
G1 X-4.462 Y13.403
G1 X-4.608 Y13.257
G1 X-4.608 Y13.202
G1 X-4.535 Y13.202
G1 X-3.986 Y13.403
G1 X-3.877 Y13.422
G1 X-3.803 Y13.477
G1 X-3.822 Y13.513
G1 X-3.950 Y13.495
G1 X-4.096 Y13.623
G1 X-4.187 Y13.842
G1 X-4.517 Y14.885
G1 X-4.517 Y14.958
G1 X-4.443 Y15.031
G1 X-4.334 Y15.067
G1 X-4.151 Y15.067
G1 X-4.114 Y15.049
G1 X-3.895 Y14.811
G1 X-3.858 Y14.830
G1 X-3.858 Y14.903
G1 X-3.986 Y15.287
G1 X-4.059 Y15.305
M5
G0 X-3.986 Y15.323 F2500
M3 S280
G1 F900
G1 X-4.059 Y15.323
G1 X-4.133 Y15.287
G1 X-4.206 Y15.214
G1 X-4.315 Y15.195
G1 X-4.370 Y15.159
G1 X-5.157 Y14.903
G1 X-5.358 Y14.848
G1 X-5.504 Y14.866
G1 X-5.504 Y14.811
G1 X-5.376 Y14.391
G1 X-5.339 Y14.336
G1 X-5.285 Y14.354
G1 X-5.285 Y14.537
G1 X-5.266 Y14.610
G1 X-5.120 Y14.775
G1 X-4.937 Y14.848
G1 X-4.846 Y14.757
G1 X-4.718 Y14.299
G1 X-4.626 Y14.062
G1 X-4.608 Y13.934
G1 X-4.498 Y13.623
G1 X-4.480 Y13.495
G1 X-4.462 Y13.477
G1 X-4.480 Y13.403
G1 X-4.626 Y13.275
G1 X-4.626 Y13.184
G1 X-4.535 Y13.184
G1 X-4.370 Y13.257
G1 X-3.785 Y13.440
G1 X-3.803 Y13.531
G1 X-3.950 Y13.513
G1 X-3.986 Y13.531
G1 X-4.078 Y13.623
G1 X-4.114 Y13.696
G1 X-4.498 Y14.885
G1 X-4.498 Y14.958
G1 X-4.443 Y15.013
G1 X-4.334 Y15.049
G1 X-4.151 Y15.049
G1 X-4.114 Y15.031
G1 X-3.950 Y14.866
G1 X-3.913 Y14.793
G1 X-3.858 Y14.811
G1 X-3.840 Y14.903
G1 X-3.986 Y15.323
G1 X-4.059 Y15.323
M5
G0 X-3.968 Y15.342 F2500
M3 S280
G1 F900
G1 X-4.059 Y15.342
G1 X-4.133 Y15.305
G1 X-4.206 Y15.232
G1 X-4.315 Y15.214
G1 X-4.370 Y15.177
G1 X-5.157 Y14.921
G1 X-5.358 Y14.866
G1 X-5.522 Y14.866
G1 X-5.522 Y14.811
G1 X-5.467 Y14.610
G1 X-5.358 Y14.318
G1 X-5.266 Y14.354
G1 X-5.266 Y14.537
G1 X-5.248 Y14.610
G1 X-5.120 Y14.757
G1 X-4.937 Y14.830
G1 X-4.864 Y14.757
G1 X-4.736 Y14.299
G1 X-4.645 Y14.062
G1 X-4.626 Y13.934
G1 X-4.517 Y13.623
G1 X-4.498 Y13.495
G1 X-4.480 Y13.477
G1 X-4.498 Y13.403
G1 X-4.626 Y13.294
G1 X-4.645 Y13.166
G1 X-4.535 Y13.166
G1 X-4.151 Y13.312
G1 X-3.785 Y13.422
G1 X-3.767 Y13.477
G1 X-3.822 Y13.550
G1 X-3.950 Y13.531
G1 X-4.059 Y13.623
G1 X-4.151 Y13.842
G1 X-4.480 Y14.885
G1 X-4.480 Y14.958
G1 X-4.443 Y14.994
G1 X-4.334 Y15.031
G1 X-4.151 Y15.031
G1 X-3.968 Y14.866
G1 X-3.931 Y14.793
G1 X-3.895 Y14.775
G1 X-3.822 Y14.811
G1 X-3.822 Y14.903
G1 X-3.968 Y15.342
G1 X-4.059 Y15.342
M5
G0 X-3.968 Y15.360 F2500
M3 S280
G1 F900
G1 X-4.059 Y15.360
G1 X-4.133 Y15.323
G1 X-4.206 Y15.250
G1 X-4.315 Y15.232
G1 X-4.370 Y15.195
G1 X-5.157 Y14.939
G1 X-5.358 Y14.885
G1 X-5.504 Y14.903
G1 X-5.541 Y14.866
G1 X-5.541 Y14.811
G1 X-5.486 Y14.610
G1 X-5.376 Y14.318
G1 X-5.285 Y14.318
G1 X-5.248 Y14.336
G1 X-5.248 Y14.537
G1 X-5.230 Y14.610
G1 X-5.120 Y14.738
G1 X-4.937 Y14.811
G1 X-4.882 Y14.757
G1 X-4.754 Y14.299
G1 X-4.663 Y14.062
G1 X-4.645 Y13.934
G1 X-4.535 Y13.623
G1 X-4.517 Y13.495
G1 X-4.498 Y13.477
G1 X-4.517 Y13.403
G1 X-4.663 Y13.275
G1 X-4.645 Y13.147
G1 X-4.535 Y13.147
G1 X-4.206 Y13.275
G1 X-3.822 Y13.385
G1 X-3.749 Y13.440
G1 X-3.767 Y13.531
G1 X-3.822 Y13.568
G1 X-3.950 Y13.550
G1 X-3.986 Y13.568
G1 X-4.041 Y13.623
G1 X-4.078 Y13.696
G1 X-4.462 Y14.885
G1 X-4.443 Y14.976
G1 X-4.334 Y15.013
G1 X-4.151 Y15.013
G1 X-3.986 Y14.866
G1 X-3.950 Y14.793
G1 X-3.895 Y14.757
G1 X-3.822 Y14.793
G1 X-3.803 Y14.903
G1 X-3.913 Y15.250
G1 X-3.968 Y15.360
G1 X-4.059 Y15.360
M5
G0 X-2.359 Y15.287 F2500
M3 S280
G1 F900
G1 X-2.432 Y15.159
G1 X-2.505 Y14.903
G1 X-2.505 Y14.592
G1 X-2.487 Y14.482
G1 X-2.432 Y14.318
G1 X-2.341 Y14.153
G1 X-2.176 Y14.062
G1 X-2.103 Y14.043
G1 X-2.304 Y14.245
G1 X-2.395 Y14.427
G1 X-2.432 Y14.555
G1 X-2.469 Y14.939
G1 X-2.450 Y15.067
G1 X-2.395 Y15.232
G1 X-2.359 Y15.287
G1 X-2.432 Y15.159
M5
G0 X-2.304 Y15.360 F2500
M3 S280
G1 F900
G1 X-2.359 Y15.323
G1 X-2.395 Y15.269
G1 X-2.505 Y14.994
G1 X-2.523 Y14.903
G1 X-2.523 Y14.592
G1 X-2.505 Y14.482
G1 X-2.450 Y14.318
G1 X-2.359 Y14.153
G1 X-2.176 Y14.043
G1 X-2.048 Y14.007
G1 X-2.286 Y14.245
G1 X-2.377 Y14.427
G1 X-2.432 Y14.647
G1 X-2.450 Y14.830
G1 X-2.432 Y15.067
G1 X-2.377 Y15.232
G1 X-2.304 Y15.360
G1 X-2.359 Y15.323
M5
G0 X-2.213 Y15.433 F2500
M3 S280
G1 F900
G1 X-2.377 Y15.323
G1 X-2.469 Y15.159
G1 X-2.542 Y14.903
G1 X-2.542 Y14.592
G1 X-2.505 Y14.409
G1 X-2.377 Y14.153
G1 X-2.286 Y14.080
G1 X-2.176 Y14.025
G1 X-1.993 Y13.970
G1 X-2.267 Y14.245
G1 X-2.359 Y14.427
G1 X-2.414 Y14.647
G1 X-2.432 Y14.830
G1 X-2.414 Y15.067
G1 X-2.322 Y15.305
G1 X-2.213 Y15.433
G1 X-2.377 Y15.323
M5
G0 X-2.139 Y15.488 F2500
M3 S280
G1 F900
G1 X-2.359 Y15.360
G1 X-2.432 Y15.269
G1 X-2.487 Y15.159
G1 X-2.560 Y14.903
G1 X-2.560 Y14.592
G1 X-2.523 Y14.409
G1 X-2.395 Y14.153
G1 X-2.341 Y14.098
G1 X-2.176 Y14.007
G1 X-1.938 Y13.934
G1 X-2.249 Y14.245
G1 X-2.341 Y14.427
G1 X-2.395 Y14.647
G1 X-2.414 Y14.830
G1 X-2.395 Y15.067
G1 X-2.304 Y15.305
G1 X-2.139 Y15.488
G1 X-2.359 Y15.360
M5
G0 X-2.085 Y15.525 F2500
M3 S280
G1 F900
G1 X-2.249 Y15.451
G1 X-2.359 Y15.378
G1 X-2.450 Y15.269
G1 X-2.505 Y15.159
G1 X-2.578 Y14.903
G1 X-2.578 Y14.592
G1 X-2.542 Y14.409
G1 X-2.505 Y14.318
G1 X-2.414 Y14.153
G1 X-2.341 Y14.080
G1 X-2.176 Y13.989
G1 X-2.011 Y13.934
G1 X-1.883 Y13.915
G1 X-2.231 Y14.245
G1 X-2.322 Y14.427
G1 X-2.377 Y14.647
G1 X-2.395 Y14.830
G1 X-2.377 Y15.067
G1 X-2.286 Y15.305
G1 X-2.085 Y15.525
G1 X-2.249 Y15.451
M5
G0 X-2.030 Y15.561 F2500
M3 S280
G1 F900
G1 X-2.103 Y15.543
G1 X-2.249 Y15.470
G1 X-2.359 Y15.397
G1 X-2.469 Y15.269
G1 X-2.523 Y15.159
G1 X-2.597 Y14.903
G1 X-2.597 Y14.592
G1 X-2.560 Y14.409
G1 X-2.523 Y14.318
G1 X-2.432 Y14.153
G1 X-2.341 Y14.062
G1 X-2.176 Y13.970
G1 X-2.011 Y13.915
G1 X-1.755 Y13.879
G1 X-1.792 Y13.879
G1 X-1.920 Y13.952
G1 X-2.213 Y14.245
G1 X-2.304 Y14.427
G1 X-2.359 Y14.647
G1 X-2.377 Y14.939
G1 X-2.359 Y15.067
G1 X-2.304 Y15.232
G1 X-2.231 Y15.360
G1 X-2.030 Y15.561
G1 X-2.103 Y15.543
M5
G0 X-1.938 Y15.616 F2500
M3 S280
G1 F900
G1 X-2.103 Y15.561
G1 X-2.249 Y15.488
G1 X-2.359 Y15.415
G1 X-2.487 Y15.269
G1 X-2.542 Y15.159
G1 X-2.615 Y14.903
G1 X-2.615 Y14.592
G1 X-2.597 Y14.482
G1 X-2.487 Y14.208
G1 X-2.450 Y14.153
G1 X-2.286 Y14.007
G1 X-2.176 Y13.952
G1 X-1.938 Y13.879
G1 X-1.810 Y13.879
G1 X-1.792 Y13.861
G1 X-1.536 Y13.879
G1 X-1.737 Y13.879
G1 X-1.920 Y13.970
G1 X-2.194 Y14.245
G1 X-2.286 Y14.427
G1 X-2.322 Y14.555
G1 X-2.359 Y14.939
G1 X-2.341 Y15.067
G1 X-2.286 Y15.232
G1 X-2.213 Y15.360
G1 X-2.011 Y15.561
G1 X-1.957 Y15.598
G1 X-1.883 Y15.616
G1 X-1.938 Y15.616
G1 X-2.103 Y15.561
M5
G0 X-1.682 Y15.653 F2500
M3 S280
G1 F900
G1 X-1.573 Y15.653
G1 X-1.445 Y15.598
G1 X-1.390 Y15.561
G1 X-1.170 Y15.342
G1 X-1.152 Y15.305
G1 X-1.189 Y15.378
G1 X-1.207 Y15.525
G1 X-1.243 Y15.634
G1 X-1.390 Y15.653
G1 X-1.682 Y15.653
G1 X-1.573 Y15.653
M5
G0 X-1.499 Y15.634 F2500
M3 S280
G1 F900
G1 X-1.390 Y15.579
G1 X-1.207 Y15.397
G1 X-1.243 Y15.543
G1 X-1.243 Y15.616
G1 X-1.499 Y15.634
G1 X-1.390 Y15.579
M5
G0 X-1.353 Y15.579 F2500
M3 S280
G1 F900
G1 X-1.262 Y15.488
G1 X-1.280 Y15.579
G1 X-1.353 Y15.579
G1 X-1.262 Y15.488
M5
G0 X-1.243 Y15.653 F2500
M3 S280
G1 F900
G1 X-1.390 Y15.671
G1 X-1.755 Y15.671
G1 X-1.938 Y15.634
G1 X-2.103 Y15.579
G1 X-2.249 Y15.506
G1 X-2.359 Y15.433
G1 X-2.505 Y15.269
G1 X-2.560 Y15.159
G1 X-2.633 Y14.903
G1 X-2.633 Y14.592
G1 X-2.615 Y14.482
G1 X-2.505 Y14.208
G1 X-2.469 Y14.153
G1 X-2.286 Y13.989
G1 X-2.176 Y13.934
G1 X-1.938 Y13.861
G1 X-1.682 Y13.842
G1 X-1.664 Y13.861
G1 X-1.536 Y13.861
G1 X-1.353 Y13.897
G1 X-1.079 Y13.989
G1 X-1.042 Y14.025
G1 X-1.006 Y14.391
G1 X-1.024 Y14.318
G1 X-1.115 Y14.171
G1 X-1.280 Y14.007
G1 X-1.390 Y13.934
G1 X-1.499 Y13.897
G1 X-1.737 Y13.897
G1 X-1.792 Y13.915
G1 X-1.920 Y13.989
G1 X-2.176 Y14.245
G1 X-2.267 Y14.427
G1 X-2.322 Y14.647
G1 X-2.341 Y14.939
G1 X-2.322 Y15.067
G1 X-2.267 Y15.232
G1 X-2.194 Y15.360
G1 X-2.011 Y15.543
G1 X-1.920 Y15.598
G1 X-1.810 Y15.634
G1 X-1.701 Y15.653
G1 X-1.573 Y15.634
G1 X-1.390 Y15.543
G1 X-1.134 Y15.269
G1 X-1.189 Y15.451
G1 X-1.207 Y15.616
G1 X-1.243 Y15.653
G1 X-1.390 Y15.671
M5
G0 X-1.426 Y15.616 F2500
M3 S280
G1 F900
G1 X-1.225 Y15.433
G1 X-1.243 Y15.525
G1 X-1.262 Y15.543
G1 X-1.262 Y15.598
G1 X-1.371 Y15.598
G1 X-1.390 Y15.616
G1 X-1.426 Y15.616
G1 X-1.225 Y15.433
M5
G0 X-1.243 Y15.671 F2500
M3 S280
G1 F900
G1 X-1.390 Y15.689
G1 X-1.755 Y15.689
G1 X-1.938 Y15.653
G1 X-2.103 Y15.598
G1 X-2.249 Y15.525
G1 X-2.359 Y15.451
G1 X-2.523 Y15.269
G1 X-2.578 Y15.159
G1 X-2.651 Y14.903
G1 X-2.651 Y14.592
G1 X-2.633 Y14.482
G1 X-2.578 Y14.318
G1 X-2.487 Y14.153
G1 X-2.286 Y13.970
G1 X-2.176 Y13.915
G1 X-1.938 Y13.842
G1 X-1.682 Y13.824
G1 X-1.664 Y13.842
G1 X-1.536 Y13.842
G1 X-1.353 Y13.879
G1 X-1.042 Y13.989
G1 X-1.006 Y14.135
G1 X-1.006 Y14.318
G1 X-0.987 Y14.336
G1 X-1.006 Y14.427
G1 X-1.042 Y14.354
G1 X-1.042 Y14.318
G1 X-1.134 Y14.171
G1 X-1.280 Y14.025
G1 X-1.390 Y13.952
G1 X-1.499 Y13.915
G1 X-1.737 Y13.915
G1 X-1.920 Y14.007
G1 X-2.158 Y14.245
G1 X-2.249 Y14.427
G1 X-2.304 Y14.647
G1 X-2.322 Y14.830
G1 X-2.304 Y15.067
G1 X-2.213 Y15.305
G1 X-2.011 Y15.525
G1 X-1.920 Y15.579
G1 X-1.810 Y15.616
G1 X-1.701 Y15.634
G1 X-1.573 Y15.616
G1 X-1.390 Y15.525
G1 X-1.207 Y15.342
G1 X-1.170 Y15.269
G1 X-1.115 Y15.250
G1 X-1.115 Y15.305
G1 X-1.170 Y15.451
G1 X-1.189 Y15.616
G1 X-1.207 Y15.653
G1 X-1.243 Y15.671
G1 X-1.390 Y15.689
M5
G0 X-1.390 Y15.744 F2500
M3 S280
G1 F900
G1 X-1.755 Y15.744
G1 X-1.938 Y15.707
G1 X-2.103 Y15.653
G1 X-2.359 Y15.506
G1 X-2.578 Y15.269
G1 X-2.633 Y15.159
G1 X-2.706 Y14.903
G1 X-2.706 Y14.592
G1 X-2.688 Y14.482
G1 X-2.633 Y14.318
G1 X-2.542 Y14.153
G1 X-2.432 Y14.025
G1 X-2.286 Y13.915
G1 X-2.176 Y13.861
G1 X-1.938 Y13.787
G1 X-1.682 Y13.769
G1 X-1.664 Y13.787
G1 X-1.536 Y13.787
G1 X-1.353 Y13.824
G1 X-1.006 Y13.952
G1 X-0.969 Y14.025
G1 X-0.951 Y14.135
G1 X-0.933 Y14.482
G1 X-1.042 Y14.482
G1 X-1.097 Y14.318
G1 X-1.189 Y14.171
G1 X-1.280 Y14.080
G1 X-1.390 Y14.007
G1 X-1.499 Y13.970
G1 X-1.737 Y13.970
G1 X-1.920 Y14.062
G1 X-2.103 Y14.245
G1 X-2.194 Y14.427
G1 X-2.249 Y14.647
G1 X-2.267 Y14.939
G1 X-2.249 Y15.067
G1 X-2.194 Y15.232
G1 X-2.121 Y15.360
G1 X-2.011 Y15.470
G1 X-1.920 Y15.525
G1 X-1.701 Y15.579
G1 X-1.518 Y15.543
G1 X-1.390 Y15.470
G1 X-1.262 Y15.342
G1 X-1.189 Y15.195
G1 X-1.042 Y15.214
G1 X-1.115 Y15.451
G1 X-1.134 Y15.616
G1 X-1.170 Y15.707
G1 X-1.390 Y15.744
G1 X-1.755 Y15.744
M5
G0 X-1.390 Y15.762 F2500
M3 S280
G1 F900
G1 X-1.755 Y15.762
G1 X-1.938 Y15.726
G1 X-2.103 Y15.671
G1 X-2.359 Y15.525
G1 X-2.597 Y15.269
G1 X-2.651 Y15.159
G1 X-2.725 Y14.903
G1 X-2.725 Y14.592
G1 X-2.706 Y14.482
G1 X-2.651 Y14.318
G1 X-2.560 Y14.153
G1 X-2.432 Y14.007
G1 X-2.286 Y13.897
G1 X-2.176 Y13.842
G1 X-1.938 Y13.769
G1 X-1.682 Y13.751
G1 X-1.664 Y13.769
G1 X-1.536 Y13.769
G1 X-1.353 Y13.806
G1 X-1.079 Y13.897
G1 X-0.969 Y13.970
G1 X-0.933 Y14.135
G1 X-0.914 Y14.501
G1 X-1.061 Y14.482
G1 X-1.115 Y14.318
G1 X-1.207 Y14.171
G1 X-1.280 Y14.098
G1 X-1.390 Y14.025
G1 X-1.499 Y13.989
G1 X-1.737 Y13.989
G1 X-1.920 Y14.080
G1 X-2.085 Y14.245
G1 X-2.176 Y14.427
G1 X-2.231 Y14.647
G1 X-2.249 Y14.939
G1 X-2.231 Y15.067
G1 X-2.176 Y15.232
G1 X-2.103 Y15.360
G1 X-2.011 Y15.451
G1 X-1.920 Y15.506
G1 X-1.701 Y15.561
G1 X-1.573 Y15.543
G1 X-1.390 Y15.451
G1 X-1.280 Y15.342
G1 X-1.207 Y15.195
G1 X-1.061 Y15.177
G1 X-1.024 Y15.214
G1 X-1.097 Y15.451
G1 X-1.134 Y15.689
G1 X-1.170 Y15.726
G1 X-1.390 Y15.762
G1 X-1.755 Y15.762
M5
G0 X-1.243 Y15.707 F2500
M3 S280
G1 F900
G1 X-1.390 Y15.726
G1 X-1.755 Y15.726
G1 X-1.938 Y15.689
G1 X-2.103 Y15.634
G1 X-2.359 Y15.488
G1 X-2.560 Y15.269
G1 X-2.615 Y15.159
G1 X-2.688 Y14.903
G1 X-2.688 Y14.592
G1 X-2.670 Y14.482
G1 X-2.615 Y14.318
G1 X-2.523 Y14.153
G1 X-2.432 Y14.043
G1 X-2.286 Y13.934
G1 X-2.176 Y13.879
G1 X-1.938 Y13.806
G1 X-1.682 Y13.787
G1 X-1.664 Y13.806
G1 X-1.536 Y13.806
G1 X-1.353 Y13.842
G1 X-1.006 Y13.970
G1 X-0.969 Y14.135
G1 X-0.951 Y14.464
G1 X-1.042 Y14.446
G1 X-1.079 Y14.318
G1 X-1.170 Y14.171
G1 X-1.280 Y14.062
G1 X-1.390 Y13.989
G1 X-1.499 Y13.952
G1 X-1.737 Y13.952
G1 X-1.920 Y14.043
G1 X-2.121 Y14.245
G1 X-2.213 Y14.427
G1 X-2.267 Y14.647
G1 X-2.286 Y14.939
G1 X-2.267 Y15.067
G1 X-2.213 Y15.232
G1 X-2.139 Y15.360
G1 X-2.011 Y15.488
G1 X-1.920 Y15.543
G1 X-1.701 Y15.598
G1 X-1.518 Y15.561
G1 X-1.390 Y15.488
G1 X-1.243 Y15.342
G1 X-1.189 Y15.232
G1 X-1.061 Y15.214
G1 X-1.134 Y15.451
G1 X-1.170 Y15.689
G1 X-1.225 Y15.689
G1 X-1.243 Y15.707
G1 X-1.390 Y15.726
M5
G0 X-1.243 Y15.689 F2500
M3 S280
G1 F900
G1 X-1.390 Y15.707
G1 X-1.755 Y15.707
G1 X-1.938 Y15.671
G1 X-2.103 Y15.616
G1 X-2.249 Y15.543
G1 X-2.359 Y15.470
G1 X-2.542 Y15.269
G1 X-2.597 Y15.159
G1 X-2.670 Y14.903
G1 X-2.670 Y14.592
G1 X-2.651 Y14.482
G1 X-2.597 Y14.318
G1 X-2.505 Y14.153
G1 X-2.432 Y14.062
G1 X-2.286 Y13.952
G1 X-2.176 Y13.897
G1 X-1.938 Y13.824
G1 X-1.682 Y13.806
G1 X-1.664 Y13.824
G1 X-1.536 Y13.824
G1 X-1.353 Y13.861
G1 X-1.079 Y13.952
G1 X-1.024 Y13.989
G1 X-0.987 Y14.135
G1 X-0.969 Y14.446
G1 X-1.024 Y14.446
G1 X-1.079 Y14.281
G1 X-1.152 Y14.171
G1 X-1.280 Y14.043
G1 X-1.390 Y13.970
G1 X-1.499 Y13.934
G1 X-1.737 Y13.934
G1 X-1.920 Y14.025
G1 X-2.139 Y14.245
G1 X-2.231 Y14.427
G1 X-2.286 Y14.647
G1 X-2.304 Y14.939
G1 X-2.286 Y15.067
G1 X-2.231 Y15.232
G1 X-2.158 Y15.360
G1 X-2.011 Y15.506
G1 X-1.920 Y15.561
G1 X-1.701 Y15.616
G1 X-1.518 Y15.579
G1 X-1.390 Y15.506
G1 X-1.225 Y15.342
G1 X-1.170 Y15.232
G1 X-1.097 Y15.232
G1 X-1.097 Y15.305
G1 X-1.152 Y15.451
G1 X-1.170 Y15.616
G1 X-1.189 Y15.634
G1 X-1.189 Y15.671
G1 X-1.225 Y15.671
G1 X-1.243 Y15.689
G1 X-1.390 Y15.707
M5
G0 X-0.256 Y15.488 F2500
M3 S280
G1 F900
G1 X-0.347 Y15.378
G1 X-0.439 Y15.159
G1 X-0.475 Y14.994
G1 X-0.475 Y14.738
G1 X-0.439 Y14.537
G1 X-0.329 Y14.263
G1 X-0.183 Y14.171
G1 X-0.293 Y14.281
G1 X-0.366 Y14.427
G1 X-0.421 Y14.665
G1 X-0.421 Y15.086
G1 X-0.366 Y15.323
G1 X-0.311 Y15.433
G1 X-0.256 Y15.488
G1 X-0.347 Y15.378
M5
G0 X-0.219 Y15.525 F2500
M3 S280
G1 F900
G1 X-0.329 Y15.433
G1 X-0.421 Y15.269
G1 X-0.494 Y14.994
G1 X-0.494 Y14.738
G1 X-0.457 Y14.537
G1 X-0.347 Y14.263
G1 X-0.219 Y14.171
G1 X-0.128 Y14.135
G1 X-0.274 Y14.281
G1 X-0.347 Y14.427
G1 X-0.402 Y14.665
G1 X-0.402 Y15.086
G1 X-0.347 Y15.323
G1 X-0.293 Y15.433
G1 X-0.219 Y15.525
G1 X-0.329 Y15.433
M5
G0 X-0.146 Y15.579 F2500
M3 S280
G1 F900
G1 X-0.311 Y15.488
G1 X-0.439 Y15.269
G1 X-0.512 Y14.994
G1 X-0.512 Y14.738
G1 X-0.475 Y14.537
G1 X-0.366 Y14.263
G1 X-0.219 Y14.153
G1 X-0.073 Y14.098
G1 X-0.256 Y14.281
G1 X-0.329 Y14.427
G1 X-0.384 Y14.665
G1 X-0.384 Y15.086
G1 X-0.347 Y15.269
G1 X-0.274 Y15.433
G1 X-0.146 Y15.579
G1 X-0.311 Y15.488
M5
G0 X-0.091 Y15.616 F2500
M3 S280
G1 F900
G1 X-0.311 Y15.506
G1 X-0.402 Y15.378
G1 X-0.457 Y15.269
G1 X-0.530 Y14.994
G1 X-0.530 Y14.738
G1 X-0.494 Y14.537
G1 X-0.439 Y14.373
G1 X-0.366 Y14.226
G1 X-0.183 Y14.117
G1 X-0.018 Y14.062
G1 X-0.238 Y14.281
G1 X-0.311 Y14.427
G1 X-0.366 Y14.665
G1 X-0.366 Y15.086
G1 X-0.329 Y15.269
G1 X-0.256 Y15.433
G1 X-0.091 Y15.616
G1 X-0.311 Y15.506
M5
G0 X-0.037 Y15.653 F2500
M3 S280
G1 F900
G1 X-0.146 Y15.616
G1 X-0.311 Y15.525
G1 X-0.421 Y15.378
G1 X-0.475 Y15.269
G1 X-0.549 Y14.994
G1 X-0.549 Y14.738
G1 X-0.512 Y14.537
G1 X-0.457 Y14.373
G1 X-0.384 Y14.226
G1 X-0.183 Y14.098
G1 X0.037 Y14.025
G1 X-0.219 Y14.281
G1 X-0.293 Y14.427
G1 X-0.347 Y14.665
G1 X-0.347 Y15.086
G1 X-0.311 Y15.269
G1 X-0.238 Y15.433
G1 X-0.037 Y15.653
G1 X-0.146 Y15.616
M5
G0 X0.000 Y15.689 F2500
M3 S280
G1 F900
G1 X-0.055 Y15.653
G1 X-0.146 Y15.634
G1 X-0.311 Y15.543
G1 X-0.439 Y15.378
G1 X-0.494 Y15.269
G1 X-0.567 Y14.994
G1 X-0.567 Y14.738
G1 X-0.530 Y14.537
G1 X-0.475 Y14.373
G1 X-0.402 Y14.226
G1 X-0.183 Y14.080
G1 X-0.037 Y14.025
G1 X0.073 Y14.007
G1 X-0.201 Y14.281
G1 X-0.274 Y14.427
G1 X-0.329 Y14.665
G1 X-0.329 Y15.086
G1 X-0.293 Y15.269
G1 X-0.219 Y15.433
G1 X-0.165 Y15.506
G1 X0.037 Y15.689
G1 X0.000 Y15.689
G1 X-0.055 Y15.653
M5
G0 X0.073 Y15.726 F2500
M3 S280
G1 F900
G1 X0.055 Y15.707
G1 X0.000 Y15.707
G1 X-0.256 Y15.598
G1 X-0.384 Y15.488
G1 X-0.457 Y15.378
G1 X-0.549 Y15.159
G1 X-0.585 Y14.994
G1 X-0.585 Y14.738
G1 X-0.549 Y14.537
G1 X-0.494 Y14.373
G1 X-0.421 Y14.226
G1 X-0.366 Y14.171
G1 X-0.219 Y14.080
G1 X-0.091 Y14.025
G1 X0.128 Y13.970
G1 X0.219 Y13.970
G1 X0.165 Y13.970
G1 X0.091 Y14.007
G1 X-0.183 Y14.281
G1 X-0.256 Y14.427
G1 X-0.311 Y14.665
G1 X-0.311 Y15.086
G1 X-0.256 Y15.323
G1 X-0.146 Y15.506
G1 X0.018 Y15.671
G1 X0.128 Y15.726
G1 X0.073 Y15.726
G1 X0.055 Y15.707
M5
G0 X0.073 Y15.744 F2500
M3 S280
G1 F900
G1 X-0.146 Y15.671
G1 X-0.256 Y15.616
G1 X-0.402 Y15.488
G1 X-0.475 Y15.378
G1 X-0.530 Y15.269
G1 X-0.603 Y14.994
G1 X-0.603 Y14.738
G1 X-0.567 Y14.537
G1 X-0.512 Y14.373
G1 X-0.439 Y14.226
G1 X-0.366 Y14.153
G1 X-0.219 Y14.062
G1 X-0.037 Y13.989
G1 X0.128 Y13.952
G1 X0.475 Y13.952
G1 X0.677 Y14.007
G1 X0.914 Y14.135
G1 X0.969 Y14.190
G1 X1.097 Y14.409
G1 X1.170 Y14.683
G1 X1.170 Y14.958
G1 X1.115 Y15.232
G1 X0.987 Y15.488
G1 X0.878 Y15.598
G1 X0.695 Y15.689
G1 X0.512 Y15.744
G1 X0.311 Y15.762
G1 X0.073 Y15.744
G1 X-0.146 Y15.671
M5
G0 X0.073 Y15.762 F2500
M3 S280
G1 F900
G1 X-0.146 Y15.689
G1 X-0.311 Y15.598
G1 X-0.421 Y15.488
G1 X-0.494 Y15.378
G1 X-0.549 Y15.269
G1 X-0.622 Y14.994
G1 X-0.622 Y14.738
G1 X-0.585 Y14.537
G1 X-0.530 Y14.373
G1 X-0.457 Y14.226
G1 X-0.366 Y14.135
G1 X-0.219 Y14.043
G1 X-0.037 Y13.970
G1 X0.128 Y13.934
G1 X0.475 Y13.934
G1 X0.677 Y13.989
G1 X0.914 Y14.117
G1 X0.987 Y14.190
G1 X1.115 Y14.409
G1 X1.189 Y14.683
G1 X1.189 Y14.958
G1 X1.134 Y15.232
G1 X1.042 Y15.433
G1 X0.878 Y15.616
G1 X0.695 Y15.707
G1 X0.512 Y15.762
G1 X0.311 Y15.781
G1 X0.073 Y15.762
G1 X-0.146 Y15.689
M5
G0 X0.073 Y15.781 F2500
M3 S280
G1 F900
G1 X-0.146 Y15.707
G1 X-0.311 Y15.616
G1 X-0.439 Y15.488
G1 X-0.512 Y15.378
G1 X-0.567 Y15.269
G1 X-0.640 Y14.994
G1 X-0.640 Y14.738
G1 X-0.603 Y14.537
G1 X-0.549 Y14.373
G1 X-0.475 Y14.226
G1 X-0.366 Y14.117
G1 X-0.219 Y14.025
G1 X-0.037 Y13.952
G1 X0.128 Y13.915
G1 X0.475 Y13.915
G1 X0.677 Y13.970
G1 X0.914 Y14.098
G1 X1.006 Y14.190
G1 X1.134 Y14.409
G1 X1.207 Y14.683
G1 X1.207 Y14.958
G1 X1.152 Y15.232
G1 X1.024 Y15.488
G1 X0.878 Y15.634
G1 X0.695 Y15.726
G1 X0.512 Y15.781
G1 X0.311 Y15.799
G1 X0.073 Y15.781
G1 X-0.146 Y15.707
M5
G0 X0.073 Y15.799 F2500
M3 S280
G1 F900
G1 X-0.146 Y15.726
G1 X-0.311 Y15.634
G1 X-0.457 Y15.488
G1 X-0.530 Y15.378
G1 X-0.585 Y15.269
G1 X-0.658 Y14.994
G1 X-0.658 Y14.738
G1 X-0.622 Y14.537
G1 X-0.567 Y14.373
G1 X-0.494 Y14.226
G1 X-0.366 Y14.098
G1 X-0.219 Y14.007
G1 X-0.037 Y13.934
G1 X0.128 Y13.897
G1 X0.475 Y13.897
G1 X0.677 Y13.952
G1 X0.914 Y14.080
G1 X1.024 Y14.190
G1 X1.152 Y14.409
G1 X1.225 Y14.683
G1 X1.225 Y14.958
G1 X1.170 Y15.232
G1 X1.042 Y15.488
G1 X0.878 Y15.653
G1 X0.695 Y15.744
G1 X0.512 Y15.799
G1 X0.311 Y15.817
G1 X0.073 Y15.799
G1 X-0.146 Y15.726
M5
G0 X0.073 Y15.817 F2500
M3 S280
G1 F900
G1 X-0.146 Y15.744
G1 X-0.311 Y15.653
G1 X-0.475 Y15.488
G1 X-0.549 Y15.378
G1 X-0.603 Y15.269
G1 X-0.677 Y14.994
G1 X-0.677 Y14.738
G1 X-0.640 Y14.537
G1 X-0.585 Y14.373
G1 X-0.512 Y14.226
G1 X-0.366 Y14.080
G1 X-0.219 Y13.989
G1 X-0.037 Y13.915
G1 X0.128 Y13.879
G1 X0.475 Y13.879
G1 X0.677 Y13.934
G1 X0.914 Y14.062
G1 X1.042 Y14.190
G1 X1.170 Y14.409
G1 X1.243 Y14.683
G1 X1.243 Y14.958
G1 X1.189 Y15.232
G1 X1.061 Y15.488
G1 X0.987 Y15.579
G1 X0.878 Y15.671
G1 X0.695 Y15.762
G1 X0.512 Y15.817
G1 X0.311 Y15.835
G1 X0.073 Y15.817
G1 X-0.146 Y15.744
M5
G0 X0.073 Y15.835 F2500
M3 S280
G1 F900
G1 X-0.146 Y15.762
G1 X-0.311 Y15.671
G1 X-0.494 Y15.488
G1 X-0.567 Y15.378
G1 X-0.622 Y15.269
G1 X-0.695 Y14.994
G1 X-0.695 Y14.738
G1 X-0.658 Y14.537
G1 X-0.603 Y14.373
G1 X-0.530 Y14.226
G1 X-0.366 Y14.062
G1 X-0.219 Y13.970
G1 X-0.037 Y13.897
G1 X0.128 Y13.861
G1 X0.475 Y13.861
G1 X0.677 Y13.915
G1 X0.914 Y14.043
G1 X1.061 Y14.190
G1 X1.189 Y14.409
G1 X1.262 Y14.683
G1 X1.262 Y14.958
G1 X1.207 Y15.232
G1 X1.079 Y15.488
G1 X1.006 Y15.579
G1 X0.878 Y15.689
G1 X0.695 Y15.781
G1 X0.512 Y15.835
G1 X0.311 Y15.854
G1 X0.073 Y15.835
G1 X-0.146 Y15.762
M5
G0 X0.201 Y15.744 F2500
M3 S280
G1 F900
G1 X0.347 Y15.744
G1 X0.494 Y15.689
G1 X0.713 Y15.470
G1 X0.805 Y15.269
G1 X0.841 Y15.104
G1 X0.859 Y14.885
G1 X0.823 Y14.501
G1 X0.786 Y14.354
G1 X0.731 Y14.245
G1 X0.530 Y14.043
G1 X0.347 Y13.970
G1 X0.238 Y13.970
G1 X0.091 Y14.025
G1 X-0.165 Y14.281
G1 X-0.238 Y14.427
G1 X-0.293 Y14.665
G1 X-0.293 Y15.086
G1 X-0.238 Y15.323
G1 X-0.128 Y15.506
G1 X0.018 Y15.653
G1 X0.201 Y15.744
G1 X0.347 Y15.744
M5
G0 X0.201 Y15.726 F2500
M3 S280
G1 F900
G1 X0.347 Y15.726
G1 X0.494 Y15.671
G1 X0.695 Y15.470
G1 X0.768 Y15.323
G1 X0.823 Y15.104
G1 X0.841 Y14.793
G1 X0.823 Y14.610
G1 X0.768 Y14.354
G1 X0.713 Y14.245
G1 X0.530 Y14.062
G1 X0.347 Y13.989
G1 X0.238 Y13.989
G1 X0.091 Y14.043
G1 X-0.146 Y14.281
G1 X-0.219 Y14.427
G1 X-0.274 Y14.665
G1 X-0.274 Y15.086
G1 X-0.219 Y15.323
G1 X-0.110 Y15.506
G1 X0.018 Y15.634
G1 X0.201 Y15.726
G1 X0.347 Y15.726
M5
G0 X0.201 Y15.707 F2500
M3 S280
G1 F900
G1 X0.347 Y15.707
G1 X0.494 Y15.653
G1 X0.677 Y15.470
G1 X0.750 Y15.323
G1 X0.805 Y15.104
G1 X0.823 Y14.793
G1 X0.805 Y14.610
G1 X0.750 Y14.354
G1 X0.695 Y14.245
G1 X0.530 Y14.080
G1 X0.347 Y14.007
G1 X0.238 Y14.007
G1 X0.091 Y14.062
G1 X-0.128 Y14.281
G1 X-0.201 Y14.427
G1 X-0.256 Y14.665
G1 X-0.256 Y15.086
G1 X-0.201 Y15.323
G1 X-0.146 Y15.433
G1 X0.018 Y15.616
G1 X0.201 Y15.707
G1 X0.347 Y15.707
M5
G0 X0.201 Y15.689 F2500
M3 S280
G1 F900
G1 X0.347 Y15.689
G1 X0.494 Y15.634
G1 X0.658 Y15.470
G1 X0.731 Y15.323
G1 X0.786 Y15.104
G1 X0.805 Y14.793
G1 X0.786 Y14.610
G1 X0.731 Y14.354
G1 X0.677 Y14.245
G1 X0.530 Y14.098
G1 X0.347 Y14.025
G1 X0.238 Y14.025
G1 X0.091 Y14.080
G1 X-0.110 Y14.281
G1 X-0.183 Y14.427
G1 X-0.238 Y14.665
G1 X-0.238 Y15.086
G1 X-0.183 Y15.323
G1 X-0.128 Y15.433
G1 X0.018 Y15.598
G1 X0.201 Y15.689
G1 X0.347 Y15.689
M5
G0 X0.201 Y15.671 F2500
M3 S280
G1 F900
G1 X0.347 Y15.671
G1 X0.494 Y15.616
G1 X0.640 Y15.470
G1 X0.713 Y15.323
G1 X0.768 Y15.104
G1 X0.786 Y14.793
G1 X0.768 Y14.610
G1 X0.713 Y14.354
G1 X0.658 Y14.245
G1 X0.530 Y14.117
G1 X0.347 Y14.043
G1 X0.238 Y14.043
G1 X0.091 Y14.098
G1 X-0.091 Y14.281
G1 X-0.165 Y14.427
G1 X-0.219 Y14.665
G1 X-0.219 Y15.086
G1 X-0.165 Y15.323
G1 X-0.110 Y15.433
G1 X0.018 Y15.579
G1 X0.201 Y15.671
G1 X0.347 Y15.671
M5
G0 X0.201 Y15.653 F2500
M3 S280
G1 F900
G1 X0.347 Y15.653
G1 X0.494 Y15.598
G1 X0.622 Y15.470
G1 X0.695 Y15.323
G1 X0.750 Y15.104
G1 X0.768 Y14.793
G1 X0.750 Y14.610
G1 X0.695 Y14.354
G1 X0.640 Y14.245
G1 X0.530 Y14.135
G1 X0.347 Y14.062
G1 X0.238 Y14.062
G1 X0.091 Y14.117
G1 X-0.073 Y14.281
G1 X-0.146 Y14.427
G1 X-0.201 Y14.665
G1 X-0.201 Y15.086
G1 X-0.146 Y15.323
G1 X-0.091 Y15.433
G1 X0.018 Y15.561
G1 X0.201 Y15.653
G1 X0.347 Y15.653
M5
G0 X0.512 Y15.707 F2500
M3 S280
G1 F900
G1 X0.750 Y15.470
G1 X0.823 Y15.323
G1 X0.878 Y15.104
G1 X0.896 Y14.885
G1 X0.878 Y14.610
G1 X0.823 Y14.354
G1 X0.768 Y14.245
G1 X0.512 Y14.007
G1 X0.567 Y14.007
G1 X0.859 Y14.135
G1 X0.933 Y14.190
G1 X1.006 Y14.299
G1 X1.115 Y14.574
G1 X1.134 Y14.683
G1 X1.134 Y14.958
G1 X1.061 Y15.287
G1 X0.951 Y15.488
G1 X0.878 Y15.561
G1 X0.695 Y15.653
G1 X0.512 Y15.707
G1 X0.750 Y15.470
M5
G0 X0.805 Y15.506 F2500
M3 S280
G1 F900
G1 X0.841 Y15.470
G1 X0.933 Y15.269
G1 X0.969 Y15.104
G1 X0.987 Y14.885
G1 X0.951 Y14.501
G1 X0.914 Y14.354
G1 X0.859 Y14.245
G1 X0.823 Y14.208
G1 X0.859 Y14.226
G1 X0.914 Y14.299
G1 X1.024 Y14.574
G1 X1.042 Y14.683
G1 X1.042 Y14.958
G1 X0.969 Y15.287
G1 X0.896 Y15.433
G1 X0.805 Y15.506
G1 X0.841 Y15.470
M5
G0 X0.731 Y15.561 F2500
M3 S280
G1 F900
G1 X0.823 Y15.470
G1 X0.896 Y15.323
G1 X0.951 Y15.104
G1 X0.969 Y14.885
G1 X0.951 Y14.610
G1 X0.896 Y14.354
G1 X0.841 Y14.245
G1 X0.750 Y14.153
G1 X0.859 Y14.208
G1 X0.896 Y14.245
G1 X0.987 Y14.409
G1 X1.061 Y14.683
G1 X1.061 Y14.958
G1 X1.006 Y15.232
G1 X0.914 Y15.433
G1 X0.878 Y15.488
G1 X0.731 Y15.561
G1 X0.823 Y15.470
M5
G0 X0.677 Y15.598 F2500
M3 S280
G1 F900
G1 X0.805 Y15.470
G1 X0.878 Y15.323
G1 X0.933 Y15.104
G1 X0.951 Y14.885
G1 X0.933 Y14.610
G1 X0.878 Y14.354
G1 X0.823 Y14.245
G1 X0.677 Y14.098
G1 X0.859 Y14.190
G1 X0.914 Y14.245
G1 X1.006 Y14.409
G1 X1.079 Y14.683
G1 X1.079 Y14.958
G1 X1.006 Y15.287
G1 X0.878 Y15.506
G1 X0.677 Y15.598
G1 X0.805 Y15.470
M5
G0 X0.622 Y15.634 F2500
M3 S280
G1 F900
G1 X0.786 Y15.470
G1 X0.859 Y15.323
G1 X0.914 Y15.104
G1 X0.933 Y14.885
G1 X0.914 Y14.610
G1 X0.859 Y14.354
G1 X0.805 Y14.245
G1 X0.622 Y14.062
G1 X0.859 Y14.171
G1 X0.933 Y14.245
G1 X1.024 Y14.409
G1 X1.097 Y14.683
G1 X1.097 Y14.958
G1 X1.024 Y15.287
G1 X0.951 Y15.433
G1 X0.878 Y15.525
G1 X0.695 Y15.616
G1 X0.622 Y15.634
G1 X0.786 Y15.470
M5
G0 X0.567 Y15.671 F2500
M3 S280
G1 F900
G1 X0.768 Y15.470
G1 X0.841 Y15.323
G1 X0.896 Y15.104
G1 X0.914 Y14.885
G1 X0.896 Y14.610
G1 X0.841 Y14.354
G1 X0.786 Y14.245
G1 X0.567 Y14.025
G1 X0.677 Y14.062
G1 X0.914 Y14.190
G1 X1.042 Y14.409
G1 X1.115 Y14.683
G1 X1.115 Y14.958
G1 X1.042 Y15.287
G1 X0.969 Y15.433
G1 X0.878 Y15.543
G1 X0.695 Y15.634
G1 X0.567 Y15.671
G1 X0.768 Y15.470
M5
G0 X0.512 Y15.726 F2500
M3 S280
G1 F900
G1 X0.439 Y15.726
G1 X0.494 Y15.707
G1 X0.731 Y15.470
G1 X0.805 Y15.323
G1 X0.859 Y15.104
G1 X0.878 Y14.793
G1 X0.841 Y14.501
G1 X0.805 Y14.354
G1 X0.750 Y14.245
G1 X0.530 Y14.025
G1 X0.421 Y13.970
G1 X0.366 Y13.970
G1 X0.567 Y13.989
G1 X0.677 Y14.025
G1 X0.914 Y14.153
G1 X1.024 Y14.299
G1 X1.079 Y14.409
G1 X1.152 Y14.683
G1 X1.152 Y14.958
G1 X1.079 Y15.287
G1 X1.006 Y15.433
G1 X0.878 Y15.579
G1 X0.695 Y15.671
G1 X0.512 Y15.726
G1 X0.439 Y15.726
M5
G0 X1.682 Y15.726 F2500
M3 S280
G1 F900
G1 X1.646 Y15.598
G1 X1.701 Y15.561
G1 X1.737 Y15.561
G1 X1.810 Y15.488
G1 X1.810 Y15.360
G1 X1.792 Y15.342
G1 X1.792 Y15.195
G1 X1.719 Y14.848
G1 X1.701 Y14.610
G1 X1.646 Y14.263
G1 X1.591 Y14.080
G1 X1.518 Y14.025
G1 X1.390 Y14.007
G1 X1.371 Y13.879
G1 X1.408 Y13.861
G1 X1.646 Y13.842
G1 X2.651 Y13.659
G1 X2.779 Y13.678
G1 X2.853 Y13.879
G1 X2.871 Y14.007
G1 X2.926 Y14.135
G1 X2.907 Y14.190
G1 X2.871 Y14.208
G1 X2.798 Y14.208
G1 X2.597 Y13.989
G1 X2.469 Y13.934
G1 X2.286 Y13.934
G1 X2.139 Y13.970
G1 X2.066 Y14.043
G1 X2.066 Y14.153
G1 X2.194 Y14.848
G1 X2.213 Y15.104
G1 X2.267 Y15.378
G1 X2.341 Y15.451
G1 X2.432 Y15.451
G1 X2.469 Y15.470
G1 X2.469 Y15.525
G1 X2.487 Y15.543
G1 X2.469 Y15.616
G1 X2.377 Y15.616
G1 X2.267 Y15.653
G1 X2.066 Y15.671
G1 X1.865 Y15.726
G1 X1.719 Y15.744
G1 X1.682 Y15.726
G1 X1.646 Y15.598
M5
G0 X1.737 Y15.653 F2500
M3 S280
G1 F900
G1 X1.883 Y15.488
G1 X1.865 Y15.195
G1 X1.792 Y14.848
G1 X1.737 Y14.373
G1 X1.701 Y14.171
G1 X1.664 Y14.080
G1 X1.573 Y13.989
G1 X1.463 Y13.934
G1 X1.975 Y13.861
G1 X2.414 Y13.769
G1 X2.725 Y13.733
G1 X2.779 Y13.879
G1 X2.798 Y14.007
G1 X2.853 Y14.135
G1 X2.798 Y14.135
G1 X2.597 Y13.915
G1 X2.469 Y13.861
G1 X2.286 Y13.861
G1 X2.139 Y13.897
G1 X1.993 Y14.043
G1 X1.993 Y14.153
G1 X2.121 Y14.848
G1 X2.139 Y15.104
G1 X2.194 Y15.378
G1 X2.341 Y15.525
G1 X2.414 Y15.543
G1 X2.267 Y15.579
G1 X2.066 Y15.598
G1 X1.865 Y15.653
G1 X1.737 Y15.653
G1 X1.883 Y15.488
M5
G0 X1.920 Y15.543 F2500
M3 S280
G1 F900
G1 X1.975 Y15.488
G1 X1.975 Y15.360
G1 X1.957 Y15.342
G1 X1.957 Y15.195
G1 X1.883 Y14.848
G1 X1.829 Y14.373
G1 X1.774 Y14.117
G1 X1.664 Y13.989
G1 X1.755 Y13.989
G1 X2.011 Y13.934
G1 X1.902 Y14.043
G1 X1.902 Y14.153
G1 X2.030 Y14.848
G1 X2.048 Y15.104
G1 X2.103 Y15.378
G1 X2.213 Y15.488
G1 X1.920 Y15.543
G1 X1.975 Y15.488
M5
G0 X2.011 Y15.488 F2500
M3 S280
G1 F900
G1 X1.993 Y15.195
G1 X1.920 Y14.848
G1 X1.902 Y14.610
G1 X1.829 Y14.171
G1 X1.792 Y14.080
G1 X1.737 Y14.025
G1 X1.774 Y14.007
G1 X1.865 Y14.007
G1 X1.883 Y13.989
G1 X1.920 Y13.989
G1 X1.865 Y14.043
G1 X1.865 Y14.153
G1 X1.993 Y14.848
G1 X2.011 Y15.104
G1 X2.066 Y15.378
G1 X2.158 Y15.470
G1 X2.011 Y15.488
G1 X1.993 Y15.195
M5
G0 X2.030 Y15.470 F2500
M3 S280
G1 F900
G1 X2.011 Y15.195
G1 X1.938 Y14.848
G1 X1.920 Y14.610
G1 X1.865 Y14.263
G1 X1.829 Y14.117
G1 X1.774 Y14.025
G1 X1.883 Y14.007
G1 X1.847 Y14.043
G1 X1.847 Y14.153
G1 X1.975 Y14.848
G1 X1.993 Y15.104
G1 X2.048 Y15.378
G1 X2.121 Y15.451
G1 X2.030 Y15.470
G1 X2.011 Y15.195
M5
G0 X1.957 Y15.525 F2500
M3 S280
G1 F900
G1 X1.993 Y15.488
G1 X1.993 Y15.360
G1 X1.975 Y15.342
G1 X1.975 Y15.195
G1 X1.902 Y14.848
G1 X1.883 Y14.610
G1 X1.829 Y14.263
G1 X1.792 Y14.117
G1 X1.701 Y14.007
G1 X1.865 Y13.989
G1 X1.883 Y13.970
G1 X1.957 Y13.970
G1 X1.883 Y14.043
G1 X1.883 Y14.153
G1 X2.011 Y14.848
G1 X2.030 Y15.104
G1 X2.085 Y15.378
G1 X2.176 Y15.470
G1 X1.957 Y15.525
G1 X1.993 Y15.488
M5
G0 X1.865 Y15.579 F2500
M3 S280
G1 F900
G1 X1.957 Y15.488
G1 X1.938 Y15.195
G1 X1.865 Y14.848
G1 X1.847 Y14.610
G1 X1.774 Y14.171
G1 X1.737 Y14.080
G1 X1.646 Y13.989
G1 X1.774 Y13.952
G1 X1.865 Y13.952
G1 X1.883 Y13.934
G1 X2.048 Y13.915
G1 X1.920 Y14.043
G1 X1.920 Y14.153
G1 X2.048 Y14.848
G1 X2.066 Y15.104
G1 X2.121 Y15.378
G1 X2.249 Y15.506
G1 X2.066 Y15.525
G1 X1.865 Y15.579
G1 X1.957 Y15.488
M5
G0 X1.829 Y15.598 F2500
M3 S280
G1 F900
G1 X1.938 Y15.488
G1 X1.920 Y15.195
G1 X1.847 Y14.848
G1 X1.829 Y14.610
G1 X1.755 Y14.171
G1 X1.719 Y14.080
G1 X1.609 Y13.970
G1 X2.103 Y13.879
G1 X1.938 Y14.043
G1 X1.938 Y14.153
G1 X2.066 Y14.848
G1 X2.085 Y15.104
G1 X2.139 Y15.378
G1 X2.267 Y15.525
G1 X2.176 Y15.525
G1 X1.829 Y15.598
G1 X1.938 Y15.488
M5
G0 X1.792 Y15.616 F2500
M3 S280
G1 F900
G1 X1.920 Y15.488
G1 X1.902 Y15.195
G1 X1.829 Y14.848
G1 X1.810 Y14.610
G1 X1.737 Y14.171
G1 X1.701 Y14.080
G1 X1.554 Y13.952
G1 X1.646 Y13.952
G1 X1.664 Y13.934
G1 X2.176 Y13.861
G1 X2.139 Y13.861
G1 X1.957 Y14.043
G1 X1.957 Y14.153
G1 X2.085 Y14.848
G1 X2.103 Y15.104
G1 X2.158 Y15.378
G1 X2.304 Y15.525
G1 X2.267 Y15.543
G1 X2.176 Y15.543
G1 X2.158 Y15.561
G1 X2.066 Y15.561
G1 X1.883 Y15.598
G1 X1.865 Y15.616
G1 X1.792 Y15.616
G1 X1.920 Y15.488
M5
G0 X1.755 Y15.634 F2500
M3 S280
G1 F900
G1 X1.902 Y15.488
G1 X1.883 Y15.195
G1 X1.810 Y14.848
G1 X1.792 Y14.610
G1 X1.719 Y14.171
G1 X1.682 Y14.080
G1 X1.554 Y13.970
G1 X1.536 Y13.934
G1 X1.865 Y13.897
G1 X2.651 Y13.751
G1 X2.725 Y13.769
G1 X2.816 Y14.117
G1 X2.597 Y13.897
G1 X2.469 Y13.842
G1 X2.286 Y13.842
G1 X2.139 Y13.879
G1 X1.975 Y14.043
G1 X1.975 Y14.153
G1 X2.103 Y14.848
G1 X2.121 Y15.104
G1 X2.176 Y15.378
G1 X2.359 Y15.543
G1 X2.066 Y15.579
G1 X1.865 Y15.634
G1 X1.755 Y15.634
G1 X1.902 Y15.488
M5
G0 X1.719 Y15.689 F2500
M3 S280
G1 F900
G1 X1.719 Y15.616
G1 X1.865 Y15.488
G1 X1.847 Y15.195
G1 X1.774 Y14.848
G1 X1.719 Y14.373
G1 X1.682 Y14.171
G1 X1.646 Y14.080
G1 X1.518 Y13.970
G1 X1.445 Y13.970
G1 X1.426 Y13.915
G1 X1.518 Y13.915
G1 X1.536 Y13.897
G1 X1.865 Y13.861
G1 X2.414 Y13.751
G1 X2.523 Y13.751
G1 X2.651 Y13.714
G1 X2.743 Y13.714
G1 X2.743 Y13.751
G1 X2.798 Y13.879
G1 X2.816 Y14.007
G1 X2.871 Y14.153
G1 X2.779 Y14.135
G1 X2.597 Y13.934
G1 X2.469 Y13.879
G1 X2.286 Y13.879
G1 X2.139 Y13.915
G1 X2.011 Y14.043
G1 X2.011 Y14.153
G1 X2.139 Y14.848
G1 X2.158 Y15.104
G1 X2.213 Y15.378
G1 X2.341 Y15.506
G1 X2.414 Y15.506
G1 X2.432 Y15.561
G1 X1.719 Y15.689
G1 X1.719 Y15.616
M5
G0 X1.719 Y15.707 F2500
M3 S280
G1 F900
G1 X1.701 Y15.598
G1 X1.737 Y15.598
G1 X1.847 Y15.488
G1 X1.847 Y15.360
G1 X1.829 Y15.342
G1 X1.829 Y15.195
G1 X1.755 Y14.848
G1 X1.737 Y14.610
G1 X1.682 Y14.263
G1 X1.627 Y14.080
G1 X1.518 Y13.989
G1 X1.426 Y13.989
G1 X1.408 Y13.897
G1 X1.646 Y13.879
G1 X2.304 Y13.751
G1 X2.523 Y13.733
G1 X2.651 Y13.696
G1 X2.761 Y13.714
G1 X2.816 Y13.879
G1 X2.871 Y14.171
G1 X2.798 Y14.171
G1 X2.597 Y13.952
G1 X2.469 Y13.897
G1 X2.286 Y13.897
G1 X2.139 Y13.934
G1 X2.030 Y14.043
G1 X2.030 Y14.153
G1 X2.158 Y14.848
G1 X2.176 Y15.104
G1 X2.231 Y15.378
G1 X2.341 Y15.488
G1 X2.432 Y15.488
G1 X2.450 Y15.579
G1 X2.377 Y15.579
G1 X2.267 Y15.616
G1 X2.066 Y15.634
G1 X1.865 Y15.689
G1 X1.719 Y15.707
G1 X1.701 Y15.598
M5
G0 X1.719 Y15.726 F2500
M3 S280
G1 F900
G1 X1.682 Y15.689
G1 X1.664 Y15.598
G1 X1.737 Y15.579
G1 X1.829 Y15.488
G1 X1.829 Y15.360
G1 X1.810 Y15.342
G1 X1.810 Y15.195
G1 X1.737 Y14.848
G1 X1.719 Y14.610
G1 X1.664 Y14.263
G1 X1.609 Y14.080
G1 X1.518 Y14.007
G1 X1.408 Y14.007
G1 X1.408 Y13.879
G1 X1.646 Y13.861
G1 X2.651 Y13.678
G1 X2.761 Y13.678
G1 X2.834 Y13.879
G1 X2.853 Y14.007
G1 X2.907 Y14.135
G1 X2.907 Y14.171
G1 X2.871 Y14.190
G1 X2.798 Y14.190
G1 X2.597 Y13.970
G1 X2.469 Y13.915
G1 X2.286 Y13.915
G1 X2.139 Y13.952
G1 X2.048 Y14.043
G1 X2.048 Y14.153
G1 X2.176 Y14.848
G1 X2.194 Y15.104
G1 X2.249 Y15.378
G1 X2.341 Y15.470
G1 X2.450 Y15.488
G1 X2.469 Y15.598
G1 X2.377 Y15.598
G1 X2.267 Y15.634
G1 X2.066 Y15.653
G1 X1.865 Y15.707
G1 X1.719 Y15.726
G1 X1.682 Y15.689
M5
G0 X3.438 Y15.433 F2500
M3 S280
G1 F900
G1 X3.401 Y15.342
G1 X3.401 Y15.269
G1 X3.511 Y15.214
G1 X3.529 Y15.122
G1 X3.474 Y14.903
G1 X3.438 Y14.830
G1 X3.310 Y14.263
G1 X3.182 Y13.861
G1 X3.109 Y13.787
G1 X3.017 Y13.769
G1 X2.926 Y13.787
G1 X2.926 Y13.751
G1 X2.907 Y13.733
G1 X2.907 Y13.641
G1 X2.944 Y13.605
G1 X3.383 Y13.513
G1 X4.114 Y13.294
G1 X4.242 Y13.275
G1 X4.261 Y13.257
G1 X4.315 Y13.275
G1 X4.389 Y13.440
G1 X4.480 Y13.787
G1 X4.443 Y13.806
G1 X4.370 Y13.806
G1 X4.187 Y13.623
G1 X4.041 Y13.568
G1 X3.858 Y13.568
G1 X3.694 Y13.623
G1 X3.639 Y13.678
G1 X3.639 Y13.806
G1 X3.712 Y14.007
G1 X3.840 Y14.574
G1 X3.968 Y15.031
G1 X4.059 Y15.104
G1 X4.187 Y15.104
G1 X4.206 Y15.141
G1 X4.206 Y15.250
G1 X3.877 Y15.323
G1 X3.803 Y15.360
G1 X3.511 Y15.433
G1 X3.438 Y15.433
G1 X3.401 Y15.342
M5
G0 X3.438 Y15.397 F2500
M3 S280
G1 F900
G1 X3.419 Y15.342
G1 X3.438 Y15.269
G1 X3.493 Y15.250
G1 X3.529 Y15.214
G1 X3.547 Y15.122
G1 X3.493 Y14.903
G1 X3.456 Y14.830
G1 X3.328 Y14.263
G1 X3.200 Y13.861
G1 X3.109 Y13.769
G1 X3.017 Y13.751
G1 X2.944 Y13.769
G1 X2.926 Y13.733
G1 X2.944 Y13.623
G1 X3.090 Y13.605
G1 X3.383 Y13.531
G1 X4.114 Y13.312
G1 X4.297 Y13.275
G1 X4.370 Y13.440
G1 X4.480 Y13.769
G1 X4.443 Y13.787
G1 X4.370 Y13.787
G1 X4.187 Y13.605
G1 X4.041 Y13.550
G1 X3.858 Y13.550
G1 X3.694 Y13.605
G1 X3.621 Y13.678
G1 X3.621 Y13.806
G1 X3.694 Y14.007
G1 X3.822 Y14.574
G1 X3.950 Y15.031
G1 X4.059 Y15.122
G1 X4.187 Y15.141
G1 X4.169 Y15.250
G1 X4.096 Y15.250
G1 X3.511 Y15.415
G1 X3.438 Y15.397
G1 X3.419 Y15.342
M5
G0 X3.474 Y15.378 F2500
M3 S280
G1 F900
G1 X3.456 Y15.342
G1 X3.474 Y15.287
G1 X3.566 Y15.214
G1 X3.584 Y15.122
G1 X3.529 Y14.903
G1 X3.493 Y14.830
G1 X3.365 Y14.263
G1 X3.237 Y13.861
G1 X3.109 Y13.733
G1 X3.017 Y13.714
G1 X2.962 Y13.733
G1 X2.962 Y13.659
G1 X3.383 Y13.568
G1 X4.279 Y13.312
G1 X4.443 Y13.751
G1 X4.370 Y13.751
G1 X4.187 Y13.568
G1 X4.041 Y13.513
G1 X3.858 Y13.513
G1 X3.730 Y13.550
G1 X3.584 Y13.678
G1 X3.584 Y13.806
G1 X3.657 Y14.007
G1 X3.785 Y14.574
G1 X3.913 Y15.031
G1 X4.023 Y15.141
G1 X4.059 Y15.159
G1 X4.151 Y15.159
G1 X4.151 Y15.214
G1 X4.096 Y15.214
G1 X3.877 Y15.269
G1 X3.803 Y15.305
G1 X3.474 Y15.378
G1 X3.456 Y15.342
M5
G0 X3.493 Y15.342 F2500
M3 S280
G1 F900
G1 X3.602 Y15.214
G1 X3.621 Y15.122
G1 X3.566 Y14.903
G1 X3.529 Y14.830
G1 X3.401 Y14.263
G1 X3.273 Y13.861
G1 X3.109 Y13.696
G1 X2.999 Y13.696
G1 X3.785 Y13.495
G1 X4.261 Y13.349
G1 X4.261 Y13.385
G1 X4.297 Y13.440
G1 X4.389 Y13.714
G1 X4.187 Y13.531
G1 X4.041 Y13.477
G1 X3.858 Y13.477
G1 X3.730 Y13.513
G1 X3.547 Y13.678
G1 X3.547 Y13.806
G1 X3.621 Y14.007
G1 X3.749 Y14.574
G1 X3.877 Y15.031
G1 X4.023 Y15.177
G1 X4.078 Y15.195
G1 X4.023 Y15.195
G1 X4.005 Y15.214
G1 X3.877 Y15.232
G1 X3.803 Y15.269
G1 X3.493 Y15.342
G1 X3.602 Y15.214
M5
G0 X3.657 Y15.232 F2500
M3 S280
G1 F900
G1 X3.694 Y15.177
G1 X3.694 Y15.122
G1 X3.639 Y14.903
G1 X3.602 Y14.830
G1 X3.419 Y14.080
G1 X3.346 Y13.861
G1 X3.200 Y13.714
G1 X3.383 Y13.678
G1 X3.529 Y13.623
G1 X3.474 Y13.678
G1 X3.474 Y13.806
G1 X3.547 Y14.007
G1 X3.675 Y14.574
G1 X3.803 Y15.031
G1 X3.931 Y15.159
G1 X3.877 Y15.159
G1 X3.803 Y15.195
G1 X3.657 Y15.232
G1 X3.694 Y15.177
M5
G0 X3.730 Y15.195 F2500
M3 S280
G1 F900
G1 X3.694 Y15.195
G1 X3.712 Y15.122
G1 X3.657 Y14.903
G1 X3.621 Y14.830
G1 X3.493 Y14.263
G1 X3.365 Y13.861
G1 X3.237 Y13.733
G1 X3.474 Y13.659
G1 X3.456 Y13.806
G1 X3.529 Y14.007
G1 X3.749 Y14.921
G1 X3.785 Y15.031
G1 X3.895 Y15.141
G1 X3.803 Y15.177
G1 X3.749 Y15.177
G1 X3.730 Y15.195
G1 X3.694 Y15.195
M5
G0 X3.657 Y15.250 F2500
M3 S280
G1 F900
G1 X3.621 Y15.250
G1 X3.675 Y15.177
G1 X3.675 Y15.122
G1 X3.621 Y14.903
G1 X3.584 Y14.830
G1 X3.401 Y14.080
G1 X3.328 Y13.861
G1 X3.182 Y13.696
G1 X3.383 Y13.659
G1 X3.529 Y13.605
G1 X3.566 Y13.605
G1 X3.493 Y13.678
G1 X3.493 Y13.806
G1 X3.566 Y14.007
G1 X3.785 Y14.921
G1 X3.822 Y15.031
G1 X3.950 Y15.159
G1 X3.803 Y15.214
G1 X3.675 Y15.232
G1 X3.657 Y15.250
G1 X3.621 Y15.250
M5
G0 X3.566 Y15.287 F2500
M3 S280
G1 F900
G1 X3.639 Y15.214
G1 X3.657 Y15.122
G1 X3.602 Y14.903
G1 X3.566 Y14.830
G1 X3.438 Y14.263
G1 X3.310 Y13.861
G1 X3.145 Y13.696
G1 X3.621 Y13.568
G1 X3.511 Y13.678
G1 X3.511 Y13.806
G1 X3.584 Y14.007
G1 X3.712 Y14.574
G1 X3.840 Y15.031
G1 X3.986 Y15.177
G1 X3.566 Y15.287
G1 X3.639 Y15.214
M5
G0 X3.511 Y15.323 F2500
M3 S280
G1 F900
G1 X3.621 Y15.214
G1 X3.639 Y15.122
G1 X3.584 Y14.903
G1 X3.547 Y14.830
G1 X3.419 Y14.263
G1 X3.291 Y13.861
G1 X3.109 Y13.678
G1 X3.383 Y13.623
G1 X3.675 Y13.531
G1 X3.529 Y13.678
G1 X3.529 Y13.806
G1 X3.602 Y14.007
G1 X3.730 Y14.574
G1 X3.858 Y15.031
G1 X4.005 Y15.195
G1 X3.950 Y15.195
G1 X3.803 Y15.250
G1 X3.511 Y15.323
G1 X3.621 Y15.214
M5
G0 X3.511 Y15.360 F2500
M3 S280
G1 F900
G1 X3.474 Y15.342
G1 X3.474 Y15.305
G1 X3.584 Y15.214
G1 X3.602 Y15.122
G1 X3.547 Y14.903
G1 X3.511 Y14.830
G1 X3.328 Y14.080
G1 X3.255 Y13.861
G1 X3.109 Y13.714
G1 X2.981 Y13.714
G1 X2.981 Y13.678
G1 X3.383 Y13.586
G1 X4.261 Y13.330
G1 X4.315 Y13.440
G1 X4.407 Y13.733
G1 X4.370 Y13.733
G1 X4.187 Y13.550
G1 X4.041 Y13.495
G1 X3.858 Y13.495
G1 X3.730 Y13.531
G1 X3.566 Y13.678
G1 X3.566 Y13.806
G1 X3.639 Y14.007
G1 X3.767 Y14.574
G1 X3.895 Y15.031
G1 X4.023 Y15.159
G1 X4.133 Y15.195
G1 X3.877 Y15.250
G1 X3.803 Y15.287
G1 X3.511 Y15.360
G1 X3.474 Y15.342
M5
G0 X3.456 Y15.397 F2500
M3 S280
G1 F900
G1 X3.438 Y15.287
G1 X3.493 Y15.269
G1 X3.547 Y15.214
G1 X3.566 Y15.122
G1 X3.511 Y14.903
G1 X3.474 Y14.830
G1 X3.346 Y14.263
G1 X3.218 Y13.861
G1 X3.109 Y13.751
G1 X2.999 Y13.751
G1 X2.944 Y13.733
G1 X2.944 Y13.641
G1 X3.090 Y13.623
G1 X3.383 Y13.550
G1 X4.187 Y13.312
G1 X4.297 Y13.312
G1 X4.462 Y13.751
G1 X4.370 Y13.769
G1 X4.187 Y13.586
G1 X4.041 Y13.531
G1 X3.858 Y13.531
G1 X3.694 Y13.586
G1 X3.602 Y13.678
G1 X3.602 Y13.806
G1 X3.675 Y14.007
G1 X3.803 Y14.574
G1 X3.931 Y15.031
G1 X4.059 Y15.141
G1 X4.169 Y15.141
G1 X4.169 Y15.232
G1 X3.877 Y15.287
G1 X3.803 Y15.323
G1 X3.511 Y15.397
G1 X3.456 Y15.397
G1 X3.438 Y15.287
M5
G0 X3.803 Y15.141 F2500
M3 S280
G1 F900
G1 X3.749 Y15.141
G1 X3.730 Y15.104
G1 X3.694 Y14.903
G1 X3.657 Y14.830
G1 X3.529 Y14.263
G1 X3.401 Y13.861
G1 X3.291 Y13.751
G1 X3.419 Y13.714
G1 X3.419 Y13.806
G1 X3.493 Y14.007
G1 X3.712 Y14.921
G1 X3.749 Y15.031
G1 X3.840 Y15.122
G1 X3.803 Y15.141
G1 X3.749 Y15.141
M5
G0 X3.858 Y15.141 F2500
M3 S280
G1 F900
G1 X3.730 Y15.177
G1 X3.730 Y15.122
G1 X3.639 Y14.830
G1 X3.456 Y14.080
G1 X3.383 Y13.861
G1 X3.255 Y13.733
G1 X3.438 Y13.696
G1 X3.438 Y13.806
G1 X3.511 Y14.007
G1 X3.730 Y14.921
G1 X3.767 Y15.031
G1 X3.858 Y15.141
G1 X3.730 Y15.177
M5
G0 X5.120 Y14.903 F2500
M3 S280
G1 F900
G1 X5.083 Y14.811
G1 X5.193 Y14.720
G1 X5.211 Y14.647
G1 X4.882 Y13.787
G1 X4.718 Y13.403
G1 X4.645 Y13.349
G1 X4.462 Y13.385
G1 X4.425 Y13.330
G1 X4.443 Y13.202
G1 X4.480 Y13.202
G1 X4.535 Y13.166
G1 X4.626 Y13.147
G1 X4.955 Y13.019
G1 X5.760 Y12.672
G1 X5.833 Y12.690
G1 X6.053 Y13.129
G1 X6.016 Y13.166
G1 X5.925 Y13.202
G1 X5.742 Y13.038
G1 X5.687 Y13.019
G1 X5.467 Y13.019
G1 X5.358 Y13.056
G1 X5.266 Y13.111
G1 X5.193 Y13.184
G1 X5.175 Y13.221
G1 X5.175 Y13.294
G1 X5.321 Y13.678
G1 X5.394 Y13.769
G1 X5.632 Y13.659
G1 X5.705 Y13.568
G1 X5.687 Y13.440
G1 X5.797 Y13.367
G1 X5.851 Y13.385
G1 X6.034 Y13.915
G1 X6.016 Y13.989
G1 X5.979 Y14.007
G1 X5.906 Y14.007
G1 X5.851 Y13.934
G1 X5.778 Y13.897
G1 X5.687 Y13.897
G1 X5.486 Y13.989
G1 X5.467 Y14.062
G1 X5.614 Y14.464
G1 X5.687 Y14.519
G1 X5.870 Y14.464
G1 X5.961 Y14.409
G1 X6.071 Y14.281
G1 X6.107 Y14.007
G1 X6.217 Y14.007
G1 X6.254 Y14.043
G1 X6.345 Y14.336
G1 X6.363 Y14.464
G1 X6.290 Y14.519
G1 X5.760 Y14.720
G1 X5.467 Y14.811
G1 X5.285 Y14.903
G1 X5.193 Y14.921
G1 X5.120 Y14.903
G1 X5.083 Y14.811
M5
G0 X5.175 Y14.866 F2500
M3 S280
G1 F900
G1 X5.175 Y14.811
G1 X5.266 Y14.720
G1 X5.285 Y14.647
G1 X4.846 Y13.513
G1 X4.791 Y13.403
G1 X4.681 Y13.294
G1 X4.645 Y13.275
G1 X4.498 Y13.294
G1 X4.498 Y13.257
G1 X4.864 Y13.129
G1 X5.394 Y12.891
G1 X5.760 Y12.745
G1 X5.797 Y12.745
G1 X5.979 Y13.111
G1 X5.925 Y13.129
G1 X5.797 Y13.001
G1 X5.687 Y12.946
G1 X5.467 Y12.946
G1 X5.358 Y12.983
G1 X5.266 Y13.038
G1 X5.120 Y13.184
G1 X5.102 Y13.221
G1 X5.102 Y13.294
G1 X5.266 Y13.714
G1 X5.394 Y13.842
G1 X5.632 Y13.733
G1 X5.760 Y13.605
G1 X5.797 Y13.440
G1 X5.870 Y13.696
G1 X5.906 Y13.751
G1 X5.961 Y13.934
G1 X5.925 Y13.934
G1 X5.851 Y13.861
G1 X5.778 Y13.824
G1 X5.687 Y13.824
G1 X5.486 Y13.915
G1 X5.394 Y14.007
G1 X5.394 Y14.062
G1 X5.541 Y14.464
G1 X5.687 Y14.592
G1 X5.906 Y14.519
G1 X6.126 Y14.318
G1 X6.162 Y14.208
G1 X6.162 Y14.080
G1 X6.199 Y14.098
G1 X6.199 Y14.153
G1 X6.272 Y14.336
G1 X6.290 Y14.446
G1 X5.760 Y14.647
G1 X5.467 Y14.738
G1 X5.175 Y14.866
G1 X5.175 Y14.811
M5
G0 X5.193 Y14.830 F2500
M3 S280
G1 F900
G1 X5.285 Y14.720
G1 X5.303 Y14.647
G1 X4.864 Y13.513
G1 X4.809 Y13.403
G1 X4.681 Y13.275
G1 X4.645 Y13.257
G1 X4.517 Y13.275
G1 X4.955 Y13.111
G1 X5.394 Y12.910
G1 X5.797 Y12.782
G1 X5.943 Y13.074
G1 X5.943 Y13.111
G1 X5.742 Y12.946
G1 X5.687 Y12.928
G1 X5.467 Y12.928
G1 X5.358 Y12.965
G1 X5.266 Y13.019
G1 X5.102 Y13.184
G1 X5.083 Y13.221
G1 X5.083 Y13.294
G1 X5.248 Y13.714
G1 X5.394 Y13.861
G1 X5.632 Y13.751
G1 X5.778 Y13.605
G1 X5.797 Y13.568
G1 X5.797 Y13.495
G1 X5.851 Y13.696
G1 X5.888 Y13.751
G1 X5.943 Y13.915
G1 X5.778 Y13.806
G1 X5.687 Y13.806
G1 X5.486 Y13.897
G1 X5.376 Y14.007
G1 X5.376 Y14.062
G1 X5.522 Y14.464
G1 X5.687 Y14.610
G1 X5.906 Y14.537
G1 X6.144 Y14.318
G1 X6.181 Y14.208
G1 X6.181 Y14.098
G1 X6.181 Y14.153
G1 X6.254 Y14.336
G1 X6.272 Y14.427
G1 X5.906 Y14.555
G1 X5.760 Y14.629
G1 X5.467 Y14.720
G1 X5.285 Y14.811
G1 X5.193 Y14.830
G1 X5.285 Y14.720
M5
G0 X5.321 Y14.738 F2500
M3 S280
G1 F900
G1 X5.358 Y14.683
G1 X5.358 Y14.647
G1 X4.919 Y13.513
G1 X4.864 Y13.403
G1 X4.718 Y13.257
G1 X4.773 Y13.221
G1 X4.864 Y13.202
G1 X5.157 Y13.074
G1 X5.047 Y13.184
G1 X5.029 Y13.221
G1 X5.029 Y13.294
G1 X5.193 Y13.714
G1 X5.431 Y13.897
G1 X5.321 Y14.007
G1 X5.321 Y14.062
G1 X5.467 Y14.464
G1 X5.614 Y14.610
G1 X5.559 Y14.647
G1 X5.467 Y14.665
G1 X5.321 Y14.738
G1 X5.358 Y14.683
M5
G0 X5.358 Y14.702 F2500
M3 S280
G1 F900
G1 X5.376 Y14.647
G1 X4.937 Y13.513
G1 X4.882 Y13.403
G1 X4.736 Y13.257
G1 X4.864 Y13.221
G1 X5.102 Y13.111
G1 X5.029 Y13.184
G1 X5.010 Y13.221
G1 X5.010 Y13.294
G1 X5.175 Y13.714
G1 X5.376 Y13.934
G1 X5.303 Y14.007
G1 X5.303 Y14.062
G1 X5.431 Y14.427
G1 X5.595 Y14.610
G1 X5.467 Y14.647
G1 X5.358 Y14.702
G1 X5.376 Y14.647
M5
G0 X5.394 Y14.665 F2500
M3 S280
G1 F900
G1 X5.303 Y14.391
G1 X4.955 Y13.513
G1 X4.901 Y13.403
G1 X4.773 Y13.257
G1 X4.955 Y13.202
G1 X5.047 Y13.147
G1 X4.992 Y13.221
G1 X4.992 Y13.294
G1 X5.157 Y13.714
G1 X5.358 Y13.934
G1 X5.285 Y14.007
G1 X5.285 Y14.062
G1 X5.413 Y14.427
G1 X5.559 Y14.610
G1 X5.522 Y14.610
G1 X5.394 Y14.665
G1 X5.303 Y14.391
M5
G0 X5.413 Y14.629 F2500
M3 S280
G1 F900
G1 X5.339 Y14.391
G1 X4.992 Y13.513
G1 X4.937 Y13.403
G1 X4.827 Y13.275
G1 X4.919 Y13.239
G1 X4.955 Y13.239
G1 X4.992 Y13.403
G1 X5.120 Y13.714
G1 X5.321 Y13.934
G1 X5.248 Y14.007
G1 X5.248 Y14.062
G1 X5.376 Y14.427
G1 X5.504 Y14.592
G1 X5.467 Y14.592
G1 X5.413 Y14.629
G1 X5.339 Y14.391
M5
G0 X5.413 Y14.647 F2500
M3 S280
G1 F900
G1 X4.974 Y13.513
G1 X4.919 Y13.403
G1 X4.791 Y13.275
G1 X4.864 Y13.257
G1 X4.919 Y13.221
G1 X4.992 Y13.202
G1 X4.974 Y13.294
G1 X5.120 Y13.678
G1 X5.339 Y13.934
G1 X5.266 Y14.007
G1 X5.266 Y14.062
G1 X5.413 Y14.464
G1 X5.541 Y14.592
G1 X5.467 Y14.610
G1 X5.413 Y14.647
G1 X4.974 Y13.513
M5
G0 X4.352 Y13.678 F2500
M3 S280
G1 F900
G1 X4.187 Y13.513
G1 X4.041 Y13.458
G1 X3.931 Y13.458
G1 X4.041 Y13.440
G1 X4.187 Y13.385
G1 X4.261 Y13.403
G1 X4.352 Y13.678
G1 X4.187 Y13.513
M5
G0 X4.242 Y13.513 F2500
M3 S280
G1 F900
G1 X4.169 Y13.458
G1 X4.224 Y13.440
G1 X4.242 Y13.513
G1 X4.169 Y13.458
M5
G0 X4.279 Y13.568 F2500
M3 S280
G1 F900
G1 X4.187 Y13.477
G1 X4.114 Y13.440
G1 X4.169 Y13.440
G1 X4.187 Y13.422
G1 X4.242 Y13.440
G1 X4.279 Y13.568
G1 X4.187 Y13.477
M5
G0 X4.315 Y13.623 F2500
M3 S280
G1 F900
G1 X4.187 Y13.495
G1 X4.059 Y13.440
G1 X4.242 Y13.403
G1 X4.315 Y13.623
G1 X4.187 Y13.495
M5
G0 X2.798 Y14.080 F2500
M3 S280
G1 F900
G1 X2.597 Y13.879
G1 X2.469 Y13.824
G1 X2.304 Y13.824
G1 X2.395 Y13.824
G1 X2.414 Y13.806
G1 X2.706 Y13.769
G1 X2.761 Y14.007
G1 X2.798 Y14.080
G1 X2.597 Y13.879
M5
G0 X2.688 Y13.915 F2500
M3 S280
G1 F900
G1 X2.615 Y13.842
G1 X2.670 Y13.824
G1 X2.688 Y13.915
G1 X2.615 Y13.842
M5
G0 X2.725 Y13.970 F2500
M3 S280
G1 F900
G1 X2.597 Y13.842
G1 X2.542 Y13.824
G1 X2.688 Y13.824
G1 X2.725 Y13.970
G1 X2.597 Y13.842
M5
G0 X2.761 Y14.025 F2500
M3 S280
G1 F900
G1 X2.597 Y13.861
G1 X2.523 Y13.824
G1 X2.487 Y13.824
G1 X2.688 Y13.787
G1 X2.761 Y14.025
G1 X2.597 Y13.861
M5
G0 X0.000 Y13.275 F2500
M3 S280
G1 F900
G1 X0.622 Y12.672
G1 X0.969 Y12.398
G1 X1.317 Y12.160
G1 X1.829 Y11.867
G1 X2.322 Y11.630
G1 X2.779 Y11.447
G1 X3.346 Y11.264
G1 X3.785 Y11.154
G1 X4.590 Y11.008
G1 X5.303 Y10.953
G1 X6.016 Y10.953
G1 X6.565 Y10.990
G1 X7.095 Y11.063
G1 X7.497 Y11.154
G1 X7.589 Y11.026
G1 X7.826 Y10.587
G1 X8.229 Y9.984
G1 X8.960 Y9.070
G1 X9.673 Y8.357
G1 X10.277 Y7.845
G1 X10.642 Y7.570
G1 X10.642 Y7.497
G1 X10.441 Y7.278
G1 X10.203 Y6.967
G1 X9.966 Y6.583
G1 X9.801 Y6.272
G1 X9.509 Y5.614
G1 X9.307 Y5.047
G1 X9.161 Y4.517
G1 X9.033 Y3.895
G1 X8.942 Y3.237
G1 X8.905 Y2.725
G1 X8.905 Y2.048
G1 X8.942 Y1.536
G1 X9.033 Y0.878
G1 X9.216 Y0.091
G1 X9.435 Y-0.567
G1 X9.746 Y-1.243
G1 X10.039 Y-1.701
G1 X10.313 Y-2.030
G1 X10.295 Y-3.273
G1 X10.203 Y-4.059
G1 X10.094 Y-4.626
G1 X10.002 Y-4.992
G1 X9.765 Y-5.723
G1 X9.582 Y-6.162
G1 X9.381 Y-6.565
G1 X8.887 Y-7.369
G1 X8.466 Y-7.918
G1 X7.826 Y-8.558
G1 X7.205 Y-9.015
G1 X6.565 Y-9.362
G1 X5.961 Y-9.563
G1 X5.394 Y-9.655
G1 X4.626 Y-9.637
G1 X4.590 Y-9.673
G1 X4.498 Y-9.874
G1 X4.352 Y-10.075
G1 X4.005 Y-10.423
G1 X3.694 Y-10.642
G1 X3.054 Y-10.953
G1 X1.847 Y-11.355
G1 X1.317 Y-11.593
G1 X0.914 Y-11.831
G1 X0.640 Y-12.032
G1 X0.201 Y-12.453
G1 X0.037 Y-12.672
G1 X-0.037 Y-12.672
G1 X-0.201 Y-12.453
G1 X-0.530 Y-12.123
G1 X-0.713 Y-11.977
G1 X-1.353 Y-11.575
G1 X-1.664 Y-11.429
G1 X-2.103 Y-11.264
G1 X-3.017 Y-10.971
G1 X-3.730 Y-10.624
G1 X-4.078 Y-10.368
G1 X-4.315 Y-10.130
G1 X-4.517 Y-9.874
G1 X-4.645 Y-9.637
G1 X-5.394 Y-9.655
G1 X-5.870 Y-9.582
G1 X-6.510 Y-9.381
G1 X-6.857 Y-9.216
G1 X-7.241 Y-8.997
G1 X-7.899 Y-8.503
G1 X-8.411 Y-7.991
G1 X-8.905 Y-7.369
G1 X-9.216 Y-6.894
G1 X-9.454 Y-6.473
G1 X-9.783 Y-5.742
G1 X-10.039 Y-4.919
G1 X-10.167 Y-4.334
G1 X-10.313 Y-3.291
G1 X-10.350 Y-2.633
G1 X-10.350 Y-2.085
G1 X-10.331 Y-2.030
G1 X-9.984 Y-1.591
G1 X-9.691 Y-1.097
G1 X-9.417 Y-0.457
G1 X-9.198 Y0.238
G1 X-9.070 Y0.768
G1 X-8.960 Y1.499
G1 X-8.923 Y1.975
G1 X-8.942 Y3.127
G1 X-9.015 Y3.730
G1 X-9.143 Y4.370
G1 X-9.289 Y4.937
G1 X-9.490 Y5.522
G1 X-9.691 Y5.998
G1 X-9.984 Y6.583
G1 X-10.258 Y7.022
G1 X-10.496 Y7.333
G1 X-10.606 Y7.442
G1 X-10.642 Y7.515
G1 X-10.642 Y7.552
G1 X-10.587 Y7.625
G1 X-10.039 Y8.046
G1 X-9.545 Y8.485
G1 X-9.106 Y8.923
G1 X-8.814 Y9.253
G1 X-8.192 Y10.057
G1 X-7.826 Y10.624
G1 X-7.534 Y11.136
G1 X-7.497 Y11.154
G1 X-7.223 Y11.081
G1 X-6.528 Y10.990
G1 X-5.449 Y10.953
G1 X-4.992 Y10.971
G1 X-4.462 Y11.026
G1 X-3.438 Y11.246
G1 X-2.853 Y11.429
G1 X-2.469 Y11.575
G1 X-2.139 Y11.721
G1 X-1.481 Y12.069
G1 X-1.061 Y12.343
G1 X-0.677 Y12.635
M5
G0 X-0.475 Y12.617 F2500
M3 S280
G1 F900
G1 X0.000 Y13.074
G1 X0.366 Y12.690
G1 X0.640 Y12.453
G1 X0.219 Y12.837
G1 X0.000 Y13.074
M5
G0 X0.000 Y13.275 F2500
M3 S280
G1 F900
G1 X-0.055 Y13.257
G1 X-0.366 Y12.928
G1 X-0.805 Y12.544
G1 X-1.591 Y12.014
G1 X-2.523 Y11.557
G1 X-2.853 Y11.429
G1 X-3.438 Y11.246
G1 X-4.462 Y11.026
G1 X-4.992 Y10.971
G1 X-5.449 Y10.953
G1 X-6.528 Y10.990
G1 X-7.113 Y11.063
G1 X-7.497 Y11.154
G1 X-7.534 Y11.136
G1 X-8.064 Y10.258
G1 X-8.430 Y9.746
G1 X-8.905 Y9.161
G1 X-9.637 Y8.411
G1 X-10.203 Y7.918
G1 X-10.569 Y7.643
G1 X-10.642 Y7.552
G1 X-10.624 Y7.461
G1 X-10.441 Y7.259
G1 X-10.222 Y6.967
G1 X-9.984 Y6.583
G1 X-9.691 Y5.998
G1 X-9.490 Y5.522
G1 X-9.289 Y4.937
G1 X-9.143 Y4.370
G1 X-9.015 Y3.730
G1 X-8.942 Y3.127
G1 X-8.923 Y2.834
G1 X-8.942 Y1.719
G1 X-9.033 Y0.969
G1 X-9.198 Y0.238
G1 X-9.417 Y-0.457
G1 X-9.582 Y-0.859
G1 X-9.929 Y-1.499
G1 X-10.295 Y-1.975
G1 X-10.350 Y-2.085
G1 X-10.350 Y-2.633
G1 X-10.295 Y-3.493
G1 X-10.112 Y-4.608
G1 X-9.966 Y-5.175
G1 X-9.783 Y-5.742
G1 X-9.399 Y-6.583
G1 X-8.942 Y-7.333
G1 X-8.411 Y-8.009
G1 X-7.936 Y-8.485
G1 X-7.314 Y-8.960
G1 X-6.674 Y-9.307
G1 X-6.089 Y-9.527
G1 X-5.778 Y-9.600
G1 X-5.394 Y-9.655
G1 X-4.608 Y-9.655
G1 X-4.517 Y-9.874
G1 X-4.297 Y-10.167
G1 X-4.114 Y-10.350
G1 X-3.858 Y-10.551
G1 X-3.657 Y-10.679
G1 X-3.109 Y-10.935
G1 X-1.902 Y-11.337
G1 X-1.627 Y-11.447
G1 X-1.225 Y-11.648
G1 X-0.603 Y-12.069
G1 X-0.329 Y-12.325
G1 X-0.073 Y-12.654
G1 X-0.018 Y-12.672
G1 X0.000 Y-12.745
G1 X0.018 Y-12.672
G1 X0.110 Y-12.599
G1 X0.165 Y-12.507
G1 X0.421 Y-12.233
G1 X0.768 Y-11.941
G1 X1.189 Y-11.666
G1 X1.536 Y-11.483
G1 X1.847 Y-11.355
G1 X2.761 Y-11.063
G1 X3.145 Y-10.917
G1 X3.584 Y-10.715
G1 X3.877 Y-10.533
G1 X4.041 Y-10.405
G1 X4.352 Y-10.094
G1 X4.517 Y-9.856
G1 X4.608 Y-9.655
G1 X4.681 Y-9.637
G1 X5.394 Y-9.655
G1 X5.797 Y-9.600
G1 X6.107 Y-9.527
G1 X6.565 Y-9.362
G1 X6.967 Y-9.161
G1 X7.333 Y-8.942
G1 X7.863 Y-8.539
G1 X8.448 Y-7.954
G1 X8.887 Y-7.387
G1 X9.161 Y-6.967
G1 X9.399 Y-6.546
G1 X9.765 Y-5.723
G1 X9.947 Y-5.175
G1 X10.094 Y-4.626
G1 X10.203 Y-4.059
G1 X10.295 Y-3.273
G1 X10.313 Y-2.030
G1 X10.039 Y-1.701
G1 X9.728 Y-1.207
G1 X9.435 Y-0.567
G1 X9.216 Y0.091
G1 X9.033 Y0.878
G1 X8.942 Y1.536
G1 X8.905 Y2.048
G1 X8.905 Y2.725
G1 X8.942 Y3.237
G1 X9.033 Y3.895
G1 X9.161 Y4.517
G1 X9.307 Y5.047
G1 X9.509 Y5.614
G1 X9.801 Y6.272
G1 X10.130 Y6.857
G1 X10.313 Y7.113
G1 X10.642 Y7.497
G1 X10.642 Y7.570
G1 X10.075 Y8.009
G1 X9.655 Y8.375
G1 X8.905 Y9.143
G1 X8.594 Y9.509
G1 X8.210 Y10.021
G1 X7.899 Y10.478
G1 X7.534 Y11.118
G1 X7.479 Y11.154
G1 X7.186 Y11.081
G1 X6.565 Y10.990
G1 X6.016 Y10.953
G1 X5.303 Y10.953
G1 X4.480 Y11.026
G1 X3.785 Y11.154
G1 X3.346 Y11.264
G1 X2.779 Y11.447
G1 X2.377 Y11.611
G1 X1.810 Y11.886
G1 X1.390 Y12.123
G1 X0.677 Y12.635
M5
G0 X0.238 Y12.123 F2500
M3 S280
G1 F900
G1 X0.293 Y12.105
G1 X0.750 Y11.739
G1 X1.079 Y11.520
G1 X1.847 Y11.099
G1 X2.597 Y10.789
G1 X3.401 Y10.551
G1 X3.822 Y10.459
G1 X4.407 Y10.368
G1 X5.248 Y10.295
G1 X5.961 Y10.295
G1 X6.565 Y10.331
G1 X7.058 Y10.405
G1 X7.223 Y10.386
G1 X7.314 Y10.203
G1 X7.607 Y9.746
G1 X8.210 Y8.942
G1 X8.649 Y8.448
G1 X9.143 Y7.954
G1 X9.655 Y7.515
G1 X9.710 Y7.424
G1 X9.454 Y7.040
G1 X9.216 Y6.619
G1 X8.869 Y5.870
G1 X8.558 Y4.937
G1 X8.411 Y4.334
G1 X8.338 Y3.840
G1 X8.302 Y3.767
G1 X1.938 Y3.785
G1 X1.993 Y4.059
G1 X2.121 Y4.498
G1 X2.194 Y4.608
G1 X2.249 Y4.754
G1 X2.359 Y4.791
G1 X2.395 Y4.827
G1 X2.395 Y4.864
G1 X2.450 Y4.937
G1 X2.432 Y4.992
G1 X2.853 Y5.266
G1 X3.035 Y5.358
G1 X3.621 Y5.504
G1 X4.059 Y5.522
G1 X4.370 Y5.431
G1 X4.699 Y5.230
G1 X4.955 Y4.974
G1 X5.083 Y4.809
G1 X5.321 Y4.590
G1 X5.394 Y4.571
G1 X5.486 Y4.480
G1 X5.614 Y4.407
G1 X5.815 Y4.389
G1 X5.851 Y4.352
G1 X6.016 Y4.315
G1 X5.870 Y4.352
G1 X5.760 Y4.407
G1 X5.742 Y4.462
G1 X5.376 Y4.809
G1 X5.157 Y5.157
G1 X4.974 Y5.376
G1 X4.754 Y5.577
G1 X4.480 Y5.723
G1 X4.224 Y5.797
G1 X3.803 Y5.815
G1 X3.438 Y5.760
G1 X3.200 Y5.669
G1 X3.127 Y5.687
G1 X3.127 Y5.723
G1 X3.163 Y5.760
G1 X3.602 Y5.998
G1 X3.785 Y6.126
G1 X3.877 Y6.144
G1 X4.315 Y6.089
G1 X4.571 Y6.016
G1 X4.809 Y5.870
G1 X5.157 Y5.541
G1 X5.230 Y5.431
G1 X5.303 Y5.394
G1 X5.321 Y5.303
G1 X5.303 Y5.504
G1 X5.138 Y5.815
G1 X4.827 Y6.144
G1 X4.663 Y6.235
G1 X4.590 Y6.327
G1 X4.626 Y6.363
G1 X4.681 Y6.363
G1 X4.736 Y6.400
G1 X4.864 Y6.400
G1 X4.919 Y6.437
G1 X5.157 Y6.363
G1 X5.431 Y6.071
G1 X5.486 Y6.053
G1 X5.504 Y5.961
G1 X5.577 Y5.815
G1 X5.723 Y5.687
G1 X5.797 Y5.358
G1 X5.888 Y5.248
G1 X5.888 Y5.175
G1 X5.979 Y4.974
G1 X6.071 Y4.919
G1 X6.107 Y5.047
G1 X6.107 Y5.138
G1 X6.089 Y5.157
G1 X6.107 Y5.285
G1 X6.162 Y5.303
G1 X6.144 Y5.504
G1 X6.089 Y5.632
G1 X6.089 Y5.778
G1 X6.016 Y5.961
G1 X5.906 Y6.071
G1 X5.833 Y6.235
G1 X5.559 Y6.510
G1 X5.541 Y6.546
G1 X5.577 Y6.601
G1 X5.778 Y6.491
G1 X5.888 Y6.345
G1 X5.998 Y6.235
G1 X6.071 Y6.199
G1 X6.089 Y6.107
G1 X6.199 Y5.888
G1 X6.254 Y5.815
G1 X6.345 Y5.778
G1 X6.418 Y5.577
G1 X6.455 Y5.522
G1 X6.510 Y5.504
G1 X6.546 Y5.285
G1 X6.601 Y5.211
G1 X6.601 Y4.992
G1 X6.656 Y4.846
G1 X6.747 Y4.809
G1 X6.747 Y4.736
G1 X6.821 Y4.571
G1 X6.894 Y4.480
G1 X6.949 Y4.462
G1 X6.985 Y4.608
G1 X6.985 Y4.882
G1 X7.058 Y4.882
G1 X7.058 Y5.047
G1 X6.967 Y5.230
G1 X6.949 Y5.504
G1 X6.839 Y5.742
G1 X6.729 Y5.906
G1 X6.747 Y5.943
G1 X6.729 Y6.053
G1 X6.674 Y6.181
G1 X6.455 Y6.400
G1 X6.418 Y6.491
G1 X6.199 Y6.693
G1 X6.126 Y6.821
G1 X5.979 Y6.930
G1 X5.833 Y7.003
G1 X5.760 Y7.022
G1 X5.614 Y7.003
G1 X5.559 Y7.040
G1 X5.486 Y7.040
G1 X5.394 Y7.077
G1 X5.687 Y6.985
G1 X5.723 Y6.912
G1 X5.705 Y6.821
G1 X5.504 Y6.930
G1 X5.449 Y6.930
G1 X5.248 Y7.058
G1 X5.138 Y7.150
G1 X5.175 Y7.186
G1 X5.376 Y7.223
G1 X5.559 Y7.205
G1 X5.614 Y7.241
G1 X5.851 Y7.131
G1 X5.906 Y7.131
G1 X6.071 Y6.985
G1 X6.162 Y6.949
G1 X6.272 Y6.839
G1 X6.327 Y6.821
G1 X6.382 Y6.711
G1 X6.546 Y6.491
G1 X6.747 Y6.290
G1 X6.802 Y6.107
G1 X6.894 Y5.925
G1 X6.930 Y5.906
G1 X7.003 Y5.925
G1 X7.058 Y5.870
G1 X7.150 Y5.705
G1 X7.223 Y5.632
G1 X7.278 Y5.614
G1 X7.278 Y5.888
G1 X7.241 Y5.998
G1 X7.223 Y6.254
G1 X7.040 Y6.546
G1 X7.022 Y6.693
G1 X6.930 Y6.784
G1 X6.821 Y6.839
G1 X6.766 Y6.894
G1 X6.747 Y6.967
G1 X6.766 Y7.022
G1 X7.022 Y6.839
G1 X7.113 Y6.802
G1 X7.205 Y6.583
G1 X7.314 Y6.437
G1 X7.369 Y6.418
G1 X7.406 Y6.583
G1 X7.442 Y6.546
G1 X7.479 Y6.437
G1 X7.534 Y6.382
G1 X7.534 Y6.272
G1 X7.607 Y6.089
G1 X7.698 Y6.016
G1 X7.717 Y5.833
G1 X7.790 Y5.669
G1 X7.826 Y5.632
G1 X7.863 Y5.650
G1 X7.918 Y5.467
G1 X8.009 Y5.303
G1 X8.101 Y5.285
G1 X8.119 Y5.650
G1 X8.174 Y5.650
G1 X8.192 Y5.742
G1 X8.137 Y6.016
G1 X8.064 Y6.162
G1 X8.082 Y6.217
G1 X7.973 Y6.455
G1 X8.009 Y6.528
G1 X8.155 Y6.382
G1 X8.229 Y6.382
G1 X8.229 Y6.455
G1 X8.119 Y6.729
G1 X8.009 Y6.875
G1 X7.991 Y7.022
G1 X7.753 Y7.278
G1 X7.753 Y7.369
G1 X7.589 Y7.497
G1 X7.406 Y7.717
G1 X7.296 Y7.771
G1 X7.241 Y7.826
G1 X7.186 Y7.954
G1 X6.930 Y8.046
G1 X6.912 Y8.119
G1 X6.638 Y8.229
G1 X6.583 Y8.283
G1 X6.583 Y8.320
G1 X6.418 Y8.375
G1 X6.418 Y8.448
G1 X6.565 Y8.448
G1 X6.821 Y8.338
G1 X6.967 Y8.357
G1 X7.259 Y8.174
G1 X7.387 Y8.192
G1 X7.534 Y8.082
G1 X7.643 Y8.046
G1 X7.918 Y7.735
G1 X7.991 Y7.735
G1 X8.009 Y7.790
G1 X8.046 Y7.790
G1 X8.320 Y7.570
G1 X8.393 Y7.552
G1 X8.357 Y7.735
G1 X8.174 Y8.027
G1 X8.174 Y8.082
G1 X7.991 Y8.229
G1 X8.009 Y8.302
G1 X7.936 Y8.375
G1 X7.662 Y8.521
G1 X7.643 Y8.594
G1 X7.607 Y8.631
G1 X7.424 Y8.722
G1 X7.296 Y8.741
G1 X7.223 Y8.777
G1 X7.205 Y8.869
G1 X7.077 Y8.905
G1 X6.766 Y8.923
G1 X6.766 Y8.997
G1 X6.638 Y8.997
G1 X6.528 Y8.960
G1 X6.382 Y8.978
G1 X6.363 Y9.033
G1 X6.053 Y9.033
G1 X6.016 Y8.997
G1 X5.943 Y8.997
G1 X5.925 Y9.015
G1 X5.833 Y9.015
G1 X5.797 Y9.051
G1 X5.833 Y9.088
G1 X6.107 Y9.179
G1 X6.254 Y9.271
G1 X6.363 Y9.289
G1 X6.601 Y9.417
G1 X6.619 Y9.454
G1 X6.510 Y9.490
G1 X6.345 Y9.490
G1 X6.144 Y9.435
G1 X6.053 Y9.435
G1 X6.016 Y9.472
G1 X5.870 Y9.472
G1 X5.522 Y9.381
G1 X5.486 Y9.435
G1 X5.193 Y9.271
G1 X5.138 Y9.307
G1 X4.718 Y9.033
G1 X4.681 Y9.070
G1 X4.389 Y8.850
G1 X4.334 Y8.832
G1 X4.206 Y8.869
G1 X4.480 Y9.161
G1 X4.809 Y9.435
G1 X5.248 Y9.746
G1 X5.321 Y9.838
G1 X5.486 Y9.893
G1 X5.449 Y9.893
G1 X5.413 Y9.856
G1 X5.339 Y9.856
G1 X5.303 Y9.819
G1 X5.211 Y9.838
G1 X4.681 Y9.582
G1 X4.151 Y9.216
G1 X3.694 Y8.795
G1 X3.365 Y8.411
G1 X3.200 Y8.192
G1 X3.145 Y8.082
G1 X3.054 Y8.046
G1 X3.054 Y8.101
G1 X3.163 Y8.320
G1 X3.273 Y8.649
G1 X3.456 Y8.997
G1 X3.767 Y9.454
G1 X4.078 Y9.801
G1 X4.114 Y9.893
G1 X4.315 Y10.021
G1 X4.261 Y10.002
G1 X4.096 Y9.874
G1 X4.023 Y9.874
G1 X3.529 Y9.472
G1 X3.328 Y9.253
G1 X3.127 Y8.997
G1 X2.871 Y8.594
G1 X2.651 Y8.119
G1 X2.615 Y7.991
G1 X2.542 Y7.973
G1 X2.395 Y8.722
G1 X2.286 Y9.051
G1 X2.011 Y9.563
G1 X1.883 Y9.728
G1 X1.609 Y9.966
G1 X1.719 Y9.856
G1 X1.719 Y9.783
G1 X1.902 Y9.435
G1 X2.066 Y8.960
G1 X2.176 Y8.320
G1 X2.194 Y7.534
G1 X2.158 Y7.497
G1 X2.121 Y7.534
G1 X2.030 Y7.863
G1 X1.847 Y8.210
G1 X1.701 Y8.411
G1 X1.518 Y8.594
G1 X1.481 Y8.594
G1 X1.481 Y8.521
G1 X1.573 Y8.393
G1 X1.682 Y8.174
G1 X1.810 Y7.753
G1 X1.902 Y7.205
G1 X1.865 Y7.040
G1 X1.627 Y7.442
G1 X1.317 Y7.771
G1 X1.061 Y7.954
G1 X0.951 Y8.009
G1 X0.878 Y8.009
G1 X0.805 Y8.046
G1 X0.878 Y8.009
G1 X1.189 Y7.698
G1 X1.408 Y7.387
G1 X1.554 Y7.077
G1 X1.682 Y6.674
G1 X1.737 Y6.272
G1 X1.719 Y5.595
G1 X1.573 Y5.486
G1 X1.573 Y5.394
G1 X1.499 Y5.193
G1 X1.426 Y5.138
G1 X1.298 Y4.955
G1 X0.731 Y4.370
G1 X0.512 Y4.187
G1 X0.512 Y4.114
G1 X0.658 Y4.114
G1 X0.731 Y4.151
G1 X0.805 Y4.133
G1 X0.805 Y4.078
G1 X0.658 Y3.895
G1 X0.603 Y3.767
G1 X0.238 Y3.749
G1 X0.201 Y3.785
G1 X0.201 Y12.087
M5
G0 X-0.037 Y12.361 F2500
M3 S280
G1 F900
G1 X-0.201 Y12.215
G1 X-0.219 Y12.142
G1 X-0.256 Y12.105
G1 X-0.329 Y12.087
G1 X-0.786 Y11.721
G1 X-1.371 Y11.355
G1 X-2.231 Y10.935
G1 X-3.163 Y10.624
G1 X-3.749 Y10.478
G1 X-4.169 Y10.405
G1 X-5.230 Y10.295
G1 X-6.016 Y10.295
G1 X-6.729 Y10.350
G1 X-7.040 Y10.405
G1 X-7.241 Y10.386
G1 X-7.589 Y9.801
G1 X-8.210 Y8.960
G1 X-8.539 Y8.576
G1 X-9.253 Y7.863
G1 X-9.710 Y7.479
G1 X-9.710 Y7.369
G1 X-9.326 Y6.766
G1 X-9.051 Y6.217
G1 X-8.869 Y5.778
G1 X-8.558 Y4.827
G1 X-8.448 Y4.389
G1 X-8.338 Y3.767
G1 X-0.311 Y3.749
G1 X-0.238 Y3.767
G1 X-0.219 Y11.904
G1 X-0.238 Y12.123
G1 X-0.219 Y12.178
G1 X-0.037 Y12.361
G1 X0.018 Y12.361
G1 X0.219 Y12.142
G1 X0.201 Y3.785
G1 X0.219 Y3.749
G1 X0.549 Y3.767
G1 X0.695 Y3.749
G1 X1.134 Y3.785
G1 X1.390 Y3.767
G1 X1.445 Y3.803
G1 X1.499 Y3.767
G1 X8.320 Y3.749
G1 X8.320 Y3.547
G1 X8.283 Y3.383
G1 X8.247 Y3.365
G1 X-8.283 Y3.365
G1 X-8.283 Y3.145
G1 X-8.247 Y2.889
G1 X-8.247 Y1.993
G1 X-8.338 Y1.042
G1 X-8.466 Y0.366
G1 X-8.649 Y-0.311
G1 X-8.923 Y-1.042
G1 X-9.253 Y-1.682
G1 X-9.454 Y-1.993
G1 X-9.691 Y-2.304
G1 X-9.691 Y-2.651
G1 X-9.637 Y-3.438
G1 X-9.472 Y-4.462
G1 X-9.179 Y-5.431
G1 X-8.960 Y-5.961
G1 X-8.741 Y-6.400
G1 X-8.430 Y-6.912
G1 X-7.918 Y-7.570
G1 X-7.406 Y-8.064
G1 X-6.875 Y-8.448
G1 X-6.583 Y-8.613
G1 X-6.107 Y-8.814
G1 X-5.541 Y-8.960
G1 X-5.065 Y-9.015
G1 X-4.773 Y-9.015
G1 X-4.206 Y-8.942
G1 X-4.114 Y-9.253
G1 X-4.005 Y-9.472
G1 X-3.840 Y-9.691
G1 X-3.547 Y-9.966
G1 X-3.090 Y-10.222
G1 X-1.627 Y-10.734
G1 X-0.951 Y-11.045
G1 X-0.549 Y-11.301
G1 X-0.311 Y-11.483
G1 X-0.055 Y-11.739
G1 X0.000 Y-11.758
G1 X0.512 Y-11.319
G1 X1.042 Y-10.990
G1 X1.810 Y-10.661
G1 X2.999 Y-10.258
G1 X3.310 Y-10.112
G1 X3.511 Y-9.984
G1 X3.694 Y-9.838
G1 X3.895 Y-9.618
G1 X4.096 Y-9.271
G1 X4.151 Y-9.015
G1 X4.206 Y-8.942
G1 X4.718 Y-9.015
G1 X5.083 Y-9.015
G1 X5.449 Y-8.978
G1 X5.815 Y-8.905
G1 X6.162 Y-8.795
G1 X6.747 Y-8.521
G1 X7.351 Y-8.101
G1 X7.936 Y-7.534
G1 X8.375 Y-6.967
G1 X8.686 Y-6.473
G1 X8.978 Y-5.888
G1 X9.271 Y-5.102
G1 X9.435 Y-4.517
G1 X9.545 Y-3.950
G1 X9.618 Y-3.401
G1 X9.673 Y-2.322
G1 X9.234 Y-1.682
G1 X8.960 Y-1.170
G1 X8.704 Y-0.549
G1 X8.539 Y-0.018
G1 X8.375 Y0.677
G1 X8.265 Y1.481
G1 X8.229 Y2.048
G1 X8.247 Y3.182
G1 X8.265 Y3.365
G1 X8.302 Y3.401
G1 X8.320 Y3.822
G1 X8.411 Y4.334
G1 X8.558 Y4.937
G1 X8.741 Y5.522
G1 X8.960 Y6.071
G1 X9.234 Y6.638
G1 X9.472 Y7.058
G1 X9.691 Y7.369
G1 X9.710 Y7.442
G1 X9.618 Y7.552
G1 X9.106 Y7.991
G1 X8.357 Y8.777
G1 X7.662 Y9.673
G1 X7.205 Y10.405
G1 X7.058 Y10.405
G1 X6.894 Y10.368
G1 X6.327 Y10.313
G1 X5.248 Y10.295
G1 X4.407 Y10.368
G1 X3.931 Y10.441
G1 X3.346 Y10.569
G1 X2.505 Y10.825
G1 X2.048 Y11.008
G1 X1.627 Y11.209
G1 X1.079 Y11.520
G1 X0.750 Y11.739
G1 X0.293 Y12.105
G1 X0.256 Y12.105
G1 X0.091 Y12.306
G1 X0.018 Y12.361
M5
G0 X-0.238 Y12.123 F2500
M3 S280
G1 F900
G1 X-0.219 Y11.904
G1 X-0.256 Y3.749
G1 X-8.357 Y3.785
G1 X-8.375 Y4.005
G1 X-8.448 Y4.389
G1 X-8.576 Y4.901
G1 X-8.795 Y5.595
G1 X-9.143 Y6.418
G1 X-9.490 Y7.058
G1 X-9.710 Y7.387
G1 X-9.710 Y7.461
G1 X-8.960 Y8.137
G1 X-8.283 Y8.869
G1 X-7.589 Y9.801
G1 X-7.259 Y10.350
G1 X-7.205 Y10.405
G1 X-7.040 Y10.405
G1 X-6.894 Y10.368
G1 X-6.327 Y10.313
G1 X-5.230 Y10.295
G1 X-4.425 Y10.368
G1 X-3.931 Y10.441
G1 X-3.419 Y10.551
G1 X-2.670 Y10.770
G1 X-1.975 Y11.045
G1 X-1.115 Y11.502
G1 X-0.658 Y11.813
G1 X-0.329 Y12.087
M5
G0 X0.000 Y12.745 F2500
M3 S280
G1 F900
G1 X0.311 Y12.434
G1 X0.658 Y12.142
G1 X1.006 Y11.886
G1 X1.408 Y11.630
G1 X2.249 Y11.209
G1 X2.615 Y11.063
G1 X3.255 Y10.862
G1 X4.096 Y10.679
G1 X5.175 Y10.569
G1 X6.382 Y10.587
G1 X6.894 Y10.642
G1 X7.333 Y10.734
G1 X7.625 Y10.222
G1 X7.973 Y9.691
G1 X8.594 Y8.905
G1 X9.198 Y8.265
G1 X9.710 Y7.808
G1 X9.947 Y7.625
G1 X10.075 Y7.497
G1 X10.075 Y7.461
G1 X9.801 Y7.077
G1 X9.435 Y6.437
G1 X9.271 Y6.089
G1 X8.960 Y5.285
G1 X8.759 Y4.626
G1 X8.667 Y4.187
G1 X8.558 Y3.438
G1 X8.503 Y2.834
G1 X8.503 Y1.920
G1 X8.539 Y1.481
G1 X8.631 Y0.823
G1 X8.759 Y0.219
G1 X8.960 Y-0.439
G1 X9.216 Y-1.061
G1 X9.600 Y-1.755
G1 X9.929 Y-2.176
G1 X9.911 Y-3.200
G1 X9.838 Y-3.858
G1 X9.746 Y-4.389
G1 X9.637 Y-4.846
G1 X9.435 Y-5.486
G1 X9.070 Y-6.327
G1 X8.741 Y-6.894
G1 X8.521 Y-7.223
G1 X8.192 Y-7.643
G1 X7.771 Y-8.082
G1 X7.168 Y-8.576
G1 X6.747 Y-8.832
G1 X6.437 Y-8.978
G1 X6.034 Y-9.125
G1 X5.742 Y-9.198
G1 X5.230 Y-9.271
G1 X4.663 Y-9.271
G1 X4.480 Y-9.234
G1 X4.370 Y-9.253
G1 X4.334 Y-9.399
G1 X4.133 Y-9.746
G1 X3.822 Y-10.075
G1 X3.383 Y-10.368
G1 X3.072 Y-10.514
G1 X1.737 Y-10.971
G1 X1.024 Y-11.301
G1 X0.512 Y-11.648
G1 X-0.018 Y-12.178
G1 X-0.128 Y-12.032
G1 X-0.494 Y-11.666
G1 X-0.731 Y-11.483
G1 X-1.061 Y-11.282
G1 X-1.737 Y-10.971
G1 X-3.035 Y-10.533
G1 X-3.456 Y-10.331
G1 X-3.694 Y-10.185
G1 X-3.877 Y-10.039
G1 X-4.151 Y-9.728
G1 X-4.334 Y-9.417
G1 X-4.389 Y-9.234
G1 X-4.699 Y-9.271
G1 X-5.230 Y-9.271
G1 X-5.742 Y-9.198
G1 X-5.961 Y-9.143
G1 X-6.473 Y-8.960
G1 X-6.747 Y-8.832
G1 X-7.058 Y-8.649
G1 X-7.625 Y-8.229
G1 X-8.192 Y-7.662
G1 X-8.576 Y-7.168
G1 X-8.997 Y-6.491
G1 X-9.417 Y-5.577
G1 X-9.600 Y-5.029
G1 X-9.765 Y-4.389
G1 X-9.911 Y-3.493
G1 X-9.911 Y-3.291
G1 X-9.947 Y-3.090
G1 X-9.966 Y-2.743
G1 X-9.966 Y-2.213
G1 X-9.545 Y-1.646
G1 X-9.234 Y-1.079
G1 X-9.033 Y-0.603
G1 X-8.759 Y0.293
G1 X-8.613 Y1.042
G1 X-8.521 Y1.957
G1 X-8.539 Y3.127
G1 X-8.613 Y3.767
G1 X-8.741 Y4.462
G1 X-8.997 Y5.339
G1 X-9.307 Y6.126
G1 X-9.600 Y6.711
G1 X-9.819 Y7.077
G1 X-10.112 Y7.479
G1 X-9.344 Y8.137
G1 X-8.814 Y8.667
G1 X-8.485 Y9.051
G1 X-7.991 Y9.691
G1 X-7.753 Y10.039
G1 X-7.351 Y10.715
G1 X-6.345 Y10.587
G1 X-5.138 Y10.569
G1 X-4.242 Y10.661
G1 X-3.730 Y10.752
G1 X-3.145 Y10.898
G1 X-2.633 Y11.063
G1 X-2.267 Y11.209
G1 X-1.426 Y11.630
G1 X-0.695 Y12.123
M5
G0 X-1.298 Y11.849 F2500
M3 S280
G1 F900
G1 X-0.658 Y12.288
G1 X0.000 Y12.891
G1 X0.091 Y12.782
G1 X0.512 Y12.398
G1 X0.969 Y12.050
G1 X1.371 Y11.794
G1 X1.079 Y11.977
G1 X0.439 Y12.471
G1 X0.000 Y12.891
G1 X-0.622 Y12.325
G1 X-0.933 Y12.087
M5
G0 X0.000 Y12.745 F2500
M3 S280
G1 F900
G1 X-0.750 Y12.087
G1 X-1.499 Y11.593
G1 X-2.359 Y11.173
G1 X-2.688 Y11.045
G1 X-3.218 Y10.880
G1 X-3.730 Y10.752
G1 X-4.242 Y10.661
G1 X-5.138 Y10.569
G1 X-6.053 Y10.569
G1 X-6.711 Y10.624
G1 X-7.259 Y10.715
G1 X-7.387 Y10.697
G1 X-7.497 Y10.459
G1 X-7.881 Y9.856
G1 X-8.521 Y9.015
G1 X-8.869 Y8.613
G1 X-9.253 Y8.229
G1 X-9.874 Y7.680
G1 X-10.094 Y7.515
G1 X-10.112 Y7.461
G1 X-9.893 Y7.186
G1 X-9.582 Y6.674
G1 X-9.307 Y6.126
G1 X-8.997 Y5.339
G1 X-8.741 Y4.462
G1 X-8.613 Y3.767
G1 X-8.539 Y3.127
G1 X-8.521 Y2.834
G1 X-8.539 Y1.682
G1 X-8.613 Y1.042
G1 X-8.759 Y0.293
G1 X-9.033 Y-0.603
G1 X-9.234 Y-1.079
G1 X-9.545 Y-1.646
G1 X-9.801 Y-2.011
G1 X-9.966 Y-2.194
G1 X-9.966 Y-2.743
G1 X-9.947 Y-3.090
G1 X-9.911 Y-3.291
G1 X-9.911 Y-3.493
G1 X-9.765 Y-4.389
G1 X-9.600 Y-5.029
G1 X-9.417 Y-5.577
G1 X-9.216 Y-6.053
G1 X-8.978 Y-6.528
G1 X-8.503 Y-7.278
G1 X-8.137 Y-7.735
G1 X-7.589 Y-8.265
G1 X-7.058 Y-8.649
G1 X-6.747 Y-8.832
G1 X-6.473 Y-8.960
G1 X-5.961 Y-9.143
G1 X-5.742 Y-9.198
G1 X-5.248 Y-9.271
G1 X-4.699 Y-9.271
G1 X-4.480 Y-9.234
G1 X-4.389 Y-9.253
G1 X-4.334 Y-9.417
G1 X-4.169 Y-9.710
G1 X-4.041 Y-9.874
G1 X-3.822 Y-10.094
G1 X-3.675 Y-10.203
G1 X-3.365 Y-10.386
G1 X-3.127 Y-10.496
G1 X-1.737 Y-10.971
G1 X-1.134 Y-11.246
G1 X-0.786 Y-11.447
G1 X-0.494 Y-11.666
G1 X-0.128 Y-12.032
G1 X-0.037 Y-12.178
G1 X0.037 Y-12.160
G1 X0.091 Y-12.069
G1 X0.585 Y-11.593
G1 X1.097 Y-11.264
G1 X1.737 Y-10.971
G1 X3.035 Y-10.533
G1 X3.639 Y-10.222
G1 X3.877 Y-10.039
G1 X4.151 Y-9.728
G1 X4.334 Y-9.399
G1 X4.370 Y-9.253
G1 X4.480 Y-9.234
G1 X4.663 Y-9.271
G1 X5.230 Y-9.271
G1 X5.742 Y-9.198
G1 X6.034 Y-9.125
G1 X6.437 Y-8.978
G1 X6.967 Y-8.704
G1 X7.552 Y-8.283
G1 X8.155 Y-7.698
G1 X8.503 Y-7.259
G1 X8.978 Y-6.510
G1 X9.179 Y-6.107
G1 X9.435 Y-5.486
G1 X9.637 Y-4.846
G1 X9.746 Y-4.389
G1 X9.856 Y-3.730
G1 X9.911 Y-3.200
G1 X9.929 Y-2.176
G1 X9.600 Y-1.755
G1 X9.216 Y-1.061
G1 X8.960 Y-0.439
G1 X8.759 Y0.219
G1 X8.594 Y1.042
G1 X8.503 Y1.920
G1 X8.521 Y3.072
G1 X8.667 Y4.187
G1 X8.759 Y4.626
G1 X8.960 Y5.285
G1 X9.271 Y6.089
G1 X9.435 Y6.437
G1 X9.801 Y7.077
G1 X10.075 Y7.442
G1 X10.075 Y7.497
G1 X9.381 Y8.101
G1 X8.795 Y8.686
G1 X8.448 Y9.088
G1 X8.046 Y9.600
G1 X7.698 Y10.112
G1 X7.442 Y10.533
G1 X7.369 Y10.715
G1 X7.314 Y10.734
G1 X6.894 Y10.642
G1 X6.382 Y10.587
G1 X5.175 Y10.569
G1 X4.096 Y10.679
G1 X3.328 Y10.843
G1 X2.944 Y10.953
G1 X2.341 Y11.173
G1 X1.445 Y11.611
G1 X0.933 Y11.941
G1 X0.640 Y12.160
M5
G0 X1.755 Y9.856 F2500
M3 S280
G1 F900
G1 X2.030 Y9.527
G1 X2.267 Y9.088
G1 X2.286 Y8.997
G1 X2.377 Y8.795
G1 X2.560 Y7.918
G1 X2.523 Y7.735
G1 X2.542 Y7.387
G1 X2.505 Y7.131
G1 X2.523 Y6.930
G1 X2.487 Y6.875
G1 X2.469 Y6.747
G1 X2.377 Y6.528
G1 X2.176 Y6.144
G1 X2.121 Y6.144
G1 X2.194 Y6.802
G1 X2.176 Y7.223
G1 X2.194 Y7.314
G1 X2.176 Y7.515
G1 X2.194 Y8.082
G1 X2.158 Y8.503
G1 X2.066 Y8.978
G1 X1.902 Y9.454
G1 X1.719 Y9.783
M5
G0 X1.518 Y8.594 F2500
M3 S280
G1 F900
G1 X1.737 Y8.357
G1 X1.920 Y8.082
G1 X2.066 Y7.771
G1 X2.085 Y7.643
G1 X2.121 Y7.534
G1 X2.176 Y7.479
G1 X2.194 Y7.369
G1 X2.176 Y7.223
G1 X2.194 Y6.802
G1 X2.158 Y6.382
G1 X2.121 Y6.254
G1 X2.121 Y6.071
G1 X2.048 Y5.998
G1 X2.011 Y6.034
G1 X2.048 Y6.162
G1 X2.048 Y6.272
G1 X2.048 Y6.162
G1 X2.011 Y6.034
G1 X2.030 Y5.870
G1 X1.993 Y5.797
G1 X1.993 Y5.577
G1 X1.938 Y5.449
G1 X1.865 Y5.431
G1 X1.829 Y5.467
G1 X1.902 Y5.742
G1 X1.938 Y6.034
G1 X1.938 Y6.638
G1 X1.883 Y7.022
G1 X1.902 Y7.205
G1 X1.774 Y7.918
G1 X1.682 Y8.174
G1 X1.554 Y8.430
G1 X1.481 Y8.521
M5
G0 X0.987 Y7.991 F2500
M3 S280
G1 F900
G1 X1.243 Y7.826
G1 X1.536 Y7.552
G1 X1.701 Y7.333
G1 X1.902 Y6.967
G1 X1.938 Y6.638
G1 X1.938 Y6.034
G1 X1.920 Y5.833
G1 X1.847 Y5.595
G1 X1.847 Y5.522
G1 X1.810 Y5.486
G1 X1.701 Y5.577
G1 X1.737 Y5.833
G1 X1.737 Y6.272
G1 X1.701 Y6.583
G1 X1.627 Y6.875
G1 X1.408 Y7.406
G1 X1.134 Y7.771
G1 X0.951 Y7.954
M5
G0 X0.896 Y7.991 F2500
M3 S280
G1 F900
G1 X0.969 Y7.973
G1 X0.933 Y7.936
M5
G0 X2.030 Y6.016 F2500
M3 S280
G1 F900
G1 X2.066 Y5.979
G1 X2.066 Y5.943
G1 X2.030 Y5.906
M5
G0 X2.505 Y6.089 F2500
M3 S280
G1 F900
G1 X2.560 Y6.053
G1 X2.505 Y6.016
G1 X2.469 Y6.053
M5
G0 X2.889 Y6.437 F2500
M3 S280
G1 F900
G1 X2.743 Y6.272
G1 X2.651 Y6.290
G1 X2.725 Y6.382
G1 X2.853 Y6.473
M5
G0 X3.127 Y6.747 F2500
M3 S280
G1 F900
G1 X3.163 Y6.693
G1 X2.962 Y6.510
G1 X2.889 Y6.528
G1 X2.926 Y6.565
G1 X2.926 Y6.601
G1 X3.035 Y6.711
M5
G0 X3.474 Y6.619 F2500
M3 S280
G1 F900
G1 X3.474 Y6.583
G1 X3.438 Y6.546
G1 X3.182 Y6.418
G1 X3.127 Y6.455
G1 X3.365 Y6.656
M5
G0 X3.566 Y6.747 F2500
M3 S280
G1 F900
G1 X3.566 Y6.711
G1 X3.511 Y6.674
G1 X3.493 Y6.601
G1 X3.401 Y6.674
G1 X3.493 Y6.747
M5
G0 X3.438 Y6.930 F2500
M3 S280
G1 F900
G1 X3.200 Y6.747
G1 X3.035 Y6.729
G1 X3.035 Y6.766
G1 X3.182 Y6.912
G1 X3.401 Y6.967
M5
G0 X3.694 Y6.784 F2500
M3 S280
G1 F900
G1 X3.694 Y6.711
G1 X3.639 Y6.656
G1 X3.566 Y6.619
G1 X3.511 Y6.656
G1 X3.566 Y6.693
G1 X3.584 Y6.784
M5
G0 X3.840 Y6.729 F2500
M3 S280
G1 F900
G1 X3.986 Y6.839
G1 X4.023 Y6.930
G1 X4.187 Y6.930
G1 X4.279 Y6.894
G1 X4.334 Y6.729
G1 X4.279 Y6.674
G1 X4.151 Y6.638
G1 X3.986 Y6.656
G1 X3.968 Y6.711
M5
G0 X3.986 Y6.656 F2500
M3 S280
G1 F900
G1 X3.931 Y6.601
G1 X3.712 Y6.510
G1 X3.639 Y6.437
G1 X3.438 Y6.382
G1 X3.328 Y6.400
G1 X3.218 Y6.345
G1 X3.200 Y6.290
G1 X2.944 Y6.162
G1 X2.889 Y6.199
G1 X2.962 Y6.290
G1 X3.035 Y6.327
G1 X3.127 Y6.418
G1 X3.273 Y6.455
G1 X3.474 Y6.565
G1 X3.511 Y6.619
G1 X3.584 Y6.619
G1 X3.694 Y6.693
G1 X3.803 Y6.711
G1 X3.950 Y6.711
M5
G0 X3.895 Y6.784 F2500
M3 S280
G1 F900
G1 X3.803 Y6.711
G1 X3.767 Y6.747
G1 X3.822 Y6.784
M5
G0 X3.895 Y6.967 F2500
M3 S280
G1 F900
G1 X3.950 Y7.022
G1 X4.041 Y7.058
G1 X4.389 Y7.113
G1 X4.517 Y7.113
G1 X4.846 Y6.985
G1 X5.065 Y6.967
G1 X5.083 Y6.930
G1 X5.175 Y6.875
G1 X5.449 Y6.784
G1 X5.577 Y6.619
G1 X5.522 Y6.583
G1 X5.449 Y6.656
G1 X5.157 Y6.802
G1 X5.047 Y6.839
G1 X4.919 Y6.839
G1 X4.736 Y6.912
G1 X4.571 Y6.894
G1 X3.986 Y6.930
M5
G0 X3.968 Y6.949 F2500
M3 S280
G1 F900
G1 X3.986 Y6.857
G1 X3.913 Y6.839
G1 X3.767 Y6.747
G1 X3.694 Y6.766
G1 X3.675 Y6.821
G1 X3.730 Y6.857
G1 X3.767 Y6.821
G1 X3.803 Y6.821
G1 X3.767 Y6.821
G1 X3.730 Y6.857
G1 X3.785 Y6.930
G1 X3.858 Y6.967
M5
G0 X3.767 Y7.168 F2500
M3 S280
G1 F900
G1 X3.767 Y7.131
G1 X3.712 Y7.077
G1 X3.511 Y6.967
G1 X3.456 Y6.985
G1 X3.438 Y6.930
G1 X3.383 Y6.967
G1 X3.291 Y6.985
G1 X3.346 Y7.040
G1 X3.675 Y7.186
M5
G0 X3.511 Y7.570 F2500
M3 S280
G1 F900
G1 X3.511 Y7.534
G1 X3.419 Y7.479
G1 X3.255 Y7.296
G1 X3.237 Y7.333
G1 X3.109 Y7.314
G1 X3.109 Y7.351
G1 X3.291 Y7.534
G1 X3.438 Y7.589
M5
G0 X3.200 Y7.314 F2500
M3 S280
G1 F900
G1 X3.237 Y7.278
G1 X3.109 Y7.168
G1 X3.072 Y7.205
G1 X3.072 Y7.259
G1 X3.109 Y7.296
M5
G0 X3.109 Y7.168 F2500
M3 S280
G1 F900
G1 X3.072 Y7.077
G1 X2.889 Y6.912
G1 X2.651 Y6.601
G1 X2.597 Y6.619
G1 X2.597 Y6.656
G1 X2.779 Y6.985
G1 X2.889 Y7.022
G1 X3.017 Y7.168
G1 X3.054 Y7.186
M5
G0 X4.059 Y7.461 F2500
M3 S280
G1 F900
G1 X4.187 Y7.534
G1 X4.315 Y7.570
G1 X4.553 Y7.479
G1 X4.590 Y7.424
G1 X4.553 Y7.387
G1 X4.407 Y7.369
G1 X4.389 Y7.406
G1 X4.315 Y7.424
G1 X4.297 Y7.369
G1 X4.169 Y7.333
G1 X4.114 Y7.387
G1 X4.078 Y7.387
M5
G0 X4.297 Y7.387 F2500
M3 S280
G1 F900
G1 X4.334 Y7.424
G1 X4.389 Y7.406
G1 X4.370 Y7.351
M5
G0 X4.352 Y7.589 F2500
M3 S280
G1 F900
G1 X4.480 Y7.698
G1 X4.754 Y7.698
G1 X4.809 Y7.643
G1 X4.955 Y7.570
G1 X5.029 Y7.479
G1 X4.809 Y7.424
G1 X4.608 Y7.424
G1 X4.535 Y7.479
G1 X4.389 Y7.534
M5
G0 X4.462 Y7.790 F2500
M3 S280
G1 F900
G1 X4.462 Y7.698
G1 X4.334 Y7.570
G1 X4.187 Y7.534
G1 X4.041 Y7.442
G1 X3.968 Y7.424
G1 X4.023 Y7.442
G1 X4.151 Y7.351
G1 X4.133 Y7.296
G1 X4.005 Y7.278
G1 X3.767 Y7.168
G1 X3.657 Y7.186
G1 X3.401 Y7.058
G1 X3.383 Y7.113
G1 X3.474 Y7.241
G1 X3.840 Y7.424
G1 X3.895 Y7.552
G1 X4.133 Y7.771
G1 X4.242 Y7.771
G1 X4.334 Y7.808
M5
G0 X4.279 Y8.137 F2500
M3 S280
G1 F900
G1 X4.261 Y8.101
G1 X4.297 Y8.046
G1 X4.151 Y7.863
G1 X4.114 Y7.753
G1 X3.931 Y7.607
G1 X3.858 Y7.461
G1 X3.785 Y7.387
G1 X3.474 Y7.241
G1 X3.401 Y7.150
G1 X3.383 Y7.077
G1 X3.273 Y6.985
G1 X3.237 Y6.985
G1 X3.054 Y6.802
G1 X3.035 Y6.729
G1 X2.706 Y6.418
G1 X2.706 Y6.363
G1 X2.651 Y6.290
G1 X2.651 Y6.235
G1 X2.560 Y6.107
G1 X2.469 Y6.071
G1 X2.469 Y6.016
G1 X2.395 Y5.906
G1 X2.322 Y5.723
G1 X2.158 Y5.522
G1 X2.085 Y5.504
G1 X2.085 Y5.394
G1 X1.993 Y5.321
G1 X1.920 Y5.413
G1 X1.957 Y5.522
G1 X2.103 Y5.723
G1 X2.597 Y6.583
G1 X2.651 Y6.601
G1 X2.725 Y6.674
G1 X2.834 Y6.839
G1 X3.090 Y7.095
G1 X3.090 Y7.150
G1 X3.200 Y7.223
G1 X3.511 Y7.534
G1 X3.529 Y7.589
G1 X3.566 Y7.589
G1 X3.712 Y7.680
G1 X3.749 Y7.753
G1 X3.913 Y7.899
G1 X3.931 Y7.954
G1 X4.023 Y8.046
G1 X4.224 Y8.155
M5
G0 X3.858 Y8.430 F2500
M3 S280
G1 F900
G1 X3.858 Y8.375
G1 X3.694 Y7.991
G1 X3.602 Y7.954
G1 X3.511 Y7.881
G1 X3.675 Y7.991
G1 X3.803 Y8.009
G1 X3.950 Y7.973
G1 X3.822 Y7.808
G1 X3.694 Y7.753
G1 X3.730 Y7.717
G1 X3.657 Y7.643
G1 X3.547 Y7.589
G1 X3.273 Y7.552
G1 X3.419 Y7.973
G1 X3.474 Y7.954
G1 X3.474 Y7.881
G1 X3.456 Y8.027
G1 X3.602 Y8.229
M5
G0 X4.334 Y8.832 F2500
M3 S280
G1 F900
G1 X4.187 Y8.667
G1 X4.023 Y8.283
G1 X3.895 Y8.210
G1 X4.005 Y8.283
G1 X4.187 Y8.283
G1 X4.279 Y8.320
G1 X4.352 Y8.229
G1 X4.279 Y8.155
G1 X4.169 Y8.137
G1 X3.950 Y7.991
G1 X3.712 Y8.009
G1 X3.730 Y8.101
G1 X3.767 Y8.137
G1 X3.840 Y8.320
G1 X3.858 Y8.448
G1 X3.895 Y8.521
G1 X4.151 Y8.814
G1 X4.261 Y8.850
M5
G0 X4.827 Y8.503 F2500
M3 S280
G1 F900
G1 X4.864 Y8.448
G1 X4.791 Y8.411
G1 X4.864 Y8.411
G1 X4.827 Y8.357
G1 X4.681 Y8.320
G1 X4.608 Y8.393
G1 X4.754 Y8.393
G1 X4.663 Y8.448
G1 X4.736 Y8.503
G1 X4.791 Y8.521
M5
G0 X4.974 Y8.704 F2500
M3 S280
G1 F900
G1 X4.937 Y8.613
G1 X4.846 Y8.576
G1 X4.773 Y8.503
G1 X4.681 Y8.485
G1 X4.645 Y8.411
G1 X4.352 Y8.247
G1 X4.242 Y8.302
G1 X4.187 Y8.283
G1 X4.041 Y8.302
G1 X4.078 Y8.430
G1 X4.206 Y8.686
G1 X4.352 Y8.850
G1 X4.425 Y8.869
G1 X4.681 Y9.070
G1 X4.718 Y9.033
G1 X4.663 Y8.942
G1 X4.663 Y8.887
G1 X4.608 Y8.832
G1 X4.571 Y8.741
G1 X4.425 Y8.686
G1 X4.206 Y8.466
G1 X4.425 Y8.686
G1 X4.480 Y8.686
G1 X4.553 Y8.741
G1 X4.864 Y8.741
M5
G0 X5.083 Y8.576 F2500
M3 S280
G1 F900
G1 X5.065 Y8.503
G1 X5.010 Y8.466
G1 X4.955 Y8.466
G1 X4.919 Y8.521
G1 X4.919 Y8.466
G1 X4.882 Y8.430
G1 X4.846 Y8.466
G1 X4.846 Y8.558
G1 X4.919 Y8.613
G1 X5.047 Y8.613
M5
G0 X5.321 Y8.649 F2500
M3 S280
G1 F900
G1 X5.303 Y8.613
G1 X5.339 Y8.521
G1 X5.211 Y8.485
G1 X5.083 Y8.503
G1 X5.102 Y8.594
G1 X5.285 Y8.686
M5
G0 X5.358 Y8.667 F2500
M3 S280
G1 F900
G1 X5.431 Y8.649
G1 X5.431 Y8.613
G1 X5.376 Y8.539
G1 X5.339 Y8.576
M5
G0 X5.394 Y8.558 F2500
M3 S280
G1 F900
G1 X5.431 Y8.594
G1 X5.449 Y8.667
G1 X5.504 Y8.667
G1 X5.632 Y8.722
G1 X5.998 Y8.704
G1 X5.979 Y8.539
G1 X5.870 Y8.539
G1 X5.797 Y8.503
G1 X5.742 Y8.503
G1 X5.650 Y8.539
M5
G0 X5.742 Y8.503 F2500
M3 S280
G1 F900
G1 X5.669 Y8.411
G1 X5.522 Y8.320
G1 X5.504 Y8.247
G1 X5.376 Y8.119
G1 X4.974 Y8.137
G1 X5.010 Y8.210
G1 X5.321 Y8.466
G1 X5.321 Y8.503
G1 X5.376 Y8.539
G1 X5.431 Y8.521
G1 X5.650 Y8.539
M5
G0 X5.687 Y8.759 F2500
M3 S280
G1 F900
G1 X5.742 Y8.832
G1 X5.888 Y8.887
G1 X5.943 Y8.978
G1 X6.016 Y8.997
G1 X6.345 Y8.978
G1 X6.327 Y8.923
G1 X5.961 Y8.722
M5
G0 X5.979 Y8.722 F2500
M3 S280
G1 F900
G1 X6.034 Y8.777
G1 X6.162 Y8.832
G1 X6.473 Y8.795
G1 X6.418 Y8.704
G1 X6.309 Y8.686
G1 X6.199 Y8.704
G1 X6.345 Y8.667
G1 X6.473 Y8.521
G1 X6.473 Y8.448
G1 X6.290 Y8.430
G1 X6.235 Y8.485
G1 X6.144 Y8.503
G1 X6.107 Y8.539
G1 X6.034 Y8.539
G1 X5.998 Y8.576
M5
G0 X5.851 Y8.667 F2500
M3 S280
G1 F900
G1 X5.632 Y8.631
M5
G0 X5.321 Y8.485 F2500
M3 S280
G1 F900
G1 X5.285 Y8.430
G1 X5.029 Y8.229
G1 X4.974 Y8.137
G1 X4.699 Y8.009
G1 X4.645 Y7.918
G1 X4.553 Y7.881
G1 X4.498 Y7.826
G1 X4.224 Y7.771
G1 X4.133 Y7.808
G1 X4.297 Y8.046
G1 X4.279 Y8.137
G1 X4.407 Y8.283
G1 X4.608 Y8.393
G1 X4.699 Y8.320
G1 X4.699 Y8.229
G1 X4.590 Y8.082
G1 X4.498 Y8.046
G1 X4.535 Y8.046
G1 X4.626 Y8.119
G1 X4.699 Y8.229
G1 X4.718 Y8.302
G1 X4.754 Y8.338
G1 X4.809 Y8.338
G1 X4.901 Y8.448
G1 X5.010 Y8.466
G1 X5.047 Y8.503
M5
G0 X5.321 Y8.082 F2500
M3 S280
G1 F900
G1 X5.394 Y8.119
G1 X5.577 Y8.064
G1 X5.650 Y8.064
G1 X5.742 Y8.027
G1 X5.833 Y7.918
G1 X5.815 Y8.009
G1 X5.998 Y8.009
G1 X6.235 Y7.899
G1 X6.272 Y7.790
G1 X6.382 Y7.680
G1 X6.418 Y7.607
G1 X6.638 Y7.479
G1 X6.711 Y7.296
G1 X6.729 Y7.186
G1 X6.693 Y7.077
G1 X6.619 Y7.150
G1 X6.491 Y7.205
G1 X6.455 Y7.241
G1 X6.455 Y7.278
G1 X6.254 Y7.479
G1 X6.217 Y7.552
G1 X6.235 Y7.607
G1 X6.290 Y7.589
G1 X6.290 Y7.625
G1 X6.162 Y7.717
G1 X6.126 Y7.717
G1 X6.089 Y7.680
G1 X5.943 Y7.771
G1 X5.815 Y7.808
G1 X5.669 Y7.808
G1 X5.595 Y7.881
G1 X5.449 Y7.954
G1 X5.358 Y7.954
G1 X5.303 Y8.027
M5
G0 X5.394 Y8.119 F2500
M3 S280
G1 F900
G1 X5.504 Y8.229
G1 X5.760 Y8.229
G1 X5.925 Y8.155
G1 X5.961 Y8.064
G1 X5.943 Y8.009
G1 X5.778 Y7.991
G1 X5.705 Y8.046
M5
G0 X5.943 Y8.174 F2500
M3 S280
G1 F900
G1 X6.254 Y8.174
G1 X6.601 Y7.973
G1 X6.711 Y7.826
G1 X6.821 Y7.753
G1 X6.949 Y7.625
G1 X6.949 Y7.534
G1 X6.985 Y7.607
G1 X7.259 Y7.333
G1 X7.369 Y7.259
G1 X7.461 Y7.040
G1 X7.406 Y7.003
G1 X7.314 Y7.058
G1 X7.095 Y7.241
G1 X7.003 Y7.259
G1 X6.912 Y7.369
G1 X6.857 Y7.387
G1 X6.747 Y7.497
G1 X6.674 Y7.534
G1 X6.546 Y7.753
G1 X6.565 Y7.826
G1 X6.638 Y7.826
G1 X6.528 Y7.826
G1 X6.455 Y7.881
G1 X6.309 Y7.918
G1 X6.217 Y7.899
G1 X6.107 Y7.973
G1 X5.961 Y8.027
M5
G0 X6.272 Y7.918 F2500
M3 S280
G1 F900
G1 X6.400 Y7.899
G1 X6.510 Y7.845
G1 X6.546 Y7.808
G1 X6.546 Y7.753
G1 X6.656 Y7.552
G1 X6.583 Y7.497
G1 X6.528 Y7.552
G1 X6.473 Y7.570
G1 X6.254 Y7.845
M5
G0 X6.144 Y7.717 F2500
M3 S280
G1 F900
G1 X6.181 Y7.680
G1 X6.126 Y7.625
M5
G0 X6.199 Y7.680 F2500
M3 S280
G1 F900
G1 X6.235 Y7.643
G1 X6.199 Y7.570
G1 X6.126 Y7.607
M5
G0 X5.760 Y7.515 F2500
M3 S280
G1 F900
G1 X6.034 Y7.515
G1 X6.199 Y7.570
G1 X6.235 Y7.534
G1 X6.254 Y7.461
G1 X6.473 Y7.223
G1 X6.437 Y7.186
G1 X6.217 Y7.223
G1 X6.126 Y7.259
G1 X6.071 Y7.369
G1 X6.126 Y7.278
G1 X6.144 Y7.113
G1 X6.181 Y7.058
G1 X6.144 Y6.949
G1 X5.925 Y7.113
G1 X5.888 Y7.296
M5
G0 X5.906 Y7.205 F2500
M3 S280
G1 F900
G1 X5.851 Y7.131
G1 X5.815 Y7.168
M5
G0 X5.705 Y7.022 F2500
M3 S280
G1 F900
G1 X5.833 Y7.003
G1 X5.979 Y6.930
G1 X6.181 Y6.747
G1 X6.162 Y6.674
G1 X6.053 Y6.711
G1 X5.925 Y6.693
G1 X5.797 Y6.766
G1 X5.742 Y6.821
G1 X5.742 Y6.875
G1 X5.687 Y6.967
M5
G0 X5.449 Y6.930 F2500
M3 S280
G1 F900
G1 X5.504 Y6.930
G1 X5.888 Y6.729
G1 X5.943 Y6.674
G1 X5.961 Y6.583
G1 X6.053 Y6.418
G1 X6.071 Y6.290
G1 X6.034 Y6.217
G1 X5.851 Y6.400
G1 X5.815 Y6.491
G1 X5.815 Y6.565
G1 X5.797 Y6.491
G1 X5.760 Y6.491
G1 X5.669 Y6.565
G1 X5.577 Y6.601
G1 X5.559 Y6.656
G1 X5.449 Y6.766
G1 X5.431 Y6.875
M5
G0 X5.595 Y7.241 F2500
M3 S280
G1 F900
G1 X5.541 Y7.205
G1 X5.376 Y7.223
G1 X5.248 Y7.186
G1 X5.120 Y7.186
G1 X5.029 Y7.241
G1 X4.919 Y7.259
G1 X4.791 Y7.241
G1 X4.718 Y7.278
G1 X4.645 Y7.278
G1 X4.279 Y7.168
G1 X4.151 Y7.077
G1 X3.986 Y7.040
G1 X3.749 Y6.912
G1 X3.730 Y6.857
G1 X3.602 Y6.821
G1 X3.566 Y6.766
G1 X3.456 Y6.729
G1 X3.200 Y6.528
G1 X3.145 Y6.528
G1 X3.072 Y6.455
G1 X3.127 Y6.418
G1 X2.999 Y6.327
G1 X2.816 Y6.107
G1 X2.761 Y6.071
G1 X2.688 Y6.071
G1 X2.651 Y6.034
G1 X2.670 Y5.979
G1 X2.432 Y5.797
G1 X2.377 Y5.870
G1 X2.450 Y5.961
G1 X2.487 Y5.961
G1 X2.560 Y6.034
G1 X2.578 Y6.144
G1 X2.633 Y6.217
G1 X2.725 Y6.254
G1 X2.871 Y6.400
G1 X2.907 Y6.491
G1 X2.999 Y6.528
G1 X3.145 Y6.656
G1 X3.255 Y6.802
G1 X3.383 Y6.857
G1 X3.438 Y6.930
G1 X3.602 Y7.003
G1 X3.712 Y7.077
G1 X3.785 Y7.168
G1 X3.913 Y7.223
G1 X3.968 Y7.205
G1 X4.206 Y7.351
G1 X4.370 Y7.351
G1 X4.571 Y7.387
G1 X4.608 Y7.424
G1 X4.809 Y7.424
G1 X4.955 Y7.461
G1 X5.047 Y7.461
G1 X5.449 Y7.351
G1 X5.559 Y7.296
M5
G0 X5.431 Y7.534 F2500
M3 S280
G1 F900
G1 X5.614 Y7.534
G1 X5.778 Y7.497
G1 X5.797 Y7.424
G1 X5.870 Y7.333
G1 X5.906 Y7.241
G1 X5.833 Y7.223
G1 X5.778 Y7.168
G1 X5.687 Y7.223
G1 X5.632 Y7.223
G1 X5.467 Y7.351
G1 X5.467 Y7.424
G1 X5.413 Y7.497
M5
G0 X5.522 Y7.790 F2500
M3 S280
G1 F900
G1 X5.650 Y7.808
G1 X5.888 Y7.790
G1 X6.071 Y7.698
G1 X6.144 Y7.570
G1 X6.107 Y7.534
G1 X6.071 Y7.534
G1 X6.034 Y7.589
G1 X6.034 Y7.515
G1 X5.742 Y7.515
G1 X5.559 Y7.698
M5
G0 X5.157 Y7.735 F2500
M3 S280
G1 F900
G1 X5.193 Y7.771
G1 X5.358 Y7.790
G1 X5.486 Y7.771
G1 X5.723 Y7.534
G1 X5.632 Y7.515
G1 X5.413 Y7.534
G1 X5.211 Y7.662
M5
G0 X5.010 Y7.771 F2500
M3 S280
G1 F900
G1 X5.065 Y7.936
G1 X5.248 Y7.991
G1 X5.358 Y7.954
G1 X5.449 Y7.954
G1 X5.650 Y7.826
G1 X5.614 Y7.790
G1 X5.504 Y7.771
G1 X5.339 Y7.790
G1 X5.175 Y7.753
M5
G0 X5.047 Y7.918 F2500
M3 S280
G1 F900
G1 X4.992 Y7.753
G1 X4.846 Y7.735
G1 X4.773 Y7.680
G1 X4.462 Y7.717
G1 X4.480 Y7.826
G1 X4.663 Y7.936
G1 X4.901 Y7.954
M5
G0 X4.681 Y7.973 F2500
M3 S280
G1 F900
G1 X4.754 Y8.046
G1 X4.937 Y8.119
G1 X5.321 Y8.101
G1 X5.303 Y8.027
G1 X5.266 Y7.991
G1 X5.083 Y7.936
G1 X4.901 Y7.954
G1 X4.754 Y7.936
M5
G0 X4.791 Y7.680 F2500
M3 S280
G1 F900
G1 X4.846 Y7.735
G1 X5.138 Y7.753
G1 X5.230 Y7.643
G1 X5.413 Y7.515
G1 X5.431 Y7.442
G1 X5.467 Y7.406
G1 X5.449 Y7.351
G1 X5.065 Y7.442
G1 X5.010 Y7.497
G1 X4.992 Y7.552
G1 X4.846 Y7.625
M5
G0 X4.827 Y7.259 F2500
M3 S280
G1 F900
G1 X5.029 Y7.241
G1 X5.102 Y7.205
G1 X5.230 Y7.058
G1 X5.376 Y6.985
G1 X5.431 Y6.930
G1 X5.449 Y6.857
G1 X5.431 Y6.802
G1 X5.321 Y6.821
G1 X5.321 Y6.894
G1 X5.248 Y6.912
G1 X5.211 Y6.875
G1 X5.138 Y6.894
G1 X5.047 Y6.985
G1 X5.029 Y7.040
G1 X4.919 Y7.150
G1 X4.827 Y7.205
M5
G0 X4.919 Y6.802 F2500
M3 S280
G1 F900
G1 X4.937 Y6.839
G1 X5.029 Y6.839
G1 X5.193 Y6.784
G1 X5.467 Y6.638
G1 X5.504 Y6.546
G1 X5.321 Y6.601
G1 X5.047 Y6.766
G1 X4.992 Y6.766
M5
G0 X4.974 Y6.784 F2500
M3 S280
G1 F900
G1 X5.047 Y6.766
G1 X5.102 Y6.711
G1 X5.321 Y6.601
G1 X5.559 Y6.528
G1 X5.577 Y6.473
G1 X5.833 Y6.235
G1 X5.888 Y6.144
G1 X5.870 Y6.089
G1 X5.778 Y6.089
G1 X5.705 Y6.162
G1 X5.650 Y6.181
G1 X5.614 Y6.272
G1 X5.632 Y6.162
G1 X5.559 Y6.235
G1 X5.486 Y6.254
G1 X5.413 Y6.327
G1 X5.339 Y6.455
G1 X5.138 Y6.638
G1 X4.992 Y6.693
G1 X4.955 Y6.747
M5
G0 X5.010 Y6.656 F2500
M3 S280
G1 F900
G1 X5.083 Y6.583
G1 X5.083 Y6.510
G1 X4.992 Y6.619
M5
G0 X5.029 Y6.656 F2500
M3 S280
G1 F900
G1 X5.065 Y6.674
G1 X5.376 Y6.400
G1 X5.486 Y6.217
G1 X5.504 Y6.107
G1 X5.467 Y6.053
G1 X5.211 Y6.309
G1 X5.193 Y6.418
M5
G0 X5.102 Y6.528 F2500
M3 S280
G1 F900
G1 X5.120 Y6.455
G1 X5.083 Y6.491
M5
G0 X5.467 Y6.235 F2500
M3 S280
G1 F900
G1 X5.522 Y6.254
G1 X5.559 Y6.235
G1 X5.687 Y6.107
G1 X5.723 Y5.888
G1 X5.705 Y5.705
G1 X5.632 Y5.760
G1 X5.541 Y5.888
G1 X5.504 Y5.979
G1 X5.504 Y6.107
M5
G0 X5.705 Y6.144 F2500
M3 S280
G1 F900
G1 X5.778 Y6.089
G1 X5.797 Y5.961
G1 X5.870 Y5.851
G1 X5.888 Y5.577
G1 X5.815 Y5.339
G1 X5.723 Y5.650
G1 X5.723 Y5.888
G1 X5.687 Y6.053
M5
G0 X5.797 Y6.089 F2500
M3 S280
G1 F900
G1 X5.888 Y6.089
G1 X5.998 Y5.979
G1 X6.089 Y5.778
G1 X6.071 Y5.687
G1 X5.979 Y5.778
G1 X5.906 Y5.797
G1 X5.870 Y5.833
G1 X5.778 Y6.016
M5
G0 X5.888 Y5.815 F2500
M3 S280
G1 F900
G1 X5.943 Y5.797
G1 X6.089 Y5.669
G1 X6.162 Y5.394
G1 X6.144 Y5.285
G1 X6.089 Y5.303
G1 X6.053 Y5.413
G1 X5.870 Y5.614
M5
G0 X5.888 Y5.559 F2500
M3 S280
G1 F900
G1 X5.925 Y5.559
G1 X5.998 Y5.486
G1 X6.089 Y5.339
G1 X6.107 Y5.047
G1 X6.053 Y4.919
G1 X5.961 Y5.010
G1 X5.888 Y5.175
G1 X5.888 Y5.248
G1 X5.851 Y5.303
M5
G0 X5.303 Y5.504 F2500
M3 S280
G1 F900
G1 X5.266 Y5.413
G1 X4.901 Y5.797
G1 X4.681 Y5.961
G1 X4.535 Y6.034
G1 X4.462 Y6.034
G1 X4.407 Y6.107
G1 X4.370 Y6.071
G1 X4.059 Y6.126
G1 X3.877 Y6.144
G1 X3.840 Y6.126
G1 X3.803 Y6.181
G1 X3.767 Y6.181
G1 X3.822 Y6.144
G1 X3.767 Y6.107
G1 X3.712 Y6.126
G1 X3.712 Y6.162
G1 X3.675 Y6.162
G1 X3.657 Y6.126
G1 X3.547 Y6.126
G1 X3.310 Y6.034
G1 X3.255 Y6.034
G1 X3.255 Y6.071
G1 X3.218 Y6.053
G1 X3.255 Y6.034
G1 X3.218 Y5.998
G1 X3.072 Y5.925
G1 X3.017 Y5.943
G1 X3.054 Y5.979
G1 X3.145 Y6.016
G1 X2.889 Y5.888
G1 X2.962 Y5.888
G1 X2.651 Y5.669
G1 X2.560 Y5.559
G1 X2.377 Y5.449
G1 X2.213 Y5.248
G1 X2.158 Y5.321
G1 X2.213 Y5.376
G1 X2.121 Y5.285
G1 X2.085 Y5.211
G1 X2.048 Y5.230
G1 X2.011 Y5.303
G1 X2.139 Y5.504
G1 X2.304 Y5.687
G1 X2.322 Y5.742
G1 X2.523 Y5.851
G1 X2.743 Y6.071
G1 X2.889 Y6.162
G1 X2.944 Y6.162
G1 X3.182 Y6.272
G1 X3.218 Y6.309
G1 X3.273 Y6.309
G1 X3.383 Y6.382
G1 X3.547 Y6.418
G1 X4.187 Y6.437
G1 X4.242 Y6.418
G1 X4.261 Y6.382
G1 X4.389 Y6.345
G1 X4.553 Y6.345
G1 X4.590 Y6.327
G1 X4.626 Y6.254
G1 X4.791 Y6.162
G1 X5.083 Y5.870
G1 X5.211 Y5.687
M5
G0 X4.224 Y5.559 F2500
M3 S280
G1 F900
G1 X4.590 Y5.467
G1 X4.754 Y5.376
G1 X4.882 Y5.266
G1 X4.736 Y5.394
G1 X4.498 Y5.504
G1 X4.462 Y5.541
G1 X4.370 Y5.522
M5
G0 X3.730 Y6.107 F2500
M3 S280
G1 F900
G1 X3.639 Y6.034
G1 X3.547 Y6.053
G1 X3.419 Y5.979
G1 X3.566 Y6.053
G1 X3.621 Y6.034
G1 X3.163 Y5.760
G1 X3.109 Y5.669
G1 X3.017 Y5.632
G1 X2.542 Y5.285
G1 X2.395 Y5.138
G1 X2.377 Y5.083
G1 X2.286 Y5.065
G1 X2.139 Y5.175
G1 X2.176 Y5.211
G1 X2.231 Y5.211
G1 X2.286 Y5.157
G1 X2.213 Y5.230
G1 X2.286 Y5.303
G1 X2.304 Y5.266
G1 X2.341 Y5.285
G1 X2.286 Y5.339
G1 X2.395 Y5.449
G1 X2.633 Y5.559
G1 X2.597 Y5.577
G1 X2.597 Y5.614
G1 X2.651 Y5.669
G1 X2.981 Y5.888
G1 X3.273 Y6.034
G1 X3.547 Y6.126
M5
G0 X3.218 Y5.559 F2500
M3 S280
G1 F900
G1 X2.907 Y5.413
M5
G0 X2.377 Y5.102 F2500
M3 S280
G1 F900
G1 X2.670 Y5.376
G1 X3.054 Y5.650
G1 X3.145 Y5.650
G1 X3.438 Y5.760
G1 X3.803 Y5.815
G1 X4.224 Y5.797
G1 X4.517 Y5.705
G1 X4.663 Y5.632
G1 X4.809 Y5.522
G1 X5.120 Y5.193
G1 X5.358 Y4.827
G1 X5.467 Y4.699
G1 X5.760 Y4.443
G1 X5.705 Y4.389
G1 X5.614 Y4.407
G1 X5.394 Y4.571
G1 X5.303 Y4.608
G1 X5.138 Y4.754
G1 X4.937 Y5.010
G1 X4.736 Y5.211
G1 X4.553 Y5.339
G1 X4.389 Y5.413
G1 X4.352 Y5.449
G1 X4.352 Y5.486
G1 X4.334 Y5.431
G1 X4.059 Y5.522
G1 X3.749 Y5.504
G1 X3.694 Y5.522
G1 X3.694 Y5.559
G1 X3.675 Y5.504
G1 X3.602 Y5.486
G1 X3.493 Y5.486
G1 X3.218 Y5.394
G1 X3.163 Y5.431
G1 X3.291 Y5.504
G1 X3.163 Y5.449
G1 X3.145 Y5.394
G1 X2.761 Y5.266
G1 X2.779 Y5.230
G1 X2.743 Y5.193
G1 X2.432 Y5.010
G1 X2.377 Y5.065
M5
G0 X2.322 Y4.955 F2500
M3 S280
G1 F900
G1 X2.377 Y4.955
G1 X2.359 Y4.882
M5
G0 X2.139 Y4.791 F2500
M3 S280
G1 F900
G1 X2.176 Y4.901
G1 X2.395 Y4.864
G1 X2.395 Y4.827
G1 X2.304 Y4.773
M5
G0 X2.066 Y4.681 F2500
M3 S280
G1 F900
G1 X2.085 Y4.791
G1 X2.121 Y4.791
G1 X2.231 Y4.718
G1 X2.158 Y4.681
M5
G0 X2.085 Y4.553 F2500
M3 S280
G1 F900
G1 X2.121 Y4.498
G1 X2.103 Y4.389
G1 X2.066 Y4.334
G1 X1.920 Y3.767
G1 X1.701 Y3.785
G1 X1.719 Y3.913
G1 X1.774 Y4.005
G1 X1.774 Y4.059
G1 X1.865 Y4.315
G1 X1.993 Y4.553
G1 X2.066 Y4.553
G1 X2.066 Y4.517
M5
G0 X2.011 Y4.590 F2500
M3 S280
G1 F900
G1 X2.066 Y4.681
G1 X2.194 Y4.663
G1 X2.194 Y4.608
G1 X2.139 Y4.553
G1 X2.085 Y4.553
M5
G0 X2.011 Y4.827 F2500
M3 S280
G1 F900
G1 X2.066 Y4.773
G1 X2.066 Y4.699
G1 X1.865 Y4.315
G1 X1.810 Y4.114
G1 X1.774 Y4.059
G1 X1.774 Y4.005
G1 X1.719 Y3.913
G1 X1.719 Y3.803
G1 X1.682 Y3.767
G1 X1.499 Y3.767
G1 X1.463 Y3.785
G1 X1.445 Y3.840
G1 X1.463 Y3.913
G1 X1.536 Y4.023
G1 X1.536 Y4.114
G1 X1.646 Y4.297
G1 X1.646 Y4.352
G1 X1.938 Y4.827
M5
G0 X1.902 Y4.882 F2500
M3 S280
G1 F900
G1 X1.938 Y4.827
G1 X1.829 Y4.681
G1 X1.701 Y4.462
G1 X1.646 Y4.315
G1 X1.573 Y4.297
G1 X1.591 Y4.224
G1 X1.554 Y4.169
G1 X1.518 Y4.206
G1 X1.554 Y4.169
G1 X1.554 Y4.133
G1 X1.445 Y3.822
G1 X1.371 Y3.767
G1 X1.152 Y3.822
G1 X1.152 Y3.858
G1 X1.243 Y3.968
G1 X1.298 Y4.096
G1 X1.371 Y4.169
G1 X1.390 Y4.242
G1 X1.481 Y4.389
G1 X1.701 Y4.864
G1 X1.737 Y4.901
G1 X1.810 Y4.919
M5
G0 X1.682 Y5.047 F2500
M3 S280
G1 F900
G1 X1.755 Y4.974
G1 X1.755 Y4.937
G1 X1.682 Y4.864
G1 X1.682 Y4.791
G1 X1.481 Y4.389
G1 X1.390 Y4.261
G1 X1.353 Y4.151
G1 X1.152 Y3.858
G1 X1.152 Y3.822
G1 X1.097 Y3.767
G1 X0.841 Y3.785
G1 X1.170 Y4.334
G1 X1.408 Y4.663
G1 X1.609 Y5.029
M5
G0 X1.627 Y5.083 F2500
M3 S280
G1 F900
G1 X1.627 Y5.047
G1 X1.426 Y4.699
G1 X1.170 Y4.334
G1 X1.042 Y4.096
G1 X0.896 Y3.913
G1 X0.859 Y3.803
G1 X0.823 Y3.767
G1 X0.713 Y3.767
G1 X0.695 Y3.749
G1 X0.603 Y3.767
G1 X0.658 Y3.895
G1 X0.786 Y4.041
G1 X0.805 Y4.151
G1 X0.951 Y4.297
G1 X1.518 Y4.992
G1 X1.554 Y5.102
M5
G0 X1.518 Y5.193 F2500
M3 S280
G1 F900
G1 X1.554 Y5.102
G1 X1.390 Y4.919
G1 X1.499 Y4.992
G1 X0.896 Y4.242
G1 X0.805 Y4.151
G1 X0.731 Y4.151
G1 X0.640 Y4.114
G1 X0.512 Y4.133
G1 X0.512 Y4.169
G1 X1.042 Y4.663
G1 X1.408 Y5.102
M5
G0 X1.536 Y5.285 F2500
M3 S280
G1 F900
G1 X1.573 Y5.285
G1 X1.737 Y5.102
G1 X1.938 Y4.955
G1 X2.158 Y4.882
G1 X2.139 Y4.809
G1 X2.048 Y4.791
G1 X2.030 Y4.827
G1 X1.920 Y4.846
G1 X1.847 Y4.919
G1 X1.774 Y4.937
G1 X1.682 Y5.047
G1 X1.627 Y5.065
G1 X1.573 Y5.120
G1 X1.518 Y5.211
M5
G0 X1.573 Y5.376 F2500
M3 S280
G1 F900
G1 X1.609 Y5.376
G1 X1.938 Y5.065
G1 X2.121 Y4.955
G1 X2.066 Y4.901
G1 X1.865 Y5.010
G1 X1.554 Y5.303
M5
G0 X1.573 Y5.467 F2500
M3 S280
G1 F900
G1 X1.627 Y5.504
G1 X1.774 Y5.339
G1 X2.048 Y5.102
G1 X2.158 Y5.029
G1 X2.304 Y4.974
G1 X2.304 Y4.901
G1 X2.194 Y4.882
G1 X2.121 Y4.919
G1 X2.103 Y4.974
G1 X2.011 Y5.010
G1 X1.627 Y5.376
G1 X1.573 Y5.394
M5
G0 X1.627 Y5.522 F2500
M3 S280
G1 F900
G1 X1.701 Y5.577
G1 X1.829 Y5.449
G1 X1.902 Y5.431
G1 X1.957 Y5.339
G1 X2.030 Y5.285
G1 X2.048 Y5.230
G1 X2.121 Y5.193
G1 X2.194 Y5.102
G1 X2.286 Y5.065
G1 X2.377 Y5.065
G1 X2.414 Y4.974
G1 X2.286 Y4.974
G1 X2.085 Y5.083
G1 X1.847 Y5.285
M5
G0 X2.158 Y5.303 F2500
M3 S280
G1 F900
G1 X2.194 Y5.211
G1 X2.158 Y5.193
G1 X2.103 Y5.211
G1 X2.103 Y5.248
M5
G0 X4.242 Y6.418 F2500
M3 S280
G1 F900
G1 X4.297 Y6.473
G1 X4.480 Y6.510
G1 X4.517 Y6.565
G1 X4.663 Y6.583
G1 X4.846 Y6.528
G1 X4.901 Y6.473
G1 X4.901 Y6.437
G1 X4.864 Y6.400
G1 X4.681 Y6.418
G1 X4.663 Y6.363
G1 X4.571 Y6.327
G1 X4.389 Y6.345
G1 X4.279 Y6.382
M5
G0 X4.535 Y6.583 F2500
M3 S280
G1 F900
G1 X4.498 Y6.528
G1 X4.297 Y6.473
G1 X4.206 Y6.418
G1 X3.913 Y6.437
G1 X3.913 Y6.473
G1 X3.840 Y6.418
G1 X3.639 Y6.437
G1 X3.749 Y6.528
G1 X4.041 Y6.656
G1 X4.151 Y6.638
G1 X4.407 Y6.693
M5
G0 X4.297 Y6.912 F2500
M3 S280
G1 F900
G1 X4.553 Y6.894
G1 X4.718 Y6.693
G1 X4.571 Y6.875
G1 X4.608 Y6.912
G1 X4.736 Y6.912
G1 X4.919 Y6.839
G1 X4.974 Y6.656
G1 X4.791 Y6.821
G1 X4.974 Y6.656
G1 X5.157 Y6.400
G1 X5.083 Y6.382
G1 X4.937 Y6.418
G1 X4.882 Y6.510
G1 X4.681 Y6.583
G1 X4.535 Y6.583
G1 X4.517 Y6.619
G1 X4.443 Y6.674
G1 X4.370 Y6.693
G1 X4.315 Y6.747
G1 X4.315 Y6.821
G1 X4.279 Y6.875
M5
G0 X4.242 Y7.131 F2500
M3 S280
G1 F900
G1 X4.334 Y7.186
G1 X4.699 Y7.278
G1 X4.773 Y7.259
G1 X4.809 Y7.205
G1 X4.882 Y7.168
G1 X5.029 Y6.967
G1 X4.919 Y6.967
G1 X4.517 Y7.113
G1 X4.279 Y7.095
M5
G0 X5.504 Y8.247 F2500
M3 S280
G1 F900
G1 X5.541 Y8.338
G1 X5.705 Y8.430
G1 X5.760 Y8.503
G1 X6.016 Y8.558
G1 X6.235 Y8.485
G1 X6.272 Y8.430
G1 X6.235 Y8.393
G1 X6.144 Y8.393
G1 X6.053 Y8.338
G1 X5.961 Y8.320
G1 X6.162 Y8.393
G1 X6.235 Y8.393
G1 X6.290 Y8.430
G1 X6.400 Y8.411
G1 X6.437 Y8.357
G1 X6.565 Y8.320
G1 X6.601 Y8.265
G1 X6.455 Y8.247
G1 X6.309 Y8.155
G1 X5.870 Y8.174
G1 X5.833 Y8.210
M5
G0 X6.327 Y8.155 F2500
M3 S280
G1 F900
G1 X6.382 Y8.210
G1 X6.473 Y8.247
G1 X6.619 Y8.247
G1 X6.875 Y8.137
G1 X6.912 Y8.082
G1 X6.729 Y7.973
G1 X6.583 Y7.973
G1 X6.437 Y8.082
G1 X6.345 Y8.119
M5
G0 X6.619 Y7.954 F2500
M3 S280
G1 F900
G1 X6.729 Y7.973
G1 X6.839 Y8.046
G1 X6.930 Y8.046
G1 X7.150 Y7.973
G1 X7.241 Y7.863
G1 X7.223 Y7.808
G1 X6.985 Y7.808
G1 X6.802 Y7.863
G1 X6.693 Y7.863
M5
G0 X6.729 Y7.863 F2500
M3 S280
G1 F900
G1 X6.967 Y7.826
G1 X7.003 Y7.808
G1 X7.022 Y7.735
G1 X7.131 Y7.643
G1 X7.241 Y7.607
G1 X7.259 Y7.534
G1 X7.333 Y7.442
G1 X7.369 Y7.351
G1 X7.351 Y7.296
G1 X7.314 Y7.296
G1 X7.077 Y7.534
G1 X6.967 Y7.607
G1 X6.875 Y7.717
G1 X6.711 Y7.826
M5
G0 X7.040 Y7.808 F2500
M3 S280
G1 F900
G1 X7.259 Y7.808
G1 X7.479 Y7.643
G1 X7.479 Y7.552
G1 X7.351 Y7.607
G1 X7.168 Y7.625
G1 X7.022 Y7.753
M5
G0 X7.278 Y7.607 F2500
M3 S280
G1 F900
G1 X7.406 Y7.589
G1 X7.552 Y7.534
G1 X7.753 Y7.369
G1 X7.735 Y7.314
G1 X7.424 Y7.314
G1 X7.351 Y7.369
G1 X7.314 Y7.479
G1 X7.259 Y7.534
M5
G0 X7.351 Y7.296 F2500
M3 S280
G1 F900
G1 X7.406 Y7.333
G1 X7.534 Y7.314
G1 X7.570 Y7.278
G1 X7.570 Y7.241
G1 X7.643 Y7.131
G1 X7.790 Y6.985
G1 X7.808 Y6.912
G1 X7.771 Y6.839
G1 X7.643 Y6.912
G1 X7.534 Y6.930
G1 X7.479 Y6.985
G1 X7.479 Y7.040
G1 X7.406 Y7.150
M5
G0 X7.552 Y7.296 F2500
M3 S280
G1 F900
G1 X7.753 Y7.296
G1 X7.771 Y7.241
G1 X7.991 Y7.022
G1 X8.009 Y6.967
G1 X7.991 Y6.912
G1 X7.918 Y6.930
G1 X7.735 Y7.040
M5
G0 X7.808 Y6.985 F2500
M3 S280
G1 F900
G1 X7.845 Y6.985
G1 X7.918 Y6.930
G1 X7.973 Y6.930
G1 X8.046 Y6.802
G1 X8.119 Y6.729
G1 X8.229 Y6.455
G1 X8.192 Y6.363
G1 X7.973 Y6.565
G1 X7.918 Y6.711
G1 X7.808 Y6.839
G1 X7.790 Y6.930
M5
G0 X7.534 Y6.930 F2500
M3 S280
G1 F900
G1 X7.643 Y6.912
G1 X7.826 Y6.821
G1 X7.991 Y6.546
G1 X7.918 Y6.528
G1 X7.863 Y6.546
G1 X7.717 Y6.693
G1 X7.826 Y6.565
G1 X7.973 Y6.510
G1 X7.991 Y6.400
G1 X8.082 Y6.217
G1 X8.046 Y6.162
G1 X7.845 Y6.363
G1 X7.753 Y6.382
G1 X7.643 Y6.619
G1 X7.570 Y6.674
G1 X7.515 Y6.821
M5
G0 X7.589 Y6.674 F2500
M3 S280
G1 F900
G1 X7.662 Y6.583
G1 X7.753 Y6.382
G1 X7.717 Y6.126
G1 X7.680 Y6.053
G1 X7.625 Y6.071
G1 X7.534 Y6.272
G1 X7.534 Y6.510
M5
G0 X7.771 Y6.382 F2500
M3 S280
G1 F900
G1 X7.863 Y6.235
G1 X7.863 Y6.144
G1 X7.899 Y6.053
G1 X7.881 Y5.687
G1 X7.826 Y5.632
G1 X7.753 Y5.742
G1 X7.680 Y6.053
G1 X7.717 Y6.107
M5
G0 X7.918 Y5.979 F2500
M3 S280
G1 F900
G1 X8.027 Y5.870
G1 X8.101 Y5.687
G1 X8.119 Y5.358
G1 X8.064 Y5.266
G1 X7.954 Y5.394
G1 X7.863 Y5.669
M5
G0 X7.863 Y6.345 F2500
M3 S280
G1 F900
G1 X8.101 Y6.107
G1 X8.192 Y5.742
G1 X8.192 Y5.687
G1 X8.155 Y5.650
G1 X8.101 Y5.669
G1 X8.064 Y5.797
G1 X7.973 Y5.961
G1 X7.936 Y5.961
G1 X7.899 Y5.998
G1 X7.845 Y6.290
M5
G0 X6.985 Y6.290 F2500
M3 S280
G1 F900
G1 X7.223 Y6.053
G1 X7.259 Y5.979
G1 X7.278 Y5.888
G1 X7.259 Y5.614
G1 X7.186 Y5.669
G1 X7.040 Y5.906
G1 X7.003 Y5.925
G1 X6.967 Y6.016
G1 X6.949 Y6.199
M5
G0 X6.839 Y6.601 F2500
M3 S280
G1 F900
G1 X6.912 Y6.601
G1 X6.967 Y6.565
G1 X7.022 Y6.565
G1 X7.058 Y6.528
G1 X7.058 Y6.491
G1 X7.186 Y6.327
G1 X7.241 Y6.199
G1 X7.205 Y6.053
G1 X7.003 Y6.290
G1 X6.949 Y6.309
G1 X6.894 Y6.455
G1 X6.821 Y6.565
M5
G0 X6.747 Y6.619 F2500
M3 S280
G1 F900
G1 X6.784 Y6.619
G1 X6.821 Y6.583
G1 X6.821 Y6.546
G1 X6.875 Y6.491
G1 X6.949 Y6.327
G1 X6.985 Y5.943
G1 X6.930 Y5.906
G1 X6.894 Y5.943
G1 X6.747 Y6.272
G1 X6.747 Y6.437
G1 X6.729 Y6.455
M5
G0 X6.309 Y6.400 F2500
M3 S280
G1 F900
G1 X6.455 Y6.382
G1 X6.638 Y6.217
G1 X6.729 Y6.053
G1 X6.711 Y5.906
G1 X6.546 Y6.071
G1 X6.418 Y6.126
G1 X6.290 Y6.345
M5
G0 X6.199 Y6.400 F2500
M3 S280
G1 F900
G1 X6.290 Y6.382
G1 X6.363 Y6.199
G1 X6.437 Y6.107
G1 X6.437 Y6.053
G1 X6.491 Y5.979
G1 X6.565 Y5.797
G1 X6.565 Y5.669
G1 X6.491 Y5.504
G1 X6.418 Y5.577
G1 X6.363 Y5.705
G1 X6.327 Y5.851
G1 X6.327 Y6.034
G1 X6.272 Y6.199
G1 X6.199 Y6.290
G1 X6.181 Y6.345
M5
G0 X6.071 Y6.418 F2500
M3 S280
G1 F900
G1 X6.181 Y6.382
G1 X6.181 Y6.327
G1 X6.309 Y6.107
G1 X6.327 Y5.797
G1 X6.290 Y5.797
G1 X6.217 Y5.870
G1 X6.089 Y6.107
G1 X6.071 Y6.290
G1 X6.053 Y6.309
M5
G0 X5.961 Y6.693 F2500
M3 S280
G1 F900
G1 X6.053 Y6.711
G1 X6.217 Y6.674
G1 X6.418 Y6.491
G1 X6.437 Y6.382
G1 X6.089 Y6.400
G1 X6.053 Y6.418
G1 X5.943 Y6.638
M5
G0 X6.235 Y7.003 F2500
M3 S280
G1 F900
G1 X6.327 Y6.912
G1 X6.327 Y6.875
G1 X6.290 Y6.839
G1 X6.181 Y6.930
G1 X6.181 Y6.967
M5
G0 X6.126 Y7.223 F2500
M3 S280
G1 F900
G1 X6.181 Y7.241
G1 X6.363 Y7.186
G1 X6.510 Y7.205
G1 X6.747 Y7.040
G1 X6.766 Y6.930
G1 X6.747 Y6.875
G1 X6.528 Y6.949
G1 X6.400 Y7.095
G1 X6.345 Y7.113
G1 X6.565 Y6.912
G1 X6.565 Y6.857
G1 X6.638 Y6.766
G1 X6.565 Y6.857
G1 X6.583 Y6.930
G1 X6.729 Y6.894
G1 X6.949 Y6.766
G1 X7.040 Y6.656
G1 X7.022 Y6.565
G1 X6.747 Y6.619
G1 X6.711 Y6.674
G1 X6.747 Y6.437
G1 X6.693 Y6.327
G1 X6.363 Y6.747
G1 X6.327 Y6.821
G1 X6.345 Y6.875
G1 X6.327 Y6.930
G1 X6.162 Y7.077
M5
G0 X6.656 Y7.479 F2500
M3 S280
G1 F900
G1 X6.729 Y7.497
G1 X6.875 Y7.369
G1 X6.930 Y7.351
G1 X6.985 Y7.259
G1 X6.985 Y7.077
G1 X7.003 Y7.058
G1 X6.985 Y6.875
G1 X6.729 Y7.058
G1 X6.711 Y7.296
M5
G0 X7.022 Y7.259 F2500
M3 S280
G1 F900
G1 X7.095 Y7.241
G1 X7.387 Y7.003
G1 X7.461 Y7.003
G1 X7.515 Y6.949
G1 X7.515 Y6.821
G1 X7.552 Y6.747
G1 X7.552 Y6.528
G1 X7.515 Y6.400
G1 X7.479 Y6.437
G1 X7.424 Y6.583
G1 X7.387 Y6.601
G1 X7.296 Y6.912
G1 X7.241 Y7.003
G1 X7.095 Y7.150
G1 X7.259 Y6.967
G1 X7.314 Y6.857
G1 X7.351 Y6.693
G1 X7.387 Y6.638
G1 X7.351 Y6.418
G1 X7.241 Y6.528
G1 X7.095 Y6.821
G1 X7.095 Y6.967
G1 X7.058 Y7.113
G1 X7.095 Y6.967
G1 X7.058 Y6.821
G1 X7.003 Y6.875
G1 X7.003 Y7.058
G1 X6.985 Y7.077
M5
G0 X6.455 Y6.107 F2500
M3 S280
G1 F900
G1 X6.491 Y6.107
G1 X6.729 Y5.906
G1 X6.747 Y5.851
G1 X6.839 Y5.742
G1 X6.967 Y5.431
G1 X6.930 Y5.321
G1 X6.766 Y5.486
G1 X6.656 Y5.687
G1 X6.565 Y5.742
G1 X6.510 Y5.943
G1 X6.437 Y6.071
M5
G0 X6.583 Y5.723 F2500
M3 S280
G1 F900
G1 X6.638 Y5.705
G1 X6.766 Y5.486
G1 X6.729 Y5.248
G1 X6.784 Y5.120
G1 X6.747 Y5.010
G1 X6.747 Y4.864
G1 X6.711 Y4.827
G1 X6.656 Y4.846
G1 X6.601 Y4.992
G1 X6.601 Y5.230
G1 X6.638 Y5.266
G1 X6.656 Y5.394
G1 X6.638 Y5.285
G1 X6.583 Y5.230
G1 X6.528 Y5.358
G1 X6.510 Y5.504
M5
G0 X6.784 Y5.467 F2500
M3 S280
G1 F900
G1 X6.949 Y5.321
G1 X6.967 Y5.230
G1 X7.058 Y5.047
G1 X7.040 Y4.882
G1 X7.003 Y4.882
G1 X6.857 Y5.083
G1 X6.784 Y5.120
G1 X6.729 Y5.248
G1 X6.729 Y5.339
M5
G0 X6.784 Y5.102 F2500
M3 S280
G1 F900
G1 X6.821 Y5.102
G1 X6.912 Y5.010
G1 X6.985 Y4.882
G1 X6.985 Y4.608
G1 X6.967 Y4.498
G1 X6.930 Y4.462
G1 X6.857 Y4.517
G1 X6.747 Y4.736
G1 X6.729 Y4.846
M5
G0 X9.198 Y5.211 F2500
M3 S280
G1 F900
G1 X9.051 Y4.736
G1 X9.015 Y4.535
G1 X9.051 Y4.736
M5
G0 X7.918 Y8.082 F2500
M3 S280
G1 F900
G1 X8.009 Y8.064
G1 X8.064 Y8.027
G1 X8.155 Y8.027
G1 X8.210 Y7.991
G1 X8.247 Y7.881
G1 X8.357 Y7.735
G1 X8.393 Y7.607
G1 X8.357 Y7.552
G1 X7.991 Y7.826
G1 X7.899 Y8.027
M5
G0 X7.717 Y8.265 F2500
M3 S280
G1 F900
G1 X7.735 Y8.302
G1 X7.790 Y8.302
G1 X7.973 Y8.247
G1 X7.991 Y8.210
G1 X8.174 Y8.082
G1 X8.119 Y8.027
G1 X7.899 Y8.082
M5
G0 X7.424 Y8.521 F2500
M3 S280
G1 F900
G1 X7.534 Y8.539
G1 X7.607 Y8.521
G1 X7.625 Y8.558
G1 X7.881 Y8.411
G1 X8.009 Y8.302
G1 X7.991 Y8.265
G1 X7.936 Y8.247
G1 X7.790 Y8.302
G1 X7.698 Y8.302
G1 X7.625 Y8.357
G1 X7.570 Y8.357
G1 X7.625 Y8.357
G1 X7.680 Y8.320
G1 X7.845 Y8.119
G1 X7.899 Y8.082
G1 X7.899 Y8.027
G1 X8.009 Y7.808
G1 X7.973 Y7.735
G1 X7.918 Y7.735
G1 X7.680 Y8.027
G1 X7.643 Y8.046
G1 X7.625 Y8.119
G1 X7.552 Y8.210
G1 X7.461 Y8.375
G1 X7.461 Y8.411
G1 X7.387 Y8.485
M5
G0 X7.223 Y8.521 F2500
M3 S280
G1 F900
G1 X7.314 Y8.521
G1 X7.406 Y8.466
G1 X7.497 Y8.338
G1 X7.534 Y8.229
G1 X7.625 Y8.119
G1 X7.607 Y8.064
G1 X7.534 Y8.082
G1 X7.406 Y8.192
G1 X7.351 Y8.192
G1 X7.168 Y8.466
M5
G0 X6.949 Y8.686 F2500
M3 S280
G1 F900
G1 X7.131 Y8.759
G1 X7.278 Y8.759
G1 X7.424 Y8.722
G1 X7.607 Y8.631
G1 X7.589 Y8.521
G1 X7.534 Y8.539
G1 X7.387 Y8.503
G1 X7.168 Y8.521
G1 X7.058 Y8.576
M5
G0 X6.747 Y8.686 F2500
M3 S280
G1 F900
G1 X6.930 Y8.704
G1 X7.022 Y8.594
G1 X7.131 Y8.539
G1 X7.168 Y8.503
G1 X7.168 Y8.448
G1 X7.314 Y8.174
G1 X7.259 Y8.174
G1 X7.095 Y8.265
G1 X6.985 Y8.357
G1 X6.912 Y8.375
G1 X6.729 Y8.631
M5
G0 X6.455 Y8.722 F2500
M3 S280
G1 F900
G1 X6.455 Y8.777
G1 X6.491 Y8.814
G1 X6.747 Y8.905
G1 X7.077 Y8.905
G1 X7.150 Y8.887
G1 X7.223 Y8.832
G1 X7.205 Y8.759
G1 X7.131 Y8.759
G1 X6.985 Y8.704
G1 X6.674 Y8.686
M5
G0 X6.382 Y8.704 F2500
M3 S280
G1 F900
G1 X6.437 Y8.722
G1 X6.656 Y8.704
G1 X6.729 Y8.667
G1 X6.729 Y8.613
G1 X6.839 Y8.485
G1 X6.802 Y8.430
G1 X6.894 Y8.411
G1 X6.894 Y8.338
G1 X6.821 Y8.338
G1 X6.674 Y8.411
G1 X6.528 Y8.448
G1 X6.363 Y8.649
M5
G0 X6.034 Y8.997 F2500
M3 S280
G1 F900
G1 X6.071 Y9.033
G1 X6.382 Y9.015
G1 X6.363 Y8.960
G1 X6.327 Y8.997
M5
G0 X6.309 Y9.271 F2500
M3 S280
G1 F900
G1 X6.309 Y9.344
G1 X6.400 Y9.326
M5
G0 X6.619 Y9.454 F2500
M3 S280
G1 F900
G1 X6.565 Y9.399
G1 X6.491 Y9.381
G1 X6.455 Y9.344
G1 X6.400 Y9.362
G1 X6.309 Y9.344
G1 X6.181 Y9.216
G1 X5.870 Y9.088
G1 X5.815 Y9.088
G1 X5.778 Y9.051
G1 X5.760 Y9.161
G1 X5.815 Y9.234
G1 X5.815 Y9.271
G1 X6.053 Y9.435
G1 X6.144 Y9.435
G1 X6.345 Y9.490
G1 X6.510 Y9.490
M5
G0 X6.034 Y9.454 F2500
M3 S280
G1 F900
G1 X6.016 Y9.399
G1 X5.925 Y9.362
G1 X5.833 Y9.289
G1 X5.669 Y9.289
G1 X5.559 Y9.253
G1 X5.486 Y9.271
G1 X5.577 Y9.381
G1 X5.705 Y9.435
G1 X5.870 Y9.472
M5
G0 X5.815 Y9.271 F2500
M3 S280
G1 F900
G1 X5.815 Y9.234
G1 X5.760 Y9.161
G1 X5.742 Y9.033
G1 X5.577 Y8.960
G1 X5.358 Y8.942
G1 X5.248 Y8.960
G1 X5.248 Y9.015
G1 X5.285 Y9.070
G1 X5.486 Y9.271
G1 X5.559 Y9.253
G1 X5.669 Y9.289
M5
G0 X5.522 Y9.417 F2500
M3 S280
G1 F900
G1 X5.541 Y9.362
G1 X5.504 Y9.326
G1 X5.504 Y9.289
G1 X5.321 Y9.125
G1 X5.248 Y9.015
G1 X5.083 Y8.942
G1 X5.175 Y8.942
G1 X5.211 Y8.923
G1 X5.193 Y8.887
G1 X5.248 Y8.942
G1 X5.376 Y8.960
G1 X5.577 Y8.942
G1 X5.577 Y8.905
G1 X5.522 Y8.850
G1 X5.321 Y8.741
G1 X5.266 Y8.667
G1 X5.211 Y8.667
G1 X5.157 Y8.613
G1 X5.102 Y8.594
G1 X4.955 Y8.631
G1 X4.955 Y8.686
G1 X4.992 Y8.741
G1 X5.102 Y8.795
G1 X5.120 Y8.832
G1 X4.992 Y8.741
G1 X4.846 Y8.722
G1 X4.590 Y8.741
G1 X4.590 Y8.777
G1 X4.645 Y8.850
G1 X4.718 Y8.850
G1 X4.754 Y8.887
G1 X4.937 Y8.960
G1 X5.211 Y9.289
M5
G0 X5.175 Y9.289 F2500
M3 S280
G1 F900
G1 X5.138 Y9.198
G1 X4.937 Y8.960
G1 X4.699 Y8.850
G1 X4.645 Y8.869
G1 X4.663 Y8.942
G1 X4.736 Y9.051
G1 X5.102 Y9.289
M5
G0 X5.285 Y9.819 F2500
M3 S280
G1 F900
G1 X5.266 Y9.765
G1 X4.882 Y9.509
G1 X4.498 Y9.179
G1 X4.224 Y8.905
G1 X4.206 Y8.850
G1 X4.023 Y8.686
G1 X3.840 Y8.448
G1 X3.785 Y8.430
G1 X3.566 Y8.192
G1 X3.438 Y7.973
G1 X3.346 Y7.936
G1 X3.218 Y7.808
G1 X3.072 Y7.570
G1 X2.944 Y7.314
G1 X2.944 Y7.278
G1 X3.163 Y7.717
G1 X3.273 Y7.863
G1 X3.383 Y7.954
G1 X3.401 Y7.881
G1 X3.310 Y7.698
G1 X3.273 Y7.534
G1 X3.109 Y7.351
G1 X3.072 Y7.205
G1 X2.889 Y7.022
G1 X2.798 Y7.022
G1 X2.816 Y7.168
G1 X2.779 Y6.967
G1 X2.597 Y6.674
G1 X2.578 Y6.528
G1 X2.487 Y6.418
G1 X2.085 Y5.705
G1 X2.011 Y5.705
G1 X1.993 Y5.778
G1 X2.011 Y5.851
G1 X2.066 Y5.925
G1 X2.066 Y5.979
G1 X2.103 Y6.016
G1 X2.139 Y6.126
G1 X2.194 Y6.162
G1 X2.414 Y6.601
G1 X2.523 Y6.967
G1 X2.597 Y7.022
G1 X2.834 Y7.497
G1 X2.871 Y7.625
G1 X3.072 Y8.027
G1 X3.127 Y8.046
G1 X3.218 Y8.210
G1 X3.383 Y8.430
G1 X3.803 Y8.905
G1 X4.279 Y9.307
G1 X4.754 Y9.618
G1 X5.230 Y9.838
M5
G0 X5.943 Y8.997 F2500
M3 S280
G1 F900
G1 X5.925 Y8.923
G1 X5.723 Y8.814
G1 X5.669 Y8.722
G1 X5.504 Y8.667
G1 X5.303 Y8.667
G1 X5.321 Y8.741
G1 X5.504 Y8.832
G1 X5.614 Y8.978
G1 X5.760 Y9.051
M5
G0 X6.766 Y8.978 F2500
M3 S280
G1 F900
G1 X6.766 Y8.923
G1 X6.729 Y8.887
G1 X6.565 Y8.850
G1 X6.473 Y8.795
G1 X6.235 Y8.869
G1 X6.363 Y8.960
G1 X6.528 Y8.960
G1 X6.638 Y8.997
M5
G0 X6.802 Y10.862 F2500
M3 S280
G1 F900
G1 X6.272 Y10.807
G1 X5.778 Y10.807
G1 X6.290 Y10.807
M5
G0 X7.479 Y10.715 F2500
M3 S280
G1 F900
G1 X7.424 Y10.825
G1 X7.314 Y10.843
G1 X6.985 Y10.770
G1 X6.418 Y10.697
G1 X5.339 Y10.679
G1 X6.418 Y10.697
G1 X6.875 Y10.752
G1 X7.314 Y10.843
G1 X7.387 Y10.843
M5
G0 X7.479 Y10.917 F2500
M3 S280
G1 F900
G1 X7.461 Y10.953
G1 X7.351 Y10.971
G1 X7.040 Y10.898
G1 X6.839 Y10.880
G1 X7.040 Y10.898
G1 X7.351 Y10.971
G1 X7.424 Y10.971
M5
G0 X8.777 Y10.935 F2500
M3 S280
G1 F900
G1 X8.814 Y10.898
G1 X8.850 Y10.898
G1 X8.887 Y10.935
G1 X8.850 Y10.935
G1 X8.832 Y10.917
G1 X8.777 Y10.935
G1 X8.814 Y10.898
M5
G0 X8.942 Y10.990 F2500
M3 S280
G1 F900
G1 X8.832 Y10.935
G1 X8.704 Y10.971
G1 X8.814 Y10.880
G1 X8.850 Y10.880
G1 X8.942 Y10.990
G1 X8.832 Y10.935
M5
G0 X9.051 Y11.794 F2500
M3 S280
G1 F900
G1 X9.125 Y11.721
G1 X9.161 Y11.758
G1 X9.051 Y11.794
G1 X9.125 Y11.721
M5
G0 X9.637 Y12.343 F2500
M3 S280
G1 F900
G1 X9.673 Y12.270
G1 X9.691 Y12.306
G1 X9.637 Y12.343
G1 X9.673 Y12.270
M5
G0 X9.490 Y12.471 F2500
M3 S280
G1 F900
G1 X9.618 Y12.343
G1 X9.655 Y12.270
G1 X9.655 Y12.215
G1 X9.710 Y12.306
G1 X9.563 Y12.398
G1 X9.490 Y12.471
G1 X9.618 Y12.343
M5
G0 X9.106 Y12.690 F2500
M3 S280
G1 F900
G1 X8.978 Y12.763
G1 X8.923 Y12.654
G1 X8.320 Y11.831
G1 X8.046 Y11.557
G1 X8.174 Y11.465
G1 X8.210 Y11.502
G1 X8.247 Y11.575
G1 X8.430 Y11.813
G1 X8.686 Y12.069
G1 X8.667 Y12.123
G1 X8.905 Y12.471
G1 X9.106 Y12.690
G1 X8.978 Y12.763
M5
G0 X8.997 Y12.782 F2500
M3 S280
G1 F900
G1 X8.960 Y12.763
G1 X8.905 Y12.654
G1 X8.302 Y11.831
G1 X8.027 Y11.557
G1 X8.192 Y11.429
G1 X8.192 Y11.465
G1 X8.375 Y11.721
G1 X8.704 Y12.069
G1 X8.686 Y12.123
G1 X9.106 Y12.709
G1 X8.997 Y12.782
G1 X8.960 Y12.763
M5
G0 X8.997 Y12.800 F2500
M3 S280
G1 F900
G1 X8.942 Y12.763
G1 X8.887 Y12.654
G1 X8.283 Y11.831
G1 X8.009 Y11.557
G1 X8.210 Y11.392
G1 X8.210 Y11.465
G1 X8.466 Y11.813
G1 X8.722 Y12.069
G1 X8.704 Y12.123
G1 X8.942 Y12.471
G1 X9.143 Y12.690
G1 X8.997 Y12.800
G1 X8.942 Y12.763
M5
G0 X8.997 Y12.818 F2500
M3 S280
G1 F900
G1 X8.960 Y12.818
G1 X8.869 Y12.654
G1 X8.265 Y11.831
G1 X7.991 Y11.538
G1 X8.247 Y11.355
G1 X8.229 Y11.465
G1 X8.485 Y11.813
G1 X8.759 Y12.050
G1 X8.722 Y12.087
G1 X8.722 Y12.123
G1 X8.960 Y12.471
G1 X9.179 Y12.690
G1 X8.997 Y12.818
G1 X8.960 Y12.818
M5
G0 X8.942 Y12.873 F2500
M3 S280
G1 F900
G1 X8.960 Y12.837
G1 X8.850 Y12.654
G1 X8.247 Y11.831
G1 X7.991 Y11.520
G1 X8.155 Y11.410
G1 X8.411 Y11.191
G1 X8.265 Y11.337
G1 X8.247 Y11.374
G1 X8.247 Y11.465
G1 X8.503 Y11.813
G1 X8.741 Y12.050
G1 X8.869 Y11.959
G1 X9.125 Y11.685
G1 X9.198 Y11.776
G1 X9.125 Y11.776
G1 X8.978 Y11.849
G1 X8.741 Y12.087
G1 X8.741 Y12.123
G1 X8.978 Y12.471
G1 X9.198 Y12.690
G1 X8.942 Y12.873
G1 X8.960 Y12.837
M5
G0 X8.850 Y12.946 F2500
M3 S280
G1 F900
G1 X8.942 Y12.837
G1 X8.832 Y12.654
G1 X8.229 Y11.831
G1 X7.954 Y11.557
G1 X7.918 Y11.557
G1 X8.155 Y11.392
G1 X8.411 Y11.173
G1 X8.741 Y10.935
G1 X8.814 Y10.862
G1 X8.850 Y10.862
G1 X9.070 Y11.099
G1 X9.015 Y11.045
G1 X8.887 Y10.971
G1 X8.832 Y10.953
G1 X8.722 Y10.971
G1 X8.558 Y11.063
G1 X8.283 Y11.337
G1 X8.265 Y11.374
G1 X8.265 Y11.465
G1 X8.521 Y11.813
G1 X8.741 Y12.032
G1 X8.869 Y11.941
G1 X9.125 Y11.666
G1 X9.253 Y11.831
G1 X9.198 Y11.794
G1 X9.125 Y11.794
G1 X9.033 Y11.831
G1 X8.759 Y12.087
G1 X8.759 Y12.123
G1 X8.997 Y12.471
G1 X9.216 Y12.672
G1 X9.362 Y12.581
G1 X9.600 Y12.343
G1 X9.637 Y12.270
G1 X9.637 Y12.160
G1 X9.728 Y12.306
G1 X9.563 Y12.416
G1 X9.106 Y12.782
G1 X8.850 Y12.946
G1 X8.942 Y12.837
M5
G0 X8.832 Y12.965 F2500
M3 S280
G1 F900
G1 X8.923 Y12.837
G1 X8.631 Y12.398
G1 X8.210 Y11.831
G1 X7.954 Y11.575
G1 X7.845 Y11.593
G1 X8.155 Y11.374
G1 X8.411 Y11.154
G1 X8.741 Y10.917
G1 X8.814 Y10.843
G1 X8.850 Y10.843
G1 X9.088 Y11.118
G1 X8.887 Y10.990
G1 X8.832 Y10.971
G1 X8.722 Y10.990
G1 X8.558 Y11.081
G1 X8.302 Y11.337
G1 X8.283 Y11.374
G1 X8.283 Y11.465
G1 X8.539 Y11.813
G1 X8.741 Y12.014
G1 X8.869 Y11.922
G1 X9.088 Y11.703
G1 X9.106 Y11.611
G1 X9.161 Y11.703
G1 X9.234 Y11.776
G1 X9.307 Y11.904
G1 X9.198 Y11.813
G1 X9.070 Y11.831
G1 X8.978 Y11.886
G1 X8.777 Y12.087
G1 X8.777 Y12.123
G1 X9.015 Y12.471
G1 X9.216 Y12.654
G1 X9.362 Y12.562
G1 X9.582 Y12.343
G1 X9.618 Y12.270
G1 X9.618 Y12.142
G1 X9.582 Y12.032
G1 X9.746 Y12.306
G1 X9.106 Y12.800
G1 X8.887 Y12.946
G1 X8.832 Y12.965
G1 X8.923 Y12.837
M5
G0 X8.850 Y12.983 F2500
M3 S280
G1 F900
G1 X8.814 Y12.946
G1 X8.905 Y12.837
G1 X8.613 Y12.398
G1 X8.192 Y11.831
G1 X7.954 Y11.593
G1 X7.790 Y11.611
G1 X8.155 Y11.355
G1 X8.411 Y11.136
G1 X8.741 Y10.898
G1 X8.814 Y10.825
G1 X8.850 Y10.825
G1 X9.106 Y11.099
G1 X9.106 Y11.136
G1 X9.070 Y11.136
G1 X8.960 Y11.045
G1 X8.832 Y10.990
G1 X8.722 Y11.008
G1 X8.558 Y11.099
G1 X8.320 Y11.337
G1 X8.302 Y11.374
G1 X8.302 Y11.465
G1 X8.558 Y11.813
G1 X8.741 Y11.995
G1 X8.869 Y11.904
G1 X9.070 Y11.703
G1 X9.088 Y11.666
G1 X9.070 Y11.538
G1 X9.106 Y11.575
G1 X9.179 Y11.703
G1 X9.289 Y11.831
G1 X9.326 Y11.922
G1 X9.198 Y11.831
G1 X9.070 Y11.849
G1 X8.978 Y11.904
G1 X8.795 Y12.087
G1 X8.795 Y12.123
G1 X9.033 Y12.471
G1 X9.216 Y12.635
G1 X9.362 Y12.544
G1 X9.563 Y12.343
G1 X9.600 Y12.270
G1 X9.600 Y12.142
G1 X9.563 Y12.014
G1 X9.600 Y12.032
G1 X9.765 Y12.306
G1 X9.691 Y12.379
G1 X9.563 Y12.453
G1 X9.106 Y12.818
G1 X8.850 Y12.983
G1 X8.814 Y12.946
M5
G0 X8.814 Y13.001 F2500
M3 S280
G1 F900
G1 X8.795 Y12.946
G1 X8.887 Y12.837
G1 X8.777 Y12.654
G1 X8.174 Y11.831
G1 X7.954 Y11.611
G1 X7.863 Y11.611
G1 X7.790 Y11.648
G1 X7.771 Y11.611
G1 X8.155 Y11.337
G1 X8.411 Y11.118
G1 X8.741 Y10.880
G1 X8.814 Y10.807
G1 X8.850 Y10.807
G1 X9.125 Y11.099
G1 X9.106 Y11.154
G1 X9.070 Y11.154
G1 X8.960 Y11.063
G1 X8.832 Y11.008
G1 X8.722 Y11.026
G1 X8.558 Y11.118
G1 X8.338 Y11.337
G1 X8.320 Y11.374
G1 X8.320 Y11.465
G1 X8.576 Y11.813
G1 X8.741 Y11.977
G1 X8.869 Y11.886
G1 X9.051 Y11.703
G1 X9.070 Y11.666
G1 X9.070 Y11.593
G1 X9.033 Y11.520
G1 X9.088 Y11.520
G1 X9.198 Y11.703
G1 X9.307 Y11.831
G1 X9.307 Y11.941
G1 X9.198 Y11.849
G1 X9.070 Y11.867
G1 X8.978 Y11.922
G1 X8.814 Y12.087
G1 X8.814 Y12.123
G1 X9.051 Y12.471
G1 X9.216 Y12.617
G1 X9.362 Y12.526
G1 X9.545 Y12.343
G1 X9.582 Y12.270
G1 X9.582 Y12.142
G1 X9.545 Y12.050
G1 X9.545 Y11.995
G1 X9.600 Y11.995
G1 X9.618 Y12.050
G1 X9.746 Y12.233
G1 X9.783 Y12.325
G1 X9.563 Y12.471
G1 X9.106 Y12.837
G1 X8.887 Y12.983
G1 X8.814 Y13.001
G1 X8.795 Y12.946
M5
G0 X8.814 Y13.038 F2500
M3 S280
G1 F900
G1 X8.777 Y12.946
G1 X8.869 Y12.837
G1 X8.759 Y12.654
G1 X8.155 Y11.831
G1 X7.954 Y11.630
G1 X7.863 Y11.630
G1 X7.771 Y11.666
G1 X7.753 Y11.611
G1 X8.155 Y11.319
G1 X8.411 Y11.099
G1 X8.741 Y10.862
G1 X8.814 Y10.789
G1 X8.850 Y10.789
G1 X9.143 Y11.099
G1 X9.143 Y11.136
G1 X9.106 Y11.173
G1 X9.070 Y11.173
G1 X8.960 Y11.081
G1 X8.832 Y11.026
G1 X8.722 Y11.045
G1 X8.558 Y11.136
G1 X8.357 Y11.337
G1 X8.338 Y11.374
G1 X8.338 Y11.465
G1 X8.594 Y11.813
G1 X8.741 Y11.959
G1 X8.869 Y11.867
G1 X9.033 Y11.703
G1 X9.051 Y11.666
G1 X9.051 Y11.593
G1 X9.015 Y11.520
G1 X9.106 Y11.520
G1 X9.216 Y11.703
G1 X9.326 Y11.831
G1 X9.362 Y11.904
G1 X9.362 Y11.941
G1 X9.307 Y11.959
G1 X9.198 Y11.867
G1 X9.070 Y11.886
G1 X8.978 Y11.941
G1 X8.832 Y12.087
G1 X8.832 Y12.123
G1 X9.070 Y12.471
G1 X9.216 Y12.599
G1 X9.362 Y12.507
G1 X9.527 Y12.343
G1 X9.563 Y12.270
G1 X9.563 Y12.142
G1 X9.527 Y12.050
G1 X9.545 Y11.977
G1 X9.618 Y11.995
G1 X9.691 Y12.142
G1 X9.765 Y12.233
G1 X9.783 Y12.343
G1 X9.563 Y12.489
G1 X9.106 Y12.855
G1 X8.814 Y13.038
G1 X8.777 Y12.946
M5
G0 X8.814 Y13.056 F2500
M3 S280
G1 F900
G1 X8.759 Y12.946
G1 X8.850 Y12.837
G1 X8.741 Y12.654
G1 X8.137 Y11.831
G1 X7.954 Y11.648
G1 X7.753 Y11.666
G1 X7.735 Y11.593
G1 X7.808 Y11.557
G1 X8.155 Y11.301
G1 X8.411 Y11.081
G1 X8.741 Y10.843
G1 X8.814 Y10.770
G1 X8.850 Y10.770
G1 X9.161 Y11.099
G1 X9.161 Y11.136
G1 X9.106 Y11.191
G1 X9.070 Y11.191
G1 X8.960 Y11.099
G1 X8.832 Y11.045
G1 X8.722 Y11.063
G1 X8.558 Y11.154
G1 X8.375 Y11.337
G1 X8.357 Y11.374
G1 X8.357 Y11.465
G1 X8.613 Y11.813
G1 X8.741 Y11.941
G1 X8.869 Y11.849
G1 X9.015 Y11.703
G1 X9.033 Y11.666
G1 X9.033 Y11.593
G1 X8.997 Y11.502
G1 X9.088 Y11.483
G1 X9.125 Y11.520
G1 X9.234 Y11.703
G1 X9.344 Y11.831
G1 X9.381 Y11.904
G1 X9.362 Y11.959
G1 X9.307 Y11.977
G1 X9.234 Y11.904
G1 X9.198 Y11.886
G1 X9.125 Y11.886
G1 X8.978 Y11.959
G1 X8.850 Y12.087
G1 X8.850 Y12.123
G1 X9.088 Y12.471
G1 X9.216 Y12.581
G1 X9.362 Y12.489
G1 X9.509 Y12.343
G1 X9.545 Y12.270
G1 X9.545 Y12.142
G1 X9.490 Y11.977
G1 X9.600 Y11.959
G1 X9.637 Y11.995
G1 X9.783 Y12.233
G1 X9.819 Y12.325
G1 X9.691 Y12.434
G1 X9.563 Y12.507
G1 X9.106 Y12.873
G1 X8.814 Y13.056
G1 X8.759 Y12.946
M5
G0 X8.795 Y13.074 F2500
M3 S280
G1 F900
G1 X8.741 Y12.946
G1 X8.832 Y12.837
G1 X8.722 Y12.654
G1 X8.119 Y11.831
G1 X7.954 Y11.666
G1 X7.863 Y11.666
G1 X7.790 Y11.703
G1 X7.753 Y11.703
G1 X7.735 Y11.666
G1 X7.735 Y11.575
G1 X8.155 Y11.282
G1 X8.411 Y11.063
G1 X8.741 Y10.825
G1 X8.814 Y10.752
G1 X8.850 Y10.752
G1 X9.179 Y11.099
G1 X9.179 Y11.136
G1 X9.106 Y11.209
G1 X9.070 Y11.209
G1 X8.960 Y11.118
G1 X8.832 Y11.063
G1 X8.722 Y11.081
G1 X8.558 Y11.173
G1 X8.393 Y11.337
G1 X8.375 Y11.374
G1 X8.375 Y11.465
G1 X8.558 Y11.721
G1 X8.741 Y11.922
G1 X8.869 Y11.831
G1 X8.997 Y11.703
G1 X9.015 Y11.666
G1 X8.997 Y11.483
G1 X9.033 Y11.465
G1 X9.106 Y11.465
G1 X9.253 Y11.703
G1 X9.362 Y11.831
G1 X9.399 Y11.904
G1 X9.399 Y11.941
G1 X9.362 Y11.977
G1 X9.307 Y11.995
G1 X9.198 Y11.904
G1 X9.070 Y11.922
G1 X8.978 Y11.977
G1 X8.869 Y12.087
G1 X8.869 Y12.123
G1 X9.106 Y12.471
G1 X9.216 Y12.562
G1 X9.362 Y12.471
G1 X9.490 Y12.343
G1 X9.527 Y12.270
G1 X9.527 Y12.142
G1 X9.472 Y11.977
G1 X9.545 Y11.941
G1 X9.618 Y11.941
G1 X9.801 Y12.233
G1 X9.838 Y12.325
G1 X9.691 Y12.453
G1 X9.563 Y12.526
G1 X9.106 Y12.891
G1 X8.887 Y13.038
G1 X8.795 Y13.074
G1 X8.741 Y12.946
M5
G0 X8.814 Y13.093 F2500
M3 S280
G1 F900
G1 X8.777 Y13.074
G1 X8.722 Y12.946
G1 X8.814 Y12.837
G1 X8.320 Y12.123
G1 X8.101 Y11.831
G1 X7.954 Y11.685
G1 X7.863 Y11.685
G1 X7.790 Y11.721
G1 X7.735 Y11.703
G1 X7.698 Y11.593
G1 X8.155 Y11.264
G1 X8.814 Y10.734
G1 X8.869 Y10.734
G1 X9.198 Y11.099
G1 X9.198 Y11.136
G1 X9.106 Y11.227
G1 X9.070 Y11.227
G1 X8.960 Y11.136
G1 X8.832 Y11.081
G1 X8.722 Y11.099
G1 X8.558 Y11.191
G1 X8.411 Y11.337
G1 X8.393 Y11.374
G1 X8.393 Y11.465
G1 X8.576 Y11.721
G1 X8.741 Y11.904
G1 X8.869 Y11.813
G1 X8.978 Y11.703
G1 X8.997 Y11.666
G1 X8.997 Y11.593
G1 X8.960 Y11.502
G1 X9.033 Y11.447
G1 X9.125 Y11.465
G1 X9.271 Y11.703
G1 X9.381 Y11.831
G1 X9.417 Y11.904
G1 X9.417 Y11.941
G1 X9.362 Y11.995
G1 X9.307 Y12.014
G1 X9.198 Y11.922
G1 X9.070 Y11.941
G1 X8.978 Y11.995
G1 X8.887 Y12.087
G1 X8.887 Y12.123
G1 X9.125 Y12.471
G1 X9.216 Y12.544
G1 X9.362 Y12.453
G1 X9.472 Y12.343
G1 X9.509 Y12.270
G1 X9.509 Y12.142
G1 X9.454 Y11.977
G1 X9.490 Y11.941
G1 X9.545 Y11.922
G1 X9.637 Y11.941
G1 X9.819 Y12.233
G1 X9.856 Y12.325
G1 X9.691 Y12.471
G1 X9.563 Y12.544
G1 X9.106 Y12.910
G1 X8.814 Y13.093
G1 X8.777 Y13.074
M5
G0 X7.991 Y13.495 F2500
M3 S280
G1 F900
G1 X8.064 Y13.403
G1 X8.064 Y13.367
G1 X8.101 Y13.312
G1 X8.119 Y13.385
G1 X7.991 Y13.495
G1 X8.064 Y13.403
M5
G0 X7.899 Y13.568 F2500
M3 S280
G1 F900
G1 X8.046 Y13.403
G1 X8.082 Y13.312
G1 X8.082 Y13.239
G1 X8.137 Y13.385
G1 X7.991 Y13.513
G1 X7.899 Y13.568
G1 X8.046 Y13.403
M5
G0 X7.808 Y13.641 F2500
M3 S280
G1 F900
G1 X8.027 Y13.403
G1 X8.064 Y13.312
G1 X8.082 Y13.166
G1 X8.155 Y13.385
G1 X7.991 Y13.531
G1 X7.808 Y13.641
G1 X8.027 Y13.403
M5
G0 X7.461 Y13.787 F2500
M3 S280
G1 F900
G1 X7.387 Y13.787
G1 X7.369 Y13.806
G1 X7.131 Y13.806
G1 X6.967 Y13.769
G1 X6.729 Y13.659
G1 X6.601 Y13.550
G1 X6.528 Y13.440
G1 X6.437 Y13.239
G1 X6.382 Y12.928
G1 X6.400 Y12.727
G1 X6.437 Y12.599
G1 X6.583 Y12.361
G1 X6.674 Y12.270
G1 X6.875 Y12.142
G1 X6.693 Y12.325
G1 X6.583 Y12.544
G1 X6.565 Y12.617
G1 X6.565 Y12.800
G1 X6.619 Y13.038
G1 X6.711 Y13.221
G1 X6.839 Y13.403
G1 X7.095 Y13.659
G1 X7.314 Y13.787
G1 X7.461 Y13.787
G1 X7.387 Y13.787
M5
G0 X7.296 Y13.787 F2500
M3 S280
G1 F900
G1 X7.131 Y13.787
G1 X6.967 Y13.751
G1 X6.674 Y13.605
G1 X6.546 Y13.440
G1 X6.437 Y13.184
G1 X6.400 Y12.855
G1 X6.455 Y12.599
G1 X6.601 Y12.361
G1 X6.674 Y12.288
G1 X6.784 Y12.215
G1 X6.674 Y12.325
G1 X6.565 Y12.544
G1 X6.546 Y12.617
G1 X6.546 Y12.800
G1 X6.583 Y12.983
G1 X6.693 Y13.221
G1 X6.821 Y13.403
G1 X7.095 Y13.678
G1 X7.168 Y13.733
G1 X7.296 Y13.787
G1 X7.131 Y13.787
M5
G0 X7.150 Y13.751 F2500
M3 S280
G1 F900
G1 X6.967 Y13.714
G1 X6.674 Y13.568
G1 X6.528 Y13.330
G1 X6.455 Y13.093
G1 X6.437 Y12.855
G1 X6.473 Y12.654
G1 X6.565 Y12.471
G1 X6.510 Y12.617
G1 X6.510 Y12.800
G1 X6.565 Y13.038
G1 X6.656 Y13.221
G1 X6.784 Y13.403
G1 X7.095 Y13.714
G1 X7.150 Y13.751
G1 X6.967 Y13.714
M5
G0 X6.967 Y13.787 F2500
M3 S280
G1 F900
G1 X6.674 Y13.641
G1 X6.583 Y13.550
G1 X6.510 Y13.440
G1 X6.418 Y13.239
G1 X6.382 Y13.093
G1 X6.363 Y12.855
G1 X6.400 Y12.654
G1 X6.473 Y12.489
G1 X6.565 Y12.361
G1 X6.674 Y12.251
G1 X6.839 Y12.142
G1 X6.985 Y12.069
G1 X7.241 Y11.977
G1 X7.479 Y11.922
G1 X7.515 Y12.032
G1 X7.680 Y12.325
G1 X7.863 Y12.507
G1 X7.461 Y12.727
G1 X7.424 Y12.763
G1 X7.333 Y12.800
G1 X7.479 Y12.654
G1 X7.497 Y12.562
G1 X7.333 Y12.251
G1 X7.131 Y12.050
G1 X7.058 Y12.050
G1 X6.894 Y12.142
G1 X6.711 Y12.325
G1 X6.619 Y12.489
G1 X6.583 Y12.617
G1 X6.583 Y12.800
G1 X6.638 Y13.038
G1 X6.729 Y13.221
G1 X6.857 Y13.403
G1 X7.095 Y13.641
G1 X7.314 Y13.769
G1 X7.552 Y13.769
G1 X7.625 Y13.751
G1 X7.753 Y13.678
G1 X8.009 Y13.403
G1 X8.064 Y13.221
G1 X8.064 Y13.074
G1 X8.174 Y13.385
G1 X7.936 Y13.586
G1 X7.717 Y13.714
G1 X7.589 Y13.769
G1 X7.369 Y13.824
G1 X7.131 Y13.824
G1 X6.967 Y13.787
G1 X6.674 Y13.641
M5
G0 X6.875 Y13.842 F2500
M3 S280
G1 F900
G1 X6.674 Y13.733
G1 X6.491 Y13.550
G1 X6.418 Y13.440
G1 X6.327 Y13.239
G1 X6.290 Y13.093
G1 X6.272 Y12.928
G1 X6.290 Y12.727
G1 X6.327 Y12.599
G1 X6.382 Y12.489
G1 X6.546 Y12.270
G1 X6.674 Y12.160
G1 X6.839 Y12.050
G1 X7.077 Y11.941
G1 X7.369 Y11.849
G1 X7.515 Y11.831
G1 X7.552 Y11.849
G1 X7.589 Y11.995
G1 X7.771 Y12.325
G1 X7.863 Y12.416
G1 X7.918 Y12.416
G1 X7.936 Y12.398
G1 X8.009 Y12.416
G1 X8.027 Y12.526
G1 X7.881 Y12.581
G1 X7.314 Y12.910
G1 X7.278 Y12.873
G1 X7.241 Y12.782
G1 X7.387 Y12.654
G1 X7.406 Y12.562
G1 X7.241 Y12.251
G1 X7.131 Y12.142
G1 X7.058 Y12.142
G1 X6.894 Y12.233
G1 X6.802 Y12.325
G1 X6.711 Y12.489
G1 X6.674 Y12.617
G1 X6.674 Y12.800
G1 X6.729 Y13.038
G1 X6.821 Y13.221
G1 X6.949 Y13.403
G1 X7.095 Y13.550
G1 X7.314 Y13.678
G1 X7.552 Y13.678
G1 X7.625 Y13.659
G1 X7.753 Y13.586
G1 X7.881 Y13.458
G1 X7.954 Y13.312
G1 X7.973 Y13.221
G1 X7.973 Y12.983
G1 X8.009 Y12.965
G1 X8.119 Y12.983
G1 X8.119 Y13.019
G1 X8.210 Y13.202
G1 X8.265 Y13.367
G1 X8.265 Y13.422
G1 X8.174 Y13.477
G1 X7.936 Y13.678
G1 X7.717 Y13.806
G1 X7.589 Y13.861
G1 X7.369 Y13.915
G1 X7.131 Y13.915
G1 X6.875 Y13.842
G1 X6.674 Y13.733
M5
G0 X6.875 Y13.861 F2500
M3 S280
G1 F900
G1 X6.674 Y13.751
G1 X6.565 Y13.659
G1 X6.400 Y13.440
G1 X6.309 Y13.239
G1 X6.272 Y13.093
G1 X6.254 Y12.928
G1 X6.272 Y12.727
G1 X6.309 Y12.599
G1 X6.363 Y12.489
G1 X6.528 Y12.270
G1 X6.674 Y12.142
G1 X6.839 Y12.032
G1 X7.077 Y11.922
G1 X7.369 Y11.831
G1 X7.515 Y11.813
G1 X7.552 Y11.831
G1 X7.589 Y11.904
G1 X7.607 Y11.995
G1 X7.790 Y12.325
G1 X7.863 Y12.398
G1 X7.991 Y12.379
G1 X8.027 Y12.416
G1 X8.064 Y12.507
G1 X8.027 Y12.544
G1 X7.881 Y12.599
G1 X7.424 Y12.873
G1 X7.296 Y12.928
G1 X7.259 Y12.873
G1 X7.241 Y12.763
G1 X7.369 Y12.654
G1 X7.387 Y12.562
G1 X7.223 Y12.251
G1 X7.131 Y12.160
G1 X7.058 Y12.160
G1 X6.894 Y12.251
G1 X6.821 Y12.325
G1 X6.729 Y12.489
G1 X6.693 Y12.617
G1 X6.693 Y12.800
G1 X6.747 Y13.038
G1 X6.839 Y13.221
G1 X6.967 Y13.403
G1 X7.168 Y13.586
G1 X7.314 Y13.659
G1 X7.552 Y13.659
G1 X7.625 Y13.641
G1 X7.753 Y13.568
G1 X7.863 Y13.458
G1 X7.936 Y13.312
G1 X7.954 Y13.221
G1 X7.954 Y12.965
G1 X7.991 Y12.965
G1 X8.009 Y12.946
G1 X8.101 Y12.946
G1 X8.137 Y12.983
G1 X8.283 Y13.367
G1 X8.265 Y13.440
G1 X8.174 Y13.495
G1 X7.991 Y13.659
G1 X7.680 Y13.842
G1 X7.534 Y13.897
G1 X7.369 Y13.934
G1 X7.131 Y13.934
G1 X6.875 Y13.861
G1 X6.674 Y13.751
M5
G0 X6.967 Y13.806 F2500
M3 S280
G1 F900
G1 X6.674 Y13.659
G1 X6.565 Y13.550
G1 X6.491 Y13.440
G1 X6.400 Y13.239
G1 X6.363 Y13.093
G1 X6.345 Y12.855
G1 X6.382 Y12.654
G1 X6.455 Y12.489
G1 X6.546 Y12.361
G1 X6.674 Y12.233
G1 X6.839 Y12.123
G1 X6.985 Y12.050
G1 X7.241 Y11.959
G1 X7.497 Y11.904
G1 X7.515 Y11.995
G1 X7.698 Y12.325
G1 X7.863 Y12.489
G1 X7.954 Y12.471
G1 X7.424 Y12.782
G1 X7.314 Y12.800
G1 X7.461 Y12.654
G1 X7.479 Y12.562
G1 X7.314 Y12.251
G1 X7.131 Y12.069
G1 X7.058 Y12.069
G1 X6.894 Y12.160
G1 X6.729 Y12.325
G1 X6.638 Y12.489
G1 X6.601 Y12.617
G1 X6.601 Y12.800
G1 X6.656 Y13.038
G1 X6.747 Y13.221
G1 X6.875 Y13.403
G1 X7.095 Y13.623
G1 X7.314 Y13.751
G1 X7.552 Y13.751
G1 X7.625 Y13.733
G1 X7.753 Y13.659
G1 X7.991 Y13.403
G1 X8.027 Y13.312
G1 X8.064 Y13.038
G1 X8.137 Y13.202
G1 X8.192 Y13.403
G1 X7.936 Y13.605
G1 X7.717 Y13.733
G1 X7.534 Y13.806
G1 X7.369 Y13.842
G1 X7.131 Y13.842
G1 X6.967 Y13.806
G1 X6.674 Y13.659
M5
G0 X6.967 Y13.842 F2500
M3 S280
G1 F900
G1 X6.674 Y13.696
G1 X6.528 Y13.550
G1 X6.455 Y13.440
G1 X6.363 Y13.239
G1 X6.327 Y13.093
G1 X6.309 Y12.855
G1 X6.345 Y12.654
G1 X6.418 Y12.489
G1 X6.583 Y12.270
G1 X6.839 Y12.087
G1 X7.077 Y11.977
G1 X7.369 Y11.886
G1 X7.515 Y11.867
G1 X7.552 Y11.995
G1 X7.735 Y12.325
G1 X7.863 Y12.453
G1 X7.936 Y12.434
G1 X7.991 Y12.453
G1 X8.009 Y12.489
G1 X7.881 Y12.544
G1 X7.314 Y12.873
G1 X7.278 Y12.800
G1 X7.424 Y12.654
G1 X7.442 Y12.562
G1 X7.278 Y12.251
G1 X7.131 Y12.105
G1 X7.058 Y12.105
G1 X6.894 Y12.197
G1 X6.766 Y12.325
G1 X6.674 Y12.489
G1 X6.638 Y12.617
G1 X6.638 Y12.800
G1 X6.693 Y13.038
G1 X6.784 Y13.221
G1 X6.912 Y13.403
G1 X7.095 Y13.586
G1 X7.314 Y13.714
G1 X7.552 Y13.714
G1 X7.625 Y13.696
G1 X7.753 Y13.623
G1 X7.918 Y13.458
G1 X7.991 Y13.312
G1 X8.009 Y13.221
G1 X8.009 Y13.001
G1 X8.082 Y13.001
G1 X8.174 Y13.202
G1 X8.229 Y13.403
G1 X7.936 Y13.641
G1 X7.717 Y13.769
G1 X7.589 Y13.824
G1 X7.369 Y13.879
G1 X7.131 Y13.879
G1 X6.967 Y13.842
G1 X6.674 Y13.696
M5
G0 X7.040 Y13.696 F2500
M3 S280
G1 F900
G1 X6.875 Y13.641
G1 X6.729 Y13.568
G1 X6.619 Y13.440
G1 X6.510 Y13.184
G1 X6.473 Y12.928
G1 X6.473 Y12.855
G1 X6.491 Y12.818
G1 X6.510 Y12.983
G1 X6.619 Y13.221
G1 X6.747 Y13.403
G1 X7.040 Y13.696
G1 X6.875 Y13.641
M5
G0 X7.077 Y13.714 F2500
M3 S280
G1 F900
G1 X6.967 Y13.696
G1 X6.729 Y13.586
G1 X6.674 Y13.550
G1 X6.601 Y13.440
G1 X6.510 Y13.239
G1 X6.473 Y13.093
G1 X6.455 Y12.855
G1 X6.491 Y12.654
G1 X6.491 Y12.800
G1 X6.528 Y12.983
G1 X6.638 Y13.221
G1 X6.766 Y13.403
G1 X7.077 Y13.714
G1 X6.967 Y13.696
M5
G0 X7.131 Y13.861 F2500
M3 S280
G1 F900
G1 X6.967 Y13.824
G1 X6.729 Y13.714
G1 X6.546 Y13.550
G1 X6.473 Y13.440
G1 X6.363 Y13.184
G1 X6.327 Y12.928
G1 X6.345 Y12.727
G1 X6.382 Y12.599
G1 X6.437 Y12.489
G1 X6.528 Y12.361
G1 X6.674 Y12.215
G1 X6.839 Y12.105
G1 X6.985 Y12.032
G1 X7.241 Y11.941
G1 X7.461 Y11.886
G1 X7.515 Y11.904
G1 X7.534 Y11.995
G1 X7.717 Y12.325
G1 X7.863 Y12.471
G1 X7.973 Y12.453
G1 X7.991 Y12.489
G1 X7.954 Y12.489
G1 X7.424 Y12.800
G1 X7.351 Y12.837
G1 X7.314 Y12.837
G1 X7.296 Y12.800
G1 X7.461 Y12.617
G1 X7.461 Y12.562
G1 X7.296 Y12.251
G1 X7.131 Y12.087
G1 X7.058 Y12.087
G1 X6.949 Y12.142
G1 X6.747 Y12.325
G1 X6.656 Y12.489
G1 X6.619 Y12.617
G1 X6.619 Y12.800
G1 X6.674 Y13.038
G1 X6.766 Y13.221
G1 X6.894 Y13.403
G1 X7.095 Y13.605
G1 X7.314 Y13.733
G1 X7.552 Y13.733
G1 X7.625 Y13.714
G1 X7.753 Y13.641
G1 X7.973 Y13.403
G1 X8.027 Y13.221
G1 X8.027 Y13.019
G1 X8.082 Y13.038
G1 X8.210 Y13.367
G1 X8.192 Y13.422
G1 X7.991 Y13.586
G1 X7.680 Y13.769
G1 X7.534 Y13.824
G1 X7.369 Y13.861
G1 X7.131 Y13.861
G1 X6.967 Y13.824
M5
G0 X7.131 Y13.897 F2500
M3 S280
G1 F900
G1 X6.967 Y13.861
G1 X6.729 Y13.751
G1 X6.510 Y13.550
G1 X6.437 Y13.440
G1 X6.327 Y13.184
G1 X6.290 Y12.928
G1 X6.309 Y12.727
G1 X6.345 Y12.599
G1 X6.400 Y12.489
G1 X6.565 Y12.270
G1 X6.674 Y12.178
G1 X6.839 Y12.069
G1 X6.985 Y11.995
G1 X7.369 Y11.867
G1 X7.442 Y11.867
G1 X7.461 Y11.849
G1 X7.534 Y11.867
G1 X7.570 Y11.995
G1 X7.753 Y12.325
G1 X7.863 Y12.434
G1 X7.991 Y12.416
G1 X8.027 Y12.507
G1 X7.881 Y12.562
G1 X7.314 Y12.891
G1 X7.259 Y12.800
G1 X7.424 Y12.617
G1 X7.424 Y12.562
G1 X7.259 Y12.251
G1 X7.131 Y12.123
G1 X7.058 Y12.123
G1 X6.949 Y12.178
G1 X6.784 Y12.325
G1 X6.693 Y12.489
G1 X6.656 Y12.617
G1 X6.656 Y12.800
G1 X6.711 Y13.038
G1 X6.802 Y13.221
G1 X6.930 Y13.403
G1 X7.095 Y13.568
G1 X7.314 Y13.696
G1 X7.552 Y13.696
G1 X7.625 Y13.678
G1 X7.753 Y13.605
G1 X7.899 Y13.458
G1 X7.973 Y13.312
G1 X8.009 Y12.983
G1 X8.101 Y12.983
G1 X8.119 Y13.056
G1 X8.192 Y13.202
G1 X8.247 Y13.403
G1 X7.991 Y13.623
G1 X7.680 Y13.806
G1 X7.534 Y13.861
G1 X7.369 Y13.897
G1 X7.131 Y13.897
G1 X6.967 Y13.861
M5
G0 X7.223 Y13.769 F2500
M3 S280
G1 F900
G1 X7.131 Y13.769
G1 X6.967 Y13.733
G1 X6.674 Y13.586
G1 X6.565 Y13.440
G1 X6.473 Y13.239
G1 X6.418 Y12.928
G1 X6.437 Y12.727
G1 X6.473 Y12.599
G1 X6.528 Y12.489
G1 X6.674 Y12.306
G1 X6.565 Y12.489
G1 X6.528 Y12.617
G1 X6.528 Y12.800
G1 X6.583 Y13.038
G1 X6.674 Y13.221
G1 X6.802 Y13.403
G1 X7.095 Y13.696
G1 X7.168 Y13.751
G1 X7.223 Y13.769
G1 X7.131 Y13.769
M5
G0 X7.387 Y12.763 F2500
M3 S280
G1 F900
G1 X7.497 Y12.654
G1 X7.515 Y12.562
G1 X7.351 Y12.251
G1 X7.131 Y12.032
G1 X7.461 Y11.941
G1 X7.662 Y12.325
G1 X7.845 Y12.507
G1 X7.717 Y12.562
G1 X7.387 Y12.763
G1 X7.497 Y12.654
M5
G0 X7.479 Y12.690 F2500
M3 S280
G1 F900
G1 X7.534 Y12.617
G1 X7.534 Y12.562
G1 X7.369 Y12.251
G1 X7.168 Y12.050
G1 X7.241 Y12.014
G1 X7.461 Y11.959
G1 X7.461 Y11.995
G1 X7.643 Y12.325
G1 X7.808 Y12.507
G1 X7.479 Y12.690
G1 X7.534 Y12.617
M5
G0 X7.717 Y12.471 F2500
M3 S280
G1 F900
G1 X7.680 Y12.507
G1 X7.589 Y12.544
G1 X7.442 Y12.251
G1 X7.278 Y12.087
G1 X7.369 Y12.050
G1 X7.424 Y12.050
G1 X7.570 Y12.325
G1 X7.717 Y12.471
G1 X7.680 Y12.507
M5
G0 X7.735 Y12.489 F2500
M3 S280
G1 F900
G1 X7.607 Y12.562
G1 X7.570 Y12.544
G1 X7.424 Y12.251
G1 X7.241 Y12.069
G1 X7.296 Y12.069
G1 X7.369 Y12.032
G1 X7.442 Y12.050
G1 X7.589 Y12.325
G1 X7.735 Y12.489
G1 X7.607 Y12.562
M5
G0 X7.771 Y12.489 F2500
M3 S280
G1 F900
G1 X7.570 Y12.599
G1 X7.570 Y12.562
G1 X7.406 Y12.251
G1 X7.223 Y12.069
G1 X7.369 Y12.014
G1 X7.442 Y12.014
G1 X7.607 Y12.325
G1 X7.771 Y12.489
G1 X7.570 Y12.599
M5
G0 X7.790 Y12.489 F2500
M3 S280
G1 F900
G1 X7.534 Y12.635
G1 X7.552 Y12.562
G1 X7.387 Y12.251
G1 X7.186 Y12.050
G1 X7.296 Y12.032
G1 X7.369 Y11.995
G1 X7.461 Y12.014
G1 X7.625 Y12.325
G1 X7.790 Y12.489
G1 X7.534 Y12.635
M5
G0 X5.888 Y13.038 F2500
M3 S280
G1 F900
G1 X5.742 Y12.910
G1 X5.687 Y12.891
G1 X5.541 Y12.891
G1 X5.614 Y12.873
G1 X5.760 Y12.800
G1 X5.888 Y13.038
G1 X5.742 Y12.910
M5
G0 X5.778 Y12.910 F2500
M3 S280
G1 F900
G1 X5.742 Y12.873
G1 X5.705 Y12.873
G1 X5.760 Y12.855
G1 X5.778 Y12.910
G1 X5.742 Y12.873
M5
G0 X5.833 Y12.965 F2500
M3 S280
G1 F900
G1 X5.742 Y12.891
G1 X5.632 Y12.873
G1 X5.705 Y12.855
G1 X5.760 Y12.818
G1 X5.833 Y12.965
G1 X5.742 Y12.891
M5
G0 X5.797 Y13.659 F2500
M3 S280
G1 F900
G1 X5.833 Y13.787
G1 X5.778 Y13.751
G1 X5.669 Y13.769
G1 X5.797 Y13.659
G1 X5.833 Y13.787
M5
G0 X5.815 Y13.751 F2500
M3 S280
G1 F900
G1 X5.723 Y13.733
G1 X5.778 Y13.678
G1 X5.815 Y13.751
G1 X5.723 Y13.733
M5
G0 X6.126 Y14.409 F2500
M3 S280
G1 F900
G1 X6.181 Y14.354
G1 X6.181 Y14.391
G1 X6.126 Y14.409
G1 X6.181 Y14.354
M5
G0 X6.071 Y14.446 F2500
M3 S280
G1 F900
G1 X6.199 Y14.336
G1 X6.199 Y14.409
G1 X6.071 Y14.446
G1 X6.199 Y14.336
M5
G0 X5.998 Y14.501 F2500
M3 S280
G1 F900
G1 X6.199 Y14.281
G1 X6.235 Y14.409
G1 X6.053 Y14.464
G1 X5.998 Y14.501
G1 X6.199 Y14.281
M5
G0 X5.925 Y14.537 F2500
M3 S280
G1 F900
G1 X5.961 Y14.519
G1 X6.162 Y14.318
G1 X6.199 Y14.226
G1 X6.254 Y14.409
G1 X6.199 Y14.446
G1 X6.053 Y14.482
G1 X5.998 Y14.519
G1 X5.925 Y14.537
G1 X5.961 Y14.519
M5
G0 X5.266 Y14.775 F2500
M3 S280
G1 F900
G1 X5.321 Y14.720
G1 X5.339 Y14.647
G1 X4.901 Y13.513
G1 X4.846 Y13.403
G1 X4.681 Y13.239
G1 X4.864 Y13.184
G1 X5.230 Y13.019
G1 X5.065 Y13.184
G1 X5.047 Y13.221
G1 X5.047 Y13.294
G1 X5.211 Y13.714
G1 X5.394 Y13.897
G1 X5.632 Y13.787
G1 X5.797 Y13.623
G1 X5.870 Y13.824
G1 X5.778 Y13.769
G1 X5.687 Y13.769
G1 X5.486 Y13.861
G1 X5.339 Y14.007
G1 X5.339 Y14.062
G1 X5.486 Y14.464
G1 X5.650 Y14.629
G1 X5.467 Y14.683
G1 X5.266 Y14.775
G1 X5.321 Y14.720
M5
G0 X5.211 Y14.811 F2500
M3 S280
G1 F900
G1 X5.321 Y14.683
G1 X5.285 Y14.537
G1 X4.882 Y13.513
G1 X4.827 Y13.403
G1 X4.645 Y13.239
G1 X4.955 Y13.129
G1 X5.394 Y12.928
G1 X5.778 Y12.782
G1 X5.925 Y13.093
G1 X5.742 Y12.928
G1 X5.687 Y12.910
G1 X5.467 Y12.910
G1 X5.358 Y12.946
G1 X5.266 Y13.001
G1 X5.083 Y13.184
G1 X5.065 Y13.221
G1 X5.065 Y13.294
G1 X5.230 Y13.714
G1 X5.394 Y13.879
G1 X5.632 Y13.769
G1 X5.797 Y13.586
G1 X5.906 Y13.879
G1 X5.851 Y13.824
G1 X5.778 Y13.787
G1 X5.687 Y13.787
G1 X5.486 Y13.879
G1 X5.358 Y14.007
G1 X5.358 Y14.062
G1 X5.504 Y14.464
G1 X5.687 Y14.629
G1 X5.797 Y14.592
G1 X5.614 Y14.647
G1 X5.211 Y14.811
G1 X5.321 Y14.683
M5
G0 X5.175 Y14.885 F2500
M3 S280
G1 F900
G1 X5.157 Y14.811
G1 X5.248 Y14.720
G1 X5.266 Y14.647
G1 X4.827 Y13.513
G1 X4.773 Y13.403
G1 X4.681 Y13.312
G1 X4.645 Y13.294
G1 X4.480 Y13.312
G1 X4.498 Y13.239
G1 X4.955 Y13.074
G1 X5.760 Y12.727
G1 X5.815 Y12.745
G1 X5.998 Y13.111
G1 X5.925 Y13.147
G1 X5.797 Y13.019
G1 X5.687 Y12.965
G1 X5.467 Y12.965
G1 X5.358 Y13.001
G1 X5.266 Y13.056
G1 X5.138 Y13.184
G1 X5.120 Y13.221
G1 X5.120 Y13.294
G1 X5.285 Y13.714
G1 X5.394 Y13.824
G1 X5.577 Y13.751
G1 X5.742 Y13.605
G1 X5.760 Y13.568
G1 X5.760 Y13.440
G1 X5.797 Y13.422
G1 X5.833 Y13.495
G1 X5.888 Y13.696
G1 X5.925 Y13.751
G1 X5.979 Y13.915
G1 X5.979 Y13.952
G1 X5.925 Y13.952
G1 X5.851 Y13.879
G1 X5.778 Y13.842
G1 X5.687 Y13.842
G1 X5.486 Y13.934
G1 X5.413 Y14.007
G1 X5.413 Y14.062
G1 X5.559 Y14.464
G1 X5.687 Y14.574
G1 X5.870 Y14.519
G1 X5.961 Y14.464
G1 X6.126 Y14.281
G1 X6.144 Y14.208
G1 X6.144 Y14.062
G1 X6.199 Y14.062
G1 X6.217 Y14.098
G1 X6.217 Y14.153
G1 X6.290 Y14.336
G1 X6.290 Y14.391
G1 X6.309 Y14.409
G1 X6.290 Y14.464
G1 X6.254 Y14.464
G1 X6.199 Y14.501
G1 X6.053 Y14.537
G1 X5.760 Y14.665
G1 X5.467 Y14.757
G1 X5.175 Y14.885
G1 X5.157 Y14.811
M5
G0 X5.157 Y14.903 F2500
M3 S280
G1 F900
G1 X5.120 Y14.811
G1 X5.230 Y14.720
G1 X5.248 Y14.647
G1 X4.809 Y13.513
G1 X4.754 Y13.403
G1 X4.681 Y13.330
G1 X4.645 Y13.312
G1 X4.462 Y13.330
G1 X4.462 Y13.239
G1 X4.955 Y13.056
G1 X5.760 Y12.709
G1 X5.797 Y12.709
G1 X5.833 Y12.745
G1 X6.016 Y13.129
G1 X5.925 Y13.166
G1 X5.742 Y13.001
G1 X5.687 Y12.983
G1 X5.467 Y12.983
G1 X5.358 Y13.019
G1 X5.266 Y13.074
G1 X5.157 Y13.184
G1 X5.138 Y13.221
G1 X5.138 Y13.294
G1 X5.285 Y13.678
G1 X5.394 Y13.806
G1 X5.577 Y13.733
G1 X5.723 Y13.605
G1 X5.742 Y13.568
G1 X5.723 Y13.440
G1 X5.815 Y13.403
G1 X5.906 Y13.696
G1 X5.943 Y13.751
G1 X5.998 Y13.915
G1 X5.979 Y13.970
G1 X5.925 Y13.970
G1 X5.851 Y13.897
G1 X5.778 Y13.861
G1 X5.687 Y13.861
G1 X5.486 Y13.952
G1 X5.431 Y14.007
G1 X5.431 Y14.062
G1 X5.577 Y14.464
G1 X5.687 Y14.555
G1 X5.870 Y14.501
G1 X5.961 Y14.446
G1 X6.107 Y14.281
G1 X6.126 Y14.208
G1 X6.126 Y14.043
G1 X6.217 Y14.043
G1 X6.254 Y14.208
G1 X6.309 Y14.336
G1 X6.327 Y14.464
G1 X5.157 Y14.903
G1 X5.120 Y14.811
M5
G0 X5.138 Y14.903 F2500
M3 S280
G1 F900
G1 X5.102 Y14.811
G1 X5.211 Y14.720
G1 X5.230 Y14.647
G1 X4.791 Y13.513
G1 X4.736 Y13.403
G1 X4.645 Y13.330
G1 X4.462 Y13.367
G1 X4.443 Y13.330
G1 X4.443 Y13.221
G1 X4.955 Y13.038
G1 X5.760 Y12.690
G1 X5.815 Y12.690
G1 X5.888 Y12.818
G1 X6.016 Y13.147
G1 X5.925 Y13.184
G1 X5.742 Y13.019
G1 X5.687 Y13.001
G1 X5.467 Y13.001
G1 X5.358 Y13.038
G1 X5.266 Y13.093
G1 X5.175 Y13.184
G1 X5.157 Y13.221
G1 X5.157 Y13.294
G1 X5.303 Y13.678
G1 X5.394 Y13.787
G1 X5.632 Y13.678
G1 X5.723 Y13.568
G1 X5.705 Y13.440
G1 X5.797 Y13.385
G1 X5.833 Y13.385
G1 X5.833 Y13.422
G1 X6.016 Y13.915
G1 X6.016 Y13.970
G1 X5.925 Y13.989
G1 X5.851 Y13.915
G1 X5.778 Y13.879
G1 X5.687 Y13.879
G1 X5.486 Y13.970
G1 X5.449 Y14.007
G1 X5.449 Y14.062
G1 X5.595 Y14.464
G1 X5.687 Y14.537
G1 X5.870 Y14.482
G1 X5.961 Y14.427
G1 X6.089 Y14.281
G1 X6.107 Y14.208
G1 X6.107 Y14.025
G1 X6.235 Y14.043
G1 X6.254 Y14.153
G1 X6.345 Y14.409
G1 X6.327 Y14.482
G1 X6.199 Y14.537
G1 X6.053 Y14.574
G1 X5.760 Y14.702
G1 X5.467 Y14.793
G1 X5.285 Y14.885
G1 X5.138 Y14.903
G1 X5.102 Y14.811
M5
G0 X4.041 Y9.874 F2500
M3 S280
G1 F900
G1 X4.078 Y9.819
G1 X3.785 Y9.490
G1 X3.401 Y8.905
G1 X3.273 Y8.649
G1 X3.145 Y8.283
G1 X3.054 Y8.101
G1 X3.054 Y7.991
G1 X2.871 Y7.625
G1 X2.834 Y7.497
G1 X2.597 Y7.022
G1 X2.505 Y7.003
G1 X2.542 Y7.589
G1 X2.597 Y7.643
G1 X2.542 Y7.607
G1 X2.523 Y7.735
G1 X2.542 Y7.753
G1 X2.542 Y7.899
G1 X2.633 Y8.027
G1 X2.725 Y8.283
G1 X2.889 Y8.613
G1 X3.090 Y8.942
G1 X3.419 Y9.344
G1 X3.785 Y9.691
M5
G0 X8.558 Y9.125 F2500
M3 S280
G1 F900
G1 X8.832 Y8.795
G1 X9.271 Y8.338
G1 X9.765 Y7.899
G1 X10.240 Y7.515
G1 X10.222 Y7.442
G1 X10.039 Y7.223
G1 X9.746 Y6.766
G1 X9.417 Y6.107
G1 X9.161 Y5.486
G1 X8.997 Y4.992
G1 X8.850 Y4.425
G1 X8.814 Y4.187
G1 X8.850 Y4.425
G1 X9.051 Y5.157
G1 X9.088 Y5.211
G1 X9.088 Y5.266
G1 X9.326 Y5.888
G1 X9.710 Y6.693
G1 X10.021 Y7.186
G1 X10.240 Y7.461
G1 X10.240 Y7.515
G1 X9.326 Y8.302
G1 X8.978 Y8.649
M5
G0 X9.106 Y8.686 F2500
M3 S280
G1 F900
G1 X9.673 Y8.137
G1 X10.167 Y7.717
G1 X10.350 Y7.589
G1 X10.423 Y7.497
G1 X10.075 Y7.058
G1 X9.838 Y6.674
G1 X9.563 Y6.144
G1 X9.344 Y5.595
G1 X9.563 Y6.126
G1 X9.874 Y6.729
G1 X10.149 Y7.150
G1 X10.423 Y7.479
G1 X10.405 Y7.552
G1 X9.746 Y8.082
M5
G0 X10.734 Y10.843 F2500
M3 S280
G1 F900
G1 X10.606 Y10.825
G1 X10.459 Y10.770
G1 X10.313 Y10.679
G1 X10.240 Y10.606
G1 X10.130 Y10.423
G1 X10.075 Y10.258
G1 X10.057 Y10.075
G1 X10.094 Y10.167
G1 X10.277 Y10.423
G1 X10.606 Y10.752
G1 X10.734 Y10.843
G1 X10.606 Y10.825
M5
G0 X10.843 Y10.880 F2500
M3 S280
G1 F900
G1 X10.606 Y10.843
G1 X10.459 Y10.789
G1 X10.313 Y10.697
G1 X10.222 Y10.606
G1 X10.112 Y10.423
G1 X10.057 Y10.258
G1 X10.039 Y10.149
G1 X10.057 Y10.021
G1 X10.057 Y10.057
G1 X10.112 Y10.167
G1 X10.295 Y10.423
G1 X10.606 Y10.734
G1 X10.752 Y10.843
G1 X10.843 Y10.880
G1 X10.606 Y10.843
M5
G0 X10.898 Y10.898 F2500
M3 S280
G1 F900
G1 X10.807 Y10.898
G1 X10.789 Y10.880
G1 X10.697 Y10.880
G1 X10.551 Y10.843
G1 X10.423 Y10.789
G1 X10.258 Y10.679
G1 X10.112 Y10.459
G1 X10.039 Y10.258
G1 X10.021 Y10.149
G1 X10.039 Y9.893
G1 X10.057 Y10.002
G1 X10.130 Y10.167
G1 X10.313 Y10.423
G1 X10.606 Y10.715
G1 X10.752 Y10.825
G1 X10.898 Y10.898
G1 X10.807 Y10.898
M5
G0 X11.045 Y10.898 F2500
M3 S280
G1 F900
G1 X10.807 Y10.917
G1 X10.606 Y10.880
G1 X10.423 Y10.807
G1 X10.240 Y10.679
G1 X10.094 Y10.459
G1 X10.021 Y10.258
G1 X10.002 Y10.021
G1 X10.057 Y9.783
G1 X10.057 Y9.929
G1 X10.094 Y10.057
G1 X10.149 Y10.167
G1 X10.331 Y10.423
G1 X10.697 Y10.770
G1 X10.898 Y10.880
G1 X11.045 Y10.898
G1 X10.807 Y10.917
M5
G0 X11.045 Y10.917 F2500
M3 S280
G1 F900
G1 X10.807 Y10.935
G1 X10.606 Y10.898
G1 X10.423 Y10.825
G1 X10.258 Y10.715
G1 X10.167 Y10.606
G1 X10.057 Y10.423
G1 X10.002 Y10.258
G1 X9.984 Y10.149
G1 X10.002 Y9.893
G1 X10.075 Y9.673
G1 X10.130 Y9.563
G1 X10.277 Y9.381
G1 X10.533 Y9.198
G1 X10.642 Y9.143
G1 X10.679 Y9.143
G1 X10.752 Y9.179
G1 X10.661 Y9.179
G1 X10.478 Y9.234
G1 X10.167 Y9.527
G1 X10.075 Y9.728
G1 X10.075 Y9.929
G1 X10.112 Y10.057
G1 X10.277 Y10.331
G1 X10.606 Y10.679
G1 X10.752 Y10.789
G1 X10.898 Y10.862
G1 X10.971 Y10.880
G1 X11.173 Y10.880
G1 X11.209 Y10.862
G1 X11.045 Y10.917
G1 X10.807 Y10.935
M5
G0 X11.045 Y10.935 F2500
M3 S280
G1 F900
G1 X10.807 Y10.953
G1 X10.606 Y10.917
G1 X10.423 Y10.843
G1 X10.203 Y10.679
G1 X10.057 Y10.459
G1 X9.984 Y10.258
G1 X9.966 Y10.149
G1 X9.984 Y9.893
G1 X10.057 Y9.673
G1 X10.112 Y9.563
G1 X10.277 Y9.362
G1 X10.533 Y9.179
G1 X10.642 Y9.125
G1 X10.734 Y9.143
G1 X10.862 Y9.216
G1 X10.807 Y9.216
G1 X10.789 Y9.198
G1 X10.661 Y9.198
G1 X10.478 Y9.253
G1 X10.185 Y9.527
G1 X10.094 Y9.728
G1 X10.094 Y9.929
G1 X10.130 Y10.057
G1 X10.185 Y10.167
G1 X10.368 Y10.423
G1 X10.606 Y10.661
G1 X10.752 Y10.770
G1 X10.898 Y10.843
G1 X10.971 Y10.862
G1 X11.173 Y10.862
G1 X11.246 Y10.843
G1 X11.355 Y10.789
G1 X11.630 Y10.514
G1 X11.703 Y10.350
G1 X11.703 Y10.149
G1 X11.666 Y10.057
G1 X11.758 Y10.167
G1 X11.813 Y10.277
G1 X11.721 Y10.423
G1 X11.520 Y10.679
G1 X11.319 Y10.825
G1 X11.173 Y10.898
G1 X11.045 Y10.935
G1 X10.807 Y10.953
M5
G0 X11.045 Y10.953 F2500
M3 S280
G1 F900
G1 X10.807 Y10.971
G1 X10.606 Y10.935
G1 X10.423 Y10.862
G1 X10.258 Y10.752
G1 X10.185 Y10.679
G1 X10.039 Y10.459
G1 X9.966 Y10.258
G1 X9.947 Y10.149
G1 X9.966 Y9.893
G1 X10.039 Y9.673
G1 X10.094 Y9.563
G1 X10.277 Y9.344
G1 X10.533 Y9.161
G1 X10.642 Y9.106
G1 X10.734 Y9.125
G1 X10.971 Y9.271
G1 X10.789 Y9.216
G1 X10.661 Y9.216
G1 X10.478 Y9.271
G1 X10.203 Y9.527
G1 X10.112 Y9.728
G1 X10.112 Y9.929
G1 X10.149 Y10.057
G1 X10.203 Y10.167
G1 X10.386 Y10.423
G1 X10.606 Y10.642
G1 X10.752 Y10.752
G1 X10.898 Y10.825
G1 X10.971 Y10.843
G1 X11.173 Y10.843
G1 X11.246 Y10.825
G1 X11.355 Y10.770
G1 X11.611 Y10.514
G1 X11.685 Y10.350
G1 X11.685 Y10.149
G1 X11.630 Y10.002
G1 X11.666 Y10.021
G1 X11.776 Y10.167
G1 X11.831 Y10.277
G1 X11.739 Y10.423
G1 X11.520 Y10.697
G1 X11.319 Y10.843
G1 X11.173 Y10.917
G1 X11.045 Y10.953
G1 X10.807 Y10.971
M5
G0 X11.045 Y10.971 F2500
M3 S280
G1 F900
G1 X10.807 Y10.990
G1 X10.606 Y10.953
G1 X10.423 Y10.880
G1 X10.258 Y10.770
G1 X10.167 Y10.679
G1 X10.021 Y10.459
G1 X9.947 Y10.258
G1 X9.929 Y10.149
G1 X9.947 Y9.893
G1 X10.021 Y9.673
G1 X10.075 Y9.563
G1 X10.277 Y9.326
G1 X10.533 Y9.143
G1 X10.642 Y9.088
G1 X10.734 Y9.106
G1 X10.971 Y9.253
G1 X10.990 Y9.289
G1 X10.789 Y9.234
G1 X10.661 Y9.234
G1 X10.478 Y9.289
G1 X10.222 Y9.527
G1 X10.130 Y9.728
G1 X10.130 Y9.929
G1 X10.167 Y10.057
G1 X10.222 Y10.167
G1 X10.405 Y10.423
G1 X10.606 Y10.624
G1 X10.752 Y10.734
G1 X10.898 Y10.807
G1 X10.971 Y10.825
G1 X11.173 Y10.825
G1 X11.355 Y10.752
G1 X11.593 Y10.514
G1 X11.666 Y10.350
G1 X11.666 Y10.149
G1 X11.593 Y9.966
G1 X11.648 Y9.984
G1 X11.831 Y10.222
G1 X11.849 Y10.277
G1 X11.758 Y10.423
G1 X11.520 Y10.715
G1 X11.319 Y10.862
G1 X11.173 Y10.935
G1 X11.045 Y10.971
G1 X10.807 Y10.990
M5
G0 X11.045 Y10.990 F2500
M3 S280
G1 F900
G1 X10.807 Y11.008
G1 X10.606 Y10.971
G1 X10.423 Y10.898
G1 X10.258 Y10.789
G1 X10.149 Y10.679
G1 X10.002 Y10.459
G1 X9.929 Y10.258
G1 X9.911 Y10.149
G1 X9.929 Y9.893
G1 X10.002 Y9.673
G1 X10.057 Y9.563
G1 X10.167 Y9.417
G1 X10.277 Y9.307
G1 X10.533 Y9.125
G1 X10.642 Y9.070
G1 X10.734 Y9.088
G1 X10.971 Y9.234
G1 X11.008 Y9.271
G1 X11.008 Y9.307
G1 X10.953 Y9.307
G1 X10.880 Y9.271
G1 X10.789 Y9.253
G1 X10.661 Y9.253
G1 X10.514 Y9.289
G1 X10.423 Y9.344
G1 X10.240 Y9.527
G1 X10.149 Y9.728
G1 X10.149 Y9.929
G1 X10.185 Y10.057
G1 X10.240 Y10.167
G1 X10.423 Y10.423
G1 X10.606 Y10.606
G1 X10.752 Y10.715
G1 X10.898 Y10.789
G1 X10.971 Y10.807
G1 X11.173 Y10.807
G1 X11.355 Y10.734
G1 X11.575 Y10.514
G1 X11.648 Y10.350
G1 X11.648 Y10.149
G1 X11.575 Y9.966
G1 X11.611 Y9.947
G1 X11.703 Y10.021
G1 X11.849 Y10.222
G1 X11.867 Y10.277
G1 X11.666 Y10.569
G1 X11.520 Y10.734
G1 X11.319 Y10.880
G1 X11.173 Y10.953
G1 X11.045 Y10.990
G1 X10.807 Y11.008
M5
G0 X11.045 Y11.008 F2500
M3 S280
G1 F900
G1 X10.807 Y11.026
G1 X10.606 Y10.990
G1 X10.423 Y10.917
G1 X10.258 Y10.807
G1 X10.130 Y10.679
G1 X9.984 Y10.459
G1 X9.911 Y10.258
G1 X9.893 Y10.149
G1 X9.911 Y9.893
G1 X9.984 Y9.673
G1 X10.039 Y9.563
G1 X10.149 Y9.417
G1 X10.277 Y9.289
G1 X10.533 Y9.106
G1 X10.642 Y9.051
G1 X10.734 Y9.070
G1 X11.026 Y9.253
G1 X11.026 Y9.326
G1 X10.953 Y9.326
G1 X10.880 Y9.289
G1 X10.789 Y9.271
G1 X10.661 Y9.271
G1 X10.514 Y9.307
G1 X10.423 Y9.362
G1 X10.258 Y9.527
G1 X10.167 Y9.728
G1 X10.167 Y9.929
G1 X10.203 Y10.057
G1 X10.258 Y10.167
G1 X10.441 Y10.423
G1 X10.606 Y10.587
G1 X10.752 Y10.697
G1 X10.898 Y10.770
G1 X10.971 Y10.789
G1 X11.173 Y10.789
G1 X11.355 Y10.715
G1 X11.557 Y10.514
G1 X11.630 Y10.350
G1 X11.630 Y10.149
G1 X11.557 Y9.947
G1 X11.611 Y9.929
G1 X11.721 Y10.021
G1 X11.867 Y10.222
G1 X11.886 Y10.277
G1 X11.685 Y10.569
G1 X11.520 Y10.752
G1 X11.319 Y10.898
G1 X11.173 Y10.971
G1 X11.045 Y11.008
G1 X10.807 Y11.026
M5
G0 X11.045 Y11.026 F2500
M3 S280
G1 F900
G1 X10.807 Y11.045
G1 X10.606 Y11.008
G1 X10.423 Y10.935
G1 X10.258 Y10.825
G1 X10.112 Y10.679
G1 X9.966 Y10.459
G1 X9.893 Y10.258
G1 X9.874 Y10.149
G1 X9.893 Y9.893
G1 X9.966 Y9.673
G1 X10.021 Y9.563
G1 X10.130 Y9.417
G1 X10.277 Y9.271
G1 X10.533 Y9.088
G1 X10.642 Y9.033
G1 X10.734 Y9.051
G1 X11.026 Y9.234
G1 X11.026 Y9.344
G1 X10.953 Y9.344
G1 X10.880 Y9.307
G1 X10.789 Y9.289
G1 X10.661 Y9.289
G1 X10.514 Y9.326
G1 X10.423 Y9.381
G1 X10.277 Y9.527
G1 X10.185 Y9.728
G1 X10.185 Y9.929
G1 X10.222 Y10.057
G1 X10.386 Y10.331
G1 X10.606 Y10.569
G1 X10.752 Y10.679
G1 X10.898 Y10.752
G1 X10.971 Y10.770
G1 X11.173 Y10.770
G1 X11.355 Y10.697
G1 X11.538 Y10.514
G1 X11.611 Y10.350
G1 X11.611 Y10.149
G1 X11.557 Y9.984
G1 X11.557 Y9.929
G1 X11.611 Y9.911
G1 X11.739 Y10.021
G1 X11.886 Y10.222
G1 X11.904 Y10.277
G1 X11.703 Y10.569
G1 X11.520 Y10.770
G1 X11.319 Y10.917
G1 X11.173 Y10.990
G1 X11.045 Y11.026
G1 X10.807 Y11.045
M5
G0 X11.045 Y11.045 F2500
M3 S280
G1 F900
G1 X10.807 Y11.063
G1 X10.606 Y11.026
G1 X10.423 Y10.953
G1 X10.258 Y10.843
G1 X10.094 Y10.679
G1 X9.929 Y10.423
G1 X9.874 Y10.258
G1 X9.856 Y10.149
G1 X9.874 Y9.893
G1 X9.947 Y9.673
G1 X10.002 Y9.563
G1 X10.112 Y9.417
G1 X10.277 Y9.253
G1 X10.533 Y9.070
G1 X10.642 Y9.015
G1 X10.734 Y9.033
G1 X11.026 Y9.216
G1 X11.063 Y9.253
G1 X11.063 Y9.326
G1 X11.045 Y9.362
G1 X10.953 Y9.362
G1 X10.880 Y9.326
G1 X10.789 Y9.307
G1 X10.661 Y9.307
G1 X10.514 Y9.344
G1 X10.423 Y9.399
G1 X10.295 Y9.527
G1 X10.203 Y9.728
G1 X10.203 Y9.929
G1 X10.240 Y10.057
G1 X10.405 Y10.331
G1 X10.606 Y10.551
G1 X10.752 Y10.661
G1 X10.898 Y10.734
G1 X10.971 Y10.752
G1 X11.173 Y10.752
G1 X11.355 Y10.679
G1 X11.520 Y10.514
G1 X11.593 Y10.350
G1 X11.593 Y10.149
G1 X11.520 Y9.947
G1 X11.557 Y9.911
G1 X11.611 Y9.893
G1 X11.758 Y10.021
G1 X11.904 Y10.222
G1 X11.922 Y10.277
G1 X11.721 Y10.569
G1 X11.520 Y10.789
G1 X11.319 Y10.935
G1 X11.173 Y11.008
G1 X11.045 Y11.045
G1 X10.807 Y11.063
M5
G0 X11.045 Y11.063 F2500
M3 S280
G1 F900
G1 X10.807 Y11.081
G1 X10.606 Y11.045
G1 X10.423 Y10.971
G1 X10.258 Y10.862
G1 X10.021 Y10.606
G1 X9.911 Y10.423
G1 X9.856 Y10.258
G1 X9.838 Y10.149
G1 X9.856 Y9.893
G1 X9.929 Y9.673
G1 X9.984 Y9.563
G1 X10.094 Y9.417
G1 X10.277 Y9.234
G1 X10.533 Y9.051
G1 X10.642 Y8.997
G1 X10.734 Y9.015
G1 X11.026 Y9.198
G1 X11.081 Y9.253
G1 X11.081 Y9.326
G1 X11.063 Y9.362
G1 X10.953 Y9.381
G1 X10.880 Y9.344
G1 X10.789 Y9.326
G1 X10.661 Y9.326
G1 X10.514 Y9.362
G1 X10.423 Y9.417
G1 X10.313 Y9.527
G1 X10.222 Y9.728
G1 X10.222 Y9.929
G1 X10.258 Y10.057
G1 X10.423 Y10.331
G1 X10.606 Y10.533
G1 X10.752 Y10.642
G1 X10.898 Y10.715
G1 X10.971 Y10.734
G1 X11.173 Y10.734
G1 X11.355 Y10.661
G1 X11.502 Y10.514
G1 X11.575 Y10.350
G1 X11.575 Y10.149
G1 X11.502 Y9.947
G1 X11.557 Y9.893
G1 X11.611 Y9.874
G1 X11.776 Y10.021
G1 X11.922 Y10.222
G1 X11.941 Y10.277
G1 X11.739 Y10.569
G1 X11.520 Y10.807
G1 X11.319 Y10.953
G1 X11.173 Y11.026
G1 X11.045 Y11.063
G1 X10.807 Y11.081
M5
G0 X11.666 Y10.459 F2500
M3 S280
G1 F900
G1 X11.721 Y10.350
G1 X11.703 Y10.130
G1 X11.776 Y10.222
G1 X11.794 Y10.277
G1 X11.666 Y10.459
G1 X11.721 Y10.350
M5
G0 X11.739 Y10.331 F2500
M3 S280
G1 F900
G1 X11.739 Y10.203
G1 X11.758 Y10.240
G1 X11.739 Y10.331
G1 X11.739 Y10.203
M5
G0 X12.270 Y9.838 F2500
M3 S280
G1 F900
G1 X12.233 Y9.819
G1 X12.215 Y9.765
G1 X12.233 Y9.618
G1 X12.069 Y9.454
G1 X11.575 Y9.125
G1 X11.191 Y8.832
G1 X11.118 Y8.795
G1 X10.971 Y8.795
G1 X10.917 Y8.832
G1 X10.862 Y8.832
G1 X10.807 Y8.795
G1 X10.880 Y8.649
G1 X11.227 Y8.192
G1 X11.264 Y8.192
G1 X11.355 Y8.247
G1 X11.301 Y8.338
G1 X11.319 Y8.375
G1 X11.575 Y8.594
G1 X11.831 Y8.777
G1 X11.867 Y8.777
G1 X11.941 Y8.704
G1 X12.215 Y8.302
G1 X12.233 Y8.247
G1 X12.160 Y8.174
G1 X12.050 Y8.119
G1 X11.776 Y7.918
G1 X11.666 Y7.863
G1 X11.575 Y7.918
G1 X11.502 Y7.918
G1 X11.447 Y7.881
G1 X11.758 Y7.406
G1 X11.813 Y7.296
G1 X11.886 Y7.278
G1 X11.959 Y7.296
G1 X11.922 Y7.387
G1 X11.941 Y7.461
G1 X12.123 Y7.643
G1 X12.891 Y8.155
G1 X13.074 Y8.302
G1 X13.129 Y8.320
G1 X13.275 Y8.229
G1 X13.385 Y8.283
G1 X13.129 Y8.704
G1 X12.983 Y8.905
G1 X12.928 Y8.923
G1 X12.855 Y8.887
G1 X12.873 Y8.722
G1 X12.763 Y8.613
G1 X12.453 Y8.393
G1 X12.416 Y8.393
G1 X12.361 Y8.448
G1 X12.087 Y8.850
G1 X12.069 Y8.923
G1 X12.507 Y9.253
G1 X12.581 Y9.234
G1 X12.672 Y9.161
G1 X12.709 Y9.179
G1 X12.745 Y9.234
G1 X12.654 Y9.381
G1 X12.453 Y9.618
G1 X12.325 Y9.819
G1 X12.270 Y9.838
G1 X12.233 Y9.819
M5
G0 X12.270 Y9.783 F2500
M3 S280
G1 F900
G1 X12.288 Y9.618
G1 X12.069 Y9.399
G1 X11.575 Y9.070
G1 X11.191 Y8.777
G1 X11.118 Y8.741
G1 X10.971 Y8.741
G1 X10.917 Y8.777
G1 X10.862 Y8.777
G1 X10.935 Y8.649
G1 X11.227 Y8.247
G1 X11.282 Y8.283
G1 X11.246 Y8.338
G1 X11.264 Y8.375
G1 X11.410 Y8.521
G1 X11.831 Y8.832
G1 X11.867 Y8.832
G1 X11.995 Y8.704
G1 X12.270 Y8.302
G1 X12.288 Y8.247
G1 X12.160 Y8.119
G1 X12.050 Y8.064
G1 X11.776 Y7.863
G1 X11.666 Y7.808
G1 X11.575 Y7.863
G1 X11.520 Y7.863
G1 X11.538 Y7.808
G1 X11.867 Y7.314
G1 X11.886 Y7.369
G1 X11.867 Y7.387
G1 X11.867 Y7.424
G1 X11.886 Y7.461
G1 X12.123 Y7.698
G1 X12.891 Y8.210
G1 X13.074 Y8.357
G1 X13.129 Y8.375
G1 X13.275 Y8.283
G1 X13.312 Y8.302
G1 X13.221 Y8.448
G1 X13.184 Y8.539
G1 X13.019 Y8.759
G1 X12.983 Y8.832
G1 X12.910 Y8.832
G1 X12.928 Y8.722
G1 X12.763 Y8.558
G1 X12.453 Y8.338
G1 X12.416 Y8.338
G1 X12.306 Y8.448
G1 X12.032 Y8.850
G1 X12.014 Y8.923
G1 X12.123 Y9.033
G1 X12.507 Y9.307
G1 X12.581 Y9.289
G1 X12.635 Y9.234
G1 X12.690 Y9.234
G1 X12.599 Y9.381
G1 X12.453 Y9.545
G1 X12.306 Y9.765
G1 X12.270 Y9.783
G1 X12.288 Y9.618
M5
G0 X12.343 Y9.600 F2500
M3 S280
G1 F900
G1 X12.069 Y9.326
G1 X11.575 Y8.997
G1 X11.191 Y8.704
G1 X11.045 Y8.649
G1 X11.008 Y8.667
G1 X11.154 Y8.448
G1 X11.209 Y8.393
G1 X11.410 Y8.594
G1 X11.831 Y8.905
G1 X11.867 Y8.905
G1 X12.069 Y8.704
G1 X12.343 Y8.302
G1 X12.361 Y8.247
G1 X12.160 Y8.046
G1 X12.050 Y7.991
G1 X11.776 Y7.790
G1 X11.648 Y7.753
G1 X11.831 Y7.479
G1 X12.197 Y7.826
G1 X12.891 Y8.283
G1 X13.074 Y8.430
G1 X13.147 Y8.430
G1 X13.184 Y8.411
G1 X13.147 Y8.448
G1 X13.111 Y8.539
G1 X13.001 Y8.704
G1 X12.763 Y8.485
G1 X12.453 Y8.265
G1 X12.416 Y8.265
G1 X12.233 Y8.448
G1 X11.959 Y8.850
G1 X11.941 Y8.923
G1 X12.123 Y9.106
G1 X12.343 Y9.271
G1 X12.526 Y9.381
G1 X12.343 Y9.600
G1 X12.069 Y9.326
M5
G0 X12.343 Y9.509 F2500
M3 S280
G1 F900
G1 X12.069 Y9.253
G1 X11.575 Y8.923
G1 X11.191 Y8.631
G1 X11.136 Y8.613
G1 X11.136 Y8.576
G1 X11.191 Y8.503
G1 X11.227 Y8.485
G1 X11.410 Y8.667
G1 X11.831 Y8.978
G1 X11.904 Y8.960
G1 X12.123 Y9.179
G1 X12.434 Y9.399
G1 X12.343 Y9.509
G1 X12.069 Y9.253
M5
G0 X12.343 Y9.527 F2500
M3 S280
G1 F900
G1 X12.069 Y9.271
G1 X11.575 Y8.942
G1 X11.191 Y8.649
G1 X11.099 Y8.613
G1 X11.209 Y8.448
G1 X11.502 Y8.722
G1 X11.831 Y8.960
G1 X11.904 Y8.942
G1 X12.123 Y9.161
G1 X12.343 Y9.326
G1 X12.416 Y9.362
G1 X12.453 Y9.399
G1 X12.343 Y9.527
G1 X12.069 Y9.271
M5
G0 X12.343 Y9.563 F2500
M3 S280
G1 F900
G1 X12.069 Y9.289
G1 X11.575 Y8.960
G1 X11.191 Y8.667
G1 X11.118 Y8.631
G1 X11.063 Y8.631
G1 X11.209 Y8.430
G1 X11.502 Y8.704
G1 X11.831 Y8.942
G1 X11.867 Y8.942
G1 X11.904 Y8.905
G1 X12.123 Y9.143
G1 X12.343 Y9.307
G1 X12.471 Y9.381
G1 X12.343 Y9.563
G1 X12.069 Y9.289
M5
G0 X12.343 Y9.582 F2500
M3 S280
G1 F900
G1 X12.069 Y9.307
G1 X11.575 Y8.978
G1 X11.191 Y8.686
G1 X11.045 Y8.631
G1 X11.136 Y8.521
G1 X11.173 Y8.448
G1 X11.209 Y8.411
G1 X11.410 Y8.613
G1 X11.831 Y8.923
G1 X11.867 Y8.923
G1 X11.977 Y8.814
G1 X11.941 Y8.850
G1 X11.922 Y8.923
G1 X12.123 Y9.125
G1 X12.343 Y9.289
G1 X12.471 Y9.362
G1 X12.489 Y9.399
G1 X12.343 Y9.582
G1 X12.069 Y9.307
M5
G0 X12.343 Y9.637 F2500
M3 S280
G1 F900
G1 X12.069 Y9.344
G1 X11.575 Y9.015
G1 X11.191 Y8.722
G1 X11.118 Y8.686
G1 X11.008 Y8.686
G1 X10.953 Y8.704
G1 X11.209 Y8.357
G1 X11.410 Y8.576
G1 X11.831 Y8.887
G1 X11.867 Y8.887
G1 X12.050 Y8.704
G1 X12.325 Y8.302
G1 X12.343 Y8.247
G1 X12.160 Y8.064
G1 X12.050 Y8.009
G1 X11.776 Y7.808
G1 X11.648 Y7.771
G1 X11.611 Y7.790
G1 X11.831 Y7.442
G1 X12.123 Y7.753
G1 X12.891 Y8.265
G1 X13.074 Y8.411
G1 X13.129 Y8.430
G1 X13.221 Y8.375
G1 X13.166 Y8.448
G1 X13.129 Y8.539
G1 X12.983 Y8.741
G1 X12.763 Y8.503
G1 X12.453 Y8.283
G1 X12.416 Y8.283
G1 X12.251 Y8.448
G1 X11.977 Y8.850
G1 X11.959 Y8.923
G1 X12.123 Y9.088
G1 X12.507 Y9.362
G1 X12.562 Y9.344
G1 X12.343 Y9.637
G1 X12.069 Y9.344
M5
G0 X12.325 Y9.691 F2500
M3 S280
G1 F900
G1 X12.325 Y9.618
G1 X12.069 Y9.362
G1 X11.575 Y9.033
G1 X11.191 Y8.741
G1 X11.118 Y8.704
G1 X10.971 Y8.704
G1 X10.917 Y8.741
G1 X11.246 Y8.283
G1 X11.209 Y8.338
G1 X11.227 Y8.375
G1 X11.410 Y8.558
G1 X11.831 Y8.869
G1 X11.867 Y8.869
G1 X12.032 Y8.704
G1 X12.306 Y8.302
G1 X12.325 Y8.247
G1 X12.160 Y8.082
G1 X12.050 Y8.027
G1 X11.776 Y7.826
G1 X11.666 Y7.771
G1 X11.575 Y7.826
G1 X11.831 Y7.424
G1 X12.123 Y7.735
G1 X12.891 Y8.247
G1 X13.074 Y8.393
G1 X13.129 Y8.411
G1 X13.275 Y8.320
G1 X13.184 Y8.448
G1 X13.147 Y8.539
G1 X12.965 Y8.795
G1 X12.965 Y8.722
G1 X12.763 Y8.521
G1 X12.453 Y8.302
G1 X12.416 Y8.302
G1 X12.270 Y8.448
G1 X11.995 Y8.850
G1 X11.977 Y8.923
G1 X12.123 Y9.070
G1 X12.507 Y9.344
G1 X12.581 Y9.326
G1 X12.635 Y9.271
G1 X12.562 Y9.381
G1 X12.416 Y9.545
G1 X12.325 Y9.691
G1 X12.325 Y9.618
M5
G0 X12.306 Y9.728 F2500
M3 S280
G1 F900
G1 X12.306 Y9.618
G1 X12.069 Y9.381
G1 X11.575 Y9.051
G1 X11.191 Y8.759
G1 X11.118 Y8.722
G1 X10.971 Y8.722
G1 X10.898 Y8.759
G1 X10.917 Y8.704
G1 X11.209 Y8.302
G1 X11.264 Y8.265
G1 X11.227 Y8.338
G1 X11.246 Y8.375
G1 X11.410 Y8.539
G1 X11.831 Y8.850
G1 X11.867 Y8.850
G1 X12.014 Y8.704
G1 X12.288 Y8.302
G1 X12.306 Y8.247
G1 X12.160 Y8.101
G1 X12.050 Y8.046
G1 X11.776 Y7.845
G1 X11.666 Y7.790
G1 X11.575 Y7.845
G1 X11.538 Y7.845
G1 X11.867 Y7.333
G1 X11.867 Y7.369
G1 X11.849 Y7.387
G1 X11.867 Y7.461
G1 X12.197 Y7.771
G1 X12.891 Y8.229
G1 X13.074 Y8.375
G1 X13.129 Y8.393
G1 X13.202 Y8.338
G1 X13.294 Y8.320
G1 X13.257 Y8.357
G1 X13.166 Y8.539
G1 X13.056 Y8.704
G1 X13.001 Y8.759
G1 X12.965 Y8.832
G1 X12.928 Y8.850
G1 X12.946 Y8.722
G1 X12.763 Y8.539
G1 X12.453 Y8.320
G1 X12.416 Y8.320
G1 X12.288 Y8.448
G1 X12.014 Y8.850
G1 X11.995 Y8.923
G1 X12.123 Y9.051
G1 X12.507 Y9.326
G1 X12.581 Y9.307
G1 X12.672 Y9.234
G1 X12.581 Y9.381
G1 X12.434 Y9.545
G1 X12.306 Y9.728
G1 X12.306 Y9.618
M5
G0 X12.288 Y9.801 F2500
M3 S280
G1 F900
G1 X12.251 Y9.765
G1 X12.270 Y9.618
G1 X12.069 Y9.417
G1 X11.575 Y9.088
G1 X11.191 Y8.795
G1 X11.118 Y8.759
G1 X10.971 Y8.759
G1 X10.917 Y8.795
G1 X10.843 Y8.777
G1 X10.917 Y8.649
G1 X11.209 Y8.247
G1 X11.264 Y8.229
G1 X11.301 Y8.247
G1 X11.301 Y8.283
G1 X11.264 Y8.338
G1 X11.282 Y8.375
G1 X11.410 Y8.503
G1 X11.831 Y8.814
G1 X11.867 Y8.814
G1 X11.977 Y8.704
G1 X12.251 Y8.302
G1 X12.270 Y8.247
G1 X12.160 Y8.137
G1 X12.050 Y8.082
G1 X11.776 Y7.881
G1 X11.666 Y7.826
G1 X11.575 Y7.881
G1 X11.502 Y7.881
G1 X11.520 Y7.808
G1 X11.630 Y7.662
G1 X11.849 Y7.296
G1 X11.904 Y7.314
G1 X11.886 Y7.387
G1 X11.904 Y7.461
G1 X12.197 Y7.735
G1 X12.891 Y8.192
G1 X13.074 Y8.338
G1 X13.129 Y8.357
G1 X13.275 Y8.265
G1 X13.312 Y8.283
G1 X13.330 Y8.320
G1 X13.294 Y8.357
G1 X13.202 Y8.539
G1 X13.001 Y8.832
G1 X12.928 Y8.887
G1 X12.891 Y8.869
G1 X12.910 Y8.722
G1 X12.690 Y8.521
G1 X12.453 Y8.357
G1 X12.416 Y8.357
G1 X12.325 Y8.448
G1 X12.050 Y8.850
G1 X12.032 Y8.923
G1 X12.123 Y9.015
G1 X12.507 Y9.289
G1 X12.581 Y9.271
G1 X12.672 Y9.198
G1 X12.709 Y9.216
G1 X12.617 Y9.381
G1 X12.471 Y9.545
G1 X12.288 Y9.801
G1 X12.251 Y9.765
M5
G0 X12.306 Y9.819 F2500
M3 S280
G1 F900
G1 X12.233 Y9.801
G1 X12.251 Y9.618
G1 X12.069 Y9.435
G1 X11.575 Y9.106
G1 X11.191 Y8.814
G1 X11.118 Y8.777
G1 X10.971 Y8.777
G1 X10.917 Y8.814
G1 X10.862 Y8.814
G1 X10.825 Y8.777
G1 X10.898 Y8.649
G1 X11.227 Y8.210
G1 X11.264 Y8.210
G1 X11.337 Y8.247
G1 X11.282 Y8.338
G1 X11.410 Y8.485
G1 X11.831 Y8.795
G1 X11.867 Y8.795
G1 X11.959 Y8.704
G1 X12.233 Y8.302
G1 X12.251 Y8.247
G1 X12.160 Y8.155
G1 X12.050 Y8.101
G1 X11.776 Y7.899
G1 X11.666 Y7.845
G1 X11.575 Y7.899
G1 X11.465 Y7.881
G1 X11.831 Y7.296
G1 X11.867 Y7.278
G1 X11.922 Y7.296
G1 X11.904 Y7.387
G1 X11.922 Y7.461
G1 X12.123 Y7.662
G1 X12.891 Y8.174
G1 X13.074 Y8.320
G1 X13.129 Y8.338
G1 X13.275 Y8.247
G1 X13.349 Y8.283
G1 X13.349 Y8.320
G1 X13.221 Y8.539
G1 X12.965 Y8.905
G1 X12.891 Y8.887
G1 X12.873 Y8.832
G1 X12.891 Y8.722
G1 X12.763 Y8.594
G1 X12.453 Y8.375
G1 X12.416 Y8.375
G1 X12.343 Y8.448
G1 X12.069 Y8.850
G1 X12.050 Y8.923
G1 X12.123 Y8.997
G1 X12.507 Y9.271
G1 X12.581 Y9.253
G1 X12.672 Y9.179
G1 X12.709 Y9.198
G1 X12.727 Y9.234
G1 X12.635 Y9.381
G1 X12.434 Y9.618
G1 X12.306 Y9.819
G1 X12.233 Y9.801
M5
G0 X12.306 Y9.856 F2500
M3 S280
G1 F900
G1 X12.270 Y9.856
G1 X12.197 Y9.801
G1 X12.215 Y9.618
G1 X12.069 Y9.472
G1 X11.575 Y9.143
G1 X11.191 Y8.850
G1 X11.118 Y8.814
G1 X10.971 Y8.814
G1 X10.917 Y8.850
G1 X10.862 Y8.850
G1 X10.807 Y8.814
G1 X10.789 Y8.777
G1 X10.862 Y8.649
G1 X11.154 Y8.247
G1 X11.227 Y8.174
G1 X11.264 Y8.174
G1 X11.374 Y8.247
G1 X11.319 Y8.338
G1 X11.410 Y8.448
G1 X11.831 Y8.759
G1 X11.867 Y8.759
G1 X11.922 Y8.704
G1 X12.197 Y8.302
G1 X12.215 Y8.247
G1 X12.160 Y8.192
G1 X12.105 Y8.174
G1 X11.776 Y7.936
G1 X11.666 Y7.881
G1 X11.575 Y7.936
G1 X11.502 Y7.936
G1 X11.429 Y7.899
G1 X11.465 Y7.808
G1 X11.831 Y7.241
G1 X11.922 Y7.259
G1 X11.977 Y7.296
G1 X11.941 Y7.424
G1 X11.959 Y7.461
G1 X12.123 Y7.625
G1 X12.891 Y8.137
G1 X13.074 Y8.283
G1 X13.129 Y8.302
G1 X13.275 Y8.210
G1 X13.403 Y8.283
G1 X13.294 Y8.448
G1 X13.257 Y8.539
G1 X12.965 Y8.942
G1 X12.928 Y8.942
G1 X12.855 Y8.905
G1 X12.837 Y8.832
G1 X12.855 Y8.722
G1 X12.763 Y8.631
G1 X12.453 Y8.411
G1 X12.416 Y8.411
G1 X12.379 Y8.448
G1 X12.270 Y8.631
G1 X12.105 Y8.850
G1 X12.087 Y8.923
G1 X12.507 Y9.234
G1 X12.581 Y9.216
G1 X12.672 Y9.143
G1 X12.709 Y9.161
G1 X12.763 Y9.234
G1 X12.672 Y9.381
G1 X12.526 Y9.545
G1 X12.306 Y9.856
G1 X12.270 Y9.856
M5
G0 X12.983 Y8.667 F2500
M3 S280
G1 F900
G1 X12.690 Y8.393
G1 X12.453 Y8.229
G1 X12.398 Y8.247
G1 X12.160 Y8.009
G1 X12.050 Y7.954
G1 X11.886 Y7.826
G1 X11.721 Y7.735
G1 X11.721 Y7.698
G1 X11.813 Y7.552
G1 X11.849 Y7.534
G1 X12.123 Y7.808
G1 X13.093 Y8.466
G1 X13.074 Y8.539
G1 X12.983 Y8.667
G1 X12.690 Y8.393
M5
G0 X13.001 Y8.594 F2500
M3 S280
G1 F900
G1 X12.453 Y8.192
G1 X12.398 Y8.210
G1 X12.160 Y7.973
G1 X12.050 Y7.918
G1 X11.758 Y7.717
G1 X11.849 Y7.570
G1 X12.123 Y7.845
G1 X13.019 Y8.448
G1 X13.056 Y8.503
G1 X13.001 Y8.594
G1 X12.453 Y8.192
M5
G0 X12.983 Y8.649 F2500
M3 S280
G1 F900
G1 X12.690 Y8.375
G1 X12.453 Y8.210
G1 X12.398 Y8.229
G1 X12.160 Y7.991
G1 X12.050 Y7.936
G1 X11.758 Y7.735
G1 X11.739 Y7.698
G1 X11.831 Y7.552
G1 X12.197 Y7.881
G1 X13.019 Y8.430
G1 X13.074 Y8.503
G1 X12.983 Y8.649
G1 X12.690 Y8.375
M5
G0 X13.019 Y8.649 F2500
M3 S280
G1 F900
G1 X12.983 Y8.686
G1 X12.763 Y8.466
G1 X12.453 Y8.247
G1 X12.416 Y8.247
G1 X12.325 Y8.338
G1 X12.361 Y8.302
G1 X12.379 Y8.247
G1 X12.160 Y8.027
G1 X12.050 Y7.973
G1 X11.721 Y7.753
G1 X11.703 Y7.698
G1 X11.831 Y7.497
G1 X12.197 Y7.845
G1 X12.891 Y8.302
G1 X13.074 Y8.448
G1 X13.129 Y8.466
G1 X13.019 Y8.649
G1 X12.983 Y8.686
M5
G0 X13.568 Y7.936 F2500
M3 S280
G1 F900
G1 X13.495 Y7.899
G1 X13.477 Y7.826
G1 X13.495 Y7.735
G1 X13.422 Y7.662
G1 X12.818 Y7.333
G1 X12.343 Y7.040
G1 X12.251 Y7.003
G1 X12.178 Y7.022
G1 X12.123 Y7.077
G1 X12.069 Y7.077
G1 X11.995 Y7.040
G1 X11.977 Y6.985
G1 X12.306 Y6.382
G1 X12.398 Y6.382
G1 X12.471 Y6.418
G1 X12.471 Y6.583
G1 X12.507 Y6.619
G1 X13.678 Y7.278
G1 X13.714 Y7.278
G1 X13.806 Y7.205
G1 X13.934 Y7.241
G1 X13.970 Y7.296
G1 X13.897 Y7.387
G1 X13.696 Y7.771
G1 X13.568 Y7.936
G1 X13.495 Y7.899
M5
G0 X13.568 Y7.899 F2500
M3 S280
G1 F900
G1 X13.531 Y7.881
G1 X13.513 Y7.826
G1 X13.531 Y7.735
G1 X13.422 Y7.625
G1 X13.239 Y7.515
G1 X12.946 Y7.369
G1 X12.343 Y7.003
G1 X12.215 Y6.967
G1 X12.123 Y7.040
G1 X12.032 Y7.022
G1 X12.014 Y6.985
G1 X12.087 Y6.875
G1 X12.288 Y6.473
G1 X12.343 Y6.400
G1 X12.434 Y6.437
G1 X12.434 Y6.583
G1 X12.507 Y6.656
G1 X13.330 Y7.131
G1 X13.678 Y7.314
G1 X13.714 Y7.314
G1 X13.806 Y7.241
G1 X13.934 Y7.278
G1 X13.861 Y7.387
G1 X13.714 Y7.680
G1 X13.568 Y7.899
G1 X13.531 Y7.881
M5
G0 X13.568 Y7.881 F2500
M3 S280
G1 F900
G1 X13.531 Y7.863
G1 X13.550 Y7.735
G1 X13.422 Y7.607
G1 X13.239 Y7.497
G1 X12.946 Y7.351
G1 X12.343 Y6.985
G1 X12.215 Y6.949
G1 X12.123 Y7.022
G1 X12.032 Y7.003
G1 X12.343 Y6.418
G1 X12.416 Y6.455
G1 X12.416 Y6.583
G1 X12.507 Y6.674
G1 X13.330 Y7.150
G1 X13.678 Y7.333
G1 X13.714 Y7.333
G1 X13.806 Y7.259
G1 X13.842 Y7.259
G1 X13.915 Y7.296
G1 X13.842 Y7.387
G1 X13.787 Y7.515
G1 X13.568 Y7.881
G1 X13.531 Y7.863
M5
G0 X13.568 Y7.918 F2500
M3 S280
G1 F900
G1 X13.495 Y7.881
G1 X13.513 Y7.735
G1 X13.422 Y7.643
G1 X12.818 Y7.314
G1 X12.343 Y7.022
G1 X12.251 Y6.985
G1 X12.178 Y7.003
G1 X12.123 Y7.058
G1 X12.069 Y7.058
G1 X11.995 Y7.022
G1 X11.995 Y6.985
G1 X12.325 Y6.382
G1 X12.434 Y6.418
G1 X12.453 Y6.583
G1 X12.507 Y6.638
G1 X13.330 Y7.113
G1 X13.678 Y7.296
G1 X13.714 Y7.296
G1 X13.806 Y7.223
G1 X13.934 Y7.259
G1 X13.952 Y7.296
G1 X13.879 Y7.387
G1 X13.678 Y7.771
G1 X13.568 Y7.918
G1 X13.495 Y7.881
M5
G0 X13.586 Y7.826 F2500
M3 S280
G1 F900
G1 X13.550 Y7.845
G1 X13.568 Y7.735
G1 X13.422 Y7.589
G1 X12.818 Y7.259
G1 X12.343 Y6.967
G1 X12.215 Y6.930
G1 X12.123 Y7.003
G1 X12.050 Y6.985
G1 X12.160 Y6.802
G1 X12.233 Y6.638
G1 X12.270 Y6.601
G1 X12.325 Y6.473
G1 X12.398 Y6.455
G1 X12.398 Y6.583
G1 X12.562 Y6.729
G1 X13.678 Y7.351
G1 X13.714 Y7.351
G1 X13.806 Y7.278
G1 X13.897 Y7.296
G1 X13.824 Y7.387
G1 X13.586 Y7.826
G1 X13.550 Y7.845
M5
G0 X13.586 Y7.790 F2500
M3 S280
G1 F900
G1 X13.586 Y7.735
G1 X13.422 Y7.570
G1 X12.818 Y7.241
G1 X12.343 Y6.949
G1 X12.215 Y6.912
G1 X12.123 Y6.985
G1 X12.069 Y6.985
G1 X12.343 Y6.473
G1 X12.379 Y6.473
G1 X12.379 Y6.583
G1 X12.507 Y6.711
G1 X13.330 Y7.186
G1 X13.678 Y7.369
G1 X13.714 Y7.369
G1 X13.806 Y7.296
G1 X13.861 Y7.314
G1 X13.586 Y7.790
G1 X13.586 Y7.735
M5
G0 X13.605 Y7.735 F2500
M3 S280
G1 F900
G1 X13.422 Y7.552
G1 X12.818 Y7.223
G1 X12.343 Y6.930
G1 X12.215 Y6.894
G1 X12.105 Y6.967
G1 X12.270 Y6.638
G1 X12.306 Y6.601
G1 X12.361 Y6.491
G1 X12.361 Y6.583
G1 X12.507 Y6.729
G1 X13.330 Y7.205
G1 X13.678 Y7.387
G1 X13.714 Y7.387
G1 X13.806 Y7.314
G1 X13.842 Y7.314
G1 X13.605 Y7.735
G1 X13.422 Y7.552
M5
G0 X13.568 Y7.589 F2500
M3 S280
G1 F900
G1 X13.422 Y7.442
G1 X12.818 Y7.113
G1 X12.343 Y6.821
G1 X12.306 Y6.821
G1 X12.306 Y6.784
G1 X12.361 Y6.693
G1 X12.562 Y6.875
G1 X13.330 Y7.314
G1 X13.531 Y7.406
G1 X13.641 Y7.479
G1 X13.568 Y7.589
G1 X13.422 Y7.442
M5
G0 X13.586 Y7.607 F2500
M3 S280
G1 F900
G1 X13.422 Y7.461
G1 X13.239 Y7.351
G1 X12.946 Y7.205
G1 X12.343 Y6.839
G1 X12.270 Y6.821
G1 X12.343 Y6.674
G1 X12.507 Y6.821
G1 X13.330 Y7.296
G1 X13.659 Y7.461
G1 X13.586 Y7.607
G1 X13.422 Y7.461
M5
G0 X13.586 Y7.643 F2500
M3 S280
G1 F900
G1 X13.422 Y7.479
G1 X12.818 Y7.150
G1 X12.343 Y6.857
G1 X12.306 Y6.857
G1 X12.251 Y6.821
G1 X12.343 Y6.638
G1 X12.562 Y6.839
G1 X13.330 Y7.278
G1 X13.659 Y7.442
G1 X13.678 Y7.479
G1 X13.623 Y7.552
G1 X13.586 Y7.643
G1 X13.422 Y7.479
M5
G0 X13.586 Y7.662 F2500
M3 S280
G1 F900
G1 X13.422 Y7.497
G1 X12.818 Y7.168
G1 X12.343 Y6.875
G1 X12.233 Y6.839
G1 X12.343 Y6.619
G1 X12.562 Y6.821
G1 X13.330 Y7.259
G1 X13.678 Y7.442
G1 X13.714 Y7.442
G1 X13.586 Y7.662
G1 X13.422 Y7.497
M5
G0 X13.605 Y7.680 F2500
M3 S280
G1 F900
G1 X13.422 Y7.515
G1 X13.239 Y7.406
G1 X12.946 Y7.259
G1 X12.343 Y6.894
G1 X12.251 Y6.857
G1 X12.197 Y6.875
G1 X12.306 Y6.638
G1 X12.343 Y6.601
G1 X12.562 Y6.802
G1 X13.678 Y7.424
G1 X13.714 Y7.424
G1 X13.751 Y7.387
G1 X13.605 Y7.680
G1 X13.422 Y7.515
M5
G0 X13.623 Y7.680 F2500
M3 S280
G1 F900
G1 X13.422 Y7.534
G1 X12.818 Y7.205
G1 X12.343 Y6.912
G1 X12.215 Y6.875
G1 X12.123 Y6.949
G1 X12.178 Y6.875
G1 X12.343 Y6.546
G1 X12.343 Y6.583
G1 X12.562 Y6.784
G1 X13.678 Y7.406
G1 X13.714 Y7.406
G1 X13.806 Y7.333
G1 X13.678 Y7.552
G1 X13.623 Y7.680
G1 X13.422 Y7.534
M5
G0 X14.117 Y6.912 F2500
M3 S280
G1 F900
G1 X13.714 Y6.747
G1 X13.714 Y6.693
G1 X13.751 Y6.674
G1 X13.915 Y6.656
G1 X14.025 Y6.601
G1 X14.098 Y6.528
G1 X14.171 Y6.400
G1 X14.171 Y6.345
G1 X14.098 Y6.272
G1 X13.495 Y5.998
G1 X13.275 Y5.925
G1 X12.983 Y5.778
G1 X12.873 Y5.742
G1 X12.800 Y5.760
G1 X12.709 Y5.851
G1 X12.672 Y5.851
G1 X12.599 Y5.797
G1 X12.891 Y5.138
G1 X12.965 Y5.157
G1 X12.983 Y5.303
G1 X13.074 Y5.394
G1 X13.349 Y5.522
G1 X13.550 Y5.595
G1 X13.751 Y5.705
G1 X13.952 Y5.778
G1 X14.281 Y5.943
G1 X14.336 Y5.943
G1 X14.391 Y5.888
G1 X14.427 Y5.797
G1 X14.427 Y5.669
G1 X14.373 Y5.559
G1 X14.245 Y5.413
G1 X14.226 Y5.321
G1 X14.263 Y5.303
G1 X14.336 Y5.303
G1 X14.720 Y5.467
G1 X14.720 Y5.522
G1 X14.592 Y5.778
G1 X14.555 Y5.906
G1 X14.427 Y6.162
G1 X14.208 Y6.729
G1 X14.117 Y6.912
G1 X13.714 Y6.747
M5
G0 X13.934 Y6.729 F2500
M3 S280
G1 F900
G1 X14.025 Y6.693
G1 X14.190 Y6.528
G1 X14.208 Y6.491
G1 X14.080 Y6.802
G1 X13.934 Y6.729
G1 X14.025 Y6.693
M5
G0 X14.007 Y6.729 F2500
M3 S280
G1 F900
G1 X14.117 Y6.638
G1 X14.080 Y6.693
G1 X14.062 Y6.766
G1 X14.007 Y6.729
G1 X14.117 Y6.638
M5
G0 X14.098 Y6.802 F2500
M3 S280
G1 F900
G1 X14.025 Y6.802
G1 X13.970 Y6.766
G1 X13.842 Y6.729
G1 X13.915 Y6.729
G1 X14.025 Y6.674
G1 X14.171 Y6.528
G1 X14.245 Y6.400
G1 X14.245 Y6.345
G1 X14.098 Y6.199
G1 X13.495 Y5.925
G1 X13.275 Y5.851
G1 X12.983 Y5.705
G1 X12.873 Y5.669
G1 X12.800 Y5.687
G1 X12.690 Y5.778
G1 X12.855 Y5.413
G1 X12.910 Y5.248
G1 X12.910 Y5.303
G1 X13.074 Y5.467
G1 X13.349 Y5.595
G1 X13.550 Y5.669
G1 X13.751 Y5.778
G1 X13.952 Y5.851
G1 X14.281 Y6.016
G1 X14.336 Y6.016
G1 X14.464 Y5.888
G1 X14.501 Y5.797
G1 X14.501 Y5.669
G1 X14.446 Y5.559
G1 X14.299 Y5.376
G1 X14.391 Y5.394
G1 X14.647 Y5.504
G1 X14.519 Y5.778
G1 X14.427 Y6.034
G1 X14.354 Y6.162
G1 X14.098 Y6.802
G1 X14.025 Y6.802
M5
G0 X14.098 Y6.839 F2500
M3 S280
G1 F900
G1 X14.062 Y6.839
G1 X13.970 Y6.784
G1 X13.806 Y6.729
G1 X13.842 Y6.711
G1 X13.915 Y6.711
G1 X14.025 Y6.656
G1 X14.190 Y6.473
G1 X14.226 Y6.400
G1 X14.226 Y6.345
G1 X14.098 Y6.217
G1 X13.495 Y5.943
G1 X13.275 Y5.870
G1 X12.983 Y5.723
G1 X12.873 Y5.687
G1 X12.800 Y5.705
G1 X12.709 Y5.797
G1 X12.672 Y5.797
G1 X12.672 Y5.760
G1 X12.837 Y5.413
G1 X12.873 Y5.285
G1 X12.928 Y5.193
G1 X12.928 Y5.303
G1 X13.074 Y5.449
G1 X13.349 Y5.577
G1 X13.550 Y5.650
G1 X13.751 Y5.760
G1 X13.952 Y5.833
G1 X14.281 Y5.998
G1 X14.336 Y5.998
G1 X14.446 Y5.888
G1 X14.482 Y5.797
G1 X14.482 Y5.669
G1 X14.427 Y5.559
G1 X14.299 Y5.413
G1 X14.281 Y5.358
G1 X14.391 Y5.376
G1 X14.665 Y5.522
G1 X14.537 Y5.778
G1 X14.501 Y5.906
G1 X14.373 Y6.162
G1 X14.098 Y6.839
G1 X14.062 Y6.839
M5
G0 X14.117 Y6.857 F2500
M3 S280
G1 F900
G1 X14.062 Y6.857
G1 X13.751 Y6.711
G1 X13.915 Y6.693
G1 X14.025 Y6.638
G1 X14.135 Y6.528
G1 X14.208 Y6.400
G1 X14.208 Y6.345
G1 X14.098 Y6.235
G1 X13.495 Y5.961
G1 X13.275 Y5.888
G1 X12.983 Y5.742
G1 X12.873 Y5.705
G1 X12.800 Y5.723
G1 X12.709 Y5.815
G1 X12.635 Y5.797
G1 X12.818 Y5.413
G1 X12.855 Y5.285
G1 X12.910 Y5.175
G1 X12.946 Y5.193
G1 X12.946 Y5.303
G1 X13.074 Y5.431
G1 X13.349 Y5.559
G1 X13.550 Y5.632
G1 X13.751 Y5.742
G1 X13.952 Y5.815
G1 X14.281 Y5.979
G1 X14.336 Y5.979
G1 X14.427 Y5.888
G1 X14.464 Y5.797
G1 X14.464 Y5.669
G1 X14.409 Y5.559
G1 X14.281 Y5.413
G1 X14.263 Y5.339
G1 X14.391 Y5.358
G1 X14.683 Y5.486
G1 X14.683 Y5.522
G1 X14.610 Y5.650
G1 X14.464 Y6.034
G1 X14.391 Y6.162
G1 X14.281 Y6.418
G1 X14.117 Y6.857
G1 X14.062 Y6.857
M5
G0 X14.117 Y6.894 F2500
M3 S280
G1 F900
G1 X13.787 Y6.747
G1 X13.751 Y6.747
G1 X13.714 Y6.711
G1 X13.751 Y6.693
G1 X13.915 Y6.674
G1 X14.025 Y6.619
G1 X14.117 Y6.528
G1 X14.190 Y6.400
G1 X14.190 Y6.345
G1 X14.098 Y6.254
G1 X13.495 Y5.979
G1 X13.275 Y5.906
G1 X12.983 Y5.760
G1 X12.873 Y5.723
G1 X12.800 Y5.742
G1 X12.709 Y5.833
G1 X12.617 Y5.815
G1 X12.891 Y5.175
G1 X12.928 Y5.157
G1 X12.965 Y5.175
G1 X12.965 Y5.303
G1 X13.074 Y5.413
G1 X13.349 Y5.541
G1 X13.550 Y5.614
G1 X13.751 Y5.723
G1 X13.952 Y5.797
G1 X14.281 Y5.961
G1 X14.336 Y5.961
G1 X14.409 Y5.888
G1 X14.446 Y5.797
G1 X14.446 Y5.669
G1 X14.391 Y5.559
G1 X14.263 Y5.413
G1 X14.245 Y5.376
G1 X14.263 Y5.321
G1 X14.336 Y5.321
G1 X14.610 Y5.449
G1 X14.702 Y5.467
G1 X14.702 Y5.522
G1 X14.647 Y5.614
G1 X14.482 Y6.034
G1 X14.409 Y6.162
G1 X14.117 Y6.894
G1 X13.787 Y6.747
M5
G0 X13.970 Y6.729 F2500
M3 S280
G1 F900
G1 X14.025 Y6.711
G1 X14.153 Y6.583
G1 X14.062 Y6.784
G1 X13.970 Y6.729
G1 X14.025 Y6.711
M5
G0 X14.135 Y6.930 F2500
M3 S280
G1 F900
G1 X13.678 Y6.747
G1 X13.696 Y6.674
G1 X13.915 Y6.638
G1 X14.025 Y6.583
G1 X14.080 Y6.528
G1 X14.153 Y6.400
G1 X14.153 Y6.345
G1 X14.098 Y6.290
G1 X13.495 Y6.016
G1 X13.275 Y5.943
G1 X12.983 Y5.797
G1 X12.873 Y5.760
G1 X12.800 Y5.778
G1 X12.709 Y5.870
G1 X12.581 Y5.833
G1 X12.581 Y5.797
G1 X12.654 Y5.669
G1 X12.800 Y5.285
G1 X12.873 Y5.138
G1 X12.928 Y5.120
G1 X13.001 Y5.157
G1 X13.001 Y5.303
G1 X13.074 Y5.376
G1 X13.349 Y5.504
G1 X13.550 Y5.577
G1 X13.751 Y5.687
G1 X13.952 Y5.760
G1 X14.281 Y5.925
G1 X14.336 Y5.925
G1 X14.373 Y5.888
G1 X14.409 Y5.797
G1 X14.409 Y5.669
G1 X14.354 Y5.559
G1 X14.226 Y5.413
G1 X14.208 Y5.376
G1 X14.226 Y5.303
G1 X14.263 Y5.285
G1 X14.336 Y5.285
G1 X14.610 Y5.413
G1 X14.738 Y5.449
G1 X14.738 Y5.522
G1 X14.610 Y5.778
G1 X14.574 Y5.906
G1 X14.446 Y6.162
G1 X14.135 Y6.930
G1 X13.678 Y6.747
M5
G0 X14.153 Y6.930 F2500
M3 S280
G1 F900
G1 X14.062 Y6.930
G1 X13.970 Y6.875
G1 X13.751 Y6.802
G1 X13.678 Y6.766
G1 X13.659 Y6.711
G1 X13.678 Y6.674
G1 X13.751 Y6.638
G1 X13.915 Y6.619
G1 X14.025 Y6.565
G1 X14.135 Y6.400
G1 X14.135 Y6.345
G1 X14.098 Y6.309
G1 X13.495 Y6.034
G1 X13.275 Y5.961
G1 X12.983 Y5.815
G1 X12.873 Y5.778
G1 X12.800 Y5.797
G1 X12.709 Y5.888
G1 X12.581 Y5.851
G1 X12.562 Y5.797
G1 X12.635 Y5.669
G1 X12.782 Y5.285
G1 X12.873 Y5.102
G1 X12.928 Y5.102
G1 X13.001 Y5.138
G1 X13.019 Y5.303
G1 X13.074 Y5.358
G1 X13.349 Y5.486
G1 X13.550 Y5.559
G1 X13.751 Y5.669
G1 X13.952 Y5.742
G1 X14.281 Y5.906
G1 X14.354 Y5.888
G1 X14.391 Y5.797
G1 X14.391 Y5.669
G1 X14.336 Y5.559
G1 X14.208 Y5.413
G1 X14.190 Y5.321
G1 X14.263 Y5.266
G1 X14.336 Y5.266
G1 X14.610 Y5.394
G1 X14.738 Y5.431
G1 X14.757 Y5.522
G1 X14.683 Y5.650
G1 X14.592 Y5.906
G1 X14.464 Y6.162
G1 X14.153 Y6.930
G1 X14.062 Y6.930
M5
G0 X14.263 Y6.363 F2500
M3 S280
G1 F900
G1 X14.098 Y6.181
G1 X13.495 Y5.906
G1 X13.275 Y5.833
G1 X12.983 Y5.687
G1 X12.837 Y5.650
G1 X12.709 Y5.760
G1 X12.763 Y5.669
G1 X12.763 Y5.632
G1 X12.910 Y5.321
G1 X13.074 Y5.486
G1 X13.349 Y5.614
G1 X13.550 Y5.687
G1 X13.751 Y5.797
G1 X13.952 Y5.870
G1 X14.281 Y6.034
G1 X14.336 Y6.034
G1 X14.464 Y5.906
G1 X14.336 Y6.162
G1 X14.263 Y6.363
G1 X14.098 Y6.181
M5
G0 X14.226 Y6.217 F2500
M3 S280
G1 F900
G1 X14.098 Y6.089
G1 X13.495 Y5.815
G1 X13.275 Y5.742
G1 X12.983 Y5.595
G1 X12.891 Y5.577
G1 X12.910 Y5.504
G1 X12.946 Y5.449
G1 X13.074 Y5.577
G1 X14.263 Y6.107
G1 X14.263 Y6.144
G1 X14.226 Y6.217
G1 X14.098 Y6.089
M5
G0 X14.245 Y6.235 F2500
M3 S280
G1 F900
G1 X14.098 Y6.107
G1 X13.495 Y5.833
G1 X13.275 Y5.760
G1 X12.983 Y5.614
G1 X12.891 Y5.541
G1 X12.891 Y5.504
G1 X12.928 Y5.431
G1 X13.074 Y5.559
G1 X13.184 Y5.614
G1 X13.550 Y5.760
G1 X13.751 Y5.870
G1 X13.952 Y5.943
G1 X14.153 Y6.053
G1 X14.190 Y6.053
G1 X14.299 Y6.107
G1 X14.245 Y6.235
G1 X14.098 Y6.107
M5
G0 X14.245 Y6.272 F2500
M3 S280
G1 F900
G1 X14.098 Y6.126
G1 X13.495 Y5.851
G1 X13.275 Y5.778
G1 X12.983 Y5.632
G1 X12.837 Y5.595
G1 X12.928 Y5.394
G1 X13.074 Y5.541
G1 X13.349 Y5.669
G1 X13.550 Y5.742
G1 X13.751 Y5.851
G1 X13.952 Y5.925
G1 X14.153 Y6.034
G1 X14.318 Y6.089
G1 X14.245 Y6.272
G1 X14.098 Y6.126
M5
G0 X14.245 Y6.290 F2500
M3 S280
G1 F900
G1 X14.098 Y6.144
G1 X13.495 Y5.870
G1 X13.275 Y5.797
G1 X12.983 Y5.650
G1 X12.873 Y5.614
G1 X12.800 Y5.632
G1 X12.855 Y5.541
G1 X12.855 Y5.504
G1 X12.910 Y5.376
G1 X13.074 Y5.522
G1 X13.349 Y5.650
G1 X13.550 Y5.723
G1 X13.751 Y5.833
G1 X13.952 Y5.906
G1 X14.153 Y6.016
G1 X14.281 Y6.071
G1 X14.336 Y6.071
G1 X14.373 Y6.034
G1 X14.245 Y6.290
G1 X14.098 Y6.144
M5
G0 X14.263 Y6.327 F2500
M3 S280
G1 F900
G1 X14.098 Y6.162
G1 X13.495 Y5.888
G1 X13.275 Y5.815
G1 X12.983 Y5.669
G1 X12.837 Y5.632
G1 X12.763 Y5.687
G1 X12.891 Y5.413
G1 X12.910 Y5.339
G1 X13.074 Y5.504
G1 X13.349 Y5.632
G1 X13.550 Y5.705
G1 X13.751 Y5.815
G1 X13.952 Y5.888
G1 X14.281 Y6.053
G1 X14.336 Y6.053
G1 X14.409 Y5.979
G1 X14.263 Y6.290
G1 X14.263 Y6.327
G1 X14.098 Y6.162
M5
G0 X14.519 Y5.760 F2500
M3 S280
G1 F900
G1 X14.519 Y5.669
G1 X14.464 Y5.559
G1 X14.336 Y5.394
G1 X14.629 Y5.522
G1 X14.555 Y5.650
G1 X14.555 Y5.687
G1 X14.519 Y5.760
G1 X14.519 Y5.669
M5
G0 X14.537 Y5.687 F2500
M3 S280
G1 F900
G1 X14.482 Y5.559
G1 X14.373 Y5.431
G1 X14.592 Y5.522
G1 X14.592 Y5.559
G1 X14.537 Y5.687
G1 X14.482 Y5.559
M5
G0 X14.537 Y5.595 F2500
M3 S280
G1 F900
G1 X14.464 Y5.504
G1 X14.555 Y5.541
G1 X14.537 Y5.595
G1 X14.464 Y5.504
M5
G0 X14.537 Y5.632 F2500
M3 S280
G1 F900
G1 X14.427 Y5.467
G1 X14.482 Y5.504
G1 X14.555 Y5.522
G1 X14.574 Y5.559
G1 X14.537 Y5.632
G1 X14.427 Y5.467
M5
G0 X14.866 Y5.120 F2500
M3 S280
G1 F900
G1 X14.793 Y5.120
G1 X14.665 Y5.065
G1 X14.391 Y5.010
G1 X14.391 Y4.937
G1 X14.409 Y4.901
G1 X14.501 Y4.864
G1 X14.574 Y4.864
G1 X14.683 Y4.809
G1 X14.720 Y4.773
G1 X14.793 Y4.608
G1 X14.793 Y4.553
G1 X14.757 Y4.517
G1 X14.062 Y4.297
G1 X13.824 Y4.242
G1 X13.531 Y4.133
G1 X13.440 Y4.133
G1 X13.403 Y4.151
G1 X13.294 Y4.279
G1 X13.166 Y4.224
G1 X13.166 Y4.151
G1 X13.330 Y3.584
G1 X13.385 Y3.456
G1 X13.477 Y3.456
G1 X13.495 Y3.474
G1 X13.531 Y3.474
G1 X13.550 Y3.621
G1 X13.605 Y3.675
G1 X13.678 Y3.712
G1 X14.190 Y3.858
G1 X14.482 Y3.968
G1 X14.848 Y4.078
G1 X14.939 Y4.059
G1 X14.939 Y3.840
G1 X14.848 Y3.694
G1 X14.738 Y3.584
G1 X14.720 Y3.529
G1 X14.738 Y3.493
G1 X14.793 Y3.438
G1 X14.866 Y3.438
G1 X15.287 Y3.547
G1 X15.305 Y3.621
G1 X15.287 Y3.712
G1 X15.177 Y4.005
G1 X14.939 Y4.919
G1 X14.866 Y5.120
G1 X14.793 Y5.120
M5
G0 X14.830 Y5.065 F2500
M3 S280
G1 F900
G1 X14.793 Y5.065
G1 X14.665 Y5.010
G1 X14.446 Y4.974
G1 X14.446 Y4.937
G1 X14.574 Y4.919
G1 X14.683 Y4.864
G1 X14.775 Y4.773
G1 X14.830 Y4.663
G1 X14.848 Y4.553
G1 X14.757 Y4.462
G1 X14.062 Y4.242
G1 X13.824 Y4.187
G1 X13.531 Y4.078
G1 X13.440 Y4.078
G1 X13.403 Y4.096
G1 X13.294 Y4.206
G1 X13.221 Y4.187
G1 X13.221 Y4.151
G1 X13.257 Y4.078
G1 X13.257 Y4.023
G1 X13.367 Y3.694
G1 X13.385 Y3.584
G1 X13.422 Y3.511
G1 X13.477 Y3.511
G1 X13.495 Y3.621
G1 X13.605 Y3.730
G1 X13.678 Y3.767
G1 X14.190 Y3.913
G1 X14.482 Y4.023
G1 X14.848 Y4.133
G1 X14.921 Y4.133
G1 X14.994 Y4.059
G1 X14.994 Y3.840
G1 X14.903 Y3.694
G1 X14.793 Y3.584
G1 X14.775 Y3.529
G1 X14.793 Y3.493
G1 X14.866 Y3.493
G1 X15.086 Y3.566
G1 X15.269 Y3.602
G1 X15.122 Y4.005
G1 X14.903 Y4.791
G1 X14.885 Y4.919
G1 X14.830 Y5.065
G1 X14.793 Y5.065
M5
G0 X14.811 Y5.029 F2500
M3 S280
G1 F900
G1 X14.665 Y4.974
G1 X14.519 Y4.955
G1 X14.574 Y4.955
G1 X14.683 Y4.901
G1 X14.811 Y4.773
G1 X14.866 Y4.663
G1 X14.885 Y4.553
G1 X14.757 Y4.425
G1 X14.062 Y4.206
G1 X13.824 Y4.151
G1 X13.531 Y4.041
G1 X13.440 Y4.041
G1 X13.294 Y4.169
G1 X13.257 Y4.169
G1 X13.440 Y3.547
G1 X13.458 Y3.621
G1 X13.605 Y3.767
G1 X13.678 Y3.803
G1 X14.190 Y3.950
G1 X14.482 Y4.059
G1 X14.848 Y4.169
G1 X14.921 Y4.169
G1 X15.031 Y4.059
G1 X15.031 Y3.840
G1 X14.939 Y3.694
G1 X14.830 Y3.584
G1 X14.811 Y3.529
G1 X14.866 Y3.529
G1 X15.013 Y3.584
G1 X15.214 Y3.621
G1 X15.214 Y3.657
G1 X15.086 Y4.005
G1 X14.811 Y5.029
G1 X14.665 Y4.974
M5
G0 X14.665 Y4.937 F2500
M3 S280
G1 F900
G1 X14.848 Y4.754
G1 X14.793 Y4.974
G1 X14.738 Y4.974
G1 X14.665 Y4.937
G1 X14.848 Y4.754
M5
G0 X14.903 Y4.535 F2500
M3 S280
G1 F900
G1 X14.757 Y4.389
G1 X14.062 Y4.169
G1 X13.824 Y4.114
G1 X13.531 Y4.005
G1 X13.440 Y4.005
G1 X13.312 Y4.114
G1 X13.422 Y3.767
G1 X13.440 Y3.657
G1 X13.605 Y3.803
G1 X13.678 Y3.840
G1 X14.190 Y3.986
G1 X14.482 Y4.096
G1 X14.848 Y4.206
G1 X14.921 Y4.206
G1 X15.031 Y4.096
G1 X14.903 Y4.535
G1 X14.757 Y4.389
M5
G0 X14.866 Y4.389 F2500
M3 S280
G1 F900
G1 X14.757 Y4.297
G1 X14.062 Y4.078
G1 X13.824 Y4.023
G1 X13.531 Y3.913
G1 X13.458 Y3.913
G1 X13.495 Y3.785
G1 X13.605 Y3.895
G1 X13.678 Y3.931
G1 X14.190 Y4.078
G1 X14.482 Y4.187
G1 X14.885 Y4.297
G1 X14.866 Y4.389
G1 X14.757 Y4.297
M5
G0 X14.866 Y4.425 F2500
M3 S280
G1 F900
G1 X14.757 Y4.315
G1 X14.062 Y4.096
G1 X13.824 Y4.041
G1 X13.531 Y3.931
G1 X13.440 Y3.931
G1 X13.458 Y3.840
G1 X13.495 Y3.767
G1 X13.605 Y3.877
G1 X13.678 Y3.913
G1 X14.190 Y4.059
G1 X14.482 Y4.169
G1 X14.903 Y4.279
G1 X14.866 Y4.425
G1 X14.757 Y4.315
M5
G0 X14.885 Y4.443 F2500
M3 S280
G1 F900
G1 X14.757 Y4.334
G1 X14.062 Y4.114
G1 X13.824 Y4.059
G1 X13.531 Y3.950
G1 X13.440 Y3.950
G1 X13.403 Y3.968
G1 X13.440 Y3.895
G1 X13.440 Y3.840
G1 X13.477 Y3.730
G1 X13.605 Y3.858
G1 X13.678 Y3.895
G1 X14.190 Y4.041
G1 X14.482 Y4.151
G1 X14.848 Y4.261
G1 X14.939 Y4.242
G1 X14.903 Y4.334
G1 X14.885 Y4.443
G1 X14.757 Y4.334
M5
G0 X14.885 Y4.480 F2500
M3 S280
G1 F900
G1 X14.757 Y4.352
G1 X14.062 Y4.133
G1 X13.824 Y4.078
G1 X13.531 Y3.968
G1 X13.440 Y3.968
G1 X13.367 Y4.023
G1 X13.422 Y3.895
G1 X13.458 Y3.712
G1 X13.605 Y3.840
G1 X13.897 Y3.950
G1 X14.190 Y4.023
G1 X14.482 Y4.133
G1 X14.848 Y4.242
G1 X14.921 Y4.242
G1 X14.976 Y4.187
G1 X14.885 Y4.480
G1 X14.757 Y4.352
M5
G0 X14.903 Y4.517 F2500
M3 S280
G1 F900
G1 X14.757 Y4.370
G1 X14.062 Y4.151
G1 X13.824 Y4.096
G1 X13.531 Y3.986
G1 X13.440 Y3.986
G1 X13.349 Y4.059
G1 X13.458 Y3.675
G1 X13.605 Y3.822
G1 X13.678 Y3.858
G1 X14.190 Y4.005
G1 X14.482 Y4.114
G1 X14.848 Y4.224
G1 X14.921 Y4.224
G1 X15.013 Y4.133
G1 X14.976 Y4.206
G1 X14.976 Y4.261
G1 X14.903 Y4.462
G1 X14.903 Y4.517
G1 X14.757 Y4.370
M5
G0 X15.067 Y3.986 F2500
M3 S280
G1 F900
G1 X15.067 Y3.840
G1 X15.031 Y3.767
G1 X14.866 Y3.566
G1 X15.013 Y3.621
G1 X15.177 Y3.657
G1 X15.067 Y3.950
G1 X15.067 Y3.986
G1 X15.067 Y3.840
M5
G0 X15.086 Y3.822 F2500
M3 S280
G1 F900
G1 X15.067 Y3.767
G1 X14.939 Y3.621
G1 X15.013 Y3.657
G1 X15.122 Y3.675
G1 X15.086 Y3.822
G1 X15.067 Y3.767
M5
G0 X15.086 Y3.767 F2500
M3 S280
G1 F900
G1 X14.994 Y3.657
G1 X15.104 Y3.694
G1 X15.086 Y3.767
G1 X14.994 Y3.657
M5
G0 X15.086 Y3.877 F2500
M3 S280
G1 F900
G1 X15.086 Y3.840
G1 X15.049 Y3.767
G1 X14.903 Y3.602
G1 X15.086 Y3.657
G1 X15.141 Y3.657
G1 X15.141 Y3.712
G1 X15.086 Y3.840
G1 X15.086 Y3.877
G1 X15.086 Y3.840
M5
G0 X15.342 Y3.218 F2500
M3 S280
G1 F900
G1 X15.214 Y3.200
G1 X15.214 Y3.127
G1 X15.159 Y3.054
G1 X15.104 Y3.035
G1 X14.647 Y2.981
G1 X14.080 Y2.871
G1 X13.915 Y2.798
G1 X13.751 Y2.651
G1 X13.678 Y2.523
G1 X13.623 Y2.341
G1 X13.623 Y2.011
G1 X13.659 Y1.865
G1 X13.714 Y1.737
G1 X13.861 Y1.573
G1 X14.043 Y1.463
G1 X14.263 Y1.408
G1 X14.501 Y1.408
G1 X14.848 Y1.445
G1 X15.159 Y1.499
G1 X15.360 Y1.499
G1 X15.451 Y1.426
G1 X15.470 Y1.371
G1 X15.616 Y1.353
G1 X15.598 Y1.664
G1 X15.561 Y1.902
G1 X15.525 Y2.011
G1 X15.433 Y2.011
G1 X15.397 Y1.993
G1 X15.397 Y1.938
G1 X15.360 Y1.847
G1 X15.269 Y1.774
G1 X15.049 Y1.719
G1 X14.629 Y1.664
G1 X14.263 Y1.664
G1 X14.135 Y1.701
G1 X14.007 Y1.792
G1 X13.934 Y1.938
G1 X13.934 Y2.176
G1 X13.952 Y2.231
G1 X14.080 Y2.359
G1 X14.245 Y2.432
G1 X14.501 Y2.487
G1 X15.067 Y2.560
G1 X15.269 Y2.560
G1 X15.323 Y2.505
G1 X15.342 Y2.432
G1 X15.470 Y2.432
G1 X15.470 Y2.615
G1 X15.397 Y3.035
G1 X15.342 Y3.218
G1 X15.214 Y3.200
M5
G0 X15.287 Y3.145 F2500
M3 S280
G1 F900
G1 X15.269 Y3.090
G1 X15.159 Y2.981
G1 X14.226 Y2.834
G1 X13.989 Y2.761
G1 X13.824 Y2.651
G1 X13.751 Y2.523
G1 X13.696 Y2.341
G1 X13.696 Y2.011
G1 X13.769 Y1.774
G1 X13.861 Y1.646
G1 X14.043 Y1.536
G1 X14.263 Y1.481
G1 X14.501 Y1.481
G1 X14.848 Y1.518
G1 X15.159 Y1.573
G1 X15.360 Y1.573
G1 X15.543 Y1.426
G1 X15.525 Y1.664
G1 X15.470 Y1.938
G1 X15.433 Y1.847
G1 X15.269 Y1.701
G1 X15.049 Y1.646
G1 X14.629 Y1.591
G1 X14.263 Y1.591
G1 X14.135 Y1.627
G1 X14.043 Y1.682
G1 X13.934 Y1.792
G1 X13.861 Y1.938
G1 X13.861 Y2.176
G1 X13.879 Y2.231
G1 X14.080 Y2.432
G1 X14.190 Y2.487
G1 X14.501 Y2.560
G1 X15.067 Y2.633
G1 X15.269 Y2.633
G1 X15.397 Y2.505
G1 X15.397 Y2.615
G1 X15.342 Y2.944
G1 X15.287 Y3.145
G1 X15.269 Y3.090
M5
G0 X15.287 Y3.109 F2500
M3 S280
G1 F900
G1 X15.159 Y2.962
G1 X15.104 Y2.944
G1 X14.647 Y2.889
G1 X14.226 Y2.816
G1 X14.080 Y2.779
G1 X13.861 Y2.670
G1 X13.769 Y2.523
G1 X13.714 Y2.341
G1 X13.714 Y2.011
G1 X13.751 Y1.865
G1 X13.842 Y1.682
G1 X13.934 Y1.609
G1 X14.043 Y1.554
G1 X14.263 Y1.499
G1 X14.501 Y1.499
G1 X14.848 Y1.536
G1 X15.159 Y1.591
G1 X15.360 Y1.591
G1 X15.525 Y1.445
G1 X15.470 Y1.902
G1 X15.451 Y1.847
G1 X15.305 Y1.701
G1 X15.214 Y1.664
G1 X14.939 Y1.609
G1 X14.629 Y1.573
G1 X14.263 Y1.573
G1 X14.135 Y1.609
G1 X14.043 Y1.664
G1 X13.915 Y1.792
G1 X13.842 Y1.938
G1 X13.842 Y2.176
G1 X13.861 Y2.231
G1 X14.080 Y2.450
G1 X14.190 Y2.505
G1 X14.501 Y2.578
G1 X15.067 Y2.651
G1 X15.269 Y2.651
G1 X15.378 Y2.542
G1 X15.378 Y2.615
G1 X15.360 Y2.633
G1 X15.305 Y3.035
G1 X15.287 Y3.054
G1 X15.287 Y3.109
G1 X15.159 Y2.962
M5
G0 X15.232 Y2.962 F2500
M3 S280
G1 F900
G1 X15.159 Y2.889
G1 X15.104 Y2.871
G1 X14.318 Y2.761
G1 X14.080 Y2.706
G1 X13.915 Y2.633
G1 X13.879 Y2.597
G1 X13.787 Y2.341
G1 X13.787 Y2.194
G1 X13.787 Y2.231
G1 X14.080 Y2.523
G1 X14.190 Y2.578
G1 X14.501 Y2.651
G1 X15.067 Y2.725
G1 X15.287 Y2.706
G1 X15.232 Y2.962
G1 X15.159 Y2.889
M5
G0 X15.195 Y2.871 F2500
M3 S280
G1 F900
G1 X15.159 Y2.834
G1 X15.104 Y2.816
G1 X14.647 Y2.761
G1 X14.080 Y2.651
G1 X13.952 Y2.597
G1 X13.915 Y2.560
G1 X13.842 Y2.341
G1 X14.080 Y2.578
G1 X14.190 Y2.633
G1 X14.501 Y2.706
G1 X15.067 Y2.779
G1 X15.214 Y2.779
G1 X15.195 Y2.871
G1 X15.159 Y2.834
M5
G0 X15.214 Y2.907 F2500
M3 S280
G1 F900
G1 X15.159 Y2.853
G1 X15.104 Y2.834
G1 X14.318 Y2.725
G1 X13.989 Y2.633
G1 X13.915 Y2.597
G1 X13.842 Y2.414
G1 X13.824 Y2.304
G1 X14.080 Y2.560
G1 X14.245 Y2.633
G1 X14.629 Y2.706
G1 X15.067 Y2.761
G1 X15.232 Y2.761
G1 X15.214 Y2.907
G1 X15.159 Y2.853
M5
G0 X15.232 Y2.944 F2500
M3 S280
G1 F900
G1 X15.159 Y2.871
G1 X15.104 Y2.853
G1 X14.318 Y2.743
G1 X13.989 Y2.651
G1 X13.915 Y2.615
G1 X13.861 Y2.523
G1 X13.806 Y2.341
G1 X13.806 Y2.267
G1 X14.080 Y2.542
G1 X14.245 Y2.615
G1 X14.629 Y2.688
G1 X15.067 Y2.743
G1 X15.250 Y2.743
G1 X15.232 Y2.944
G1 X15.159 Y2.871
M5
G0 X15.250 Y2.999 F2500
M3 S280
G1 F900
G1 X15.159 Y2.907
G1 X15.104 Y2.889
G1 X14.318 Y2.779
G1 X14.080 Y2.725
G1 X13.915 Y2.651
G1 X13.861 Y2.597
G1 X13.824 Y2.523
G1 X13.769 Y2.341
G1 X13.769 Y2.011
G1 X13.806 Y1.865
G1 X13.861 Y1.737
G1 X13.934 Y1.664
G1 X14.062 Y1.609
G1 X13.861 Y1.792
G1 X13.806 Y1.883
G1 X13.787 Y1.938
G1 X13.787 Y2.176
G1 X13.806 Y2.231
G1 X14.080 Y2.505
G1 X14.245 Y2.578
G1 X14.629 Y2.651
G1 X15.067 Y2.706
G1 X15.269 Y2.706
G1 X15.305 Y2.670
G1 X15.250 Y2.999
G1 X15.159 Y2.907
M5
G0 X15.269 Y3.035 F2500
M3 S280
G1 F900
G1 X15.159 Y2.926
G1 X15.104 Y2.907
G1 X14.318 Y2.798
G1 X14.080 Y2.743
G1 X13.915 Y2.670
G1 X13.842 Y2.597
G1 X13.751 Y2.341
G1 X13.751 Y2.011
G1 X13.787 Y1.865
G1 X13.842 Y1.737
G1 X13.934 Y1.646
G1 X14.098 Y1.573
G1 X14.263 Y1.536
G1 X14.501 Y1.536
G1 X14.263 Y1.536
G1 X14.135 Y1.573
G1 X14.043 Y1.627
G1 X13.879 Y1.792
G1 X13.806 Y1.938
G1 X13.806 Y2.176
G1 X13.824 Y2.231
G1 X14.080 Y2.487
G1 X14.245 Y2.560
G1 X14.501 Y2.615
G1 X15.067 Y2.688
G1 X15.269 Y2.688
G1 X15.342 Y2.615
G1 X15.287 Y2.944
G1 X15.269 Y2.962
G1 X15.269 Y3.035
G1 X15.159 Y2.926
M5
G0 X15.269 Y3.054 F2500
M3 S280
G1 F900
G1 X15.159 Y2.944
G1 X15.104 Y2.926
G1 X14.647 Y2.871
G1 X14.226 Y2.798
G1 X14.080 Y2.761
G1 X13.861 Y2.651
G1 X13.787 Y2.523
G1 X13.733 Y2.341
G1 X13.733 Y2.011
G1 X13.769 Y1.865
G1 X13.861 Y1.682
G1 X14.043 Y1.573
G1 X14.263 Y1.518
G1 X14.501 Y1.518
G1 X14.848 Y1.554
G1 X15.159 Y1.609
G1 X15.360 Y1.609
G1 X15.506 Y1.481
G1 X15.451 Y1.829
G1 X15.305 Y1.682
G1 X15.141 Y1.627
G1 X14.629 Y1.554
G1 X14.263 Y1.554
G1 X14.135 Y1.591
G1 X14.043 Y1.646
G1 X13.897 Y1.792
G1 X13.824 Y1.938
G1 X13.824 Y2.176
G1 X13.842 Y2.231
G1 X14.080 Y2.469
G1 X14.190 Y2.523
G1 X14.501 Y2.597
G1 X15.067 Y2.670
G1 X15.269 Y2.670
G1 X15.360 Y2.578
G1 X15.360 Y2.615
G1 X15.342 Y2.633
G1 X15.342 Y2.725
G1 X15.323 Y2.743
G1 X15.305 Y2.944
G1 X15.269 Y3.054
G1 X15.159 Y2.944
M5
G0 X15.305 Y3.163 F2500
M3 S280
G1 F900
G1 X15.269 Y3.163
G1 X15.250 Y3.090
G1 X15.159 Y2.999
G1 X14.318 Y2.871
G1 X14.080 Y2.816
G1 X13.915 Y2.743
G1 X13.806 Y2.651
G1 X13.733 Y2.523
G1 X13.678 Y2.341
G1 X13.678 Y2.011
G1 X13.751 Y1.774
G1 X13.861 Y1.627
G1 X14.043 Y1.518
G1 X14.263 Y1.463
G1 X14.501 Y1.463
G1 X14.848 Y1.499
G1 X15.159 Y1.554
G1 X15.360 Y1.554
G1 X15.397 Y1.536
G1 X15.506 Y1.408
G1 X15.561 Y1.408
G1 X15.543 Y1.664
G1 X15.488 Y1.957
G1 X15.451 Y1.957
G1 X15.415 Y1.847
G1 X15.269 Y1.719
G1 X15.049 Y1.664
G1 X14.629 Y1.609
G1 X14.263 Y1.609
G1 X14.135 Y1.646
G1 X14.043 Y1.701
G1 X13.952 Y1.792
G1 X13.879 Y1.938
G1 X13.879 Y2.176
G1 X13.897 Y2.231
G1 X14.080 Y2.414
G1 X14.190 Y2.469
G1 X14.501 Y2.542
G1 X15.067 Y2.615
G1 X15.269 Y2.615
G1 X15.378 Y2.487
G1 X15.415 Y2.487
G1 X15.415 Y2.615
G1 X15.305 Y3.163
G1 X15.269 Y3.163
M5
G0 X15.323 Y3.182 F2500
M3 S280
G1 F900
G1 X15.250 Y3.163
G1 X15.232 Y3.090
G1 X15.159 Y3.017
G1 X14.318 Y2.889
G1 X14.080 Y2.834
G1 X13.915 Y2.761
G1 X13.787 Y2.651
G1 X13.714 Y2.523
G1 X13.659 Y2.341
G1 X13.659 Y2.011
G1 X13.733 Y1.774
G1 X13.787 Y1.682
G1 X13.861 Y1.609
G1 X14.043 Y1.499
G1 X14.263 Y1.445
G1 X14.501 Y1.445
G1 X14.848 Y1.481
G1 X15.159 Y1.536
G1 X15.360 Y1.536
G1 X15.397 Y1.518
G1 X15.488 Y1.408
G1 X15.579 Y1.390
G1 X15.579 Y1.518
G1 X15.506 Y1.975
G1 X15.433 Y1.975
G1 X15.397 Y1.847
G1 X15.269 Y1.737
G1 X15.049 Y1.682
G1 X14.629 Y1.627
G1 X14.263 Y1.627
G1 X14.135 Y1.664
G1 X14.043 Y1.719
G1 X13.970 Y1.792
G1 X13.897 Y1.938
G1 X13.897 Y2.176
G1 X13.915 Y2.231
G1 X14.080 Y2.395
G1 X14.190 Y2.450
G1 X14.501 Y2.523
G1 X15.067 Y2.597
G1 X15.269 Y2.597
G1 X15.360 Y2.505
G1 X15.360 Y2.469
G1 X15.433 Y2.469
G1 X15.433 Y2.615
G1 X15.323 Y3.182
G1 X15.250 Y3.163
M5
G0 X15.342 Y3.200 F2500
M3 S280
G1 F900
G1 X15.269 Y3.200
G1 X15.232 Y3.182
G1 X15.232 Y3.127
G1 X15.159 Y3.035
G1 X14.318 Y2.907
G1 X14.080 Y2.853
G1 X13.915 Y2.779
G1 X13.769 Y2.651
G1 X13.696 Y2.523
G1 X13.641 Y2.341
G1 X13.641 Y2.011
G1 X13.678 Y1.865
G1 X13.733 Y1.737
G1 X13.861 Y1.591
G1 X14.043 Y1.481
G1 X14.263 Y1.426
G1 X14.501 Y1.426
G1 X14.848 Y1.463
G1 X15.159 Y1.518
G1 X15.360 Y1.518
G1 X15.470 Y1.426
G1 X15.488 Y1.371
G1 X15.598 Y1.371
G1 X15.598 Y1.518
G1 X15.543 Y1.902
G1 X15.525 Y1.920
G1 X15.525 Y1.993
G1 X15.415 Y1.975
G1 X15.378 Y1.847
G1 X15.269 Y1.755
G1 X15.049 Y1.701
G1 X14.629 Y1.646
G1 X14.263 Y1.646
G1 X14.135 Y1.682
G1 X13.989 Y1.792
G1 X13.915 Y1.938
G1 X13.915 Y2.176
G1 X13.934 Y2.231
G1 X14.080 Y2.377
G1 X14.190 Y2.432
G1 X14.501 Y2.505
G1 X15.067 Y2.578
G1 X15.269 Y2.578
G1 X15.342 Y2.505
G1 X15.342 Y2.450
G1 X15.451 Y2.450
G1 X15.451 Y2.615
G1 X15.342 Y3.200
G1 X15.269 Y3.200
M5
G0 X15.433 Y1.774 F2500
M3 S280
G1 F900
G1 X15.287 Y1.646
G1 X15.360 Y1.646
G1 X15.451 Y1.573
G1 X15.433 Y1.774
G1 X15.287 Y1.646
M5
G0 X15.415 Y1.737 F2500
M3 S280
G1 F900
G1 X15.342 Y1.664
G1 X15.397 Y1.646
G1 X15.433 Y1.609
G1 X15.415 Y1.737
G1 X15.342 Y1.664
M5
G0 X15.488 Y1.518 F2500
M3 S280
G1 F900
G1 X15.470 Y1.664
G1 X15.451 Y1.682
G1 X15.451 Y1.792
G1 X15.269 Y1.646
G1 X15.141 Y1.609
G1 X15.067 Y1.609
G1 X15.141 Y1.609
G1 X15.159 Y1.627
G1 X15.360 Y1.627
G1 X15.488 Y1.518
G1 X15.470 Y1.664
M5
G0 X15.451 Y0.475 F2500
M3 S280
G1 F900
G1 X15.579 Y0.347
G1 X15.579 Y0.238
G1 X15.506 Y0.073
G1 X15.287 Y-0.128
G1 X15.232 Y-0.146
G1 X15.031 Y-0.146
G1 X14.939 Y-0.110
G1 X14.702 Y0.128
G1 X14.665 Y0.201
G1 X14.647 Y0.329
G1 X14.793 Y0.475
G1 X15.141 Y0.494
G1 X15.415 Y0.494
G1 X15.451 Y0.475
G1 X15.579 Y0.347
M5
G0 X15.488 Y0.347 F2500
M3 S280
G1 F900
G1 X15.488 Y0.238
G1 X15.415 Y0.073
G1 X15.342 Y0.000
G1 X15.232 Y-0.055
G1 X15.031 Y-0.055
G1 X14.939 Y-0.018
G1 X14.793 Y0.128
G1 X14.757 Y0.201
G1 X14.738 Y0.329
G1 X14.793 Y0.384
G1 X15.141 Y0.402
G1 X15.415 Y0.402
G1 X15.488 Y0.347
G1 X15.488 Y0.238
M5
G0 X15.451 Y0.366 F2500
M3 S280
G1 F900
G1 X15.470 Y0.238
G1 X15.397 Y0.073
G1 X15.342 Y0.018
G1 X15.232 Y-0.037
G1 X15.031 Y-0.037
G1 X14.939 Y0.000
G1 X14.811 Y0.128
G1 X14.775 Y0.201
G1 X14.757 Y0.329
G1 X14.793 Y0.366
G1 X15.141 Y0.384
G1 X15.415 Y0.384
G1 X15.451 Y0.366
G1 X15.470 Y0.238
M5
G0 X15.451 Y0.402 F2500
M3 S280
G1 F900
G1 X15.506 Y0.347
G1 X15.506 Y0.238
G1 X15.433 Y0.073
G1 X15.342 Y-0.018
G1 X15.232 Y-0.073
G1 X15.031 Y-0.073
G1 X14.939 Y-0.037
G1 X14.775 Y0.128
G1 X14.738 Y0.201
G1 X14.720 Y0.329
G1 X14.793 Y0.402
G1 X15.141 Y0.421
G1 X15.415 Y0.421
G1 X15.451 Y0.402
G1 X15.506 Y0.347
M5
G0 X15.451 Y0.421 F2500
M3 S280
G1 F900
G1 X15.525 Y0.347
G1 X15.525 Y0.238
G1 X15.451 Y0.073
G1 X15.342 Y-0.037
G1 X15.232 Y-0.091
G1 X15.031 Y-0.091
G1 X14.939 Y-0.055
G1 X14.757 Y0.128
G1 X14.720 Y0.201
G1 X14.702 Y0.329
G1 X14.793 Y0.421
G1 X15.141 Y0.439
G1 X15.415 Y0.439
G1 X15.451 Y0.421
G1 X15.525 Y0.347
M5
G0 X15.451 Y0.439 F2500
M3 S280
G1 F900
G1 X15.543 Y0.347
G1 X15.543 Y0.238
G1 X15.470 Y0.073
G1 X15.342 Y-0.055
G1 X15.232 Y-0.110
G1 X15.031 Y-0.110
G1 X14.939 Y-0.073
G1 X14.738 Y0.128
G1 X14.702 Y0.201
G1 X14.683 Y0.329
G1 X14.793 Y0.439
G1 X15.141 Y0.457
G1 X15.415 Y0.457
G1 X15.451 Y0.439
G1 X15.543 Y0.347
M5
G0 X15.451 Y0.457 F2500
M3 S280
G1 F900
G1 X15.561 Y0.347
G1 X15.561 Y0.238
G1 X15.488 Y0.073
G1 X15.287 Y-0.110
G1 X15.232 Y-0.128
G1 X15.031 Y-0.128
G1 X14.939 Y-0.091
G1 X14.720 Y0.128
G1 X14.683 Y0.201
G1 X14.665 Y0.329
G1 X14.793 Y0.457
G1 X15.141 Y0.475
G1 X15.415 Y0.475
G1 X15.451 Y0.457
G1 X15.561 Y0.347
M5
G0 X15.525 Y0.055 F2500
M3 S280
G1 F900
G1 X15.287 Y-0.165
G1 X15.232 Y-0.183
G1 X15.031 Y-0.183
G1 X14.939 Y-0.146
G1 X14.665 Y0.128
G1 X14.629 Y0.201
G1 X14.629 Y0.274
G1 X14.427 Y0.073
G1 X13.952 Y-0.238
G1 X13.934 Y-0.274
G1 X13.934 Y-0.549
G1 X14.043 Y-0.439
G1 X14.373 Y-0.219
G1 X14.610 Y-0.037
G1 X14.793 Y-0.219
G1 X14.811 Y-0.274
G1 X14.921 Y-0.329
G1 X15.049 Y-0.366
G1 X15.177 Y-0.366
G1 X15.323 Y-0.329
G1 X15.415 Y-0.274
G1 X15.470 Y-0.165
G1 X15.525 Y0.055
G1 X15.287 Y-0.165
M5
G0 X15.470 Y-0.037 F2500
M3 S280
G1 F900
G1 X15.287 Y-0.201
G1 X15.232 Y-0.219
G1 X15.031 Y-0.219
G1 X14.939 Y-0.183
G1 X14.629 Y0.128
G1 X14.592 Y0.201
G1 X14.427 Y0.037
G1 X14.025 Y-0.219
G1 X13.970 Y-0.274
G1 X13.970 Y-0.475
G1 X14.117 Y-0.347
G1 X14.373 Y-0.183
G1 X14.610 Y0.000
G1 X14.848 Y-0.256
G1 X15.049 Y-0.329
G1 X15.177 Y-0.329
G1 X15.360 Y-0.274
G1 X15.433 Y-0.165
G1 X15.470 Y-0.037
G1 X15.287 Y-0.201
M5
G0 X15.488 Y0.000 F2500
M3 S280
G1 F900
G1 X15.287 Y-0.183
G1 X15.232 Y-0.201
G1 X15.031 Y-0.201
G1 X14.939 Y-0.165
G1 X14.647 Y0.128
G1 X14.610 Y0.201
G1 X14.610 Y0.238
G1 X14.427 Y0.055
G1 X13.970 Y-0.238
G1 X13.952 Y-0.274
G1 X13.952 Y-0.512
G1 X14.043 Y-0.421
G1 X14.373 Y-0.201
G1 X14.610 Y-0.018
G1 X14.848 Y-0.274
G1 X15.049 Y-0.347
G1 X15.177 Y-0.347
G1 X15.269 Y-0.329
G1 X15.397 Y-0.274
G1 X15.451 Y-0.165
G1 X15.488 Y-0.055
G1 X15.488 Y0.000
G1 X15.287 Y-0.183
M5
G0 X14.007 Y-0.402 F2500
M3 S280
G1 F900
G1 X14.610 Y0.037
G1 X14.885 Y-0.238
G1 X15.049 Y-0.293
G1 X15.177 Y-0.293
G1 X15.360 Y-0.238
G1 X15.397 Y-0.146
G1 X15.342 Y-0.201
G1 X15.232 Y-0.256
G1 X15.031 Y-0.256
G1 X14.939 Y-0.219
G1 X14.592 Y0.146
G1 X14.427 Y0.000
G1 X14.025 Y-0.256
G1 X14.007 Y-0.402
G1 X14.610 Y0.037
M5
G0 X13.989 Y-0.439 F2500
M3 S280
G1 F900
G1 X14.043 Y-0.384
G1 X14.373 Y-0.165
G1 X14.610 Y0.018
G1 X14.848 Y-0.238
G1 X15.049 Y-0.311
G1 X15.177 Y-0.311
G1 X15.360 Y-0.256
G1 X15.415 Y-0.165
G1 X15.433 Y-0.091
G1 X15.287 Y-0.219
G1 X15.232 Y-0.238
G1 X15.031 Y-0.238
G1 X14.939 Y-0.201
G1 X14.610 Y0.128
G1 X14.592 Y0.183
G1 X14.427 Y0.018
G1 X13.989 Y-0.274
G1 X13.989 Y-0.439
G1 X14.043 Y-0.384
M5
G0 X13.915 Y-0.585 F2500
M3 S280
G1 F900
G1 X14.043 Y-0.457
G1 X14.373 Y-0.238
G1 X14.610 Y-0.055
G1 X14.775 Y-0.219
G1 X14.811 Y-0.293
G1 X14.921 Y-0.347
G1 X15.049 Y-0.384
G1 X15.177 Y-0.384
G1 X15.323 Y-0.347
G1 X15.433 Y-0.274
G1 X15.488 Y-0.165
G1 X15.543 Y0.037
G1 X15.543 Y0.128
G1 X15.525 Y0.073
G1 X15.287 Y-0.146
G1 X15.232 Y-0.165
G1 X15.031 Y-0.165
G1 X14.939 Y-0.128
G1 X14.683 Y0.128
G1 X14.647 Y0.201
G1 X14.647 Y0.293
G1 X14.427 Y0.091
G1 X13.934 Y-0.238
G1 X13.915 Y-0.274
G1 X13.915 Y-0.585
G1 X14.043 Y-0.457
M5
G0 X14.007 Y0.640 F2500
M3 S280
G1 F900
G1 X14.007 Y0.549
G1 X14.062 Y0.585
G1 X14.501 Y0.585
G1 X14.647 Y0.439
G1 X14.793 Y0.585
G1 X15.415 Y0.603
G1 X15.470 Y0.567
G1 X15.451 Y0.640
G1 X15.342 Y0.603
G1 X14.080 Y0.603
G1 X14.007 Y0.640
G1 X14.007 Y0.549
M5
G0 X13.989 Y0.677 F2500
M3 S280
G1 F900
G1 X13.989 Y0.512
G1 X14.062 Y0.567
G1 X14.501 Y0.567
G1 X14.647 Y0.421
G1 X14.793 Y0.567
G1 X15.415 Y0.585
G1 X15.488 Y0.530
G1 X15.470 Y0.677
G1 X15.415 Y0.640
G1 X15.342 Y0.622
G1 X14.080 Y0.622
G1 X14.025 Y0.640
G1 X13.989 Y0.677
G1 X13.989 Y0.512
M5
G0 X13.970 Y0.713 F2500
M3 S280
G1 F900
G1 X13.970 Y0.475
G1 X14.062 Y0.549
G1 X14.501 Y0.549
G1 X14.647 Y0.402
G1 X14.793 Y0.549
G1 X15.415 Y0.567
G1 X15.506 Y0.494
G1 X15.488 Y0.713
G1 X15.415 Y0.658
G1 X15.342 Y0.640
G1 X14.080 Y0.640
G1 X14.025 Y0.658
G1 X13.970 Y0.713
G1 X13.970 Y0.475
M5
G0 X13.952 Y0.750 F2500
M3 S280
G1 F900
G1 X13.952 Y0.439
G1 X14.062 Y0.530
G1 X14.501 Y0.530
G1 X14.647 Y0.384
G1 X14.793 Y0.530
G1 X15.141 Y0.549
G1 X15.415 Y0.549
G1 X15.525 Y0.457
G1 X15.506 Y0.750
G1 X15.451 Y0.695
G1 X15.342 Y0.658
G1 X14.080 Y0.658
G1 X14.025 Y0.677
G1 X13.952 Y0.750
G1 X13.952 Y0.439
M5
G0 X13.934 Y0.786 F2500
M3 S280
G1 F900
G1 X13.934 Y0.402
G1 X14.062 Y0.512
G1 X14.501 Y0.512
G1 X14.647 Y0.366
G1 X14.793 Y0.512
G1 X15.141 Y0.530
G1 X15.415 Y0.530
G1 X15.543 Y0.421
G1 X15.525 Y0.786
G1 X15.451 Y0.713
G1 X15.342 Y0.677
G1 X14.080 Y0.677
G1 X14.025 Y0.695
G1 X13.934 Y0.786
G1 X13.934 Y0.402
M5
G0 X13.915 Y0.823 F2500
M3 S280
G1 F900
G1 X13.915 Y0.366
G1 X14.062 Y0.494
G1 X14.501 Y0.494
G1 X14.647 Y0.347
G1 X14.793 Y0.494
G1 X15.141 Y0.512
G1 X15.415 Y0.512
G1 X15.561 Y0.384
G1 X15.543 Y0.823
G1 X15.451 Y0.731
G1 X15.342 Y0.695
G1 X14.080 Y0.695
G1 X14.025 Y0.713
G1 X13.915 Y0.823
G1 X13.915 Y0.366
M5
G0 X13.897 Y0.859 F2500
M3 S280
G1 F900
G1 X13.897 Y0.329
G1 X14.062 Y0.475
G1 X14.501 Y0.475
G1 X14.629 Y0.347
G1 X14.629 Y0.311
G1 X14.427 Y0.110
G1 X13.970 Y-0.183
G1 X13.915 Y-0.238
G1 X13.897 Y-0.274
G1 X13.897 Y-0.622
G1 X14.043 Y-0.475
G1 X14.373 Y-0.256
G1 X14.610 Y-0.073
G1 X14.757 Y-0.219
G1 X14.775 Y-0.274
G1 X14.811 Y-0.311
G1 X14.921 Y-0.366
G1 X15.049 Y-0.402
G1 X15.269 Y-0.384
G1 X15.397 Y-0.329
G1 X15.451 Y-0.274
G1 X15.543 Y-0.055
G1 X15.579 Y0.183
G1 X15.579 Y0.603
G1 X15.561 Y0.622
G1 X15.561 Y0.859
G1 X15.451 Y0.750
G1 X15.342 Y0.713
G1 X14.080 Y0.713
G1 X14.025 Y0.731
G1 X13.897 Y0.859
G1 X13.897 Y0.329
M5
G0 X13.879 Y0.896 F2500
M3 S280
G1 F900
G1 X13.879 Y0.274
G1 X13.879 Y0.293
G1 X14.062 Y0.457
G1 X14.501 Y0.457
G1 X14.610 Y0.347
G1 X14.610 Y0.311
G1 X14.427 Y0.128
G1 X13.970 Y-0.165
G1 X13.897 Y-0.238
G1 X13.879 Y-0.274
G1 X13.879 Y-0.658
G1 X14.043 Y-0.494
G1 X14.373 Y-0.274
G1 X14.610 Y-0.091
G1 X14.738 Y-0.219
G1 X14.757 Y-0.274
G1 X14.811 Y-0.329
G1 X14.921 Y-0.384
G1 X15.049 Y-0.421
G1 X15.177 Y-0.421
G1 X15.323 Y-0.384
G1 X15.397 Y-0.347
G1 X15.470 Y-0.274
G1 X15.561 Y-0.055
G1 X15.598 Y0.183
G1 X15.579 Y0.896
G1 X15.451 Y0.768
G1 X15.342 Y0.731
G1 X14.080 Y0.731
G1 X14.025 Y0.750
G1 X13.879 Y0.896
G1 X13.879 Y0.274
M5
G0 X13.861 Y0.914 F2500
M3 S280
G1 F900
G1 X13.861 Y0.256
G1 X13.897 Y0.256
G1 X13.897 Y0.293
G1 X14.062 Y0.439
G1 X14.501 Y0.439
G1 X14.592 Y0.347
G1 X14.592 Y0.311
G1 X14.427 Y0.146
G1 X13.970 Y-0.146
G1 X13.879 Y-0.238
G1 X13.861 Y-0.274
G1 X13.861 Y-0.677
G1 X13.897 Y-0.677
G1 X14.043 Y-0.512
G1 X14.373 Y-0.293
G1 X14.610 Y-0.110
G1 X14.720 Y-0.219
G1 X14.738 Y-0.274
G1 X14.811 Y-0.347
G1 X14.921 Y-0.402
G1 X15.049 Y-0.439
G1 X15.177 Y-0.439
G1 X15.323 Y-0.402
G1 X15.397 Y-0.366
G1 X15.488 Y-0.274
G1 X15.579 Y-0.055
G1 X15.616 Y0.183
G1 X15.616 Y0.603
G1 X15.561 Y0.914
G1 X15.451 Y0.786
G1 X15.342 Y0.750
G1 X14.080 Y0.750
G1 X14.025 Y0.768
G1 X13.897 Y0.914
G1 X13.861 Y0.914
G1 X13.861 Y0.256
M5
G0 X13.842 Y0.933 F2500
M3 S280
G1 F900
G1 X13.842 Y0.238
G1 X13.915 Y0.256
G1 X13.915 Y0.293
G1 X14.062 Y0.421
G1 X14.501 Y0.421
G1 X14.574 Y0.347
G1 X14.574 Y0.311
G1 X14.427 Y0.165
G1 X13.970 Y-0.128
G1 X13.861 Y-0.238
G1 X13.842 Y-0.274
G1 X13.842 Y-0.695
G1 X13.915 Y-0.677
G1 X14.043 Y-0.530
G1 X14.373 Y-0.311
G1 X14.610 Y-0.128
G1 X14.811 Y-0.366
G1 X14.976 Y-0.439
G1 X15.049 Y-0.457
G1 X15.177 Y-0.457
G1 X15.323 Y-0.421
G1 X15.451 Y-0.347
G1 X15.561 Y-0.165
G1 X15.598 Y-0.055
G1 X15.634 Y0.183
G1 X15.634 Y0.603
G1 X15.616 Y0.896
G1 X15.598 Y0.933
G1 X15.543 Y0.914
G1 X15.451 Y0.805
G1 X15.342 Y0.768
G1 X14.080 Y0.768
G1 X14.025 Y0.786
G1 X13.915 Y0.914
G1 X13.842 Y0.933
G1 X13.842 Y0.238
M5
G0 X13.824 Y0.951 F2500
M3 S280
G1 F900
G1 X13.824 Y0.219
G1 X13.915 Y0.219
G1 X13.934 Y0.293
G1 X14.062 Y0.402
G1 X14.501 Y0.402
G1 X14.555 Y0.347
G1 X14.555 Y0.311
G1 X14.427 Y0.183
G1 X13.970 Y-0.110
G1 X13.842 Y-0.238
G1 X13.824 Y-0.274
G1 X13.824 Y-0.713
G1 X13.897 Y-0.713
G1 X14.043 Y-0.549
G1 X14.373 Y-0.329
G1 X14.610 Y-0.146
G1 X14.683 Y-0.219
G1 X14.702 Y-0.274
G1 X14.811 Y-0.384
G1 X14.921 Y-0.439
G1 X15.049 Y-0.475
G1 X15.269 Y-0.457
G1 X15.397 Y-0.402
G1 X15.470 Y-0.347
G1 X15.579 Y-0.165
G1 X15.616 Y-0.055
G1 X15.653 Y0.183
G1 X15.653 Y0.603
G1 X15.634 Y0.896
G1 X15.616 Y0.914
G1 X15.616 Y0.951
G1 X15.543 Y0.951
G1 X15.525 Y0.896
G1 X15.451 Y0.823
G1 X15.342 Y0.786
G1 X14.080 Y0.786
G1 X14.025 Y0.805
G1 X13.934 Y0.896
G1 X13.915 Y0.951
G1 X13.824 Y0.951
G1 X13.824 Y0.219
M5
G0 X13.806 Y0.969 F2500
M3 S280
G1 F900
G1 X13.806 Y0.201
G1 X13.934 Y0.201
G1 X13.952 Y0.293
G1 X14.062 Y0.384
G1 X14.501 Y0.384
G1 X14.537 Y0.347
G1 X14.537 Y0.311
G1 X14.427 Y0.201
G1 X13.970 Y-0.091
G1 X13.824 Y-0.238
G1 X13.806 Y-0.274
G1 X13.806 Y-0.731
G1 X13.915 Y-0.731
G1 X13.952 Y-0.658
G1 X14.043 Y-0.567
G1 X14.373 Y-0.347
G1 X14.610 Y-0.165
G1 X14.665 Y-0.219
G1 X14.683 Y-0.274
G1 X14.738 Y-0.347
G1 X14.921 Y-0.457
G1 X15.049 Y-0.494
G1 X15.177 Y-0.494
G1 X15.323 Y-0.457
G1 X15.451 Y-0.384
G1 X15.543 Y-0.274
G1 X15.634 Y-0.055
G1 X15.671 Y0.183
G1 X15.671 Y0.603
G1 X15.634 Y0.969
G1 X15.525 Y0.969
G1 X15.506 Y0.896
G1 X15.451 Y0.841
G1 X15.342 Y0.805
G1 X14.080 Y0.805
G1 X14.025 Y0.823
G1 X13.952 Y0.896
G1 X13.934 Y0.951
G1 X13.806 Y0.969
G1 X13.806 Y0.201
M5
G0 X13.787 Y0.987 F2500
M3 S280
G1 F900
G1 X13.787 Y0.183
G1 X13.952 Y0.201
G1 X13.970 Y0.293
G1 X14.062 Y0.366
G1 X14.519 Y0.347
G1 X14.519 Y0.311
G1 X14.427 Y0.219
G1 X13.970 Y-0.073
G1 X13.806 Y-0.238
G1 X13.787 Y-0.274
G1 X13.787 Y-0.750
G1 X13.934 Y-0.731
G1 X13.970 Y-0.658
G1 X14.043 Y-0.585
G1 X14.373 Y-0.366
G1 X14.610 Y-0.183
G1 X14.738 Y-0.366
G1 X14.921 Y-0.475
G1 X15.049 Y-0.512
G1 X15.177 Y-0.512
G1 X15.323 Y-0.475
G1 X15.451 Y-0.402
G1 X15.561 Y-0.274
G1 X15.653 Y-0.055
G1 X15.689 Y0.183
G1 X15.689 Y0.603
G1 X15.653 Y0.987
G1 X15.506 Y0.987
G1 X15.488 Y0.896
G1 X15.451 Y0.859
G1 X15.342 Y0.823
G1 X14.080 Y0.823
G1 X14.025 Y0.841
G1 X13.970 Y0.896
G1 X13.934 Y0.987
G1 X13.787 Y0.987
G1 X13.787 Y0.183
M5
G0 X13.861 Y1.774 F2500
M3 S280
G1 F900
G1 X13.879 Y1.737
G1 X13.970 Y1.664
G1 X13.861 Y1.774
G1 X13.879 Y1.737
M5
G0 X14.702 Y4.937 F2500
M3 S280
G1 F900
G1 X14.811 Y4.827
G1 X14.775 Y4.955
G1 X14.702 Y4.937
G1 X14.811 Y4.827
M5
G0 X14.793 Y5.010 F2500
M3 S280
G1 F900
G1 X14.665 Y4.955
G1 X14.592 Y4.955
G1 X14.683 Y4.919
G1 X14.830 Y4.773
G1 X14.903 Y4.608
G1 X14.903 Y4.553
G1 X14.757 Y4.407
G1 X14.062 Y4.187
G1 X13.824 Y4.133
G1 X13.531 Y4.023
G1 X13.440 Y4.023
G1 X13.275 Y4.151
G1 X13.367 Y3.895
G1 X13.403 Y3.712
G1 X13.440 Y3.639
G1 X13.440 Y3.584
G1 X13.440 Y3.621
G1 X13.605 Y3.785
G1 X13.678 Y3.822
G1 X14.190 Y3.968
G1 X14.482 Y4.078
G1 X14.848 Y4.187
G1 X14.921 Y4.187
G1 X15.049 Y4.059
G1 X15.049 Y3.840
G1 X15.013 Y3.767
G1 X14.830 Y3.547
G1 X15.195 Y3.639
G1 X15.067 Y4.005
G1 X14.848 Y4.791
G1 X14.830 Y4.919
G1 X14.793 Y5.010
G1 X14.665 Y4.955
M5
G0 X14.830 Y5.047 F2500
M3 S280
G1 F900
G1 X14.793 Y5.047
G1 X14.665 Y4.992
G1 X14.592 Y4.992
G1 X14.464 Y4.955
G1 X14.501 Y4.937
G1 X14.574 Y4.937
G1 X14.683 Y4.882
G1 X14.793 Y4.773
G1 X14.848 Y4.663
G1 X14.866 Y4.553
G1 X14.757 Y4.443
G1 X14.062 Y4.224
G1 X13.824 Y4.169
G1 X13.531 Y4.059
G1 X13.440 Y4.059
G1 X13.294 Y4.187
G1 X13.239 Y4.187
G1 X13.239 Y4.151
G1 X13.275 Y4.078
G1 X13.275 Y4.023
G1 X13.403 Y3.639
G1 X13.422 Y3.529
G1 X13.458 Y3.529
G1 X13.477 Y3.621
G1 X13.605 Y3.749
G1 X13.678 Y3.785
G1 X14.190 Y3.931
G1 X14.482 Y4.041
G1 X14.848 Y4.151
G1 X14.921 Y4.151
G1 X15.013 Y4.059
G1 X15.013 Y3.840
G1 X14.921 Y3.694
G1 X14.811 Y3.584
G1 X14.811 Y3.511
G1 X14.939 Y3.529
G1 X15.013 Y3.566
G1 X15.141 Y3.584
G1 X15.232 Y3.621
G1 X15.232 Y3.657
G1 X15.104 Y4.005
G1 X14.885 Y4.791
G1 X14.830 Y5.047
G1 X14.793 Y5.047
M5
G0 X14.848 Y5.083 F2500
M3 S280
G1 F900
G1 X14.793 Y5.083
G1 X14.665 Y5.029
G1 X14.519 Y5.010
G1 X14.427 Y4.974
G1 X14.446 Y4.919
G1 X14.574 Y4.901
G1 X14.683 Y4.846
G1 X14.757 Y4.773
G1 X14.830 Y4.608
G1 X14.830 Y4.553
G1 X14.757 Y4.480
G1 X14.062 Y4.261
G1 X13.824 Y4.206
G1 X13.531 Y4.096
G1 X13.440 Y4.096
G1 X13.403 Y4.114
G1 X13.294 Y4.242
G1 X13.202 Y4.206
G1 X13.202 Y4.151
G1 X13.294 Y3.895
G1 X13.330 Y3.712
G1 X13.403 Y3.493
G1 X13.495 Y3.511
G1 X13.513 Y3.621
G1 X13.605 Y3.712
G1 X13.678 Y3.749
G1 X14.190 Y3.895
G1 X14.482 Y4.005
G1 X14.848 Y4.114
G1 X14.921 Y4.114
G1 X14.976 Y4.059
G1 X14.976 Y3.840
G1 X14.885 Y3.694
G1 X14.775 Y3.584
G1 X14.775 Y3.493
G1 X14.866 Y3.474
G1 X15.232 Y3.584
G1 X15.287 Y3.584
G1 X15.141 Y4.005
G1 X14.848 Y5.083
G1 X14.793 Y5.083
M5
G0 X14.866 Y5.102 F2500
M3 S280
G1 F900
G1 X14.793 Y5.102
G1 X14.665 Y5.047
G1 X14.519 Y5.029
G1 X14.409 Y4.992
G1 X14.409 Y4.937
G1 X14.446 Y4.901
G1 X14.574 Y4.882
G1 X14.683 Y4.827
G1 X14.738 Y4.773
G1 X14.811 Y4.608
G1 X14.811 Y4.553
G1 X14.757 Y4.498
G1 X14.062 Y4.279
G1 X13.824 Y4.224
G1 X13.531 Y4.114
G1 X13.440 Y4.114
G1 X13.403 Y4.133
G1 X13.294 Y4.261
G1 X13.221 Y4.224
G1 X13.184 Y4.224
G1 X13.184 Y4.151
G1 X13.385 Y3.474
G1 X13.477 Y3.474
G1 X13.513 Y3.493
G1 X13.531 Y3.621
G1 X13.605 Y3.694
G1 X13.678 Y3.730
G1 X14.190 Y3.877
G1 X14.482 Y3.986
G1 X14.848 Y4.096
G1 X14.921 Y4.096
G1 X14.958 Y4.059
G1 X14.958 Y3.840
G1 X14.866 Y3.694
G1 X14.757 Y3.584
G1 X14.738 Y3.529
G1 X14.793 Y3.456
G1 X14.866 Y3.456
G1 X15.086 Y3.529
G1 X15.214 Y3.547
G1 X15.287 Y3.621
G1 X15.269 Y3.712
G1 X15.159 Y4.005
G1 X14.866 Y5.102
G1 X14.793 Y5.102
M5
G0 X5.339 Y-0.750 F2500
M3 S280
G1 F900
G1 X5.376 Y-0.750
G1 X5.413 Y-0.786
G1 X5.486 Y-1.024
G1 X5.614 Y-1.280
G1 X5.614 Y-1.353
G1 X5.541 Y-1.573
G1 X5.541 Y-1.755
G1 X5.614 Y-2.030
G1 X5.760 Y-2.304
G1 X5.815 Y-2.487
G1 X5.778 Y-2.651
G1 X5.669 Y-2.779
G1 X5.358 Y-2.798
G1 X5.266 Y-2.761
G1 X5.102 Y-2.779
G1 X5.010 Y-2.743
G1 X4.901 Y-2.542
G1 X4.919 Y-2.341
G1 X5.029 Y-2.139
G1 X5.138 Y-1.774
G1 X5.157 Y-1.627
G1 X5.138 Y-1.518
G1 X5.083 Y-1.390
G1 X5.083 Y-1.243
G1 X5.175 Y-1.079
G1 X5.266 Y-0.823
M5
G0 X5.339 Y-0.750 F2500
M3 S280
G1 F900
G1 X5.266 Y-0.823
G1 X5.175 Y-1.079
G1 X5.083 Y-1.243
G1 X5.083 Y-1.390
G1 X5.157 Y-1.627
G1 X5.138 Y-1.774
G1 X5.047 Y-2.085
G1 X4.901 Y-2.414
G1 X4.919 Y-2.597
G1 X5.010 Y-2.725
G1 X4.992 Y-2.907
G1 X5.029 Y-2.999
G1 X4.992 Y-3.072
G1 X4.297 Y-3.127
G1 X4.005 Y-3.200
G1 X4.005 Y-3.273
G1 X4.133 Y-3.346
G1 X4.169 Y-3.438
G1 X4.297 Y-3.547
G1 X4.553 Y-3.657
G1 X4.571 Y-3.730
G1 X4.462 Y-3.931
G1 X4.370 Y-3.950
G1 X4.297 Y-4.005
G1 X4.279 Y-4.059
G1 X4.315 Y-4.096
G1 X4.681 Y-4.169
G1 X5.047 Y-4.206
G1 X5.083 Y-4.261
G1 X5.010 Y-4.352
G1 X5.010 Y-4.443
G1 X4.919 Y-4.535
G1 X4.919 Y-4.626
G1 X4.955 Y-4.663
G1 X4.955 Y-4.718
G1 X5.010 Y-4.754
G1 X5.010 Y-4.937
G1 X4.882 Y-5.906
G1 X4.809 Y-6.199
G1 X4.809 Y-6.327
G1 X4.718 Y-6.437
G1 X4.699 Y-6.565
G1 X4.663 Y-6.638
G1 X4.370 Y-6.949
G1 X4.206 Y-6.967
G1 X4.059 Y-7.058
G1 X4.041 Y-7.150
G1 X4.133 Y-7.241
G1 X4.187 Y-7.259
G1 X4.224 Y-7.351
G1 X4.059 Y-7.643
G1 X4.005 Y-7.698
G1 X3.913 Y-7.717
G1 X3.877 Y-7.753
G1 X3.877 Y-7.826
G1 X3.950 Y-7.918
G1 X4.187 Y-8.027
G1 X4.389 Y-8.082
G1 X5.010 Y-8.155
G1 X5.760 Y-8.155
G1 X6.181 Y-8.101
G1 X6.510 Y-8.027
G1 X6.711 Y-7.954
G1 X6.766 Y-7.918
G1 X6.802 Y-7.845
G1 X6.784 Y-7.735
G1 X6.638 Y-7.662
G1 X6.491 Y-7.442
G1 X6.491 Y-7.369
G1 X6.583 Y-7.278
G1 X6.601 Y-7.223
G1 X6.656 Y-7.205
G1 X6.674 Y-7.095
G1 X6.656 Y-7.058
G1 X6.546 Y-7.003
G1 X6.491 Y-7.003
G1 X6.418 Y-6.949
G1 X6.363 Y-6.949
G1 X6.309 Y-6.912
G1 X6.272 Y-6.930
G1 X6.071 Y-6.693
G1 X6.016 Y-6.583
G1 X5.979 Y-6.565
G1 X5.979 Y-6.473
G1 X5.943 Y-6.382
G1 X5.888 Y-6.327
G1 X5.742 Y-5.413
G1 X5.705 Y-4.974
G1 X5.705 Y-4.773
G1 X5.778 Y-4.681
G1 X5.797 Y-4.517
G1 X5.650 Y-4.242
G1 X5.687 Y-4.206
G1 X6.053 Y-4.169
G1 X6.418 Y-4.096
G1 X6.437 Y-4.059
G1 X6.400 Y-3.968
G1 X6.272 Y-3.931
G1 X6.235 Y-3.895
G1 X6.162 Y-3.694
G1 X6.217 Y-3.639
G1 X6.400 Y-3.566
G1 X6.565 Y-3.438
G1 X6.583 Y-3.383
G1 X6.711 Y-3.273
G1 X6.711 Y-3.218
G1 X6.674 Y-3.182
G1 X6.272 Y-3.109
G1 X5.760 Y-3.090
G1 X5.687 Y-2.999
G1 X5.687 Y-2.761
G1 X5.797 Y-2.615
G1 X5.815 Y-2.487
G1 X5.760 Y-2.304
G1 X5.614 Y-2.030
G1 X5.541 Y-1.755
G1 X5.541 Y-1.573
G1 X5.595 Y-1.426
G1 X5.614 Y-1.280
G1 X5.467 Y-0.969
G1 X5.413 Y-0.786
G1 X5.376 Y-0.750
M5
G0 X5.449 Y-1.225 F2500
M3 S280
G1 F900
G1 X5.467 Y-1.280
G1 X5.449 Y-1.353
G1 X5.376 Y-1.371
G1 X5.467 Y-1.353
M5
G0 X5.449 Y-1.865 F2500
M3 S280
G1 F900
G1 X5.449 Y-1.957
G1 X5.541 Y-2.194
G1 X5.541 Y-2.304
G1 X5.577 Y-2.377
G1 X5.559 Y-2.633
G1 X5.467 Y-2.615
G1 X5.413 Y-2.651
G1 X5.486 Y-2.651
G1 X5.577 Y-2.615
G1 X5.577 Y-2.377
G1 X5.541 Y-2.286
G1 X5.541 Y-2.194
G1 X5.449 Y-1.957
M5
G0 X4.919 Y-4.608 F2500
M3 S280
G1 F900
G1 X4.937 Y-4.498
G1 X5.760 Y-4.480
G1 X5.797 Y-4.517
G1 X5.778 Y-4.626
G1 X5.394 Y-4.663
M5
G0 X4.937 Y-4.645 F2500
M3 S280
G1 F900
G1 X4.974 Y-4.608
G1 X5.394 Y-4.663
G1 X5.687 Y-4.626
G1 X5.778 Y-4.645
G1 X5.778 Y-4.681
G1 X5.723 Y-4.754
G1 X5.504 Y-4.827
G1 X5.467 Y-4.791
G1 X5.193 Y-4.791
G1 X5.102 Y-4.754
G1 X5.010 Y-4.754
G1 X4.955 Y-4.699
M5
G0 X1.646 Y-5.577 F2500
M3 S280
G1 F900
G1 X1.701 Y-5.650
G1 X1.682 Y-5.687
G1 X1.609 Y-5.705
G1 X1.554 Y-5.650
M5
G0 X1.591 Y-5.559 F2500
M3 S280
G1 F900
G1 X1.573 Y-5.632
G1 X1.536 Y-5.632
G1 X1.499 Y-5.595
M5
G0 X1.481 Y-5.577 F2500
M3 S280
G1 F900
G1 X1.646 Y-5.742
G1 X1.701 Y-5.705
G1 X1.774 Y-5.778
G1 X1.792 Y-5.851
G1 X1.774 Y-5.961
G1 X1.810 Y-5.961
G1 X1.829 Y-6.107
G1 X1.829 Y-6.528
G1 X1.792 Y-6.601
G1 X1.755 Y-6.601
G1 X1.810 Y-6.619
G1 X1.792 Y-6.711
G1 X1.737 Y-6.693
G1 X1.774 Y-6.711
G1 X1.792 Y-6.784
G1 X1.755 Y-6.875
G1 X1.701 Y-6.875
G1 X1.755 Y-6.894
G1 X1.755 Y-6.967
G1 X1.701 Y-7.058
G1 X1.701 Y-7.131
G1 X1.646 Y-7.278
G1 X1.609 Y-7.314
G1 X1.481 Y-7.607
G1 X1.079 Y-8.174
G1 X0.933 Y-8.320
G1 X0.914 Y-8.375
G1 X0.713 Y-8.649
G1 X0.622 Y-8.832
G1 X0.512 Y-9.216
G1 X0.457 Y-9.253
G1 X0.384 Y-9.179
G1 X0.274 Y-9.125
G1 X0.311 Y-9.015
G1 X0.347 Y-9.015
G1 X0.475 Y-9.143
G1 X0.347 Y-9.015
G1 X0.293 Y-8.997
G1 X0.329 Y-8.887
G1 X0.366 Y-8.887
G1 X0.475 Y-8.978
G1 X0.366 Y-8.887
G1 X0.311 Y-8.869
G1 X0.347 Y-8.759
G1 X0.384 Y-8.759
G1 X0.530 Y-8.905
G1 X0.402 Y-8.759
G1 X0.347 Y-8.741
G1 X0.366 Y-8.631
G1 X0.402 Y-8.631
G1 X0.530 Y-8.759
G1 X0.421 Y-8.631
G1 X0.366 Y-8.613
G1 X0.384 Y-8.485
G1 X0.421 Y-8.485
G1 X0.549 Y-8.613
G1 X0.439 Y-8.485
G1 X0.366 Y-8.466
G1 X0.384 Y-8.338
G1 X0.421 Y-8.338
G1 X0.585 Y-8.521
G1 X0.421 Y-8.338
G1 X0.384 Y-8.338
G1 X0.347 Y-8.302
G1 X0.366 Y-8.174
G1 X0.421 Y-8.174
G1 X0.567 Y-8.357
G1 X0.622 Y-8.393
G1 X0.585 Y-8.375
G1 X0.439 Y-8.174
G1 X0.347 Y-8.155
G1 X0.366 Y-8.009
G1 X0.421 Y-8.009
G1 X0.658 Y-8.247
G1 X0.585 Y-8.192
G1 X0.439 Y-8.009
G1 X0.347 Y-7.991
G1 X0.329 Y-7.954
G1 X0.347 Y-7.845
G1 X0.439 Y-7.863
G1 X0.640 Y-8.119
G1 X0.421 Y-7.845
G1 X0.329 Y-7.826
G1 X0.347 Y-7.680
G1 X0.402 Y-7.680
G1 X0.585 Y-7.881
G1 X0.421 Y-7.680
G1 X0.329 Y-7.662
G1 X0.347 Y-7.534
G1 X0.421 Y-7.534
G1 X0.677 Y-7.863
G1 X0.457 Y-7.552
G1 X0.329 Y-7.515
G1 X0.347 Y-7.406
G1 X0.439 Y-7.387
G1 X0.585 Y-7.570
G1 X0.457 Y-7.387
G1 X0.347 Y-7.369
G1 X0.347 Y-7.241
G1 X0.384 Y-7.205
G1 X0.457 Y-7.223
G1 X0.713 Y-7.552
G1 X0.439 Y-7.205
G1 X0.366 Y-7.186
G1 X0.384 Y-7.095
G1 X0.475 Y-7.077
G1 X0.622 Y-7.259
G1 X0.475 Y-7.077
G1 X0.384 Y-7.058
G1 X0.439 Y-6.930
G1 X0.530 Y-6.967
G1 X0.713 Y-7.223
G1 X0.530 Y-6.967
G1 X0.439 Y-6.930
G1 X0.439 Y-6.839
G1 X0.494 Y-6.766
G1 X0.658 Y-6.967
G1 X0.567 Y-6.821
G1 X0.494 Y-6.766
G1 X0.512 Y-6.674
G1 X0.549 Y-6.674
G1 X0.640 Y-6.766
G1 X0.695 Y-6.875
G1 X0.622 Y-6.729
G1 X0.530 Y-6.656
G1 X0.549 Y-6.583
G1 X0.603 Y-6.546
G1 X0.750 Y-6.729
G1 X0.658 Y-6.583
G1 X0.603 Y-6.546
G1 X0.603 Y-6.491
G1 X0.658 Y-6.455
G1 X0.786 Y-6.583
G1 X0.731 Y-6.491
G1 X0.695 Y-6.491
G1 X0.658 Y-6.455
G1 X0.677 Y-6.382
G1 X0.713 Y-6.345
G1 X0.841 Y-6.473
G1 X0.713 Y-6.327
G1 X0.786 Y-6.254
G1 X0.841 Y-6.327
G1 X0.786 Y-6.235
G1 X0.841 Y-6.199
G1 X0.933 Y-6.254
G1 X0.841 Y-6.199
G1 X0.841 Y-6.162
G1 X0.914 Y-6.107
G1 X0.987 Y-6.199
G1 X1.042 Y-6.107
G1 X1.134 Y-6.217
G1 X1.079 Y-6.144
G1 X1.152 Y-6.089
G1 X1.207 Y-6.162
G1 X1.097 Y-6.016
G1 X1.152 Y-5.961
G1 X1.298 Y-6.126
G1 X1.097 Y-5.888
G1 X1.097 Y-5.851
G1 X1.152 Y-5.797
G1 X1.353 Y-6.071
G1 X1.152 Y-5.797
G1 X1.189 Y-5.742
G1 X1.243 Y-5.778
G1 X1.390 Y-5.961
G1 X1.298 Y-5.833
G1 X1.225 Y-5.778
G1 X1.207 Y-5.687
G1 X1.280 Y-5.687
G1 X1.335 Y-5.778
G1 X1.481 Y-5.925
G1 X1.298 Y-5.723
G1 X1.298 Y-5.687
G1 X1.335 Y-5.650
G1 X1.445 Y-5.778
G1 X1.371 Y-5.687
G1 X1.426 Y-5.632
G1 X1.536 Y-5.760
G1 X1.591 Y-5.778
G1 X1.445 Y-5.650
G1 X1.426 Y-5.614
M5
G0 X1.371 Y-5.577 F2500
M3 S280
G1 F900
G1 X1.426 Y-5.614
G1 X1.408 Y-5.650
G1 X1.353 Y-5.669
G1 X1.317 Y-5.632
M5
G0 X1.262 Y-5.595 F2500
M3 S280
G1 F900
G1 X1.298 Y-5.614
G1 X1.298 Y-5.687
G1 X1.262 Y-5.687
G1 X1.225 Y-5.632
M5
G0 X1.298 Y-5.504 F2500
M3 S280
G1 F900
G1 X1.371 Y-5.559
G1 X1.317 Y-5.614
G1 X1.262 Y-5.595
G1 X1.262 Y-5.541
M5
G0 X1.390 Y-5.541 F2500
M3 S280
G1 F900
G1 X1.463 Y-5.541
G1 X1.445 Y-5.595
M5
G0 X1.463 Y-5.541 F2500
M3 S280
G1 F900
G1 X1.499 Y-5.504
G1 X1.554 Y-5.522
G1 X1.536 Y-5.559
M5
G0 X1.335 Y-5.431 F2500
M3 S280
G1 F900
G1 X1.353 Y-5.467
G1 X1.408 Y-5.449
G1 X1.426 Y-5.504
G1 X1.390 Y-5.541
G1 X1.335 Y-5.541
G1 X1.298 Y-5.504
G1 X1.298 Y-5.467
M5
G0 X1.426 Y-5.339 F2500
M3 S280
G1 F900
G1 X1.536 Y-5.376
G1 X1.536 Y-5.467
G1 X1.426 Y-5.449
G1 X1.445 Y-5.394
G1 X1.408 Y-5.376
M5
G0 X0.951 Y-5.175 F2500
M3 S280
G1 F900
G1 X0.878 Y-5.358
G1 X0.786 Y-5.486
G1 X0.384 Y-5.870
G1 X0.183 Y-6.144
G1 X0.073 Y-6.363
G1 X-0.037 Y-6.729
G1 X-0.073 Y-6.930
G1 X-0.073 Y-7.589
G1 X0.037 Y-8.229
G1 X0.055 Y-8.503
G1 X0.037 Y-8.997
G1 X0.037 Y-8.795
G1 X0.055 Y-8.777
G1 X0.037 Y-8.229
G1 X-0.073 Y-7.589
G1 X-0.073 Y-6.930
G1 X-0.037 Y-6.729
G1 X0.073 Y-6.363
G1 X0.183 Y-6.144
G1 X0.347 Y-5.925
G1 X0.786 Y-5.486
G1 X0.878 Y-5.358
M5
G0 X1.097 Y-5.888 F2500
M3 S280
G1 F900
G1 X1.134 Y-5.925
G1 X1.134 Y-5.961
G1 X1.079 Y-5.998
G1 X1.042 Y-5.961
G1 X1.042 Y-5.925
M5
G0 X1.006 Y-5.961 F2500
M3 S280
G1 F900
G1 X1.042 Y-5.961
G1 X1.097 Y-6.016
G1 X1.024 Y-6.071
G1 X0.987 Y-6.034
M5
G0 X0.933 Y-6.053 F2500
M3 S280
G1 F900
G1 X0.987 Y-6.034
G1 X1.024 Y-6.071
G1 X1.024 Y-6.107
G1 X0.987 Y-6.144
G1 X0.951 Y-6.144
M5
G0 X1.097 Y-6.034 F2500
M3 S280
G1 F900
G1 X1.134 Y-6.089
G1 X1.097 Y-6.126
G1 X1.061 Y-6.126
G1 X1.024 Y-6.089
M5
G0 X1.225 Y-4.882 F2500
M3 S280
G1 F900
G1 X1.353 Y-5.175
G1 X1.353 Y-5.230
G1 X1.390 Y-5.303
G1 X1.371 Y-5.358
G1 X1.390 Y-5.413
G1 X1.317 Y-5.431
G1 X1.170 Y-5.778
G1 X1.115 Y-5.815
G1 X1.097 Y-5.870
G1 X1.042 Y-5.906
G1 X1.042 Y-5.943
G1 X0.859 Y-6.126
G1 X0.823 Y-6.199
G1 X0.677 Y-6.363
G1 X0.658 Y-6.437
G1 X0.549 Y-6.583
G1 X0.549 Y-6.638
G1 X0.494 Y-6.693
G1 X0.494 Y-6.747
G1 X0.439 Y-6.839
G1 X0.439 Y-6.912
G1 X0.402 Y-6.949
G1 X0.329 Y-7.442
G1 X0.329 Y-7.954
G1 X0.366 Y-8.320
G1 X0.366 Y-8.613
G1 X0.311 Y-8.832
G1 X0.293 Y-9.070
G1 X0.219 Y-9.435
G1 X0.073 Y-9.893
G1 X0.018 Y-10.277
G1 X0.073 Y-10.277
G1 X0.146 Y-10.185
G1 X0.311 Y-9.893
G1 X0.384 Y-9.673
G1 X0.439 Y-9.381
G1 X0.475 Y-9.326
G1 X0.475 Y-9.271
G1 X0.549 Y-9.125
G1 X0.640 Y-8.795
G1 X0.695 Y-8.686
G1 X0.914 Y-8.357
G1 X1.371 Y-7.790
G1 X1.371 Y-7.753
G1 X1.481 Y-7.607
G1 X1.646 Y-7.278
G1 X1.701 Y-7.131
G1 X1.701 Y-7.058
G1 X1.755 Y-6.985
G1 X1.829 Y-6.528
G1 X1.829 Y-6.107
G1 X1.792 Y-5.833
G1 X1.664 Y-5.577
G1 X1.609 Y-5.559
G1 X1.591 Y-5.504
G1 X1.536 Y-5.486
G1 X1.536 Y-5.376
G1 X1.390 Y-5.321
G1 X1.335 Y-5.120
G1 X1.298 Y-5.083
G1 X1.280 Y-4.974
M5
G0 X1.189 Y-4.114 F2500
M3 S280
G1 F900
G1 X1.170 Y-4.206
G1 X1.097 Y-4.206
G1 X0.878 Y-4.114
G1 X0.603 Y-4.059
G1 X0.402 Y-4.041
G1 X-0.073 Y-4.059
G1 X-0.695 Y-4.169
G1 X-0.914 Y-4.242
G1 X-1.207 Y-4.389
G1 X-1.298 Y-4.389
G1 X-1.298 Y-4.242
G1 X-1.207 Y-4.041
G1 X-1.097 Y-3.895
G1 X-0.841 Y-3.675
G1 X-0.750 Y-3.675
G1 X-0.585 Y-3.602
G1 X-0.183 Y-3.529
G1 X0.219 Y-3.511
G1 X0.238 Y-3.529
G1 X0.421 Y-3.529
G1 X0.695 Y-3.602
G1 X0.786 Y-3.602
G1 X0.951 Y-3.730
G1 X1.079 Y-3.877
M5
G0 X0.786 Y-3.547 F2500
M3 S280
G1 F900
G1 X0.768 Y-3.602
G1 X0.695 Y-3.602
G1 X0.421 Y-3.529
G1 X0.055 Y-3.511
G1 X-0.439 Y-3.566
G1 X-0.640 Y-3.621
G1 X-0.750 Y-3.675
G1 X-0.823 Y-3.657
G1 X-0.823 Y-3.584
G1 X-0.768 Y-3.456
G1 X-0.695 Y-3.383
G1 X-0.512 Y-3.273
G1 X-0.366 Y-3.255
G1 X-0.128 Y-3.182
G1 X0.073 Y-3.163
G1 X0.421 Y-3.182
G1 X0.530 Y-3.218
G1 X0.713 Y-3.383
M5
G0 X0.439 Y-3.163 F2500
M3 S280
G1 F900
G1 X-0.128 Y-3.182
G1 X-0.439 Y-3.273
G1 X-0.494 Y-3.255
G1 X-0.494 Y-3.200
G1 X-0.457 Y-3.127
G1 X-0.347 Y-3.017
G1 X-0.256 Y-2.962
G1 X-0.055 Y-2.926
G1 X0.165 Y-2.944
G1 X0.201 Y-2.926
G1 X0.311 Y-2.962
G1 X0.402 Y-3.054
M5
G0 X0.055 Y-2.743 F2500
M3 S280
G1 F900
G1 X-0.091 Y-2.743
G1 X-0.219 Y-2.834
G1 X-0.238 Y-2.944
G1 X-0.457 Y-3.109
G1 X-0.494 Y-3.255
G1 X-0.549 Y-3.310
G1 X-0.658 Y-3.346
G1 X-0.768 Y-3.456
G1 X-0.823 Y-3.566
G1 X-0.823 Y-3.657
G1 X-1.006 Y-3.803
G1 X-1.207 Y-4.023
G1 X-1.298 Y-4.242
G1 X-1.298 Y-4.407
G1 X-1.609 Y-4.791
G1 X-1.719 Y-4.992
G1 X-1.829 Y-5.321
G1 X-1.883 Y-5.687
G1 X-1.829 Y-6.272
G1 X-1.682 Y-6.784
G1 X-1.445 Y-7.278
G1 X-1.061 Y-7.863
G1 X-0.713 Y-8.448
G1 X-0.567 Y-8.832
G1 X-0.475 Y-9.179
G1 X-0.402 Y-9.600
G1 X-0.329 Y-10.331
G1 X-0.274 Y-10.441
G1 X-0.201 Y-10.514
G1 X-0.037 Y-10.569
G1 X0.073 Y-10.551
G1 X0.183 Y-10.478
G1 X0.347 Y-10.313
G1 X0.512 Y-10.075
G1 X0.677 Y-9.710
G1 X0.859 Y-9.125
G1 X1.024 Y-8.777
G1 X1.207 Y-8.503
G1 X1.627 Y-7.973
G1 X1.920 Y-7.534
G1 X2.085 Y-7.205
G1 X2.176 Y-6.930
G1 X2.231 Y-6.674
G1 X2.267 Y-6.309
G1 X2.213 Y-5.778
G1 X2.121 Y-5.467
G1 X2.011 Y-5.248
G1 X1.829 Y-4.992
G1 X1.609 Y-4.791
G1 X1.573 Y-4.645
G1 X1.408 Y-4.389
G1 X1.207 Y-4.224
G1 X1.134 Y-3.950
G1 X1.061 Y-3.840
G1 X0.896 Y-3.675
G1 X0.805 Y-3.621
G1 X0.768 Y-3.474
G1 X0.677 Y-3.328
G1 X0.567 Y-3.237
G1 X0.457 Y-3.200
G1 X0.421 Y-3.145
G1 X0.402 Y-3.035
G1 X0.347 Y-2.981
G1 X0.201 Y-2.926
G1 X0.183 Y-2.834
G1 X0.110 Y-2.761
M5
G0 X-0.238 Y-2.871 F2500
M3 S280
G1 F900
G1 X-0.165 Y-2.779
G1 X-0.073 Y-2.743
G1 X0.055 Y-2.743
G1 X0.128 Y-2.779
G1 X0.201 Y-2.871
G1 X0.165 Y-2.944
G1 X-0.055 Y-2.926
G1 X-0.238 Y-2.944
M5
G0 X0.402 Y-4.041 F2500
M3 S280
G1 F900
G1 X0.805 Y-4.096
G1 X1.097 Y-4.206
G1 X1.189 Y-4.206
G1 X1.426 Y-4.425
G1 X1.573 Y-4.663
G1 X1.591 Y-4.718
G1 X1.573 Y-4.791
G1 X1.426 Y-4.736
G1 X1.298 Y-4.718
G1 X1.408 Y-4.736
G1 X1.536 Y-4.791
G1 X1.609 Y-4.791
G1 X1.755 Y-4.919
G1 X2.011 Y-5.248
G1 X2.121 Y-5.467
G1 X2.213 Y-5.778
G1 X2.267 Y-6.309
G1 X2.231 Y-6.674
G1 X2.176 Y-6.930
G1 X2.048 Y-7.278
G1 X1.920 Y-7.534
G1 X1.719 Y-7.845
G1 X1.207 Y-8.503
G1 X1.024 Y-8.777
G1 X0.841 Y-9.161
G1 X0.677 Y-9.710
G1 X0.512 Y-10.075
G1 X0.402 Y-10.240
G1 X0.146 Y-10.496
G1 X0.055 Y-10.551
G1 X-0.037 Y-10.569
G1 X-0.165 Y-10.533
G1 X-0.293 Y-10.405
G1 X-0.329 Y-10.313
G1 X-0.402 Y-9.600
G1 X-0.475 Y-9.179
G1 X-0.567 Y-8.832
G1 X-0.713 Y-8.448
G1 X-1.024 Y-7.918
G1 X-1.463 Y-7.241
G1 X-1.682 Y-6.784
G1 X-1.829 Y-6.272
G1 X-1.865 Y-6.034
G1 X-1.883 Y-5.669
G1 X-1.792 Y-5.193
G1 X-1.701 Y-4.955
G1 X-1.573 Y-4.754
G1 X-1.317 Y-4.462
G1 X-1.298 Y-4.407
G1 X-1.152 Y-4.370
G1 X-0.914 Y-4.242
G1 X-0.549 Y-4.133
G1 X-0.073 Y-4.059
M5
G0 X-0.805 Y-1.463 F2500
M3 S280
G1 F900
G1 X-0.750 Y-1.408
G1 X-0.256 Y-1.426
G1 X-0.219 Y-1.463
M5
G0 X-1.079 Y0.274 F2500
M3 S280
G1 F900
G1 X-0.933 Y0.256
G1 X-0.878 Y0.055
G1 X-0.695 Y-0.421
G1 X-0.640 Y-0.640
G1 X-0.658 Y-0.713
G1 X-0.750 Y-0.731
G1 X-0.878 Y-0.713
G1 X-0.969 Y-0.165
G1 X-1.024 Y-0.055
G1 X-1.097 Y0.201
M5
G0 X1.554 Y2.469 F2500
M3 S280
G1 F900
G1 X1.719 Y2.469
G1 X1.682 Y2.414
G1 X1.627 Y2.395
M5
G0 X1.792 Y2.450 F2500
M3 S280
G1 F900
G1 X1.883 Y2.450
G1 X1.902 Y2.377
G1 X1.792 Y2.359
M5
G0 X2.011 Y2.341 F2500
M3 S280
G1 F900
G1 X2.030 Y2.395
G1 X2.121 Y2.395
G1 X2.176 Y2.359
G1 X2.103 Y2.267
M5
G0 X2.341 Y2.286 F2500
M3 S280
G1 F900
G1 X2.359 Y2.322
G1 X2.432 Y2.322
G1 X2.505 Y2.267
G1 X2.469 Y2.231
G1 X2.395 Y2.231
M5
G0 X2.523 Y2.286 F2500
M3 S280
G1 F900
G1 X2.578 Y2.267
G1 X2.542 Y2.213
G1 X2.505 Y2.249
M5
G0 X2.688 Y2.139 F2500
M3 S280
G1 F900
G1 X2.688 Y2.213
G1 X2.743 Y2.231
G1 X2.816 Y2.194
G1 X2.779 Y2.121
M5
G0 X2.816 Y2.194 F2500
M3 S280
G1 F900
G1 X2.907 Y2.176
G1 X2.889 Y2.103
G1 X2.798 Y2.103
M5
G0 X2.981 Y2.158 F2500
M3 S280
G1 F900
G1 X3.017 Y2.121
G1 X2.944 Y2.048
G1 X2.889 Y2.121
G1 X2.926 Y2.158
M5
G0 X2.962 Y1.609 F2500
M3 S280
G1 F900
G1 X3.072 Y1.591
G1 X3.054 Y-0.713
G1 X2.926 Y-0.695
G1 X2.944 Y-0.567
G1 X2.926 Y-0.402
G1 X2.926 Y0.841
M5
G0 X3.529 Y0.695 F2500
M3 S280
G1 F900
G1 X4.096 Y0.677
G1 X4.078 Y0.274
G1 X4.041 Y0.274
G1 X4.078 Y0.219
G1 X3.822 Y0.219
G1 X3.803 Y0.201
G1 X3.547 Y0.219
G1 X3.657 Y0.238
G1 X3.529 Y0.219
M5
G0 X4.133 Y0.786 F2500
M3 S280
G1 F900
G1 X4.261 Y0.768
G1 X4.261 Y0.165
G1 X4.224 Y-0.018
G1 X4.096 Y0.000
G1 X4.096 Y0.695
M5
G0 X4.389 Y0.786 F2500
M3 S280
G1 F900
G1 X4.425 Y0.750
G1 X4.443 Y0.073
G1 X4.389 Y0.000
G1 X4.334 Y0.037
G1 X4.334 Y0.000
G1 X4.279 Y-0.037
G1 X4.242 Y0.000
G1 X4.279 Y0.786
M5
G0 X3.547 Y1.390 F2500
M3 S280
G1 F900
G1 X3.675 Y1.371
G1 X3.712 Y1.134
G1 X3.840 Y1.134
G1 X3.877 Y1.097
G1 X3.913 Y0.878
G1 X4.041 Y0.878
G1 X4.114 Y0.823
G1 X4.114 Y0.731
G1 X4.078 Y0.695
G1 X3.895 Y0.713
G1 X3.877 Y0.768
G1 X3.730 Y0.878
G1 X3.602 Y1.024
G1 X3.803 Y0.823
G1 X3.877 Y0.695
G1 X3.511 Y0.713
G1 X3.511 Y1.353
M5
G0 X3.090 Y1.573 F2500
M3 S280
G1 F900
G1 X3.163 Y1.573
G1 X3.328 Y1.499
G1 X3.328 Y-0.640
G1 X3.291 Y-0.713
G1 X3.072 Y-0.695
M5
G0 X0.256 Y-9.179 F2500
M3 S280
G1 F900
G1 X0.311 Y-9.143
G1 X0.475 Y-9.271
G1 X0.475 Y-9.326
G1 X0.421 Y-9.362
G1 X0.311 Y-9.271
G1 X0.256 Y-9.253
M5
G0 X0.256 Y-9.271 F2500
M3 S280
G1 F900
G1 X0.311 Y-9.271
G1 X0.439 Y-9.381
G1 X0.421 Y-9.527
G1 X0.366 Y-9.600
G1 X0.293 Y-9.527
G1 X0.201 Y-9.490
G1 X0.238 Y-9.381
G1 X0.293 Y-9.381
G1 X0.219 Y-9.362
M5
G0 X0.201 Y-9.509 F2500
M3 S280
G1 F900
G1 X0.274 Y-9.527
G1 X0.384 Y-9.618
G1 X0.384 Y-9.673
G1 X0.347 Y-9.728
G1 X0.274 Y-9.673
G1 X0.146 Y-9.655
M5
G0 X0.274 Y-9.673 F2500
M3 S280
G1 F900
G1 X0.329 Y-9.710
G1 X0.347 Y-9.783
G1 X0.293 Y-9.929
G1 X0.110 Y-10.222
G1 X0.018 Y-10.258
G1 X0.073 Y-9.984
G1 X0.146 Y-10.002
G1 X0.073 Y-9.966
G1 X0.073 Y-9.893
G1 X0.128 Y-9.710
G1 X0.165 Y-9.673
M5
G0 X0.933 Y-11.502 F2500
M3 S280
G1 F900
G1 X0.512 Y-11.794
G1 X0.165 Y-12.142
G1 X0.037 Y-12.325
G1 X-0.037 Y-12.343
G1 X-0.183 Y-12.123
G1 X-0.475 Y-11.831
G1 X-0.896 Y-11.520
G1 X-0.567 Y-11.758
G1 X-0.165 Y-12.160
G1 X-0.018 Y-12.361
G1 X0.037 Y-12.343
G1 X0.128 Y-12.197
G1 X0.567 Y-11.758
M5
G0 X-1.390 Y-11.392 F2500
M3 S280
G1 F900
G1 X-1.024 Y-11.575
G1 X-0.622 Y-11.849
G1 X-0.238 Y-12.215
G1 X-0.037 Y-12.489
G1 X0.037 Y-12.489
G1 X0.201 Y-12.251
G1 X0.640 Y-11.831
G1 X1.042 Y-11.557
G1 X1.335 Y-11.410
G1 X0.878 Y-11.648
G1 X0.530 Y-11.904
G1 X0.238 Y-12.197
G1 X0.000 Y-12.507
G1 X-0.274 Y-12.160
G1 X-0.603 Y-11.849
G1 X-1.006 Y-11.575
M5
G0 X-3.419 Y-13.129 F2500
M3 S280
G1 F900
G1 X-3.346 Y-13.202
G1 X-3.365 Y-13.166
G1 X-3.419 Y-13.129
G1 X-3.346 Y-13.202
M5
G0 X-3.474 Y-13.111 F2500
M3 S280
G1 F900
G1 X-3.291 Y-13.275
G1 X-3.346 Y-13.166
G1 X-3.383 Y-13.129
G1 X-3.474 Y-13.111
G1 X-3.291 Y-13.275
M5
G0 X5.998 Y-12.763 F2500
M3 S280
G1 F900
G1 X5.449 Y-13.001
G1 X5.358 Y-13.019
G1 X5.175 Y-13.111
G1 X4.809 Y-13.239
G1 X4.754 Y-13.239
G1 X4.681 Y-13.275
G1 X4.645 Y-13.275
G1 X4.681 Y-13.275
G1 X4.773 Y-13.367
G1 X4.864 Y-13.659
G1 X4.919 Y-13.769
G1 X4.974 Y-13.806
G1 X5.138 Y-13.824
G1 X5.157 Y-13.806
G1 X5.248 Y-13.806
G1 X5.303 Y-13.787
G1 X5.413 Y-13.714
G1 X5.504 Y-13.806
G1 X5.577 Y-14.025
G1 X5.614 Y-13.970
G1 X5.614 Y-13.934
G1 X5.577 Y-13.879
G1 X5.486 Y-13.586
G1 X5.358 Y-13.294
G1 X5.303 Y-13.111
G1 X5.394 Y-13.019
G1 X5.742 Y-12.891
G1 X5.925 Y-12.800
G1 X5.961 Y-12.800
G1 X5.998 Y-12.763
G1 X5.449 Y-13.001
M5
G0 X6.034 Y-12.782 F2500
M3 S280
G1 F900
G1 X6.016 Y-12.745
G1 X5.943 Y-12.763
G1 X5.449 Y-12.983
G1 X5.358 Y-13.001
G1 X5.175 Y-13.093
G1 X4.809 Y-13.221
G1 X4.754 Y-13.221
G1 X4.626 Y-13.275
G1 X4.590 Y-13.275
G1 X4.590 Y-13.312
G1 X4.681 Y-13.294
G1 X4.754 Y-13.367
G1 X4.846 Y-13.659
G1 X4.901 Y-13.769
G1 X4.937 Y-13.806
G1 X5.065 Y-13.842
G1 X5.138 Y-13.842
G1 X5.157 Y-13.824
G1 X5.248 Y-13.824
G1 X5.303 Y-13.806
G1 X5.413 Y-13.733
G1 X5.504 Y-13.842
G1 X5.559 Y-14.043
G1 X5.669 Y-14.025
G1 X5.632 Y-13.970
G1 X5.541 Y-13.733
G1 X5.504 Y-13.586
G1 X5.376 Y-13.294
G1 X5.321 Y-13.111
G1 X5.431 Y-13.019
G1 X5.742 Y-12.910
G1 X5.833 Y-12.855
G1 X6.034 Y-12.782
G1 X6.016 Y-12.745
M5
G0 X6.034 Y-12.745 F2500
M3 S280
G1 F900
G1 X5.943 Y-12.745
G1 X5.449 Y-12.965
G1 X5.358 Y-12.983
G1 X5.175 Y-13.074
G1 X4.809 Y-13.202
G1 X4.571 Y-13.257
G1 X4.608 Y-13.330
G1 X4.681 Y-13.312
G1 X4.736 Y-13.367
G1 X4.827 Y-13.659
G1 X4.882 Y-13.769
G1 X4.937 Y-13.824
G1 X5.065 Y-13.861
G1 X5.138 Y-13.861
G1 X5.157 Y-13.842
G1 X5.248 Y-13.842
G1 X5.303 Y-13.824
G1 X5.413 Y-13.751
G1 X5.486 Y-13.842
G1 X5.522 Y-13.989
G1 X5.559 Y-14.062
G1 X5.614 Y-14.062
G1 X5.687 Y-14.025
G1 X5.650 Y-13.970
G1 X5.559 Y-13.733
G1 X5.522 Y-13.586
G1 X5.394 Y-13.294
G1 X5.339 Y-13.111
G1 X5.431 Y-13.038
G1 X6.053 Y-12.800
G1 X6.034 Y-12.745
G1 X5.943 Y-12.745
M5
G0 X6.071 Y-12.782 F2500
M3 S280
G1 F900
G1 X6.034 Y-12.709
G1 X5.998 Y-12.709
G1 X5.449 Y-12.946
G1 X5.358 Y-12.965
G1 X5.175 Y-13.056
G1 X4.809 Y-13.184
G1 X4.535 Y-13.257
G1 X4.571 Y-13.349
G1 X4.681 Y-13.330
G1 X4.718 Y-13.367
G1 X4.809 Y-13.659
G1 X4.882 Y-13.806
G1 X4.974 Y-13.861
G1 X5.138 Y-13.879
G1 X5.157 Y-13.861
G1 X5.248 Y-13.861
G1 X5.303 Y-13.842
G1 X5.413 Y-13.769
G1 X5.467 Y-13.842
G1 X5.541 Y-14.098
G1 X5.705 Y-14.043
G1 X5.577 Y-13.733
G1 X5.486 Y-13.440
G1 X5.413 Y-13.294
G1 X5.358 Y-13.111
G1 X5.431 Y-13.056
G1 X5.742 Y-12.946
G1 X6.071 Y-12.782
G1 X6.034 Y-12.709
M5
G0 X6.089 Y-12.782 F2500
M3 S280
G1 F900
G1 X6.053 Y-12.709
G1 X5.998 Y-12.690
G1 X5.449 Y-12.928
G1 X5.358 Y-12.946
G1 X5.175 Y-13.038
G1 X4.809 Y-13.166
G1 X4.517 Y-13.239
G1 X4.553 Y-13.367
G1 X4.608 Y-13.367
G1 X4.626 Y-13.349
G1 X4.699 Y-13.367
G1 X4.791 Y-13.659
G1 X4.864 Y-13.806
G1 X4.937 Y-13.861
G1 X5.065 Y-13.897
G1 X5.138 Y-13.897
G1 X5.157 Y-13.879
G1 X5.248 Y-13.879
G1 X5.431 Y-13.806
G1 X5.541 Y-14.117
G1 X5.723 Y-14.062
G1 X5.723 Y-14.025
G1 X5.650 Y-13.879
G1 X5.504 Y-13.440
G1 X5.431 Y-13.294
G1 X5.394 Y-13.093
G1 X5.742 Y-12.965
G1 X6.016 Y-12.837
G1 X6.053 Y-12.837
G1 X6.089 Y-12.818
G1 X6.089 Y-12.782
G1 X6.053 Y-12.709
M5
G0 X6.254 Y-12.672 F2500
M3 S280
G1 F900
G1 X6.254 Y-12.800
G1 X6.272 Y-12.837
G1 X6.309 Y-12.837
G1 X6.254 Y-12.782
G1 X6.254 Y-12.727
G1 X6.400 Y-12.581
G1 X6.473 Y-12.581
G1 X6.510 Y-12.599
G1 X6.619 Y-12.709
G1 X6.638 Y-12.763
G1 X6.601 Y-12.635
G1 X6.528 Y-12.581
G1 X6.382 Y-12.581
G1 X6.290 Y-12.617
G1 X6.254 Y-12.672
G1 X6.254 Y-12.800
M5
G0 X6.345 Y-12.617 F2500
M3 S280
G1 F900
G1 X6.290 Y-12.635
G1 X6.272 Y-12.690
G1 X6.345 Y-12.617
G1 X6.290 Y-12.635
M5
G0 X7.113 Y-12.910 F2500
M3 S280
G1 F900
G1 X7.077 Y-13.038
G1 X6.967 Y-13.147
G1 X7.095 Y-13.038
G1 X7.241 Y-13.184
G1 X7.278 Y-13.257
G1 X7.150 Y-13.019
G1 X7.113 Y-12.910
G1 X7.077 Y-13.038
M5
G0 X7.113 Y-12.965 F2500
M3 S280
G1 F900
G1 X7.095 Y-13.019
G1 X7.186 Y-13.111
G1 X7.113 Y-12.965
G1 X7.095 Y-13.019
M5
G0 X7.259 Y-12.197 F2500
M3 S280
G1 F900
G1 X7.333 Y-12.270
G1 X7.296 Y-12.197
G1 X7.259 Y-12.197
G1 X7.333 Y-12.270
M5
G0 X7.333 Y-12.142 F2500
M3 S280
G1 F900
G1 X7.241 Y-12.197
G1 X7.351 Y-12.306
G1 X7.589 Y-12.800
G1 X7.717 Y-13.019
G1 X7.296 Y-12.178
G1 X7.333 Y-12.142
G1 X7.241 Y-12.197
M5
G0 X7.406 Y-12.087 F2500
M3 S280
G1 F900
G1 X7.223 Y-12.178
G1 X7.333 Y-12.306
G1 X7.570 Y-12.800
G1 X7.717 Y-13.038
G1 X7.735 Y-13.001
G1 X7.680 Y-12.928
G1 X7.589 Y-12.709
G1 X7.442 Y-12.453
G1 X7.442 Y-12.416
G1 X7.314 Y-12.178
G1 X7.406 Y-12.087
G1 X7.223 Y-12.178
M5
G0 X7.442 Y-12.050 F2500
M3 S280
G1 F900
G1 X6.802 Y-12.379
G1 X6.894 Y-12.471
G1 X7.077 Y-12.891
G1 X7.077 Y-12.946
G1 X7.040 Y-13.038
G1 X6.857 Y-13.221
G1 X6.766 Y-13.275
G1 X6.619 Y-13.294
G1 X6.473 Y-13.166
G1 X6.638 Y-12.983
G1 X6.656 Y-12.928
G1 X6.656 Y-12.727
G1 X6.619 Y-12.635
G1 X6.565 Y-12.581
G1 X6.528 Y-12.562
G1 X6.382 Y-12.562
G1 X6.290 Y-12.599
G1 X6.235 Y-12.672
G1 X6.235 Y-12.800
G1 X6.254 Y-12.837
G1 X6.345 Y-12.855
G1 X6.272 Y-12.782
G1 X6.272 Y-12.727
G1 X6.400 Y-12.599
G1 X6.473 Y-12.599
G1 X6.601 Y-12.709
G1 X6.638 Y-12.782
G1 X6.601 Y-12.928
G1 X6.437 Y-13.093
G1 X6.400 Y-13.111
G1 X6.235 Y-13.147
G1 X5.851 Y-13.294
G1 X5.815 Y-13.330
G1 X5.815 Y-13.440
G1 X5.851 Y-13.513
G1 X5.998 Y-13.477
G1 X5.925 Y-13.367
G1 X6.034 Y-13.257
G1 X6.290 Y-13.147
G1 X6.327 Y-13.147
G1 X6.400 Y-13.221
G1 X6.546 Y-13.294
G1 X6.766 Y-13.294
G1 X6.857 Y-13.257
G1 X7.095 Y-13.074
G1 X7.205 Y-13.184
G1 X7.259 Y-13.312
G1 X7.314 Y-13.257
G1 X7.168 Y-12.983
G1 X6.912 Y-12.416
G1 X6.912 Y-12.379
G1 X7.022 Y-12.270
G1 X7.205 Y-12.197
G1 X7.314 Y-12.306
G1 X7.552 Y-12.800
G1 X7.698 Y-13.056
G1 X7.753 Y-13.001
G1 X7.698 Y-12.928
G1 X7.607 Y-12.709
G1 X7.461 Y-12.453
G1 X7.461 Y-12.416
G1 X7.333 Y-12.178
G1 X7.442 Y-12.050
G1 X6.802 Y-12.379
M5
G0 X7.479 Y-12.032 F2500
M3 S280
G1 F900
G1 X7.406 Y-12.032
G1 X6.747 Y-12.361
G1 X6.766 Y-12.398
G1 X6.857 Y-12.471
G1 X7.040 Y-12.891
G1 X7.040 Y-12.946
G1 X7.003 Y-13.038
G1 X6.857 Y-13.184
G1 X6.766 Y-13.239
G1 X6.619 Y-13.257
G1 X6.510 Y-13.166
G1 X6.674 Y-12.983
G1 X6.693 Y-12.928
G1 X6.693 Y-12.727
G1 X6.656 Y-12.635
G1 X6.601 Y-12.562
G1 X6.528 Y-12.526
G1 X6.382 Y-12.526
G1 X6.290 Y-12.562
G1 X6.217 Y-12.635
G1 X6.199 Y-12.672
G1 X6.199 Y-12.800
G1 X6.235 Y-12.873
G1 X6.272 Y-12.891
G1 X6.382 Y-12.891
G1 X6.382 Y-12.855
G1 X6.309 Y-12.782
G1 X6.309 Y-12.727
G1 X6.400 Y-12.635
G1 X6.473 Y-12.635
G1 X6.565 Y-12.709
G1 X6.601 Y-12.782
G1 X6.565 Y-12.928
G1 X6.400 Y-13.074
G1 X6.235 Y-13.111
G1 X5.815 Y-13.275
G1 X5.778 Y-13.330
G1 X5.778 Y-13.440
G1 X5.815 Y-13.513
G1 X5.851 Y-13.550
G1 X5.979 Y-13.550
G1 X6.016 Y-13.531
G1 X6.034 Y-13.477
G1 X5.961 Y-13.367
G1 X6.034 Y-13.294
G1 X6.290 Y-13.184
G1 X6.327 Y-13.184
G1 X6.400 Y-13.257
G1 X6.546 Y-13.330
G1 X6.766 Y-13.330
G1 X6.857 Y-13.294
G1 X7.095 Y-13.111
G1 X7.168 Y-13.184
G1 X7.241 Y-13.349
G1 X7.333 Y-13.294
G1 X7.351 Y-13.257
G1 X7.205 Y-12.983
G1 X6.949 Y-12.416
G1 X6.949 Y-12.379
G1 X7.022 Y-12.306
G1 X7.205 Y-12.233
G1 X7.278 Y-12.306
G1 X7.515 Y-12.800
G1 X7.662 Y-13.056
G1 X7.717 Y-13.093
G1 X7.771 Y-13.056
G1 X7.790 Y-13.001
G1 X7.698 Y-12.855
G1 X7.643 Y-12.709
G1 X7.497 Y-12.453
G1 X7.497 Y-12.416
G1 X7.369 Y-12.178
G1 X7.497 Y-12.069
G1 X7.479 Y-12.032
G1 X7.406 Y-12.032
M5
G0 X9.472 Y-8.649 F2500
M3 S280
G1 F900
G1 X8.613 Y-8.978
G1 X8.229 Y-9.161
G1 X7.918 Y-9.381
G1 X7.790 Y-9.509
G1 X7.680 Y-9.673
G1 X7.863 Y-9.435
G1 X8.210 Y-9.179
G1 X8.704 Y-8.942
M5
G0 X13.440 Y-7.954 F2500
M3 S280
G1 F900
G1 X13.440 Y-8.027
G1 X13.275 Y-8.375
G1 X12.946 Y-8.905
G1 X12.654 Y-9.271
G1 X12.251 Y-9.691
G1 X11.867 Y-10.021
G1 X11.374 Y-10.368
G1 X10.807 Y-10.679
G1 X10.350 Y-10.898
G1 X10.277 Y-10.898
G1 X10.240 Y-10.862
G1 X10.222 Y-10.770
G1 X10.258 Y-10.734
G1 X10.496 Y-10.642
G1 X11.154 Y-10.277
G1 X11.538 Y-10.002
G1 X11.026 Y-10.350
G1 X10.441 Y-10.661
G1 X10.240 Y-10.734
G1 X10.203 Y-10.770
G1 X10.149 Y-10.697
G1 X10.149 Y-10.661
G1 X10.203 Y-10.606
G1 X10.752 Y-10.350
G1 X11.136 Y-10.094
G1 X10.752 Y-10.350
G1 X10.313 Y-10.551
G1 X10.130 Y-10.661
G1 X10.057 Y-10.569
G1 X10.057 Y-10.496
G1 X10.130 Y-10.478
G1 X10.624 Y-10.222
G1 X10.075 Y-10.496
G1 X10.021 Y-10.496
G1 X9.947 Y-10.386
G1 X9.966 Y-10.331
G1 X10.002 Y-10.331
G1 X10.459 Y-10.112
G1 X9.929 Y-10.350
G1 X9.874 Y-10.277
G1 X9.874 Y-10.222
G1 X9.929 Y-10.167
G1 X10.167 Y-10.057
G1 X9.856 Y-10.222
G1 X9.783 Y-10.130
G1 X9.765 Y-10.039
G1 X9.801 Y-10.002
G1 X9.893 Y-9.984
G1 X10.130 Y-9.856
G1 X9.838 Y-10.002
G1 X9.783 Y-10.002
G1 X9.746 Y-10.039
G1 X9.691 Y-9.966
G1 X9.673 Y-9.893
G1 X9.728 Y-9.838
G1 X9.856 Y-9.783
G1 X9.655 Y-9.893
G1 X9.563 Y-9.746
G1 X9.582 Y-9.691
G1 X9.637 Y-9.691
G1 X9.765 Y-9.618
G1 X9.618 Y-9.691
G1 X9.545 Y-9.691
G1 X9.472 Y-9.582
G1 X9.490 Y-9.527
G1 X9.545 Y-9.527
G1 X9.765 Y-9.417
G1 X9.545 Y-9.527
G1 X9.435 Y-9.509
G1 X9.399 Y-9.454
G1 X9.399 Y-9.417
G1 X9.454 Y-9.362
G1 X9.545 Y-9.326
G1 X9.381 Y-9.417
G1 X9.307 Y-9.417
G1 X9.198 Y-9.326
G1 X9.253 Y-9.253
G1 X9.472 Y-9.161
G1 X9.271 Y-9.234
G1 X9.198 Y-9.307
G1 X9.088 Y-9.289
G1 X9.033 Y-9.326
G1 X8.869 Y-9.344
G1 X8.210 Y-9.801
G1 X7.918 Y-9.929
G1 X7.863 Y-9.911
G1 X7.863 Y-9.874
G1 X7.936 Y-9.765
G1 X8.064 Y-9.637
G1 X8.302 Y-9.472
G1 X8.759 Y-9.253
G1 X9.435 Y-8.997
G1 X8.759 Y-9.253
G1 X8.265 Y-9.490
G1 X8.101 Y-9.600
G1 X7.918 Y-9.783
G1 X7.826 Y-9.947
G1 X7.698 Y-9.947
G1 X7.461 Y-9.856
G1 X7.461 Y-9.673
G1 X7.497 Y-9.545
G1 X7.589 Y-9.417
G1 X7.845 Y-9.179
G1 X8.302 Y-8.923
G1 X9.691 Y-8.320
G1 X10.277 Y-7.991
G1 X10.587 Y-7.790
G1 X11.099 Y-7.387
G1 X11.502 Y-6.985
G1 X11.703 Y-6.729
G1 X11.867 Y-6.455
G1 X11.941 Y-6.400
G1 X11.995 Y-6.418
G1 X12.014 Y-6.455
G1 X11.995 Y-6.638
G1 X11.941 Y-6.656
G1 X12.014 Y-6.656
G1 X12.014 Y-6.802
G1 X11.977 Y-7.150
G1 X11.867 Y-7.625
G1 X11.685 Y-8.101
G1 X11.465 Y-8.539
G1 X11.355 Y-8.704
G1 X11.337 Y-8.795
G1 X11.227 Y-8.869
G1 X11.337 Y-8.795
G1 X11.465 Y-8.814
G1 X11.886 Y-8.722
G1 X12.325 Y-8.576
G1 X12.837 Y-8.320
G1 X13.184 Y-8.101
G1 X13.367 Y-7.954
M5
G0 X-1.115 Y14.098 F2500
M3 S280
G1 F900
G1 X-1.189 Y14.025
G1 X-1.115 Y14.062
G1 X-1.115 Y14.098
G1 X-1.189 Y14.025
M5
G0 X-1.079 Y14.153 F2500
M3 S280
G1 F900
G1 X-1.243 Y13.989
G1 X-1.097 Y14.043
G1 X-1.097 Y14.117
G1 X-1.079 Y14.153
G1 X-1.243 Y13.989
M5
G0 X-1.061 Y14.208 F2500
M3 S280
G1 F900
G1 X-1.280 Y13.970
G1 X-1.317 Y13.952
G1 X-1.079 Y14.025
G1 X-1.061 Y14.208
G1 X-1.280 Y13.970
M5
G0 X-1.042 Y14.263 F2500
M3 S280
G1 F900
G1 X-1.097 Y14.171
G1 X-1.280 Y13.989
G1 X-1.390 Y13.915
G1 X-1.481 Y13.897
G1 X-1.353 Y13.915
G1 X-1.061 Y14.025
G1 X-1.042 Y14.263
G1 X-1.097 Y14.171
M5
G0 X-13.422 Y-7.954 F2500
M3 S280
G1 F900
G1 X-13.330 Y-7.991
G1 X-12.873 Y-8.302
G1 X-12.398 Y-8.539
G1 X-12.069 Y-8.667
G1 X-11.721 Y-8.759
G1 X-11.410 Y-8.814
G1 X-11.355 Y-8.795
G1 X-11.246 Y-8.869
G1 X-11.337 Y-8.814
G1 X-11.374 Y-8.704
G1 X-11.483 Y-8.539
G1 X-11.721 Y-8.046
G1 X-11.867 Y-7.643
G1 X-11.977 Y-7.131
G1 X-12.014 Y-6.784
G1 X-12.014 Y-6.400
G1 X-11.922 Y-6.382
G1 X-11.758 Y-6.674
G1 X-11.447 Y-7.058
G1 X-11.227 Y-7.278
G1 X-10.843 Y-7.607
G1 X-10.368 Y-7.936
G1 X-9.728 Y-8.302
G1 X-9.179 Y-8.558
G1 X-8.411 Y-8.869
G1 X-7.954 Y-9.106
G1 X-7.845 Y-9.179
G1 X-7.589 Y-9.435
G1 X-7.479 Y-9.637
G1 X-7.461 Y-9.838
G1 X-7.497 Y-9.874
G1 X-7.589 Y-9.893
G1 X-7.643 Y-9.929
G1 X-7.753 Y-9.911
G1 X-7.753 Y-9.838
G1 X-7.790 Y-9.746
G1 X-8.009 Y-9.490
G1 X-8.247 Y-9.326
G1 X-8.613 Y-9.143
G1 X-8.722 Y-9.106
G1 X-8.283 Y-9.307
G1 X-7.954 Y-9.545
G1 X-7.771 Y-9.783
G1 X-7.753 Y-9.838
G1 X-7.771 Y-9.947
G1 X-7.845 Y-9.947
G1 X-7.881 Y-9.911
G1 X-7.918 Y-9.801
G1 X-8.137 Y-9.582
G1 X-8.302 Y-9.472
G1 X-8.667 Y-9.289
G1 X-8.777 Y-9.253
G1 X-8.375 Y-9.435
G1 X-8.119 Y-9.600
G1 X-7.918 Y-9.801
G1 X-7.881 Y-9.874
G1 X-7.899 Y-9.929
G1 X-8.082 Y-9.874
G1 X-8.210 Y-9.783
G1 X-8.247 Y-9.783
G1 X-8.521 Y-9.582
G1 X-8.558 Y-9.582
G1 X-8.576 Y-9.545
G1 X-8.631 Y-9.527
G1 X-8.704 Y-9.454
G1 X-8.741 Y-9.454
G1 X-8.759 Y-9.417
G1 X-8.832 Y-9.399
G1 X-8.978 Y-9.307
G1 X-9.234 Y-9.307
G1 X-9.271 Y-9.253
G1 X-9.527 Y-9.143
G1 X-9.307 Y-9.234
G1 X-9.234 Y-9.307
G1 X-9.234 Y-9.344
G1 X-9.289 Y-9.399
G1 X-9.381 Y-9.417
G1 X-9.417 Y-9.381
G1 X-9.600 Y-9.307
G1 X-9.417 Y-9.381
G1 X-9.381 Y-9.417
G1 X-9.435 Y-9.472
G1 X-9.454 Y-9.527
G1 X-9.545 Y-9.527
G1 X-9.819 Y-9.399
G1 X-9.490 Y-9.545
G1 X-9.490 Y-9.582
G1 X-9.582 Y-9.728
G1 X-9.637 Y-9.673
G1 X-9.856 Y-9.582
G1 X-9.618 Y-9.691
G1 X-9.582 Y-9.746
G1 X-9.673 Y-9.893
G1 X-9.911 Y-9.765
G1 X-9.710 Y-9.856
G1 X-9.673 Y-9.911
G1 X-9.765 Y-10.057
G1 X-9.819 Y-10.002
G1 X-10.149 Y-9.856
G1 X-9.801 Y-10.021
G1 X-9.765 Y-10.075
G1 X-9.874 Y-10.222
G1 X-10.386 Y-9.947
G1 X-9.911 Y-10.185
G1 X-9.874 Y-10.222
G1 X-9.911 Y-10.313
G1 X-10.021 Y-10.331
G1 X-10.313 Y-10.185
G1 X-9.984 Y-10.331
G1 X-9.947 Y-10.368
G1 X-10.057 Y-10.514
G1 X-10.130 Y-10.459
G1 X-10.624 Y-10.222
G1 X-10.094 Y-10.478
G1 X-10.057 Y-10.533
G1 X-10.112 Y-10.624
G1 X-10.149 Y-10.642
G1 X-10.222 Y-10.587
G1 X-10.679 Y-10.386
G1 X-11.118 Y-10.112
G1 X-10.715 Y-10.368
G1 X-10.167 Y-10.624
G1 X-10.130 Y-10.661
G1 X-10.222 Y-10.770
G1 X-10.277 Y-10.715
G1 X-10.551 Y-10.606
G1 X-11.008 Y-10.368
G1 X-11.520 Y-10.039
G1 X-11.648 Y-9.929
G1 X-11.392 Y-10.130
G1 X-11.045 Y-10.350
G1 X-10.258 Y-10.734
G1 X-10.222 Y-10.770
G1 X-10.258 Y-10.862
G1 X-10.368 Y-10.880
G1 X-11.337 Y-10.386
G1 X-11.721 Y-10.130
G1 X-12.215 Y-9.728
G1 X-12.581 Y-9.362
G1 X-13.001 Y-8.832
G1 X-13.275 Y-8.375
G1 X-13.294 Y-8.302
G1 X-13.239 Y-8.265
G1 X-13.093 Y-8.430
G1 X-13.239 Y-8.265
G1 X-13.330 Y-8.265
G1 X-13.440 Y-8.046
M5
G0 X-13.440 Y-7.954 F2500
M3 S280
G1 F900
G1 X-13.422 Y-8.101
G1 X-13.330 Y-8.283
G1 X-13.294 Y-8.302
G1 X-13.294 Y-8.357
G1 X-12.928 Y-8.942
G1 X-12.654 Y-9.289
G1 X-12.123 Y-9.819
G1 X-11.538 Y-10.258
G1 X-11.154 Y-10.496
G1 X-10.587 Y-10.789
G1 X-10.313 Y-10.898
G1 X-10.313 Y-10.953
G1 X-10.624 Y-11.483
G1 X-10.624 Y-11.794
G1 X-10.514 Y-11.995
G1 X-10.222 Y-12.288
G1 X-9.838 Y-12.581
G1 X-8.558 Y-13.440
G1 X-7.552 Y-14.007
G1 X-6.802 Y-14.373
G1 X-6.126 Y-14.665
G1 X-4.736 Y-15.159
G1 X-3.712 Y-15.433
G1 X-2.907 Y-15.598
G1 X-1.755 Y-15.762
G1 X-0.677 Y-15.835
G1 X0.695 Y-15.835
G1 X1.353 Y-15.799
G1 X2.469 Y-15.671
G1 X3.639 Y-15.451
G1 X4.681 Y-15.177
G1 X6.016 Y-14.702
G1 X7.058 Y-14.245
G1 X7.936 Y-13.787
G1 X8.923 Y-13.202
G1 X9.655 Y-12.709
G1 X10.258 Y-12.251
G1 X10.496 Y-12.014
G1 X10.606 Y-11.831
G1 X10.624 Y-11.575
G1 X10.606 Y-11.483
G1 X10.496 Y-11.264
G1 X10.331 Y-11.008
G1 X10.313 Y-10.953
G1 X10.331 Y-10.898
G1 X11.026 Y-10.569
G1 X11.374 Y-10.368
G1 X11.776 Y-10.094
G1 X12.142 Y-9.801
G1 X12.581 Y-9.362
G1 X12.873 Y-9.015
G1 X13.129 Y-8.631
G1 X13.440 Y-8.027
G1 X13.440 Y-7.936
G1 X13.349 Y-7.954
G1 X13.129 Y-8.137
G1 X12.837 Y-8.320
G1 X12.562 Y-8.466
G1 X12.215 Y-8.613
G1 X11.575 Y-8.795
G1 X11.465 Y-8.814
G1 X11.355 Y-8.759
G1 X11.355 Y-8.722
G1 X11.465 Y-8.558
G1 X11.721 Y-8.027
G1 X11.904 Y-7.497
G1 X11.977 Y-7.150
G1 X12.014 Y-6.821
G1 X12.014 Y-6.437
G1 X11.977 Y-6.363
G1 X11.886 Y-6.418
G1 X11.776 Y-6.619
G1 X11.483 Y-7.003
G1 X11.118 Y-7.369
G1 X10.661 Y-7.735
G1 X10.112 Y-8.082
G1 X9.710 Y-8.302
G1 X9.289 Y-8.503
G1 X8.283 Y-8.923
G1 X7.973 Y-9.088
G1 X7.717 Y-9.271
G1 X7.497 Y-9.545
G1 X7.461 Y-9.673
G1 X7.461 Y-9.984
G1 X7.680 Y-10.459
G1 X7.698 Y-10.551
G1 X7.771 Y-10.697
G1 X7.771 Y-10.752
G1 X7.735 Y-10.807
G1 X6.967 Y-11.246
G1 X6.016 Y-11.721
G1 X5.175 Y-12.069
G1 X4.297 Y-12.379
G1 X3.218 Y-12.672
G1 X2.286 Y-12.855
G1 X1.317 Y-12.983
G1 X0.439 Y-13.038
G1 X-0.439 Y-13.038
G1 X-1.298 Y-12.983
G1 X-2.176 Y-12.873
G1 X-3.365 Y-12.635
G1 X-4.114 Y-12.434
G1 X-5.047 Y-12.123
G1 X-5.851 Y-11.794
G1 X-6.729 Y-11.374
G1 X-7.497 Y-10.953
G1 X-7.790 Y-10.752
G1 X-7.479 Y-10.021
G1 X-7.461 Y-9.838
G1 X-7.479 Y-9.637
G1 X-7.607 Y-9.399
G1 X-7.790 Y-9.216
G1 X-8.101 Y-9.015
G1 X-8.521 Y-8.814
G1 X-9.289 Y-8.503
G1 X-9.856 Y-8.229
G1 X-10.331 Y-7.954
G1 X-10.715 Y-7.698
G1 X-11.081 Y-7.406
G1 X-11.410 Y-7.095
G1 X-11.758 Y-6.656
G1 X-11.904 Y-6.382
G1 X-11.941 Y-6.382
G1 X-11.977 Y-6.327
G1 X-12.014 Y-6.400
G1 X-12.014 Y-6.784
G1 X-11.977 Y-7.131
G1 X-11.904 Y-7.497
G1 X-11.703 Y-8.101
G1 X-11.483 Y-8.558
G1 X-11.355 Y-8.759
G1 X-11.374 Y-8.814
G1 X-11.867 Y-8.722
G1 X-12.398 Y-8.539
G1 X-12.873 Y-8.302
G1 X-13.330 Y-7.991
M5
M5 ; Laser OFF
G0 X0 Y0 F1500 ; Return to Center Origin
M2 ; End of Program
