; --- Creality Falcon 5W Vector Line Tracing ---
; Diameter: 35.0 mm | Centered at X0 Y0
; Cut Feedrate: 1000 mm/min | Rapid: 2500 mm/min
; Laser Power: S220 (22%) | Total Vector Paths: 690
G21 ; Metric (mm)
G90 ; Absolute coordinates
G92 X0 Y0 ; Current head position is Center (0, 0)
M5 ; Laser OFF
G0 F2500
G0 X-0.865 Y-0.018 F2500
M3 S220
G1 F1000
G1 X-0.793 Y-0.180
G1 X-0.847 Y-0.216
G1 X-0.775 Y-0.216
G1 X-0.757 Y-0.288
G1 X-0.847 Y-0.342
G1 X-0.739 Y-0.324
G1 X-0.721 Y-0.415
G1 X-0.793 Y-0.451
G1 X-0.703 Y-0.469
G1 X-0.757 Y-0.505
G1 X-0.685 Y-0.523
G1 X-0.811 Y-0.595
G1 X-0.667 Y-0.595
G1 X-0.667 Y-0.685
G1 X-0.847 Y-0.667
G1 X-0.883 Y-0.487
G1 X-0.829 Y-0.469
G1 X-0.883 Y-0.451
G1 X-0.937 Y-0.216
G1 X-0.883 Y-0.144
G1 X-0.955 Y-0.126
G1 X-0.973 Y-0.072
G1 X-0.883 Y-0.072
G1 X-0.865 Y-0.018
M5
G0 X-1.045 Y0.252 F2500
M3 S220
G1 F1000
G1 X-0.955 Y0.216
G1 X-1.009 Y0.180
G1 X-0.955 Y0.198
G1 X-0.883 Y0.054
G1 X-0.955 Y0.018
G1 X-0.865 Y0.018
G1 X-0.883 Y-0.036
G1 X-0.955 Y-0.054
G1 X-0.991 Y-0.018
G1 X-1.045 Y0.252
M5
G0 X-0.739 Y1.045 F2500
M3 S220
G1 F1000
G1 X-0.703 Y0.991
G1 X-0.793 Y0.865
G1 X-0.901 Y0.811
G1 X-0.847 Y0.793
G1 X-0.973 Y0.649
G1 X-0.991 Y0.703
G1 X-0.937 Y0.775
G1 X-1.009 Y0.685
G1 X-1.027 Y0.721
G1 X-0.919 Y0.883
G1 X-0.847 Y0.883
G1 X-0.919 Y0.901
G1 X-0.811 Y0.937
G1 X-0.901 Y0.955
G1 X-0.883 Y1.009
G1 X-0.739 Y1.045
M5
G0 X-0.757 Y1.334 F2500
M3 S220
G1 F1000
G1 X-0.739 Y1.388
G1 X-0.649 Y1.388
G1 X-0.649 Y1.424
G1 X-0.541 Y1.406
G1 X-0.739 Y1.406
G1 X-0.703 Y1.478
G1 X-0.505 Y1.478
G1 X-0.523 Y1.352
G1 X-0.595 Y1.316
G1 X-0.757 Y1.334
M5
G0 X-1.496 Y1.027 F2500
M3 S220
G1 F1000
G1 X-1.550 Y0.991
G1 X-1.514 Y0.883
G1 X-1.550 Y0.811
G1 X-1.532 Y0.595
G1 X-1.496 Y0.559
G1 X-1.550 Y0.523
G1 X-1.514 Y0.415
G1 X-1.550 Y0.306
G1 X-1.514 Y0.090
G1 X-1.550 Y0.018
G1 X-1.532 Y-0.162
G1 X-1.496 Y-0.072
G1 X-1.532 Y0.036
G1 X-1.496 Y0.108
G1 X-1.532 Y0.252
G1 X-1.496 Y0.306
G1 X-1.532 Y0.342
G1 X-1.496 Y0.415
G1 X-1.496 Y0.757
G1 X-1.550 Y0.811
G1 X-1.496 Y1.027
M5
G0 X-1.838 Y0.739 F2500
M3 S220
G1 F1000
G1 X-1.802 Y0.631
G1 X-1.802 Y-0.396
G1 X-1.928 Y-0.541
G1 X-2.037 Y-0.577
G1 X-2.253 Y-0.523
G1 X-2.343 Y-0.415
G1 X-2.523 Y-0.559
G1 X-2.812 Y-0.523
G1 X-2.884 Y-0.433
G1 X-2.884 Y0.577
G1 X-2.848 Y0.685
G1 X-2.794 Y0.541
G1 X-2.830 Y0.487
G1 X-2.739 Y0.577
G1 X-2.523 Y0.595
G1 X-2.343 Y0.396
G1 X-2.307 Y0.487
G1 X-2.109 Y0.631
G1 X-1.892 Y0.559
G1 X-1.838 Y0.487
G1 X-1.856 Y0.559
G1 X-2.073 Y0.631
G1 X-1.892 Y0.721
G1 X-1.874 Y0.595
G1 X-1.838 Y0.739
M5
G0 X-1.928 Y0.505 F2500
M3 S220
G1 F1000
G1 X-2.037 Y0.541
G1 X-2.163 Y0.505
G1 X-2.343 Y0.288
G1 X-2.433 Y0.433
G1 X-2.559 Y0.523
G1 X-2.721 Y0.523
G1 X-2.812 Y0.451
G1 X-2.848 Y0.288
G1 X-2.794 Y0.451
G1 X-2.613 Y0.523
G1 X-2.469 Y0.451
G1 X-2.343 Y0.252
G1 X-2.343 Y0.198
G1 X-2.415 Y0.180
G1 X-2.541 Y0.415
G1 X-2.721 Y0.433
G1 X-2.794 Y0.342
G1 X-2.794 Y0.108
G1 X-2.830 Y0.054
G1 X-2.794 Y-0.072
G1 X-2.721 Y-0.054
G1 X-2.685 Y0.054
G1 X-2.613 Y0.090
G1 X-2.595 Y-0.000
G1 X-2.595 Y0.126
G1 X-2.559 Y0.162
G1 X-2.487 Y0.126
G1 X-2.505 Y0.072
G1 X-2.559 Y0.072
G1 X-2.505 Y0.036
G1 X-2.559 Y-0.018
G1 X-2.451 Y-0.054
G1 X-2.415 Y0.018
G1 X-2.397 Y-0.018
G1 X-2.415 Y0.126
G1 X-2.343 Y0.144
G1 X-2.343 Y0.054
G1 X-2.289 Y0.144
G1 X-2.271 Y-0.000
G1 X-2.289 Y-0.036
G1 X-2.343 Y-0.036
G1 X-2.343 Y-0.000
G1 X-2.415 Y-0.072
G1 X-2.253 Y-0.018
G1 X-2.181 Y-0.054
G1 X-2.109 Y0.018
G1 X-2.073 Y-0.036
G1 X-2.145 Y-0.126
G1 X-2.505 Y-0.126
G1 X-2.667 Y-0.000
G1 X-2.613 Y-0.090
G1 X-2.685 Y-0.090
G1 X-2.631 Y-0.108
G1 X-2.595 Y-0.072
G1 X-2.451 Y-0.270
G1 X-2.487 Y-0.306
G1 X-2.613 Y-0.144
G1 X-2.577 Y-0.234
G1 X-2.685 Y-0.324
G1 X-2.685 Y-0.378
G1 X-2.541 Y-0.415
G1 X-2.487 Y-0.306
G1 X-2.415 Y-0.288
G1 X-2.415 Y-0.378
G1 X-2.487 Y-0.451
G1 X-2.613 Y-0.487
G1 X-2.757 Y-0.433
G1 X-2.775 Y-0.162
G1 X-2.739 Y-0.126
G1 X-2.794 Y-0.216
G1 X-2.775 Y-0.433
G1 X-2.830 Y-0.378
G1 X-2.830 Y-0.162
G1 X-2.794 Y-0.126
G1 X-2.830 Y-0.162
G1 X-2.830 Y-0.378
G1 X-2.757 Y-0.451
G1 X-2.667 Y-0.487
G1 X-2.505 Y-0.469
G1 X-2.361 Y-0.324
G1 X-2.127 Y-0.487
G1 X-1.910 Y-0.433
G1 X-1.874 Y-0.360
G1 X-1.928 Y-0.288
G1 X-1.892 Y-0.180
G1 X-1.856 Y-0.216
G1 X-1.856 Y-0.324
G1 X-1.856 Y-0.198
G1 X-1.910 Y-0.126
G1 X-1.892 Y-0.180
G1 X-1.946 Y-0.306
G1 X-1.892 Y-0.396
G1 X-1.946 Y-0.451
G1 X-2.055 Y-0.487
G1 X-2.181 Y-0.469
G1 X-2.271 Y-0.396
G1 X-2.289 Y-0.324
G1 X-2.253 Y-0.234
G1 X-2.073 Y-0.054
G1 X-2.019 Y-0.090
G1 X-2.019 Y-0.018
G1 X-1.982 Y-0.072
G1 X-1.946 Y-0.054
G1 X-1.946 Y-0.000
G1 X-2.019 Y0.018
G1 X-1.964 Y0.072
G1 X-2.019 Y0.036
G1 X-2.091 Y0.090
G1 X-2.073 Y0.144
G1 X-2.019 Y0.090
G1 X-1.964 Y0.144
G1 X-2.037 Y0.198
G1 X-1.982 Y0.270
G1 X-1.928 Y0.270
G1 X-1.838 Y0.162
G1 X-1.928 Y0.270
G1 X-1.874 Y0.324
G1 X-1.982 Y0.451
G1 X-2.091 Y0.451
G1 X-2.235 Y0.324
G1 X-2.271 Y0.198
G1 X-2.343 Y0.180
G1 X-2.289 Y0.360
G1 X-2.145 Y0.505
G1 X-1.946 Y0.505
G1 X-1.838 Y0.378
G1 X-1.928 Y0.505
M5
G0 X-2.037 Y0.433 F2500
M3 S220
G1 F1000
G1 X-2.019 Y0.360
G1 X-1.892 Y0.360
G1 X-1.892 Y0.306
G1 X-1.928 Y0.270
G1 X-2.019 Y0.288
G1 X-2.055 Y0.360
G1 X-2.145 Y0.306
G1 X-2.145 Y0.252
G1 X-2.037 Y0.198
G1 X-2.019 Y0.126
G1 X-2.091 Y0.144
G1 X-2.037 Y-0.000
G1 X-2.091 Y-0.000
G1 X-2.145 Y0.054
G1 X-2.127 Y0.180
G1 X-2.181 Y0.180
G1 X-2.181 Y0.252
G1 X-2.235 Y0.216
G1 X-2.253 Y0.270
G1 X-2.109 Y0.433
G1 X-2.037 Y0.433
M5
G0 X-2.703 Y0.433 F2500
M3 S220
G1 F1000
G1 X-2.649 Y0.415
G1 X-2.667 Y0.342
G1 X-2.721 Y0.360
G1 X-2.703 Y0.324
G1 X-2.631 Y0.360
G1 X-2.649 Y0.415
G1 X-2.613 Y0.451
G1 X-2.469 Y0.324
G1 X-2.415 Y0.198
G1 X-2.415 Y0.036
G1 X-2.487 Y-0.036
G1 X-2.523 Y0.018
G1 X-2.469 Y0.180
G1 X-2.541 Y0.324
G1 X-2.595 Y0.342
G1 X-2.523 Y0.270
G1 X-2.595 Y0.216
G1 X-2.631 Y0.270
G1 X-2.595 Y0.288
G1 X-2.649 Y0.252
G1 X-2.649 Y0.180
G1 X-2.595 Y0.126
G1 X-2.667 Y0.054
G1 X-2.739 Y0.090
G1 X-2.703 Y0.180
G1 X-2.739 Y0.252
G1 X-2.685 Y0.288
G1 X-2.775 Y0.288
G1 X-2.794 Y0.324
G1 X-2.703 Y0.433
M5
G0 X-2.235 Y-0.306 F2500
M3 S220
G1 F1000
G1 X-2.109 Y-0.433
G1 X-1.982 Y-0.396
G1 X-1.982 Y-0.288
G1 X-2.019 Y-0.324
G1 X-2.109 Y-0.306
G1 X-2.127 Y-0.234
G1 X-2.199 Y-0.252
G1 X-2.145 Y-0.234
G1 X-2.109 Y-0.342
G1 X-2.037 Y-0.306
G1 X-1.982 Y-0.378
G1 X-2.109 Y-0.433
G1 X-2.181 Y-0.360
G1 X-2.163 Y-0.288
G1 X-2.235 Y-0.306
M5
G0 X-1.838 Y-0.469 F2500
M3 S220
G1 F1000
G1 X-1.856 Y-0.577
G1 X-1.982 Y-0.631
G1 X-2.217 Y-0.613
G1 X-2.343 Y-0.505
G1 X-2.469 Y-0.613
G1 X-2.613 Y-0.631
G1 X-2.812 Y-0.613
G1 X-2.884 Y-0.559
G1 X-2.866 Y-0.469
G1 X-2.775 Y-0.559
G1 X-2.559 Y-0.577
G1 X-2.343 Y-0.451
G1 X-2.199 Y-0.559
G1 X-1.982 Y-0.577
G1 X-1.838 Y-0.469
M5
G0 X-1.784 Y-0.919 F2500
M3 S220
G1 F1000
G1 X-1.748 Y-0.901
G1 X-1.550 Y-1.135
G1 X-1.316 Y-0.901
G1 X-1.262 Y-0.919
G1 X-1.478 Y-1.189
G1 X-1.244 Y-0.919
G1 X-1.099 Y-0.901
G1 X-0.793 Y-1.208
G1 X-0.883 Y-1.226
G1 X-1.171 Y-0.937
G1 X-1.424 Y-1.226
G1 X-1.586 Y-1.208
G1 X-1.784 Y-0.919
M5
G0 X-1.712 Y-0.919 F2500
M3 S220
G1 F1000
G1 X-1.604 Y-0.919
G1 X-1.640 Y-0.955
G1 X-1.586 Y-0.901
G1 X-1.442 Y-0.919
G1 X-1.496 Y-0.991
G1 X-1.568 Y-1.009
G1 X-1.550 Y-0.955
G1 X-1.604 Y-0.973
G1 X-1.532 Y-1.045
G1 X-1.406 Y-0.901
G1 X-1.352 Y-0.919
G1 X-1.532 Y-1.135
G1 X-1.712 Y-0.919
M5
G0 X-1.748 Y-1.189 F2500
M3 S220
G1 F1000
G1 X-1.784 Y-1.226
G1 X-1.838 Y-1.208
G1 X-1.874 Y-1.099
G1 X-1.964 Y-1.045
G1 X-2.091 Y-1.226
G1 X-2.163 Y-1.189
G1 X-1.946 Y-0.955
G1 X-1.748 Y-1.189
M5
G0 X-1.388 Y-1.189 F2500
M3 S220
G1 F1000
G1 X-1.153 Y-0.955
G1 X-0.937 Y-1.153
G1 X-0.937 Y-1.226
G1 X-1.081 Y-1.208
G1 X-1.045 Y-1.153
G1 X-1.009 Y-1.189
G1 X-1.171 Y-1.045
G1 X-1.262 Y-1.099
G1 X-1.298 Y-1.171
G1 X-1.262 Y-1.208
G1 X-1.388 Y-1.189
M5
G0 X-1.081 Y-0.901 F2500
M3 S220
G1 F1000
G1 X-0.991 Y-0.901
G1 X-0.757 Y-1.153
G1 X-0.901 Y-0.937
G1 X-0.685 Y-1.117
G1 X-0.559 Y-0.973
G1 X-0.433 Y-0.919
G1 X-0.631 Y-1.135
G1 X-0.415 Y-0.919
G1 X-0.324 Y-0.901
G1 X-0.072 Y-1.153
G1 X-0.288 Y-0.919
G1 X-0.216 Y-0.901
G1 X-0.036 Y-1.081
G1 X-0.180 Y-0.919
G1 X-0.144 Y-0.901
G1 X-0.018 Y-1.045
G1 X0.162 Y-0.919
G1 X-0.018 Y-1.117
G1 X0.198 Y-0.901
G1 X0.252 Y-0.919
G1 X0.054 Y-1.135
G1 X0.072 Y-1.208
G1 X-0.108 Y-1.226
G1 X-0.360 Y-0.937
G1 X-0.577 Y-1.208
G1 X-0.775 Y-1.226
G1 X-1.081 Y-0.901
M5
G0 X-0.811 Y-1.009 F2500
M3 S220
G1 F1000
G1 X-0.721 Y-0.919
G1 X-0.577 Y-0.919
G1 X-0.685 Y-0.955
G1 X-0.739 Y-1.009
G1 X-0.703 Y-1.027
G1 X-0.559 Y-0.901
G1 X-0.505 Y-0.919
G1 X-0.703 Y-1.117
G1 X-0.811 Y-1.009
M5
G0 X-0.559 Y-1.171 F2500
M3 S220
G1 F1000
G1 X-0.342 Y-0.973
G1 X-0.180 Y-1.153
G1 X-0.162 Y-1.226
G1 X-0.324 Y-1.208
G1 X-0.288 Y-1.171
G1 X-0.342 Y-1.117
G1 X-0.306 Y-1.153
G1 X-0.342 Y-1.226
G1 X-0.523 Y-1.226
G1 X-0.559 Y-1.171
M5
G0 X0.378 Y-0.901 F2500
M3 S220
G1 F1000
G1 X0.505 Y-0.973
G1 X0.649 Y-1.135
G1 X0.451 Y-0.919
G1 X0.469 Y-0.883
G1 X0.685 Y-1.099
G1 X0.865 Y-0.901
G1 X0.919 Y-0.919
G1 X0.703 Y-1.135
G1 X0.937 Y-0.919
G1 X1.027 Y-0.883
G1 X1.027 Y-0.937
G1 X0.757 Y-1.226
G1 X0.577 Y-1.208
G1 X0.541 Y-1.117
G1 X0.378 Y-0.955
G1 X0.378 Y-0.901
M5
G0 X0.559 Y-1.153 F2500
M3 S220
G1 F1000
G1 X0.559 Y-1.226
G1 X0.234 Y-1.208
G1 X0.216 Y-1.153
G1 X0.342 Y-1.045
G1 X0.396 Y-1.153
G1 X0.451 Y-1.189
G1 X0.469 Y-1.135
G1 X0.523 Y-1.189
G1 X0.324 Y-1.045
G1 X0.234 Y-1.117
G1 X0.198 Y-1.189
G1 X0.234 Y-1.208
G1 X0.090 Y-1.208
G1 X0.342 Y-0.955
G1 X0.559 Y-1.153
M5
G0 X0.901 Y-1.189 F2500
M3 S220
G1 F1000
G1 X1.135 Y-0.937
G1 X1.352 Y-1.135
G1 X1.370 Y-1.226
G1 X1.280 Y-1.208
G1 X1.153 Y-1.045
G1 X1.063 Y-1.063
G1 X0.973 Y-1.171
G1 X1.027 Y-1.189
G1 X0.991 Y-1.153
G1 X1.135 Y-1.045
G1 X1.244 Y-1.153
G1 X1.226 Y-1.189
G1 X1.153 Y-1.208
G1 X1.153 Y-1.135
G1 X1.189 Y-1.135
G1 X1.099 Y-1.117
G1 X1.063 Y-1.171
G1 X1.099 Y-1.135
G1 X1.153 Y-1.208
G1 X0.901 Y-1.189
M5
G0 X1.244 Y-0.919 F2500
M3 S220
G1 F1000
G1 X1.316 Y-0.901
G1 X1.550 Y-1.135
G1 X1.694 Y-0.919
G1 X1.784 Y-0.919
G1 X1.586 Y-1.153
G1 X1.820 Y-0.901
G1 X1.892 Y-0.919
G1 X1.640 Y-1.208
G1 X1.478 Y-1.208
G1 X1.244 Y-0.919
M5
G0 X1.352 Y-0.919 F2500
M3 S220
G1 F1000
G1 X1.406 Y-0.901
G1 X1.550 Y-1.045
G1 X1.514 Y-1.009
G1 X1.568 Y-0.991
G1 X1.550 Y-0.955
G1 X1.514 Y-1.009
G1 X1.424 Y-0.919
G1 X1.586 Y-0.919
G1 X1.640 Y-0.991
G1 X1.532 Y-1.135
G1 X1.352 Y-0.919
M5
G0 X1.784 Y-1.135 F2500
M3 S220
G1 F1000
G1 X2.037 Y-0.901
G1 X2.289 Y-1.153
G1 X2.235 Y-1.208
G1 X2.019 Y-0.973
G1 X2.217 Y-1.226
G1 X2.145 Y-1.208
G1 X1.982 Y-1.027
G1 X1.838 Y-1.171
G1 X1.784 Y-1.171
G1 X1.784 Y-1.135
M5
G0 X1.820 Y-1.189 F2500
M3 S220
G1 F1000
G1 X1.964 Y-1.045
G1 X2.145 Y-1.189
G1 X2.109 Y-1.226
G1 X2.019 Y-1.208
G1 X2.055 Y-1.171
G1 X1.982 Y-1.135
G1 X2.001 Y-1.099
G1 X1.892 Y-1.171
G1 X1.982 Y-1.153
G1 X2.001 Y-1.226
G1 X1.820 Y-1.189
M5
G0 X1.982 Y-0.919 F2500
M3 S220
G1 F1000
G1 X1.766 Y-1.226
G1 X1.712 Y-1.171
G1 X1.694 Y-1.208
G1 X1.640 Y-1.189
G1 X1.874 Y-0.937
G1 X1.982 Y-0.919
M5
G0 X2.055 Y-0.901 F2500
M3 S220
G1 F1000
G1 X2.145 Y-0.901
G1 X2.379 Y-1.153
G1 X2.163 Y-0.901
G1 X2.199 Y-0.883
G1 X2.343 Y-0.991
G1 X2.361 Y-0.955
G1 X2.325 Y-0.973
G1 X2.307 Y-0.883
G1 X2.487 Y-0.919
G1 X2.397 Y-1.009
G1 X2.505 Y-0.901
G1 X2.559 Y-0.919
G1 X2.397 Y-1.117
G1 X2.595 Y-0.901
G1 X2.649 Y-0.919
G1 X2.451 Y-1.135
G1 X2.685 Y-0.901
G1 X2.757 Y-0.919
G1 X2.487 Y-1.226
G1 X2.307 Y-1.208
G1 X2.289 Y-1.135
G1 X2.055 Y-0.901
M5
G0 X1.802 Y-0.649 F2500
M3 S220
G1 F1000
G1 X1.820 Y-0.559
G1 X1.946 Y-0.631
G1 X2.884 Y-0.613
G1 X2.866 Y-0.667
G1 X1.928 Y-0.685
G1 X1.802 Y-0.649
M5
G0 X1.802 Y-0.523 F2500
M3 S220
G1 F1000
G1 X1.820 Y-0.451
G1 X1.964 Y-0.577
G1 X2.109 Y-0.577
G1 X2.325 Y-0.433
G1 X2.541 Y-0.577
G1 X2.703 Y-0.577
G1 X2.830 Y-0.487
G1 X2.848 Y-0.541
G1 X2.757 Y-0.613
G1 X2.469 Y-0.613
G1 X2.307 Y-0.505
G1 X2.235 Y-0.577
G1 X2.001 Y-0.631
G1 X1.802 Y-0.523
M5
G0 X1.964 Y-0.126 F2500
M3 S220
G1 F1000
G1 X2.019 Y-0.144
G1 X1.946 Y-0.216
G1 X1.982 Y-0.306
G1 X2.055 Y-0.324
G1 X2.091 Y-0.180
G1 X2.127 Y-0.306
G1 X2.037 Y-0.415
G1 X1.928 Y-0.360
G1 X1.928 Y-0.270
G1 X1.964 Y-0.396
G1 X1.982 Y-0.360
G1 X2.037 Y-0.415
G1 X2.145 Y-0.396
G1 X2.217 Y-0.252
G1 X2.271 Y-0.342
G1 X2.199 Y-0.433
G1 X1.964 Y-0.469
G1 X1.874 Y-0.378
G1 X1.856 Y-0.306
G1 X1.964 Y-0.126
M5
G0 X2.019 Y-0.108 F2500
M3 S220
G1 F1000
G1 X2.055 Y-0.072
G1 X2.289 Y-0.162
G1 X2.271 Y-0.216
G1 X2.217 Y-0.216
G1 X2.127 Y-0.144
G1 X2.217 Y-0.252
G1 X2.181 Y-0.288
G1 X2.073 Y-0.144
G1 X2.019 Y-0.234
G1 X2.019 Y-0.108
M5
G0 X2.217 Y0.216 F2500
M3 S220
G1 F1000
G1 X2.271 Y0.072
G1 X2.109 Y-0.108
G1 X2.073 Y-0.036
G1 X2.127 Y-0.018
G1 X2.037 Y0.072
G1 X2.019 Y0.162
G1 X2.073 Y0.108
G1 X2.145 Y0.216
G1 X2.217 Y0.216
M5
G0 X1.838 Y0.793 F2500
M3 S220
G1 F1000
G1 X1.856 Y0.433
G1 X1.802 Y0.288
G1 X1.784 Y0.451
G1 X1.838 Y0.793
M5
G0 X1.496 Y1.550 F2500
M3 S220
G1 F1000
G1 X1.496 Y1.153
G1 X1.478 Y1.189
G1 X1.514 Y1.081
G1 X1.478 Y1.009
G1 X1.514 Y0.829
G1 X1.478 Y0.793
G1 X1.478 Y0.631
G1 X1.532 Y0.505
G1 X1.478 Y0.469
G1 X1.514 Y0.324
G1 X1.478 Y0.252
G1 X1.514 Y0.198
G1 X1.478 Y-0.054
G1 X1.532 Y-0.126
G1 X1.496 Y-0.162
G1 X1.550 Y-0.036
G1 X1.496 Y-0.000
G1 X1.532 Y0.054
G1 X1.478 Y0.108
G1 X1.532 Y0.144
G1 X1.496 Y0.288
G1 X1.550 Y0.541
G1 X1.478 Y0.649
G1 X1.514 Y0.685
G1 X1.532 Y0.631
G1 X1.532 Y1.496
G1 X1.496 Y1.550
M5
G0 X1.658 Y1.910 F2500
M3 S220
G1 F1000
G1 X1.748 Y1.874
G1 X1.730 Y-0.685
G1 X1.640 Y-0.667
G1 X1.658 Y1.910
M5
G0 X1.802 Y1.874 F2500
M3 S220
G1 F1000
G1 X2.433 Y1.712
G1 X2.397 Y1.694
G1 X2.523 Y1.604
G1 X2.577 Y1.622
G1 X2.559 Y1.568
G1 X2.812 Y1.568
G1 X2.830 Y1.514
G1 X2.848 Y1.550
G1 X2.523 Y1.658
G1 X2.595 Y1.676
G1 X2.866 Y1.586
G1 X2.866 Y0.847
G1 X2.757 Y1.189
G1 X2.649 Y1.370
G1 X2.433 Y1.604
G1 X2.307 Y1.676
G1 X2.001 Y1.370
G1 X1.874 Y1.117
G1 X1.802 Y0.793
G1 X1.820 Y1.820
G1 X1.964 Y1.784
G1 X1.874 Y1.748
G1 X1.928 Y1.694
G1 X1.892 Y1.676
G1 X2.019 Y1.730
G1 X1.928 Y1.694
G1 X1.910 Y1.730
G1 X1.964 Y1.784
G1 X2.271 Y1.730
G1 X1.784 Y1.838
G1 X1.802 Y1.874
M5
G0 X1.424 Y1.946 F2500
M3 S220
G1 F1000
G1 X1.604 Y1.910
G1 X1.586 Y-0.685
G1 X1.406 Y-0.667
G1 X1.424 Y1.946
M5
G0 X1.424 Y2.145 F2500
M3 S220
G1 F1000
G1 X2.289 Y1.964
G1 X3.100 Y1.712
G1 X3.244 Y1.640
G1 X3.244 Y1.532
G1 X2.343 Y1.802
G1 X1.442 Y2.001
G1 X1.406 Y2.037
G1 X1.424 Y2.145
M5
G0 X1.406 Y2.289 F2500
M3 S220
G1 F1000
G1 X1.460 Y2.343
G1 X1.568 Y2.289
G1 X1.586 Y2.325
G1 X1.658 Y2.307
G1 X1.622 Y2.271
G1 X1.640 Y2.217
G1 X1.640 Y2.271
G1 X1.694 Y2.289
G1 X1.748 Y2.235
G1 X1.712 Y2.199
G1 X1.784 Y2.235
G1 X1.730 Y2.325
G1 X1.820 Y2.289
G1 X1.856 Y2.325
G1 X1.910 Y2.271
G1 X1.820 Y2.235
G1 X1.892 Y2.163
G1 X1.856 Y2.217
G1 X1.910 Y2.271
G1 X2.001 Y2.127
G1 X1.964 Y2.163
G1 X2.055 Y2.235
G1 X2.145 Y2.145
G1 X2.073 Y2.109
G1 X2.037 Y2.127
G1 X2.145 Y2.127
G1 X2.145 Y2.181
G1 X2.091 Y2.199
G1 X2.145 Y2.253
G1 X2.325 Y2.109
G1 X2.379 Y2.163
G1 X2.415 Y2.127
G1 X2.307 Y2.037
G1 X2.379 Y2.091
G1 X2.433 Y2.019
G1 X2.469 Y2.073
G1 X2.505 Y2.019
G1 X2.469 Y2.001
G1 X2.523 Y1.982
G1 X2.523 Y2.037
G1 X2.577 Y1.964
G1 X2.775 Y1.910
G1 X2.866 Y1.982
G1 X2.920 Y1.964
G1 X2.812 Y1.892
G1 X2.938 Y1.874
G1 X2.992 Y1.910
G1 X3.028 Y1.838
G1 X3.118 Y1.910
G1 X3.154 Y1.874
G1 X3.100 Y1.856
G1 X3.136 Y1.784
G1 X3.208 Y1.766
G1 X3.190 Y1.820
G1 X3.244 Y1.838
G1 X3.226 Y1.694
G1 X2.289 Y2.001
G1 X1.514 Y2.163
G1 X1.406 Y2.235
G1 X1.406 Y2.289
M5
G0 X1.244 Y2.433 F2500
M3 S220
G1 F1000
G1 X1.352 Y2.397
G1 X1.352 Y-0.703
G1 X1.226 Y-0.685
G1 X1.244 Y2.433
M5
G0 X1.135 Y2.505 F2500
M3 S220
G1 F1000
G1 X1.171 Y2.451
G1 X1.208 Y1.838
G1 X1.171 Y1.478
G1 X1.135 Y1.514
G1 X1.117 Y1.928
G1 X1.135 Y2.505
M5
G0 X0.703 Y1.766 F2500
M3 S220
G1 F1000
G1 X0.793 Y1.748
G1 X0.757 Y1.730
G1 X0.811 Y1.712
G1 X0.775 Y1.676
G1 X0.865 Y1.658
G1 X0.775 Y1.622
G1 X0.901 Y1.568
G1 X0.793 Y1.550
G1 X0.973 Y1.460
G1 X0.829 Y1.442
G1 X0.991 Y1.442
G1 X0.991 Y1.388
G1 X0.847 Y1.370
G1 X1.027 Y1.352
G1 X0.865 Y1.316
G1 X1.027 Y1.298
G1 X0.883 Y1.262
G1 X0.937 Y1.262
G1 X0.973 Y1.226
G1 X0.937 Y1.208
G1 X0.991 Y1.171
G1 X0.919 Y1.135
G1 X1.045 Y1.117
G1 X0.901 Y1.027
G1 X0.775 Y1.334
G1 X0.811 Y1.352
G1 X0.757 Y1.388
G1 X0.703 Y1.568
G1 X0.703 Y1.766
M5
G0 X0.595 Y1.820 F2500
M3 S220
G1 F1000
G1 X0.469 Y1.730
G1 X0.396 Y1.730
G1 X0.360 Y1.856
G1 X0.487 Y1.910
G1 X0.541 Y1.892
G1 X0.415 Y1.784
G1 X0.451 Y1.766
G1 X0.469 Y1.838
G1 X0.595 Y1.820
M5
G0 X0.559 Y1.334 F2500
M3 S220
G1 F1000
G1 X0.721 Y1.280
G1 X0.613 Y1.280
G1 X0.739 Y1.298
G1 X0.775 Y1.244
G1 X0.721 Y1.226
G1 X0.775 Y1.208
G1 X0.793 Y1.135
G1 X0.703 Y1.045
G1 X0.829 Y1.099
G1 X0.739 Y0.973
G1 X0.829 Y1.027
G1 X0.865 Y0.973
G1 X0.793 Y0.919
G1 X0.865 Y0.955
G1 X0.883 Y0.919
G1 X0.829 Y0.865
G1 X0.919 Y0.865
G1 X0.829 Y0.793
G1 X0.631 Y1.081
G1 X0.541 Y1.280
G1 X0.559 Y1.334
M5
G0 X0.072 Y2.127 F2500
M3 S220
G1 F1000
G1 X0.198 Y2.073
G1 X0.108 Y2.019
G1 X0.216 Y2.001
G1 X0.144 Y1.982
G1 X0.270 Y1.964
G1 X0.198 Y1.928
G1 X0.288 Y1.892
G1 X0.234 Y1.838
G1 X0.342 Y1.676
G1 X0.252 Y1.676
G1 X0.360 Y1.622
G1 X0.252 Y1.604
G1 X0.342 Y1.622
G1 X0.396 Y1.586
G1 X0.324 Y1.568
G1 X0.378 Y1.496
G1 X0.306 Y1.478
G1 X0.451 Y1.460
G1 X0.360 Y1.424
G1 X0.487 Y1.352
G1 X0.342 Y1.334
G1 X0.487 Y1.280
G1 X0.378 Y1.262
G1 X0.433 Y1.280
G1 X0.469 Y1.226
G1 X0.433 Y1.226
G1 X0.541 Y1.208
G1 X0.451 Y1.171
G1 X0.577 Y1.135
G1 X0.487 Y1.117
G1 X0.595 Y1.099
G1 X0.631 Y1.027
G1 X0.559 Y0.991
G1 X0.649 Y0.973
G1 X0.595 Y0.919
G1 X0.667 Y0.955
G1 X0.685 Y0.919
G1 X0.631 Y0.883
G1 X0.721 Y0.883
G1 X0.739 Y0.847
G1 X0.667 Y0.829
G1 X0.739 Y0.829
G1 X0.865 Y0.667
G1 X0.811 Y0.667
G1 X0.865 Y0.667
G1 X0.865 Y0.595
G1 X0.901 Y0.613
G1 X0.901 Y0.559
G1 X0.955 Y0.541
G1 X0.919 Y0.505
G1 X0.721 Y0.667
G1 X0.415 Y1.081
G1 X0.108 Y1.820
G1 X0.072 Y2.127
M5
G0 X-0.018 Y2.091 F2500
M3 S220
G1 F1000
G1 X0.144 Y1.532
G1 X0.342 Y1.099
G1 X0.577 Y0.757
G1 X0.847 Y0.487
G1 X0.811 Y0.306
G1 X0.883 Y0.216
G1 X0.703 Y-0.198
G1 X0.559 Y-0.685
G1 X-0.577 Y-0.685
G1 X-0.883 Y0.198
G1 X-0.829 Y0.306
G1 X-0.865 Y0.451
G1 X-0.559 Y0.775
G1 X-0.306 Y1.189
G1 X-0.018 Y2.091
M5
G0 X-0.144 Y1.982 F2500
M3 S220
G1 F1000
G1 X-0.126 Y1.910
G1 X-0.216 Y1.712
G1 X-0.198 Y1.640
G1 X-0.288 Y1.388
G1 X-0.469 Y1.045
G1 X-0.703 Y0.739
G1 X-0.793 Y0.793
G1 X-0.721 Y0.847
G1 X-0.667 Y0.829
G1 X-0.739 Y0.865
G1 X-0.649 Y0.901
G1 X-0.703 Y0.937
G1 X-0.685 Y0.973
G1 X-0.595 Y0.955
G1 X-0.631 Y1.045
G1 X-0.523 Y1.045
G1 X-0.487 Y1.117
G1 X-0.577 Y1.027
G1 X-0.613 Y1.081
G1 X-0.541 Y1.153
G1 X-0.577 Y1.171
G1 X-0.523 Y1.262
G1 X-0.433 Y1.280
G1 X-0.523 Y1.298
G1 X-0.469 Y1.406
G1 X-0.342 Y1.388
G1 X-0.451 Y1.442
G1 X-0.433 Y1.478
G1 X-0.324 Y1.460
G1 X-0.415 Y1.514
G1 X-0.378 Y1.622
G1 X-0.342 Y1.622
G1 X-0.378 Y1.676
G1 X-0.342 Y1.748
G1 X-0.216 Y1.766
G1 X-0.324 Y1.802
G1 X-0.288 Y1.838
G1 X-0.198 Y1.820
G1 X-0.306 Y1.856
G1 X-0.198 Y1.910
G1 X-0.216 Y1.982
G1 X-0.144 Y1.982
M5
G0 X-0.144 Y2.487 F2500
M3 S220
G1 F1000
G1 X-0.306 Y2.271
G1 X-0.469 Y2.217
G1 X-0.469 Y2.271
G1 X-0.577 Y2.235
G1 X-0.703 Y2.343
G1 X-0.667 Y2.415
G1 X-0.595 Y2.361
G1 X-0.595 Y2.415
G1 X-0.541 Y2.451
G1 X-0.505 Y2.379
G1 X-0.577 Y2.289
G1 X-0.487 Y2.361
G1 X-0.433 Y2.307
G1 X-0.252 Y2.415
G1 X-0.234 Y2.487
G1 X-0.270 Y2.505
G1 X-0.144 Y2.487
M5
G0 X0.000 Y2.523 F2500
M3 S220
G1 F1000
G1 X-0.198 Y2.235
G1 X-0.360 Y2.145
G1 X-0.649 Y2.109
G1 X-0.901 Y1.820
G1 X-1.009 Y1.766
G1 X-1.081 Y1.676
G1 X-1.135 Y1.388
G1 X-1.135 Y1.730
G1 X-0.937 Y1.874
G1 X-0.649 Y2.181
G1 X-0.288 Y2.253
G1 X-0.162 Y2.379
G1 X-0.090 Y2.523
G1 X0.000 Y2.523
M5
G0 X0.054 Y2.541 F2500
M3 S220
G1 F1000
G1 X0.252 Y2.271
G1 X0.433 Y2.199
G1 X0.613 Y2.199
G1 X0.955 Y1.856
G1 X1.099 Y1.766
G1 X1.135 Y1.586
G1 X1.117 Y1.388
G1 X1.027 Y1.730
G1 X0.883 Y1.820
G1 X0.595 Y2.127
G1 X0.396 Y2.127
G1 X0.252 Y2.181
G1 X0.090 Y2.343
G1 X0.018 Y2.487
G1 X0.054 Y2.541
M5
G0 X0.126 Y2.505 F2500
M3 S220
G1 F1000
G1 X0.198 Y2.523
G1 X0.270 Y2.379
G1 X0.378 Y2.307
G1 X0.451 Y2.343
G1 X0.541 Y2.325
G1 X0.649 Y2.451
G1 X0.721 Y2.469
G1 X0.757 Y2.397
G1 X0.685 Y2.433
G1 X0.667 Y2.325
G1 X0.793 Y2.325
G1 X0.739 Y2.379
G1 X0.775 Y2.415
G1 X0.847 Y2.307
G1 X0.883 Y2.343
G1 X0.955 Y2.217
G1 X0.901 Y2.163
G1 X0.973 Y2.217
G1 X1.009 Y2.181
G1 X1.009 Y2.253
G1 X1.081 Y2.271
G1 X1.027 Y2.073
G1 X0.973 Y2.145
G1 X0.919 Y2.091
G1 X0.829 Y2.163
G1 X0.865 Y2.181
G1 X0.811 Y2.163
G1 X0.757 Y2.271
G1 X0.883 Y2.235
G1 X0.811 Y2.289
G1 X0.703 Y2.271
G1 X0.703 Y2.199
G1 X0.775 Y2.145
G1 X0.721 Y2.127
G1 X0.613 Y2.217
G1 X0.649 Y2.289
G1 X0.523 Y2.217
G1 X0.324 Y2.253
G1 X0.126 Y2.505
M5
G0 X-0.721 Y2.379 F2500
M3 S220
G1 F1000
G1 X-0.685 Y2.307
G1 X-0.811 Y2.253
G1 X-0.847 Y2.289
G1 X-0.793 Y2.217
G1 X-0.883 Y2.181
G1 X-0.883 Y2.235
G1 X-1.027 Y2.091
G1 X-1.063 Y2.145
G1 X-1.009 Y2.199
G1 X-1.045 Y2.271
G1 X-0.919 Y2.343
G1 X-0.883 Y2.307
G1 X-0.793 Y2.397
G1 X-0.721 Y2.379
M5
G0 X-1.117 Y2.505 F2500
M3 S220
G1 F1000
G1 X-1.153 Y1.496
G1 X-1.226 Y1.406
G1 X-1.189 Y2.451
G1 X-1.117 Y2.505
M5
G0 X-1.244 Y2.415 F2500
M3 S220
G1 F1000
G1 X-1.262 Y-0.685
G1 X-1.298 Y-0.649
G1 X-1.316 Y-0.685
G1 X-1.388 Y-0.667
G1 X-1.388 Y2.379
G1 X-1.244 Y2.415
M5
G0 X-1.424 Y2.289 F2500
M3 S220
G1 F1000
G1 X-1.478 Y2.181
G1 X-2.325 Y2.001
G1 X-3.100 Y1.748
G1 X-3.154 Y1.766
G1 X-3.046 Y1.928
G1 X-2.974 Y1.946
G1 X-3.046 Y1.820
G1 X-2.956 Y1.928
G1 X-2.848 Y1.964
G1 X-2.920 Y1.892
G1 X-2.848 Y1.874
G1 X-2.884 Y1.910
G1 X-2.848 Y1.946
G1 X-2.775 Y1.910
G1 X-2.523 Y2.145
G1 X-2.451 Y2.145
G1 X-2.631 Y1.946
G1 X-2.361 Y2.199
G1 X-2.307 Y2.181
G1 X-2.541 Y1.964
G1 X-2.415 Y2.019
G1 X-2.181 Y2.253
G1 X-2.109 Y2.253
G1 X-2.109 Y2.217
G1 X-2.199 Y2.181
G1 X-2.163 Y2.145
G1 X-2.235 Y2.091
G1 X-2.235 Y2.127
G1 X-2.289 Y2.109
G1 X-2.253 Y2.055
G1 X-1.982 Y2.289
G1 X-1.910 Y2.271
G1 X-1.982 Y2.199
G1 X-2.037 Y2.217
G1 X-2.001 Y2.181
G1 X-2.037 Y2.145
G1 X-1.874 Y2.253
G1 X-1.838 Y2.325
G1 X-1.766 Y2.289
G1 X-1.838 Y2.217
G1 X-1.802 Y2.199
G1 X-1.748 Y2.271
G1 X-1.730 Y2.199
G1 X-1.658 Y2.199
G1 X-1.712 Y2.307
G1 X-1.676 Y2.325
G1 X-1.586 Y2.217
G1 X-1.604 Y2.289
G1 X-1.514 Y2.361
G1 X-1.424 Y2.289
M5
G0 X-1.424 Y2.127 F2500
M3 S220
G1 F1000
G1 X-1.442 Y2.001
G1 X-2.019 Y1.892
G1 X-3.208 Y1.532
G1 X-3.262 Y1.550
G1 X-3.244 Y1.658
G1 X-2.848 Y1.802
G1 X-1.946 Y2.055
G1 X-1.424 Y2.127
M5
G0 X-1.478 Y1.946 F2500
M3 S220
G1 F1000
G1 X-1.424 Y1.928
G1 X-1.424 Y-0.415
G1 X-1.460 Y-0.685
G1 X-1.622 Y-0.667
G1 X-1.622 Y1.892
G1 X-1.478 Y1.946
M5
G0 X-1.730 Y1.910 F2500
M3 S220
G1 F1000
G1 X-1.658 Y1.892
G1 X-1.676 Y-0.685
G1 X-1.748 Y-0.667
G1 X-1.730 Y1.910
M5
G0 X-1.784 Y1.874 F2500
M3 S220
G1 F1000
G1 X-1.820 Y0.901
G1 X-2.001 Y1.352
G1 X-2.217 Y1.604
G1 X-2.343 Y1.676
G1 X-2.595 Y1.442
G1 X-2.757 Y1.208
G1 X-2.884 Y0.757
G1 X-2.884 Y1.586
G1 X-2.775 Y1.586
G1 X-2.848 Y1.532
G1 X-2.451 Y1.658
G1 X-2.505 Y1.604
G1 X-2.361 Y1.748
G1 X-2.253 Y1.784
G1 X-2.199 Y1.766
G1 X-2.289 Y1.730
G1 X-2.001 Y1.496
G1 X-1.874 Y1.586
G1 X-1.982 Y1.514
G1 X-2.037 Y1.568
G1 X-1.964 Y1.568
G1 X-1.874 Y1.640
G1 X-1.856 Y1.694
G1 X-1.910 Y1.676
G1 X-1.928 Y1.604
G1 X-1.982 Y1.622
G1 X-1.964 Y1.694
G1 X-1.838 Y1.784
G1 X-1.892 Y1.784
G1 X-1.838 Y1.838
G1 X-1.928 Y1.802
G1 X-2.055 Y1.820
G1 X-1.784 Y1.874
M5
G0 X-2.271 Y1.514 F2500
M3 S220
G1 F1000
G1 X-2.019 Y1.208
G1 X-2.199 Y1.045
G1 X-2.271 Y1.514
M5
G0 X-2.307 Y1.478 F2500
M3 S220
G1 F1000
G1 X-2.217 Y1.244
G1 X-2.217 Y1.009
G1 X-2.271 Y0.793
G1 X-2.235 Y0.955
G1 X-2.091 Y1.153
G1 X-2.019 Y1.153
G1 X-1.946 Y1.009
G1 X-2.235 Y0.703
G1 X-2.307 Y0.559
G1 X-1.946 Y1.009
G1 X-1.892 Y0.883
G1 X-1.928 Y0.883
G1 X-1.910 Y0.793
G1 X-1.856 Y0.739
G1 X-2.199 Y0.595
G1 X-2.343 Y0.433
G1 X-2.505 Y0.613
G1 X-2.775 Y0.721
G1 X-2.757 Y0.631
G1 X-2.577 Y0.631
G1 X-2.794 Y0.541
G1 X-2.812 Y0.739
G1 X-2.703 Y0.955
G1 X-2.487 Y0.739
G1 X-2.379 Y0.559
G1 X-2.487 Y0.757
G1 X-2.721 Y1.009
G1 X-2.649 Y1.189
G1 X-2.487 Y1.009
G1 X-2.433 Y0.847
G1 X-2.487 Y1.009
G1 X-2.469 Y1.226
G1 X-2.361 Y1.478
G1 X-2.343 Y1.298
G1 X-2.307 Y1.478
M5
G0 X-2.415 Y1.478 F2500
M3 S220
G1 F1000
G1 X-2.487 Y1.027
G1 X-2.559 Y1.189
G1 X-2.649 Y1.208
G1 X-2.577 Y1.298
G1 X-2.523 Y1.262
G1 X-2.487 Y1.334
G1 X-2.577 Y1.298
G1 X-2.415 Y1.478
M5
G0 X-2.992 Y1.568 F2500
M3 S220
G1 F1000
G1 X-2.938 Y1.550
G1 X-2.956 Y-0.685
G1 X-3.046 Y-0.667
G1 X-3.028 Y1.532
G1 X-2.992 Y1.568
M5
G0 X-3.082 Y1.532 F2500
M3 S220
G1 F1000
G1 X-3.100 Y-0.649
G1 X-3.208 Y-0.649
G1 X-3.190 Y-0.685
G1 X-3.226 Y-0.703
G1 X-3.262 Y-0.667
G1 X-3.244 Y1.460
G1 X-3.208 Y1.478
G1 X-3.154 Y1.171
G1 X-3.136 Y1.280
G1 X-3.172 Y1.352
G1 X-3.136 Y1.388
G1 X-3.172 Y1.424
G1 X-3.082 Y1.532
M5
G0 X-3.118 Y1.982 F2500
M3 S220
G1 F1000
G1 X-3.226 Y1.748
G1 X-3.118 Y1.928
G1 X-3.082 Y1.874
G1 X-3.154 Y1.784
G1 X-3.136 Y1.748
G1 X-3.190 Y1.712
G1 X-3.280 Y1.730
G1 X-3.172 Y1.982
G1 X-3.118 Y1.982
M5
G0 X-3.839 Y1.856 F2500
M3 S220
G1 F1000
G1 X-3.244 Y2.127
G1 X-2.181 Y2.451
G1 X-1.171 Y2.631
G1 X-0.090 Y2.703
G1 X1.063 Y2.649
G1 X2.109 Y2.469
G1 X3.550 Y2.019
G1 X3.821 Y1.856
G1 X3.677 Y1.856
G1 X2.974 Y2.163
G1 X1.784 Y2.469
G1 X1.045 Y2.595
G1 X0.126 Y2.649
G1 X-0.559 Y2.631
G1 X-1.604 Y2.505
G1 X-2.794 Y2.217
G1 X-3.442 Y1.982
G1 X-3.749 Y1.820
G1 X-3.839 Y1.856
M5
G0 X-3.893 Y1.928 F2500
M3 S220
G1 F1000
G1 X-3.857 Y2.037
G1 X-3.478 Y2.217
G1 X-2.415 Y2.577
G1 X-1.388 Y2.794
G1 X-0.415 Y2.884
G1 X0.396 Y2.884
G1 X1.117 Y2.830
G1 X2.001 Y2.685
G1 X3.208 Y2.325
G1 X3.659 Y2.145
G1 X3.875 Y2.001
G1 X3.839 Y1.910
G1 X2.505 Y2.379
G1 X1.280 Y2.631
G1 X0.577 Y2.703
G1 X-0.541 Y2.703
G1 X-1.262 Y2.631
G1 X-2.145 Y2.469
G1 X-3.496 Y2.055
G1 X-3.731 Y1.910
G1 X-3.803 Y1.928
G1 X-3.749 Y1.982
G1 X-3.857 Y1.892
G1 X-3.893 Y1.928
M5
G0 X-3.532 Y1.316 F2500
M3 S220
G1 F1000
G1 X-3.532 Y0.703
G1 X-3.731 Y0.721
G1 X-3.587 Y0.883
G1 X-3.731 Y0.721
G1 X-3.803 Y0.721
G1 X-3.568 Y0.973
G1 X-3.587 Y1.081
G1 X-3.605 Y0.991
G1 X-3.749 Y0.847
G1 X-3.767 Y0.883
G1 X-3.803 Y0.847
G1 X-3.821 Y1.045
G1 X-3.785 Y1.081
G1 X-3.623 Y1.063
G1 X-3.695 Y0.991
G1 X-3.767 Y1.009
G1 X-3.695 Y0.973
G1 X-3.749 Y0.919
G1 X-3.623 Y1.063
G1 X-3.623 Y1.298
G1 X-3.532 Y1.316
M5
G0 X-4.163 Y0.757 F2500
M3 S220
G1 F1000
G1 X-4.091 Y0.739
G1 X-4.091 Y0.306
G1 X-4.163 Y0.054
G1 X-4.163 Y0.378
G1 X-4.163 Y0.108
G1 X-4.199 Y0.036
G1 X-4.217 Y0.577
G1 X-4.163 Y0.757
M5
G0 X-4.289 Y0.757 F2500
M3 S220
G1 F1000
G1 X-4.235 Y0.739
G1 X-4.253 Y0.378
G1 X-4.325 Y0.270
G1 X-4.325 Y0.036
G1 X-4.380 Y0.252
G1 X-4.380 Y0.559
G1 X-4.289 Y0.757
M5
G0 X-4.398 Y0.559 F2500
M3 S220
G1 F1000
G1 X-4.452 Y0.252
G1 X-5.947 Y0.324
G1 X-5.911 Y0.631
G1 X-4.416 Y0.613
G1 X-4.794 Y0.613
G1 X-4.434 Y0.613
G1 X-4.398 Y0.559
M5
G0 X-4.037 Y0.613 F2500
M3 S220
G1 F1000
G1 X-4.001 Y0.649
G1 X-3.514 Y0.631
G1 X-3.514 Y0.342
G1 X-3.623 Y0.342
G1 X-3.514 Y0.324
G1 X-3.532 Y0.270
G1 X-4.055 Y0.288
G1 X-4.037 Y0.559
G1 X-3.550 Y0.577
G1 X-3.550 Y0.613
G1 X-4.037 Y0.613
M5
G0 X-4.055 Y0.234 F2500
M3 S220
G1 F1000
G1 X-4.037 Y0.270
G1 X-3.514 Y0.234
G1 X-3.532 Y0.054
G1 X-4.037 Y0.126
G1 X-4.001 Y0.162
G1 X-3.749 Y0.162
G1 X-4.037 Y0.216
G1 X-3.677 Y0.216
G1 X-3.677 Y0.180
G1 X-3.550 Y0.216
G1 X-4.055 Y0.234
M5
G0 X-3.929 Y0.018 F2500
M3 S220
G1 F1000
G1 X-3.785 Y-0.090
G1 X-3.803 Y-0.126
G1 X-3.731 Y-0.108
G1 X-3.587 Y-0.252
G1 X-3.587 Y-0.342
G1 X-3.713 Y-0.216
G1 X-3.623 Y-0.306
G1 X-3.641 Y-0.396
G1 X-3.695 Y-0.378
G1 X-3.767 Y-0.216
G1 X-3.929 Y-0.072
G1 X-3.929 Y0.018
M5
G0 X-3.262 Y-0.811 F2500
M3 S220
G1 F1000
G1 X-3.244 Y-0.739
G1 X-3.028 Y-0.721
G1 X3.244 Y-0.739
G1 X3.226 Y-0.829
G1 X-3.262 Y-0.811
M5
G0 X-2.920 Y-0.919 F2500
M3 S220
G1 F1000
G1 X-3.226 Y-1.226
G1 X-3.262 Y-1.189
G1 X-3.262 Y-0.991
G1 X-3.208 Y-0.919
G1 X-3.154 Y-0.937
G1 X-3.226 Y-1.045
G1 X-3.118 Y-0.919
G1 X-3.028 Y-0.919
G1 X-3.190 Y-1.081
G1 X-2.992 Y-0.901
G1 X-2.920 Y-0.919
M5
G0 X-2.757 Y-0.919 F2500
M3 S220
G1 F1000
G1 X-2.703 Y-0.901
G1 X-2.451 Y-1.189
G1 X-2.667 Y-0.919
G1 X-2.595 Y-0.919
G1 X-2.397 Y-1.153
G1 X-2.397 Y-1.226
G1 X-2.559 Y-1.208
G1 X-2.757 Y-0.919
M5
G0 X-2.685 Y-1.135 F2500
M3 S220
G1 F1000
G1 X-2.685 Y-1.226
G1 X-2.739 Y-1.208
G1 X-2.775 Y-1.099
G1 X-2.902 Y-0.991
G1 X-3.154 Y-1.226
G1 X-3.172 Y-1.189
G1 X-3.064 Y-1.045
G1 X-2.884 Y-0.919
G1 X-2.685 Y-1.135
M5
G0 X-2.487 Y-1.027 F2500
M3 S220
G1 F1000
G1 X-2.433 Y-0.991
G1 X-2.451 Y-0.901
G1 X-2.325 Y-0.937
G1 X-2.415 Y-1.027
G1 X-2.397 Y-1.063
G1 X-2.325 Y-0.937
G1 X-2.289 Y-1.009
G1 X-2.343 Y-1.063
G1 X-2.235 Y-0.937
G1 X-2.271 Y-0.973
G1 X-2.307 Y-0.901
G1 X-2.127 Y-0.919
G1 X-2.379 Y-1.189
G1 X-2.397 Y-1.135
G1 X-2.361 Y-1.099
G1 X-2.415 Y-1.135
G1 X-2.487 Y-1.027
M5
G0 X-2.289 Y-1.189 F2500
M3 S220
G1 F1000
G1 X-2.019 Y-0.919
G1 X-1.910 Y-0.901
G1 X-1.658 Y-1.208
G1 X-1.748 Y-1.208
G1 X-1.802 Y-1.099
G1 X-1.964 Y-0.955
G1 X-2.199 Y-1.226
G1 X-2.289 Y-1.189
M5
G0 X-2.109 Y-1.532 F2500
M3 S220
G1 F1000
G1 X-2.271 Y-1.874
G1 X-2.433 Y-2.037
G1 X-2.613 Y-2.091
G1 X-2.884 Y-2.037
G1 X-2.739 Y-1.838
G1 X-2.667 Y-1.496
G1 X-2.523 Y-1.532
G1 X-2.523 Y-1.730
G1 X-2.577 Y-1.802
G1 X-2.667 Y-1.820
G1 X-2.541 Y-1.766
G1 X-2.505 Y-1.658
G1 X-2.523 Y-1.532
G1 X-2.433 Y-1.532
G1 X-2.433 Y-1.676
G1 X-2.469 Y-1.766
G1 X-2.595 Y-1.856
G1 X-2.469 Y-1.784
G1 X-2.415 Y-1.658
G1 X-2.433 Y-1.532
G1 X-2.343 Y-1.532
G1 X-2.343 Y-1.676
G1 X-2.397 Y-1.802
G1 X-2.541 Y-1.946
G1 X-2.775 Y-1.982
G1 X-2.631 Y-1.982
G1 X-2.505 Y-1.928
G1 X-2.361 Y-1.766
G1 X-2.307 Y-1.586
G1 X-2.271 Y-1.730
G1 X-2.469 Y-1.982
G1 X-2.830 Y-2.037
G1 X-2.559 Y-2.037
G1 X-2.451 Y-1.982
G1 X-2.253 Y-1.730
G1 X-2.199 Y-1.514
G1 X-2.109 Y-1.532
M5
G0 X-2.884 Y-0.649 F2500
M3 S220
G1 F1000
G1 X-2.866 Y-0.595
G1 X-2.775 Y-0.631
G1 X-1.838 Y-0.631
G1 X-1.820 Y-0.595
G1 X-1.820 Y-0.667
G1 X-2.884 Y-0.649
M5
G0 X-4.470 Y-2.001 F2500
M3 S220
G1 F1000
G1 X-4.271 Y-2.127
G1 X-3.839 Y-2.595
G1 X-3.388 Y-3.406
G1 X-3.262 Y-3.352
G1 X-3.064 Y-3.352
G1 X-2.920 Y-3.388
G1 X-2.794 Y-3.478
G1 X-3.082 Y-3.028
G1 X-3.550 Y-2.523
G1 X-3.983 Y-2.217
G1 X-4.470 Y-2.001
M5
G0 X-4.722 Y-1.910 F2500
M3 S220
G1 F1000
G1 X-4.668 Y-1.892
G1 X-4.217 Y-2.037
G1 X-3.821 Y-2.253
G1 X-3.460 Y-2.523
G1 X-2.992 Y-3.046
G1 X-2.812 Y-3.316
G1 X-2.721 Y-3.605
G1 X-2.794 Y-3.532
G1 X-3.046 Y-3.442
G1 X-3.442 Y-3.478
G1 X-3.713 Y-2.902
G1 X-4.001 Y-2.487
G1 X-4.307 Y-2.181
G1 X-4.722 Y-1.910
M5
G0 X-5.245 Y-1.820 F2500
M3 S220
G1 F1000
G1 X-5.209 Y-1.802
G1 X-5.028 Y-1.982
G1 X-4.848 Y-2.253
G1 X-4.668 Y-2.631
G1 X-4.506 Y-3.262
G1 X-4.307 Y-3.190
G1 X-3.965 Y-3.190
G1 X-3.677 Y-3.298
G1 X-3.767 Y-3.028
G1 X-4.145 Y-2.469
G1 X-4.470 Y-2.163
G1 X-4.866 Y-1.928
G1 X-4.812 Y-1.910
G1 X-4.343 Y-2.199
G1 X-3.983 Y-2.559
G1 X-3.587 Y-3.208
G1 X-3.514 Y-3.460
G1 X-3.749 Y-3.334
G1 X-4.055 Y-3.262
G1 X-4.325 Y-3.280
G1 X-4.578 Y-3.388
G1 X-4.848 Y-2.451
G1 X-5.028 Y-2.091
G1 X-5.245 Y-1.820
M5
G0 X-5.335 Y-1.784 F2500
M3 S220
G1 F1000
G1 X-5.100 Y-2.037
G1 X-4.848 Y-2.505
G1 X-4.686 Y-3.028
G1 X-4.632 Y-3.316
G1 X-4.668 Y-3.334
G1 X-4.776 Y-3.280
G1 X-4.938 Y-2.523
G1 X-5.154 Y-2.073
G1 X-5.371 Y-1.802
G1 X-5.335 Y-1.784
M5
G0 X-5.497 Y-1.784 F2500
M3 S220
G1 F1000
G1 X-5.731 Y-2.091
G1 X-5.875 Y-2.379
G1 X-6.038 Y-2.866
G1 X-6.092 Y-3.190
G1 X-5.731 Y-3.064
G1 X-5.263 Y-3.046
G1 X-4.812 Y-3.154
G1 X-4.812 Y-3.262
G1 X-5.209 Y-3.154
G1 X-5.677 Y-3.154
G1 X-6.020 Y-3.244
G1 X-6.164 Y-3.334
G1 X-6.236 Y-3.316
G1 X-6.146 Y-2.884
G1 X-5.965 Y-2.361
G1 X-5.713 Y-1.946
G1 X-5.497 Y-1.784
M5
G0 X-5.623 Y-1.802 F2500
M3 S220
G1 F1000
G1 X-5.857 Y-2.091
G1 X-6.020 Y-2.415
G1 X-6.182 Y-2.902
G1 X-6.254 Y-3.334
G1 X-6.362 Y-3.352
G1 X-6.704 Y-3.262
G1 X-7.101 Y-3.316
G1 X-7.389 Y-3.496
G1 X-7.389 Y-3.406
G1 X-7.173 Y-2.956
G1 X-6.813 Y-2.451
G1 X-6.398 Y-2.091
G1 X-5.984 Y-1.856
G1 X-5.857 Y-1.856
G1 X-6.380 Y-2.145
G1 X-6.686 Y-2.415
G1 X-6.975 Y-2.794
G1 X-7.227 Y-3.316
G1 X-7.101 Y-3.226
G1 X-6.813 Y-3.172
G1 X-6.506 Y-3.190
G1 X-6.362 Y-3.244
G1 X-6.254 Y-2.757
G1 X-6.020 Y-2.217
G1 X-5.857 Y-1.982
G1 X-5.623 Y-1.802
M5
G0 X-5.749 Y-1.694 F2500
M3 S220
G1 F1000
G1 X-5.533 Y-1.586
G1 X-5.209 Y-1.622
G1 X-5.209 Y-1.712
G1 X-5.749 Y-1.694
M5
G0 X-6.236 Y-1.928 F2500
M3 S220
G1 F1000
G1 X-6.650 Y-2.235
G1 X-6.939 Y-2.541
G1 X-7.191 Y-2.920
G1 X-7.443 Y-3.478
G1 X-7.804 Y-3.442
G1 X-8.200 Y-3.568
G1 X-7.750 Y-2.884
G1 X-7.353 Y-2.469
G1 X-6.722 Y-2.055
G1 X-6.290 Y-1.910
G1 X-6.236 Y-1.928
M5
G0 X-6.488 Y-2.019 F2500
M3 S220
G1 F1000
G1 X-6.993 Y-2.271
G1 X-7.389 Y-2.577
G1 X-7.714 Y-2.938
G1 X-8.074 Y-3.478
G1 X-7.804 Y-3.352
G1 X-7.624 Y-3.334
G1 X-7.479 Y-3.370
G1 X-7.335 Y-3.028
G1 X-7.119 Y-2.685
G1 X-6.813 Y-2.307
G1 X-6.488 Y-2.019
M5
G0 X-6.236 Y-3.424 F2500
M3 S220
G1 F1000
G1 X-6.164 Y-3.352
G1 X-5.857 Y-3.226
G1 X-5.245 Y-3.190
G1 X-4.992 Y-3.226
G1 X-4.704 Y-3.352
G1 X-4.686 Y-3.532
G1 X-4.704 Y-3.496
G1 X-4.668 Y-3.460
G1 X-4.704 Y-3.460
G1 X-4.686 Y-3.370
G1 X-4.614 Y-3.424
G1 X-4.596 Y-3.605
G1 X-4.650 Y-3.641
G1 X-4.866 Y-3.514
G1 X-5.082 Y-3.460
G1 X-5.713 Y-3.442
G1 X-6.020 Y-3.514
G1 X-6.218 Y-3.623
G1 X-6.236 Y-3.424
M5
G0 X-6.272 Y-3.442 F2500
M3 S220
G1 F1000
G1 X-6.290 Y-3.641
G1 X-6.578 Y-3.550
G1 X-6.831 Y-3.532
G1 X-7.137 Y-3.605
G1 X-7.389 Y-3.749
G1 X-7.461 Y-3.749
G1 X-7.425 Y-3.568
G1 X-7.335 Y-3.478
G1 X-6.993 Y-3.316
G1 X-6.524 Y-3.316
G1 X-6.272 Y-3.442
M5
G0 X-6.128 Y-3.839 F2500
M3 S220
G1 F1000
G1 X-6.074 Y-3.839
G1 X-6.002 Y-3.947
G1 X-6.002 Y-4.199
G1 X-6.038 Y-4.235
G1 X-6.056 Y-4.055
G1 X-6.074 Y-4.235
G1 X-6.182 Y-4.217
G1 X-6.182 Y-3.911
G1 X-6.128 Y-3.839
M5
G0 X-6.470 Y-3.857 F2500
M3 S220
G1 F1000
G1 X-6.416 Y-3.875
G1 X-6.434 Y-3.965
G1 X-6.398 Y-3.875
G1 X-6.362 Y-3.947
G1 X-6.380 Y-4.235
G1 X-6.398 Y-4.145
G1 X-6.380 Y-4.235
G1 X-6.506 Y-4.253
G1 X-6.542 Y-4.217
G1 X-6.542 Y-3.965
G1 X-6.470 Y-3.857
M5
G0 X-6.831 Y-3.839 F2500
M3 S220
G1 F1000
G1 X-6.758 Y-3.893
G1 X-6.740 Y-4.199
G1 X-6.777 Y-4.235
G1 X-6.795 Y-4.199
G1 X-6.903 Y-4.235
G1 X-6.921 Y-3.929
G1 X-6.831 Y-3.839
M5
G0 X-7.281 Y-3.965 F2500
M3 S220
G1 F1000
G1 X-7.209 Y-4.001
G1 X-7.155 Y-4.181
G1 X-7.173 Y-4.325
G1 X-7.263 Y-4.380
G1 X-7.353 Y-4.325
G1 X-7.353 Y-4.091
G1 X-7.281 Y-3.965
M5
G0 X-7.570 Y-4.037 F2500
M3 S220
G1 F1000
G1 X-7.606 Y-4.109
G1 X-7.588 Y-4.073
G1 X-7.551 Y-4.181
G1 X-7.533 Y-4.055
G1 X-7.479 Y-4.235
G1 X-7.515 Y-4.361
G1 X-7.533 Y-4.217
G1 X-7.570 Y-4.361
G1 X-7.588 Y-4.289
G1 X-7.606 Y-4.361
G1 X-7.696 Y-4.307
G1 X-7.678 Y-4.109
G1 X-7.570 Y-4.037
M5
G0 X-7.497 Y-3.532 F2500
M3 S220
G1 F1000
G1 X-7.479 Y-3.677
G1 X-7.515 Y-3.785
G1 X-7.858 Y-3.731
G1 X-8.308 Y-3.911
G1 X-8.236 Y-3.695
G1 X-8.002 Y-3.532
G1 X-7.750 Y-3.478
G1 X-7.497 Y-3.532
M5
G0 X-7.119 Y-4.307 F2500
M3 S220
G1 F1000
G1 X-7.101 Y-4.271
G1 X-6.722 Y-4.289
G1 X-6.452 Y-4.361
G1 X-6.200 Y-4.488
G1 X-5.821 Y-4.361
G1 X-5.569 Y-4.380
G1 X-5.605 Y-4.416
G1 X-5.839 Y-4.416
G1 X-6.218 Y-4.524
G1 X-6.668 Y-4.343
G1 X-7.119 Y-4.307
M5
G0 X-8.056 Y-4.398 F2500
M3 S220
G1 F1000
G1 X-8.002 Y-4.452
G1 X-8.056 Y-4.488
G1 X-8.002 Y-4.524
G1 X-8.002 Y-4.452
G1 X-7.966 Y-4.506
G1 X-7.966 Y-4.632
G1 X-8.038 Y-4.758
G1 X-8.146 Y-4.650
G1 X-8.110 Y-4.452
G1 X-8.056 Y-4.398
M5
G0 X-8.344 Y-4.271 F2500
M3 S220
G1 F1000
G1 X-8.290 Y-4.271
G1 X-8.308 Y-4.596
G1 X-8.290 Y-4.307
G1 X-8.218 Y-4.325
G1 X-8.182 Y-4.434
G1 X-8.200 Y-4.578
G1 X-8.290 Y-4.650
G1 X-8.381 Y-4.596
G1 X-8.381 Y-4.343
G1 X-8.344 Y-4.271
M5
G0 X-5.479 Y-4.145 F2500
M3 S220
G1 F1000
G1 X-5.425 Y-4.181
G1 X-5.443 Y-7.407
G1 X-5.551 Y-7.389
G1 X-5.533 Y-4.380
G1 X-5.479 Y-4.145
M5
G0 X-5.389 Y-4.199 F2500
M3 S220
G1 F1000
G1 X-5.335 Y-4.380
G1 X-5.335 Y-4.722
G1 X-5.371 Y-4.758
G1 X-5.389 Y-4.199
M5
G0 X-4.830 Y-3.857 F2500
M3 S220
G1 F1000
G1 X-4.758 Y-3.857
G1 X-4.686 Y-3.965
G1 X-4.686 Y-4.199
G1 X-4.722 Y-4.235
G1 X-4.740 Y-4.181
G1 X-4.830 Y-4.217
G1 X-4.884 Y-4.145
G1 X-4.866 Y-3.893
G1 X-4.830 Y-3.857
M5
G0 X-4.488 Y-3.875 F2500
M3 S220
G1 F1000
G1 X-4.416 Y-3.875
G1 X-4.343 Y-4.001
G1 X-4.343 Y-4.235
G1 X-4.380 Y-4.271
G1 X-4.398 Y-4.073
G1 X-4.416 Y-4.271
G1 X-4.542 Y-4.217
G1 X-4.542 Y-3.965
G1 X-4.488 Y-3.875
M5
G0 X-4.055 Y-3.839 F2500
M3 S220
G1 F1000
G1 X-3.965 Y-3.893
G1 X-3.929 Y-4.145
G1 X-4.001 Y-4.217
G1 X-4.001 Y-4.019
G1 X-4.019 Y-4.217
G1 X-4.127 Y-4.163
G1 X-4.109 Y-3.893
G1 X-4.055 Y-3.839
M5
G0 X-3.659 Y-3.947 F2500
M3 S220
G1 F1000
G1 X-3.587 Y-3.965
G1 X-3.532 Y-4.037
G1 X-3.514 Y-4.271
G1 X-3.550 Y-4.361
G1 X-3.623 Y-4.361
G1 X-3.749 Y-4.271
G1 X-3.731 Y-4.055
G1 X-3.659 Y-3.947
M5
G0 X-3.803 Y-4.325 F2500
M3 S220
G1 F1000
G1 X-4.271 Y-4.361
G1 X-4.722 Y-4.542
G1 X-5.263 Y-4.361
G1 X-5.010 Y-4.380
G1 X-4.704 Y-4.488
G1 X-4.506 Y-4.380
G1 X-4.001 Y-4.271
G1 X-3.803 Y-4.325
M5
G0 X-3.965 Y-4.614 F2500
M3 S220
G1 F1000
G1 X-3.875 Y-4.650
G1 X-3.875 Y-4.848
G1 X-3.929 Y-4.830
G1 X-3.929 Y-4.704
G1 X-3.929 Y-4.848
G1 X-3.839 Y-4.866
G1 X-3.875 Y-4.974
G1 X-3.929 Y-4.974
G1 X-3.983 Y-4.902
G1 X-3.965 Y-4.614
M5
G0 X-3.406 Y-3.550 F2500
M3 S220
G1 F1000
G1 X-3.136 Y-3.478
G1 X-2.866 Y-3.532
G1 X-2.775 Y-3.605
G1 X-2.739 Y-3.767
G1 X-2.920 Y-3.605
G1 X-2.866 Y-3.713
G1 X-2.902 Y-3.677
G1 X-2.902 Y-3.713
G1 X-2.794 Y-3.713
G1 X-2.649 Y-3.839
G1 X-2.631 Y-3.929
G1 X-2.812 Y-3.785
G1 X-2.974 Y-3.731
G1 X-3.388 Y-3.785
G1 X-3.406 Y-3.550
M5
G0 X-2.613 Y-4.271 F2500
M3 S220
G1 F1000
G1 X-2.613 Y-4.380
G1 X-2.595 Y-4.271
G1 X-2.505 Y-4.343
G1 X-2.487 Y-4.542
G1 X-2.559 Y-4.632
G1 X-2.685 Y-4.560
G1 X-2.685 Y-4.325
G1 X-2.613 Y-4.271
M5
G0 X-1.244 Y-4.271 F2500
M3 S220
G1 F1000
G1 X-1.135 Y-3.983
G1 X-0.901 Y-3.731
G1 X-0.541 Y-3.568
G1 X-0.126 Y-3.496
G1 X0.378 Y-3.496
G1 X0.685 Y-3.568
G1 X0.829 Y-3.641
G1 X1.027 Y-3.839
G1 X1.135 Y-4.073
G1 X1.081 Y-4.109
G1 X0.487 Y-3.965
G1 X0.054 Y-3.965
G1 X-0.523 Y-4.055
G1 X-1.189 Y-4.289
G1 X-1.244 Y-4.271
M5
G0 X-0.775 Y-3.568 F2500
M3 S220
G1 F1000
G1 X-0.721 Y-3.424
G1 X-0.577 Y-3.298
G1 X-0.072 Y-3.154
G1 X0.270 Y-3.154
G1 X0.487 Y-3.208
G1 X0.685 Y-3.370
G1 X0.739 Y-3.478
G1 X0.685 Y-3.532
G1 X0.415 Y-3.460
G1 X-0.018 Y-3.442
G1 X-0.433 Y-3.496
G1 X-0.685 Y-3.587
G1 X-0.775 Y-3.568
M5
G0 X0.036 Y-2.667 F2500
M3 S220
G1 F1000
G1 X-0.162 Y-2.703
G1 X-0.288 Y-2.920
G1 X-0.469 Y-3.046
G1 X-0.541 Y-3.226
G1 X-0.649 Y-3.262
G1 X-0.793 Y-3.388
G1 X-0.865 Y-3.605
G1 X-1.171 Y-3.875
G1 X-1.280 Y-4.073
G1 X-1.352 Y-4.380
G1 X-1.586 Y-4.650
G1 X-1.712 Y-4.866
G1 X-1.838 Y-5.191
G1 X-1.892 Y-5.479
G1 X-1.874 Y-6.038
G1 X-1.694 Y-6.704
G1 X-1.514 Y-7.101
G1 X-0.847 Y-8.164
G1 X-0.685 Y-8.489
G1 X-0.487 Y-9.192
G1 X-0.378 Y-10.165
G1 X-0.306 Y-10.327
G1 X-0.108 Y-10.471
G1 X0.036 Y-10.471
G1 X0.180 Y-10.399
G1 X0.523 Y-10.003
G1 X1.027 Y-8.723
G1 X1.784 Y-7.696
G1 X2.073 Y-7.191
G1 X2.217 Y-6.758
G1 X2.271 Y-6.380
G1 X2.271 Y-6.002
G1 X2.217 Y-5.641
G1 X2.001 Y-5.100
G1 X1.640 Y-4.686
G1 X1.460 Y-4.343
G1 X1.208 Y-4.091
G1 X1.135 Y-3.839
G1 X0.829 Y-3.532
G1 X0.721 Y-3.280
G1 X0.577 Y-3.154
G1 X0.469 Y-3.118
G1 X0.433 Y-2.974
G1 X0.234 Y-2.866
G1 X0.198 Y-2.775
G1 X0.036 Y-2.667
M5
G0 X0.396 Y-3.100 F2500
M3 S220
G1 F1000
G1 X0.000 Y-3.100
G1 X-0.451 Y-3.190
G1 X-0.433 Y-3.100
G1 X-0.324 Y-2.992
G1 X0.018 Y-2.902
G1 X0.288 Y-2.956
G1 X0.396 Y-3.100
M5
G0 X0.505 Y-4.019 F2500
M3 S220
G1 F1000
G1 X1.045 Y-4.145
G1 X1.208 Y-4.235
G1 X1.406 Y-4.434
G1 X1.496 Y-4.596
G1 X1.496 Y-4.686
G1 X1.244 Y-4.650
G1 X1.568 Y-4.776
G1 X1.928 Y-5.173
G1 X2.127 Y-5.659
G1 X2.181 Y-5.947
G1 X2.181 Y-6.344
G1 X2.091 Y-6.831
G1 X1.964 Y-7.173
G1 X1.640 Y-7.714
G1 X0.937 Y-8.669
G1 X0.469 Y-9.894
G1 X0.126 Y-10.291
G1 X-0.054 Y-10.363
G1 X-0.234 Y-10.237
G1 X-0.288 Y-10.111
G1 X-0.396 Y-9.174
G1 X-0.631 Y-8.363
G1 X-1.424 Y-7.065
G1 X-1.604 Y-6.686
G1 X-1.766 Y-6.110
G1 X-1.802 Y-5.551
G1 X-1.730 Y-5.173
G1 X-1.586 Y-4.812
G1 X-1.442 Y-4.614
G1 X-1.099 Y-4.307
G1 X-0.505 Y-4.091
G1 X-0.180 Y-4.037
G1 X0.505 Y-4.019
M5
G0 X1.226 Y-4.812 F2500
M3 S220
G1 F1000
G1 X1.244 Y-5.299
G1 X1.189 Y-5.479
G1 X1.063 Y-5.713
G1 X0.523 Y-6.380
G1 X0.306 Y-6.939
G1 X0.270 Y-7.191
G1 X0.306 Y-8.633
G1 X0.198 Y-9.246
G1 X0.018 Y-9.930
G1 X0.000 Y-10.201
G1 X0.126 Y-10.075
G1 X0.306 Y-9.768
G1 X0.469 Y-9.210
G1 X0.739 Y-8.507
G1 X1.514 Y-7.461
G1 X1.802 Y-6.722
G1 X1.838 Y-5.947
G1 X1.784 Y-5.659
G1 X1.676 Y-5.389
G1 X1.226 Y-4.812
M5
G0 X0.955 Y-4.992 F2500
M3 S220
G1 F1000
G1 X0.919 Y-5.154
G1 X0.811 Y-5.335
G1 X0.198 Y-6.002
G1 X0.054 Y-6.290
G1 X-0.036 Y-6.596
G1 X-0.090 Y-6.921
G1 X-0.090 Y-7.389
G1 X0.036 Y-8.182
G1 X0.036 Y-8.849
G1 X-0.036 Y-9.390
G1 X0.054 Y-8.723
G1 X0.054 Y-8.182
G1 X-0.054 Y-7.425
G1 X-0.054 Y-6.885
G1 X0.000 Y-6.560
G1 X0.198 Y-6.056
G1 X0.451 Y-5.731
G1 X0.865 Y-5.317
G1 X0.955 Y-4.992
M5
G0 X1.460 Y-5.515 F2500
M3 S220
G1 F1000
G1 X1.712 Y-5.749
G1 X1.748 Y-5.839
G1 X1.712 Y-5.893
G1 X1.766 Y-5.929
G1 X1.748 Y-6.146
G1 X1.712 Y-6.110
G1 X1.784 Y-6.218
G1 X1.784 Y-6.398
G1 X1.748 Y-6.488
G1 X1.712 Y-6.488
G1 X1.766 Y-6.560
G1 X1.730 Y-6.722
G1 X1.658 Y-6.777
G1 X1.712 Y-6.831
G1 X1.658 Y-6.939
G1 X1.622 Y-6.939
G1 X1.658 Y-6.957
G1 X1.640 Y-7.029
G1 X1.568 Y-7.083
G1 X1.604 Y-7.047
G1 X1.622 Y-7.119
G1 X1.568 Y-7.209
G1 X1.514 Y-7.173
G1 X1.550 Y-7.281
G1 X1.442 Y-7.479
G1 X1.334 Y-7.588
G1 X1.334 Y-7.660
G1 X1.135 Y-7.930
G1 X1.063 Y-7.948
G1 X1.099 Y-7.984
G1 X0.757 Y-8.417
G1 X0.523 Y-8.903
G1 X0.360 Y-8.741
G1 X0.378 Y-8.633
G1 X0.541 Y-8.795
G1 X0.378 Y-8.597
G1 X0.396 Y-8.507
G1 X0.541 Y-8.651
G1 X0.396 Y-8.489
G1 X0.415 Y-8.381
G1 X0.577 Y-8.525
G1 X0.396 Y-8.326
G1 X0.415 Y-8.218
G1 X0.595 Y-8.417
G1 X0.415 Y-8.218
G1 X0.415 Y-8.056
G1 X0.613 Y-8.290
G1 X0.415 Y-8.020
G1 X0.415 Y-7.894
G1 X0.649 Y-8.146
G1 X0.396 Y-7.840
G1 X0.415 Y-7.750
G1 X0.649 Y-8.002
G1 X0.415 Y-7.732
G1 X0.378 Y-7.606
G1 X0.415 Y-7.588
G1 X0.667 Y-7.894
G1 X0.415 Y-7.570
G1 X0.415 Y-7.425
G1 X0.667 Y-7.750
G1 X0.415 Y-7.389
G1 X0.433 Y-7.281
G1 X0.613 Y-7.497
G1 X0.415 Y-7.227
G1 X0.433 Y-7.119
G1 X0.721 Y-7.443
G1 X0.433 Y-7.101
G1 X0.451 Y-6.975
G1 X0.631 Y-7.191
G1 X0.451 Y-6.903
G1 X0.487 Y-6.849
G1 X0.721 Y-7.137
G1 X0.487 Y-6.795
G1 X0.541 Y-6.722
G1 X0.703 Y-6.939
G1 X0.541 Y-6.650
G1 X0.577 Y-6.614
G1 X0.703 Y-6.795
G1 X0.595 Y-6.542
G1 X0.667 Y-6.524
G1 X0.685 Y-6.596
G1 X0.757 Y-6.650
G1 X0.649 Y-6.452
G1 X0.685 Y-6.398
G1 X0.793 Y-6.524
G1 X0.721 Y-6.326
G1 X0.847 Y-6.398
G1 X0.757 Y-6.272
G1 X0.811 Y-6.218
G1 X0.847 Y-6.272
G1 X0.901 Y-6.272
G1 X0.829 Y-6.182
G1 X0.865 Y-6.146
G1 X0.991 Y-6.254
G1 X0.883 Y-6.110
G1 X0.955 Y-6.092
G1 X1.045 Y-6.200
G1 X0.973 Y-6.056
G1 X1.009 Y-6.020
G1 X1.117 Y-6.146
G1 X1.135 Y-6.110
G1 X1.081 Y-6.056
G1 X1.117 Y-6.020
G1 X1.171 Y-6.092
G1 X1.226 Y-6.092
G1 X1.117 Y-5.965
G1 X1.135 Y-5.893
G1 X1.298 Y-6.056
G1 X1.153 Y-5.857
G1 X1.189 Y-5.821
G1 X1.370 Y-6.002
G1 X1.171 Y-5.731
G1 X1.208 Y-5.695
G1 X1.406 Y-5.947
G1 X1.460 Y-5.947
G1 X1.388 Y-5.911
G1 X1.406 Y-5.875
G1 X1.280 Y-5.749
G1 X1.298 Y-5.677
G1 X1.478 Y-5.857
G1 X1.316 Y-5.659
G1 X1.352 Y-5.623
G1 X1.514 Y-5.803
G1 X1.550 Y-5.803
G1 X1.460 Y-5.713
G1 X1.478 Y-5.641
G1 X1.676 Y-5.839
G1 X1.694 Y-5.803
G1 X1.424 Y-5.551
G1 X1.460 Y-5.515
M5
G0 X4.037 Y-6.993 F2500
M3 S220
G1 F1000
G1 X4.235 Y-6.885
G1 X4.289 Y-6.903
G1 X4.163 Y-6.957
G1 X4.253 Y-6.975
G1 X4.289 Y-7.029
G1 X4.758 Y-7.119
G1 X5.335 Y-7.155
G1 X6.038 Y-7.101
G1 X6.434 Y-6.957
G1 X6.326 Y-7.065
G1 X6.470 Y-6.957
G1 X6.506 Y-6.993
G1 X6.326 Y-7.119
G1 X5.677 Y-7.227
G1 X4.650 Y-7.209
G1 X4.181 Y-7.101
G1 X4.037 Y-6.993
M5
G0 X4.398 Y-6.957 F2500
M3 S220
G1 F1000
G1 X4.740 Y-6.542
G1 X5.100 Y-6.596
G1 X5.497 Y-6.596
G1 X5.569 Y-6.632
G1 X5.839 Y-7.065
G1 X5.713 Y-7.101
G1 X4.920 Y-7.101
G1 X4.542 Y-7.029
G1 X4.524 Y-6.993
G1 X4.740 Y-6.722
G1 X4.506 Y-7.011
G1 X4.452 Y-6.993
G1 X4.488 Y-6.957
G1 X4.398 Y-6.993
G1 X4.398 Y-6.957
M5
G0 X4.704 Y-6.506 F2500
M3 S220
G1 F1000
G1 X4.722 Y-6.560
G1 X4.452 Y-6.903
G1 X4.325 Y-6.975
G1 X4.289 Y-6.957
G1 X4.704 Y-6.506
M5
G0 X4.668 Y-6.416 F2500
M3 S220
G1 F1000
G1 X4.704 Y-6.362
G1 X5.046 Y-6.470
G1 X5.587 Y-6.488
G1 X5.749 Y-6.452
G1 X5.839 Y-6.362
G1 X5.857 Y-6.470
G1 X5.713 Y-6.542
G1 X5.209 Y-6.560
G1 X4.776 Y-6.506
G1 X4.668 Y-6.416
M5
G0 X4.740 Y-6.326 F2500
M3 S220
G1 F1000
G1 X5.497 Y-6.380
G1 X5.803 Y-6.290
G1 X5.821 Y-6.362
G1 X5.605 Y-6.434
G1 X5.173 Y-6.452
G1 X4.920 Y-6.416
G1 X4.740 Y-6.326
M5
G0 X5.605 Y-6.596 F2500
M3 S220
G1 F1000
G1 X5.677 Y-6.614
G1 X5.911 Y-6.993
G1 X6.002 Y-7.029
G1 X5.965 Y-7.065
G1 X5.857 Y-7.083
G1 X5.587 Y-6.650
G1 X5.605 Y-6.596
M5
G0 X5.695 Y-6.596 F2500
M3 S220
G1 F1000
G1 X5.821 Y-6.578
G1 X5.839 Y-6.650
G1 X5.803 Y-6.614
G1 X5.857 Y-6.704
G1 X5.803 Y-6.704
G1 X5.749 Y-6.632
G1 X5.965 Y-6.921
G1 X5.929 Y-6.939
G1 X5.695 Y-6.596
M5
G0 X5.821 Y-6.578 F2500
M3 S220
G1 F1000
G1 X5.911 Y-6.542
G1 X6.254 Y-6.993
G1 X6.146 Y-7.011
G1 X5.984 Y-6.849
G1 X5.821 Y-6.578
M5
G0 X6.218 Y-7.317 F2500
M3 S220
G1 F1000
G1 X6.362 Y-7.317
G1 X6.524 Y-7.606
G1 X6.470 Y-7.678
G1 X6.398 Y-7.551
G1 X6.362 Y-7.551
G1 X6.398 Y-7.588
G1 X6.380 Y-7.660
G1 X6.182 Y-7.353
G1 X6.218 Y-7.317
M5
G0 X6.452 Y-7.155 F2500
M3 S220
G1 F1000
G1 X6.362 Y-7.227
G1 X6.164 Y-7.281
G1 X5.587 Y-7.353
G1 X4.704 Y-7.317
G1 X4.343 Y-7.245
G1 X4.199 Y-7.173
G1 X4.253 Y-7.155
G1 X4.812 Y-7.281
G1 X5.515 Y-7.299
G1 X6.452 Y-7.155
M5
G0 X5.749 Y-7.443 F2500
M3 S220
G1 F1000
G1 X5.803 Y-7.407
G1 X5.947 Y-7.642
G1 X5.839 Y-7.425
G1 X5.875 Y-7.389
G1 X5.984 Y-7.443
G1 X5.947 Y-7.533
G1 X6.002 Y-7.660
G1 X5.984 Y-7.570
G1 X6.020 Y-7.533
G1 X6.128 Y-7.732
G1 X6.164 Y-7.642
G1 X6.182 Y-7.750
G1 X6.092 Y-7.768
G1 X6.056 Y-7.732
G1 X6.038 Y-7.786
G1 X6.020 Y-7.696
G1 X6.002 Y-7.750
G1 X5.965 Y-7.678
G1 X6.020 Y-7.768
G1 X5.911 Y-7.786
G1 X5.857 Y-7.606
G1 X5.749 Y-7.443
M5
G0 X4.019 Y-7.570 F2500
M3 S220
G1 F1000
G1 X4.127 Y-7.371
G1 X4.199 Y-7.317
G1 X4.271 Y-7.317
G1 X4.235 Y-7.353
G1 X4.361 Y-7.317
G1 X4.470 Y-7.371
G1 X4.361 Y-7.479
G1 X4.380 Y-7.533
G1 X4.398 Y-7.443
G1 X4.488 Y-7.353
G1 X5.100 Y-7.425
G1 X5.695 Y-7.407
G1 X5.803 Y-7.515
G1 X5.893 Y-7.804
G1 X5.821 Y-7.786
G1 X5.803 Y-7.822
G1 X5.623 Y-7.840
G1 X4.812 Y-7.822
G1 X4.325 Y-7.714
G1 X4.470 Y-7.533
G1 X4.325 Y-7.714
G1 X4.271 Y-7.678
G1 X4.307 Y-7.642
G1 X4.199 Y-7.696
G1 X4.073 Y-7.642
G1 X4.019 Y-7.570
M5
G0 X3.875 Y-7.714 F2500
M3 S220
G1 F1000
G1 X3.893 Y-7.642
G1 X3.965 Y-7.642
G1 X4.019 Y-7.678
G1 X4.019 Y-7.750
G1 X4.055 Y-7.696
G1 X4.343 Y-7.786
G1 X5.082 Y-7.876
G1 X5.641 Y-7.876
G1 X6.092 Y-7.822
G1 X6.632 Y-7.642
G1 X6.650 Y-7.714
G1 X6.632 Y-7.768
G1 X6.614 Y-7.732
G1 X6.344 Y-7.840
G1 X6.398 Y-7.858
G1 X6.182 Y-7.930
G1 X5.407 Y-8.002
G1 X4.343 Y-7.930
G1 X4.055 Y-7.840
G1 X3.875 Y-7.714
M5
G0 X5.028 Y-4.722 F2500
M3 S220
G1 F1000
G1 X5.064 Y-4.830
G1 X5.118 Y-4.758
G1 X5.371 Y-4.794
G1 X5.443 Y-6.344
G1 X4.938 Y-6.308
G1 X4.902 Y-6.272
G1 X4.920 Y-6.128
G1 X4.902 Y-6.236
G1 X4.848 Y-6.272
G1 X4.776 Y-6.218
G1 X4.902 Y-5.533
G1 X4.974 Y-4.812
G1 X5.028 Y-4.722
M5
G0 X4.938 Y-4.614 F2500
M3 S220
G1 F1000
G1 X5.209 Y-4.596
G1 X5.407 Y-4.668
G1 X5.191 Y-4.704
G1 X4.938 Y-4.614
M5
G0 X4.956 Y-4.452 F2500
M3 S220
G1 F1000
G1 X5.353 Y-4.452
G1 X5.425 Y-4.506
G1 X5.407 Y-4.560
G1 X5.335 Y-4.578
G1 X5.118 Y-4.560
G1 X5.028 Y-4.488
G1 X4.992 Y-4.524
G1 X4.956 Y-4.452
M5
G0 X5.407 Y-4.830 F2500
M3 S220
G1 F1000
G1 X5.479 Y-5.641
G1 X5.515 Y-5.641
G1 X5.479 Y-5.731
G1 X5.533 Y-5.749
G1 X5.515 Y-5.857
G1 X5.497 Y-5.767
G1 X5.515 Y-6.326
G1 X5.461 Y-6.308
G1 X5.407 Y-4.830
M5
G0 X5.587 Y-4.740 F2500
M3 S220
G1 F1000
G1 X5.659 Y-5.587
G1 X5.785 Y-6.218
G1 X5.767 Y-6.272
G1 X5.641 Y-6.308
G1 X5.551 Y-6.290
G1 X5.515 Y-6.092
G1 X5.533 Y-5.893
G1 X5.605 Y-6.272
G1 X5.551 Y-5.947
G1 X5.569 Y-5.695
G1 X5.623 Y-5.929
G1 X5.533 Y-5.100
G1 X5.533 Y-4.902
G1 X5.587 Y-4.740
M5
G0 X4.452 Y-3.857 F2500
M3 S220
G1 F1000
G1 X4.506 Y-3.785
G1 X4.560 Y-3.821
G1 X4.506 Y-3.767
G1 X4.560 Y-3.695
G1 X5.533 Y-3.749
G1 X5.641 Y-3.911
G1 X5.605 Y-3.749
G1 X5.713 Y-3.911
G1 X5.695 Y-3.749
G1 X5.785 Y-3.911
G1 X5.803 Y-3.785
G1 X5.875 Y-3.875
G1 X5.839 Y-3.821
G1 X5.857 Y-3.731
G1 X5.929 Y-3.875
G1 X5.875 Y-3.749
G1 X5.929 Y-3.713
G1 X5.947 Y-3.803
G1 X5.929 Y-3.749
G1 X5.984 Y-3.713
G1 X6.056 Y-3.875
G1 X6.020 Y-3.911
G1 X5.641 Y-3.965
G1 X4.992 Y-3.965
G1 X4.578 Y-3.911
G1 X4.452 Y-3.857
M5
G0 X4.253 Y-3.965 F2500
M3 S220
G1 F1000
G1 X4.398 Y-3.911
G1 X5.010 Y-4.001
G1 X5.713 Y-4.001
G1 X6.110 Y-3.929
G1 X6.272 Y-3.929
G1 X6.308 Y-3.983
G1 X6.218 Y-4.037
G1 X5.839 Y-4.091
G1 X4.992 Y-4.109
G1 X4.307 Y-4.019
G1 X4.253 Y-3.965
M5
G0 X4.127 Y-3.352 F2500
M3 S220
G1 F1000
G1 X4.380 Y-3.352
G1 X4.542 Y-3.424
G1 X4.578 Y-3.388
G1 X4.812 Y-3.424
G1 X5.677 Y-3.424
G1 X5.461 Y-3.623
G1 X5.154 Y-3.677
G1 X4.524 Y-3.587
G1 X4.307 Y-3.496
G1 X4.127 Y-3.352
M5
G0 X3.965 Y-3.190 F2500
M3 S220
G1 F1000
G1 X4.073 Y-3.136
G1 X4.758 Y-3.082
G1 X4.866 Y-3.100
G1 X4.812 Y-3.154
G1 X4.181 Y-3.208
G1 X4.794 Y-3.280
G1 X5.623 Y-3.280
G1 X6.362 Y-3.208
G1 X5.767 Y-3.154
G1 X5.713 Y-3.100
G1 X5.893 Y-3.082
G1 X6.560 Y-3.154
G1 X6.578 Y-3.226
G1 X6.218 Y-3.316
G1 X5.677 Y-3.370
G1 X4.830 Y-3.370
G1 X4.163 Y-3.280
G1 X3.965 Y-3.190
M5
G0 X4.884 Y-3.208 F2500
M3 S220
G1 F1000
G1 X5.028 Y-2.956
G1 X5.443 Y-2.974
G1 X5.551 Y-3.208
G1 X5.461 Y-3.244
G1 X4.884 Y-3.208
M5
G0 X5.587 Y-2.884 F2500
M3 S220
G1 F1000
G1 X5.136 Y-2.920
G1 X4.992 Y-2.884
G1 X4.974 Y-2.812
G1 X5.569 Y-2.775
G1 X5.569 Y-2.830
G1 X5.389 Y-2.866
G1 X5.587 Y-2.884
M5
G0 X5.281 Y-0.901 F2500
M3 S220
G1 F1000
G1 X5.371 Y-1.298
G1 X5.245 Y-1.352
G1 X5.154 Y-1.334
G1 X5.118 Y-1.280
G1 X5.136 Y-1.388
G1 X5.173 Y-1.334
G1 X5.335 Y-1.406
G1 X5.335 Y-1.820
G1 X5.443 Y-2.181
G1 X5.425 Y-2.541
G1 X5.281 Y-2.613
G1 X5.082 Y-2.595
G1 X4.974 Y-2.541
G1 X4.974 Y-2.379
G1 X4.974 Y-2.541
G1 X5.046 Y-2.631
G1 X5.497 Y-2.649
G1 X5.551 Y-2.595
G1 X5.533 Y-2.289
G1 X5.371 Y-1.820
G1 X5.371 Y-1.532
G1 X5.425 Y-1.262
G1 X5.317 Y-1.081
G1 X5.281 Y-0.901
M5
G0 X5.317 Y-0.811 F2500
M3 S220
G1 F1000
G1 X5.497 Y-1.316
G1 X5.443 Y-1.496
G1 X5.443 Y-1.802
G1 X5.533 Y-2.109
G1 X5.677 Y-2.361
G1 X5.695 Y-2.505
G1 X5.641 Y-2.631
G1 X5.551 Y-2.703
G1 X5.082 Y-2.721
G1 X4.902 Y-2.559
G1 X4.884 Y-2.343
G1 X5.010 Y-2.091
G1 X5.118 Y-1.694
G1 X5.118 Y-1.514
G1 X5.046 Y-1.244
G1 X5.209 Y-0.865
G1 X5.317 Y-0.811
M5
G0 X5.245 Y-0.703 F2500
M3 S220
G1 F1000
G1 X5.191 Y-0.739
G1 X4.974 Y-1.244
G1 X5.046 Y-1.658
G1 X4.992 Y-1.910
G1 X4.794 Y-2.361
G1 X4.794 Y-2.559
G1 X4.902 Y-2.739
G1 X4.902 Y-2.956
G1 X4.848 Y-3.010
G1 X4.181 Y-3.064
G1 X3.911 Y-3.172
G1 X3.929 Y-3.262
G1 X4.127 Y-3.460
G1 X4.470 Y-3.659
G1 X4.380 Y-3.821
G1 X4.235 Y-3.893
G1 X4.199 Y-4.055
G1 X4.452 Y-4.127
G1 X4.812 Y-4.163
G1 X4.920 Y-4.235
G1 X4.812 Y-4.470
G1 X4.812 Y-4.614
G1 X4.902 Y-4.722
G1 X4.722 Y-6.146
G1 X4.596 Y-6.344
G1 X4.542 Y-6.524
G1 X4.271 Y-6.795
G1 X4.055 Y-6.867
G1 X3.929 Y-6.957
G1 X3.947 Y-7.119
G1 X4.109 Y-7.281
G1 X4.019 Y-7.443
G1 X3.803 Y-7.606
G1 X3.785 Y-7.714
G1 X3.893 Y-7.858
G1 X4.199 Y-7.984
G1 X4.938 Y-8.092
G1 X5.623 Y-8.092
G1 X6.398 Y-7.966
G1 X6.668 Y-7.858
G1 X6.758 Y-7.714
G1 X6.722 Y-7.588
G1 X6.488 Y-7.425
G1 X6.434 Y-7.281
G1 X6.614 Y-7.119
G1 X6.614 Y-6.957
G1 X6.236 Y-6.795
G1 X5.984 Y-6.506
G1 X5.839 Y-6.182
G1 X5.677 Y-5.100
G1 X5.677 Y-4.704
G1 X5.749 Y-4.632
G1 X5.767 Y-4.452
G1 X5.659 Y-4.271
G1 X5.659 Y-4.181
G1 X6.236 Y-4.109
G1 X6.398 Y-4.037
G1 X6.380 Y-3.947
G1 X6.146 Y-3.749
G1 X6.146 Y-3.623
G1 X6.398 Y-3.496
G1 X6.668 Y-3.190
G1 X6.578 Y-3.118
G1 X5.677 Y-2.974
G1 X5.641 Y-2.739
G1 X5.749 Y-2.595
G1 X5.767 Y-2.397
G1 X5.587 Y-2.001
G1 X5.497 Y-1.676
G1 X5.587 Y-1.298
G1 X5.353 Y-0.739
G1 X5.245 Y-0.703
M5
G0 X5.281 Y0.216 F2500
M3 S220
G1 F1000
G1 X5.263 Y0.144
G1 X4.398 Y0.162
G1 X4.416 Y0.216
G1 X5.281 Y0.216
M5
G0 X5.371 Y0.757 F2500
M3 S220
G1 F1000
G1 X5.479 Y0.739
G1 X5.443 Y0.036
G1 X5.371 Y0.036
G1 X5.317 Y0.162
G1 X5.335 Y0.721
G1 X5.371 Y0.757
M5
G0 X5.533 Y0.757 F2500
M3 S220
G1 F1000
G1 X5.641 Y0.739
G1 X5.623 Y0.342
G1 X5.551 Y0.342
G1 X5.551 Y0.252
G1 X5.641 Y0.288
G1 X5.623 Y0.180
G1 X5.551 Y0.180
G1 X5.623 Y0.126
G1 X5.551 Y0.126
G1 X5.641 Y0.090
G1 X5.605 Y0.054
G1 X5.515 Y0.072
G1 X5.533 Y0.757
M5
G0 X6.470 Y0.811 F2500
M3 S220
G1 F1000
G1 X6.020 Y0.451
G1 X5.713 Y0.324
G1 X5.713 Y0.378
G1 X5.965 Y0.469
G1 X6.470 Y0.811
M5
G0 X7.155 Y1.027 F2500
M3 S220
G1 F1000
G1 X6.777 Y0.865
G1 X6.344 Y0.487
G1 X5.965 Y0.234
G1 X5.803 Y0.180
G1 X5.695 Y0.198
G1 X6.074 Y0.360
G1 X6.813 Y0.955
G1 X7.047 Y1.045
G1 X7.155 Y1.027
M5
G0 X7.137 Y1.406 F2500
M3 S220
G1 F1000
G1 X7.137 Y1.189
G1 X7.029 Y1.189
G1 X6.740 Y1.081
G1 X6.074 Y0.541
G1 X5.749 Y0.378
G1 X5.695 Y0.396
G1 X5.677 Y0.595
G1 X6.056 Y0.829
G1 X6.488 Y1.208
G1 X6.867 Y1.406
G1 X7.137 Y1.406
M5
G0 X7.191 Y1.514 F2500
M3 S220
G1 F1000
G1 X7.263 Y1.460
G1 X7.281 Y0.991
G1 X7.191 Y0.991
G1 X7.227 Y1.099
G1 X7.245 Y1.009
G1 X7.245 Y1.189
G1 X7.191 Y1.262
G1 X7.155 Y1.478
G1 X7.191 Y1.514
M5
G0 X7.317 Y1.478 F2500
M3 S220
G1 F1000
G1 X7.407 Y1.406
G1 X7.389 Y0.955
G1 X7.335 Y0.955
G1 X7.317 Y1.478
M5
G0 X8.813 Y0.018 F2500
M3 S220
G1 F1000
G1 X9.083 Y-0.757
G1 X9.336 Y-1.280
G1 X9.624 Y-1.766
G1 X9.912 Y-2.145
G1 X9.858 Y-3.496
G1 X9.750 Y-4.217
G1 X9.606 Y-4.830
G1 X9.768 Y-4.163
G1 X9.876 Y-3.442
G1 X9.930 Y-2.109
G1 X9.534 Y-1.586
G1 X9.101 Y-0.775
G1 X8.813 Y0.018
M5
G0 X9.246 Y-0.793 F2500
M3 S220
G1 F1000
G1 X9.336 Y-1.027
G1 X9.696 Y-1.658
G1 X10.021 Y-2.073
G1 X10.003 Y-3.154
G1 X9.858 Y-4.217
G1 X9.606 Y-5.209
G1 X9.282 Y-6.038
G1 X8.903 Y-6.777
G1 X8.507 Y-7.389
G1 X8.128 Y-7.840
G1 X7.606 Y-8.344
G1 X7.101 Y-8.723
G1 X6.344 Y-9.119
G1 X5.677 Y-9.318
G1 X5.028 Y-9.390
G1 X4.434 Y-9.372
G1 X4.488 Y-9.282
G1 X5.082 Y-9.282
G1 X5.695 Y-9.192
G1 X6.308 Y-9.011
G1 X6.758 Y-8.795
G1 X7.371 Y-8.381
G1 X7.822 Y-7.984
G1 X8.489 Y-7.191
G1 X8.038 Y-7.732
G1 X7.642 Y-8.128
G1 X6.849 Y-8.723
G1 X6.254 Y-9.011
G1 X5.695 Y-9.174
G1 X5.010 Y-9.264
G1 X4.380 Y-9.246
G1 X4.181 Y-9.660
G1 X3.731 Y-10.147
G1 X4.145 Y-9.732
G1 X4.398 Y-9.264
G1 X4.488 Y-9.282
G1 X4.271 Y-9.714
G1 X3.839 Y-10.183
G1 X4.163 Y-9.876
G1 X4.416 Y-9.444
G1 X4.488 Y-9.390
G1 X5.082 Y-9.408
G1 X5.749 Y-9.318
G1 X6.344 Y-9.137
G1 X7.047 Y-8.777
G1 X7.570 Y-8.399
G1 X8.110 Y-7.876
G1 X8.579 Y-7.299
G1 X8.903 Y-6.795
G1 X9.336 Y-5.947
G1 X9.624 Y-5.191
G1 X9.894 Y-4.109
G1 X10.021 Y-3.118
G1 X10.039 Y-2.055
G1 X9.660 Y-1.568
G1 X9.246 Y-0.793
M5
G0 X4.416 Y0.342 F2500
M3 S220
G1 F1000
G1 X5.136 Y0.342
G1 X5.281 Y0.306
G1 X5.263 Y0.252
G1 X4.488 Y0.234
G1 X4.416 Y0.288
G1 X5.245 Y0.288
G1 X4.596 Y0.288
G1 X4.416 Y0.342
M5
G0 X4.380 Y0.559 F2500
M3 S220
G1 F1000
G1 X4.416 Y0.667
G1 X5.082 Y0.667
G1 X5.263 Y0.613
G1 X4.740 Y0.613
G1 X5.263 Y0.613
G1 X5.299 Y0.577
G1 X5.299 Y0.378
G1 X5.263 Y0.342
G1 X4.416 Y0.342
G1 X4.380 Y0.378
G1 X4.380 Y0.559
M5
G0 X4.307 Y0.757 F2500
M3 S220
G1 F1000
G1 X4.343 Y0.721
G1 X4.325 Y0.108
G1 X4.289 Y0.324
G1 X4.289 Y0.108
G1 X4.235 Y0.036
G1 X4.217 Y0.721
G1 X4.307 Y0.757
M5
G0 X4.109 Y0.757 F2500
M3 S220
G1 F1000
G1 X4.181 Y0.739
G1 X4.145 Y0.018
G1 X4.109 Y0.144
G1 X4.091 Y0.054
G1 X4.055 Y0.270
G1 X4.055 Y0.631
G1 X4.109 Y0.757
M5
G0 X3.514 Y0.631 F2500
M3 S220
G1 F1000
G1 X4.019 Y0.631
G1 X4.001 Y0.306
G1 X3.514 Y0.288
G1 X3.514 Y0.559
G1 X3.965 Y0.577
G1 X3.605 Y0.595
G1 X3.947 Y0.613
G1 X3.514 Y0.631
M5
G0 X3.514 Y0.288 F2500
M3 S220
G1 F1000
G1 X4.019 Y0.288
G1 X3.550 Y0.234
G1 X3.514 Y0.288
M5
G0 X3.496 Y0.216 F2500
M3 S220
G1 F1000
G1 X3.677 Y0.252
G1 X4.019 Y0.234
G1 X3.496 Y0.216
M5
G0 X3.496 Y0.090 F2500
M3 S220
G1 F1000
G1 X3.550 Y0.144
G1 X4.001 Y0.108
G1 X3.496 Y0.090
M5
G0 X3.911 Y0.018 F2500
M3 S220
G1 F1000
G1 X3.911 Y-0.090
G1 X3.857 Y-0.072
G1 X3.893 Y-0.126
G1 X3.749 Y-0.252
G1 X3.713 Y-0.396
G1 X3.605 Y-0.342
G1 X3.839 Y-0.108
G1 X3.568 Y-0.360
G1 X3.550 Y-0.415
G1 X3.605 Y-0.415
G1 X3.623 Y-0.559
G1 X3.568 Y-0.667
G1 X3.550 Y-0.487
G1 X3.514 Y-0.721
G1 X3.496 Y-0.415
G1 X3.568 Y-0.270
G1 X3.695 Y-0.126
G1 X3.911 Y0.018
M5
G0 X2.956 Y-0.883 F2500
M3 S220
G1 F1000
G1 X3.028 Y-0.901
G1 X3.208 Y-1.117
G1 X3.172 Y-1.063
G1 X3.190 Y-0.991
G1 X3.244 Y-1.081
G1 X3.226 Y-1.226
G1 X3.172 Y-1.208
G1 X3.100 Y-1.063
G1 X2.956 Y-0.937
G1 X2.956 Y-0.883
M5
G0 X2.649 Y-1.153 F2500
M3 S220
G1 F1000
G1 X2.866 Y-0.955
G1 X3.028 Y-1.099
G1 X3.064 Y-1.226
G1 X2.884 Y-1.045
G1 X2.830 Y-1.045
G1 X2.721 Y-1.171
G1 X2.794 Y-1.189
G1 X2.848 Y-1.153
G1 X2.902 Y-1.189
G1 X2.974 Y-1.135
G1 X2.992 Y-1.226
G1 X2.685 Y-1.226
G1 X2.649 Y-1.153
M5
G0 X2.163 Y-1.514 F2500
M3 S220
G1 F1000
G1 X2.253 Y-1.568
G1 X2.217 Y-1.550
G1 X2.289 Y-1.676
G1 X2.235 Y-1.604
G1 X2.271 Y-1.532
G1 X2.325 Y-1.532
G1 X2.361 Y-1.730
G1 X2.523 Y-1.928
G1 X2.649 Y-1.982
G1 X2.794 Y-1.964
G1 X2.613 Y-1.964
G1 X2.415 Y-1.802
G1 X2.343 Y-1.640
G1 X2.379 Y-1.514
G1 X2.541 Y-1.856
G1 X2.757 Y-1.910
G1 X2.757 Y-1.820
G1 X2.884 Y-2.001
G1 X2.559 Y-2.019
G1 X2.379 Y-1.874
G1 X2.289 Y-1.712
G1 X2.451 Y-1.964
G1 X2.613 Y-2.055
G1 X2.812 Y-2.055
G1 X2.884 Y-2.001
G1 X2.920 Y-2.091
G1 X2.631 Y-2.109
G1 X2.469 Y-2.055
G1 X2.253 Y-1.802
G1 X2.163 Y-1.514
M5
G0 X1.027 Y0.216 F2500
M3 S220
G1 F1000
G1 X0.955 Y0.162
G1 X1.009 Y0.144
G1 X0.919 Y0.108
G1 X0.991 Y0.090
G1 X0.901 Y0.036
G1 X0.973 Y0.018
G1 X0.847 Y-0.487
G1 X0.703 Y-0.487
G1 X0.793 Y-0.523
G1 X0.793 Y-0.559
G1 X0.721 Y-0.577
G1 X0.649 Y-0.541
G1 X0.757 Y-0.234
G1 X0.829 Y-0.234
G1 X0.757 Y-0.216
G1 X0.919 Y0.180
G1 X0.973 Y0.234
G1 X1.027 Y0.216
M5
G0 X2.343 Y1.532 F2500
M3 S220
G1 F1000
G1 X2.379 Y1.352
G1 X2.397 Y1.388
G1 X2.451 Y1.244
G1 X2.415 Y0.829
G1 X2.433 Y0.937
G1 X2.577 Y1.153
G1 X2.649 Y1.153
G1 X2.685 Y0.973
G1 X2.451 Y0.721
G1 X2.361 Y0.559
G1 X2.703 Y0.973
G1 X2.775 Y0.721
G1 X2.469 Y0.595
G1 X2.325 Y0.451
G1 X2.181 Y0.595
G1 X2.073 Y0.595
G1 X2.217 Y0.559
G1 X2.325 Y0.415
G1 X2.451 Y0.577
G1 X2.559 Y0.631
G1 X2.703 Y0.649
G1 X2.775 Y0.703
G1 X2.812 Y0.595
G1 X2.848 Y0.667
G1 X2.848 Y0.469
G1 X2.775 Y0.559
G1 X2.613 Y0.595
G1 X2.812 Y0.523
G1 X2.884 Y0.396
G1 X2.884 Y-0.288
G1 X2.830 Y-0.469
G1 X2.703 Y-0.559
G1 X2.505 Y-0.559
G1 X2.397 Y-0.505
G1 X2.325 Y-0.378
G1 X2.181 Y-0.541
G1 X2.001 Y-0.577
G1 X1.928 Y-0.559
G1 X1.802 Y-0.396
G1 X1.802 Y0.288
G1 X1.856 Y0.415
G1 X2.001 Y0.523
G1 X2.163 Y0.487
G1 X2.271 Y0.378
G1 X2.307 Y0.198
G1 X2.271 Y0.162
G1 X2.217 Y0.324
G1 X2.091 Y0.451
G1 X1.982 Y0.451
G1 X1.910 Y0.396
G1 X1.838 Y0.234
G1 X1.838 Y0.072
G1 X1.892 Y-0.018
G1 X1.856 Y-0.018
G1 X1.892 Y-0.054
G1 X1.928 Y-0.000
G1 X1.946 Y-0.072
G1 X1.874 Y-0.108
G1 X1.838 Y-0.054
G1 X1.838 Y-0.252
G1 X1.892 Y-0.415
G1 X2.019 Y-0.487
G1 X2.145 Y-0.469
G1 X2.307 Y-0.306
G1 X2.379 Y-0.324
G1 X2.451 Y-0.451
G1 X2.649 Y-0.487
G1 X2.739 Y-0.451
G1 X2.830 Y-0.306
G1 X2.757 Y-0.144
G1 X2.830 Y-0.144
G1 X2.794 Y-0.090
G1 X2.757 Y-0.144
G1 X2.721 Y-0.126
G1 X2.775 Y-0.198
G1 X2.757 Y-0.288
G1 X2.721 Y-0.288
G1 X2.757 Y-0.415
G1 X2.685 Y-0.469
G1 X2.487 Y-0.469
G1 X2.379 Y-0.324
G1 X2.451 Y-0.306
G1 X2.541 Y-0.433
G1 X2.487 Y-0.288
G1 X2.595 Y-0.144
G1 X2.469 Y-0.306
G1 X2.433 Y-0.252
G1 X2.541 Y-0.144
G1 X2.397 Y-0.306
G1 X2.325 Y-0.306
G1 X2.217 Y-0.252
G1 X2.289 Y-0.216
G1 X2.397 Y-0.234
G1 X2.379 Y-0.144
G1 X2.325 Y-0.126
G1 X2.361 Y-0.198
G1 X2.325 Y-0.234
G1 X2.271 Y-0.126
G1 X2.163 Y-0.090
G1 X2.217 Y-0.000
G1 X2.217 Y-0.072
G1 X2.415 Y-0.036
G1 X2.469 Y-0.072
G1 X2.433 Y-0.036
G1 X2.487 Y-0.000
G1 X2.505 Y0.090
G1 X2.433 Y-0.036
G1 X2.379 Y0.018
G1 X2.379 Y0.090
G1 X2.451 Y0.198
G1 X2.523 Y0.162
G1 X2.487 Y0.216
G1 X2.433 Y0.198
G1 X2.415 Y0.252
G1 X2.541 Y0.415
G1 X2.649 Y0.451
G1 X2.721 Y0.415
G1 X2.541 Y0.324
G1 X2.523 Y0.252
G1 X2.631 Y0.198
G1 X2.703 Y0.072
G1 X2.667 Y0.036
G1 X2.649 Y0.072
G1 X2.613 Y0.054
G1 X2.613 Y0.018
G1 X2.631 Y0.072
G1 X2.667 Y0.018
G1 X2.595 Y-0.036
G1 X2.559 Y0.108
G1 X2.613 Y0.144
G1 X2.559 Y0.126
G1 X2.559 Y-0.072
G1 X2.433 Y-0.162
G1 X2.577 Y-0.090
G1 X2.685 Y-0.144
G1 X2.685 Y-0.288
G1 X2.649 Y-0.324
G1 X2.559 Y-0.306
G1 X2.559 Y-0.270
G1 X2.559 Y-0.324
G1 X2.631 Y-0.342
G1 X2.685 Y-0.306
G1 X2.703 Y-0.180
G1 X2.649 Y-0.090
G1 X2.757 Y-0.072
G1 X2.848 Y-0.000
G1 X2.830 Y0.054
G1 X2.794 Y-0.054
G1 X2.757 Y-0.000
G1 X2.703 Y-0.054
G1 X2.721 Y0.090
G1 X2.667 Y0.162
G1 X2.739 Y0.162
G1 X2.775 Y0.108
G1 X2.739 Y0.054
G1 X2.794 Y0.036
G1 X2.757 Y0.072
G1 X2.830 Y0.162
G1 X2.775 Y0.252
G1 X2.685 Y0.252
G1 X2.667 Y0.162
G1 X2.631 Y0.198
G1 X2.631 Y0.324
G1 X2.667 Y0.360
G1 X2.703 Y0.306
G1 X2.685 Y0.360
G1 X2.739 Y0.396
G1 X2.794 Y0.306
G1 X2.794 Y0.360
G1 X2.667 Y0.451
G1 X2.577 Y0.451
G1 X2.433 Y0.306
G1 X2.379 Y0.162
G1 X2.325 Y0.270
G1 X2.469 Y0.469
G1 X2.631 Y0.523
G1 X2.830 Y0.396
G1 X2.848 Y0.252
G1 X2.848 Y0.360
G1 X2.757 Y0.487
G1 X2.541 Y0.523
G1 X2.325 Y0.306
G1 X2.109 Y0.523
G1 X1.964 Y0.523
G1 X1.856 Y0.433
G1 X1.838 Y0.469
G1 X1.946 Y0.595
G1 X2.127 Y0.631
G1 X1.928 Y0.703
G1 X2.001 Y0.631
G1 X1.910 Y0.577
G1 X1.874 Y0.739
G1 X1.946 Y0.973
G1 X2.307 Y0.559
G1 X1.946 Y1.027
G1 X2.055 Y1.171
G1 X2.235 Y0.865
G1 X2.199 Y1.045
G1 X2.199 Y0.973
G1 X2.127 Y1.117
G1 X2.019 Y1.208
G1 X2.253 Y1.478
G1 X2.217 Y1.099
G1 X2.217 Y1.280
G1 X2.343 Y1.532
M5
G0 X2.415 Y1.460 F2500
M3 S220
G1 F1000
G1 X2.613 Y1.262
G1 X2.559 Y1.244
G1 X2.595 Y1.226
G1 X2.613 Y1.262
G1 X2.613 Y1.189
G1 X2.469 Y1.027
G1 X2.415 Y1.460
M5
G0 X2.938 Y1.568 F2500
M3 S220
G1 F1000
G1 X3.010 Y1.532
G1 X3.028 Y-0.649
G1 X2.992 Y-0.685
G1 X2.920 Y-0.667
G1 X2.938 Y1.568
M5
G0 X3.082 Y1.532 F2500
M3 S220
G1 F1000
G1 X3.244 Y1.442
G1 X3.262 Y0.198
G1 X3.208 Y-0.685
G1 X3.064 Y-0.649
G1 X3.046 Y-0.396
G1 X3.082 Y1.532
M5
G0 X3.136 Y1.460 F2500
M3 S220
G1 F1000
G1 X3.136 Y1.244
G1 X3.172 Y1.208
G1 X3.136 Y1.171
G1 X3.136 Y1.009
G1 X3.172 Y0.973
G1 X3.136 Y0.955
G1 X3.172 Y0.865
G1 X3.136 Y0.703
G1 X3.172 Y0.631
G1 X3.136 Y0.577
G1 X3.172 Y0.541
G1 X3.136 Y0.487
G1 X3.172 Y0.433
G1 X3.118 Y0.306
G1 X3.172 Y0.252
G1 X3.172 Y0.180
G1 X3.118 Y0.180
G1 X3.136 Y0.234
G1 X3.118 Y0.162
G1 X3.172 Y0.090
G1 X3.154 Y-0.000
G1 X3.118 Y0.018
G1 X3.172 Y-0.162
G1 X3.136 Y-0.198
G1 X3.154 Y-0.288
G1 X3.118 Y-0.306
G1 X3.172 Y-0.378
G1 X3.118 Y-0.415
G1 X3.154 Y-0.433
G1 X3.190 Y-0.378
G1 X3.154 Y-0.324
G1 X3.190 Y-0.252
G1 X3.136 Y-0.216
G1 X3.190 Y-0.072
G1 X3.136 Y-0.036
G1 X3.190 Y0.036
G1 X3.154 Y0.108
G1 X3.190 Y0.234
G1 X3.154 Y0.288
G1 X3.190 Y0.559
G1 X3.154 Y0.595
G1 X3.190 Y0.649
G1 X3.136 Y0.685
G1 X3.190 Y0.775
G1 X3.154 Y0.829
G1 X3.190 Y0.883
G1 X3.154 Y0.937
G1 X3.190 Y1.117
G1 X3.136 Y1.171
G1 X3.172 Y1.189
G1 X3.190 Y1.298
G1 X3.154 Y1.352
G1 X3.190 Y1.406
G1 X3.136 Y1.460
M5
G0 X3.532 Y1.334 F2500
M3 S220
G1 F1000
G1 X3.623 Y1.334
G1 X3.641 Y1.063
G1 X3.821 Y1.063
G1 X3.785 Y0.865
G1 X3.659 Y1.027
G1 X3.695 Y0.937
G1 X3.839 Y0.811
G1 X3.857 Y0.847
G1 X4.001 Y0.829
G1 X4.037 Y0.793
G1 X4.001 Y0.703
G1 X3.911 Y0.703
G1 X3.659 Y0.901
G1 X3.568 Y1.009
G1 X3.568 Y1.099
G1 X3.532 Y0.991
G1 X3.659 Y0.847
G1 X3.623 Y0.829
G1 X3.550 Y0.901
G1 X3.695 Y0.757
G1 X3.821 Y0.721
G1 X3.514 Y0.721
G1 X3.496 Y1.298
G1 X3.532 Y1.334
M5
G0 X3.424 Y1.856 F2500
M3 S220
G1 F1000
G1 X3.442 Y-1.135
G1 X3.370 Y-1.478
G1 X3.262 Y-1.370
G1 X-3.280 Y-1.388
G1 X-3.298 Y-1.460
G1 X-3.388 Y-1.370
G1 X-3.442 Y-1.424
G1 X-3.460 Y1.856
G1 X-3.424 Y1.892
G1 X-3.334 Y1.874
G1 X-3.316 Y-1.280
G1 X3.262 Y-1.280
G1 X2.992 Y-1.316
G1 X3.298 Y-1.280
G1 X3.298 Y1.820
G1 X3.334 Y1.910
G1 X3.424 Y1.856
M5
G0 X2.001 Y4.470 F2500
M3 S220
G1 F1000
G1 X2.037 Y4.398
G1 X2.001 Y4.398
G1 X1.982 Y4.325
G1 X2.019 Y4.289
G1 X1.964 Y4.253
G1 X2.001 Y4.199
G1 X1.964 Y4.091
G1 X1.928 Y4.109
G1 X1.964 Y4.073
G1 X1.892 Y3.803
G1 X1.784 Y3.731
G1 X1.730 Y3.821
G1 X1.820 Y4.001
G1 X1.874 Y4.271
G1 X2.001 Y4.470
M5
G0 X1.910 Y4.686 F2500
M3 S220
G1 F1000
G1 X1.910 Y4.578
G1 X1.694 Y4.181
G1 X1.910 Y4.524
G1 X1.910 Y4.434
G1 X1.658 Y3.929
G1 X1.658 Y3.839
G1 X1.622 Y3.785
G1 X1.568 Y3.839
G1 X1.532 Y3.803
G1 X1.496 Y3.839
G1 X1.532 Y3.911
G1 X1.622 Y3.947
G1 X1.568 Y3.929
G1 X1.568 Y4.073
G1 X1.784 Y4.524
G1 X1.910 Y4.686
M5
G0 X1.820 Y4.812 F2500
M3 S220
G1 F1000
G1 X1.874 Y4.758
G1 X1.802 Y4.704
G1 X1.820 Y4.668
G1 X1.586 Y4.307
G1 X1.568 Y4.343
G1 X1.676 Y4.542
G1 X1.388 Y4.091
G1 X1.370 Y4.127
G1 X1.730 Y4.812
G1 X1.820 Y4.812
M5
G0 X1.640 Y4.956 F2500
M3 S220
G1 F1000
G1 X1.712 Y4.884
G1 X1.604 Y4.830
G1 X1.640 Y4.740
G1 X1.568 Y4.596
G1 X1.532 Y4.596
G1 X1.550 Y4.542
G1 X1.406 Y4.289
G1 X1.388 Y4.361
G1 X1.478 Y4.524
G1 X1.352 Y4.271
G1 X1.316 Y4.271
G1 X1.334 Y4.235
G1 X1.099 Y3.929
G1 X1.262 Y4.163
G1 X1.298 Y4.109
G1 X1.244 Y4.073
G1 X1.262 Y4.037
G1 X1.208 Y4.019
G1 X1.226 Y3.983
G1 X1.171 Y3.965
G1 X1.045 Y3.767
G1 X0.937 Y3.731
G1 X0.865 Y3.767
G1 X1.640 Y4.956
M5
G0 X1.532 Y4.956 F2500
M3 S220
G1 F1000
G1 X1.550 Y4.920
G1 X0.973 Y3.983
G1 X0.793 Y3.749
G1 X0.667 Y3.731
G1 X0.667 Y3.821
G1 X1.532 Y4.956
M5
G0 X1.496 Y5.118 F2500
M3 S220
G1 F1000
G1 X1.532 Y5.064
G1 X1.316 Y4.794
G1 X1.406 Y4.884
G1 X1.424 Y4.848
G1 X1.027 Y4.380
G1 X0.775 Y4.145
G1 X0.577 Y4.073
G1 X0.523 Y4.091
G1 X1.171 Y4.722
G1 X1.496 Y5.118
M5
G0 X1.532 Y5.209 F2500
M3 S220
G1 F1000
G1 X1.748 Y4.974
G1 X2.055 Y4.794
G1 X1.946 Y4.794
G1 X1.748 Y4.920
G1 X1.514 Y5.154
G1 X1.532 Y5.209
M5
G0 X1.568 Y5.299 F2500
M3 S220
G1 F1000
G1 X1.928 Y4.938
G1 X1.838 Y4.956
G1 X1.568 Y5.227
G1 X1.568 Y5.299
M5
G0 X1.586 Y5.407 F2500
M3 S220
G1 F1000
G1 X1.982 Y5.028
G1 X2.181 Y4.902
G1 X2.127 Y4.884
G1 X1.910 Y5.028
G1 X1.586 Y5.335
G1 X1.586 Y5.407
M5
G0 X1.658 Y5.479 F2500
M3 S220
G1 F1000
G1 X2.217 Y4.974
G1 X2.109 Y4.992
G1 X1.820 Y5.281
G1 X1.748 Y5.299
G1 X1.640 Y5.425
G1 X1.658 Y5.479
M5
G0 X2.361 Y5.010 F2500
M3 S220
G1 F1000
G1 X2.703 Y5.335
G1 X3.190 Y5.587
G1 X3.605 Y5.695
G1 X4.109 Y5.695
G1 X4.434 Y5.605
G1 X4.686 Y5.461
G1 X4.974 Y5.173
G1 X5.335 Y4.650
G1 X5.641 Y4.380
G1 X5.569 Y4.361
G1 X5.281 Y4.596
G1 X5.263 Y4.560
G1 X4.650 Y5.245
G1 X4.614 Y5.263
G1 X4.740 Y5.154
G1 X4.776 Y5.064
G1 X4.542 Y5.245
G1 X4.524 Y5.353
G1 X4.668 Y5.299
G1 X4.902 Y5.082
G1 X4.560 Y5.461
G1 X4.307 Y5.569
G1 X4.452 Y5.515
G1 X4.506 Y5.443
G1 X4.524 Y5.479
G1 X4.632 Y5.371
G1 X4.596 Y5.353
G1 X4.253 Y5.533
G1 X3.821 Y5.587
G1 X3.406 Y5.497
G1 X2.739 Y5.191
G1 X2.685 Y5.209
G1 X3.136 Y5.461
G1 X3.406 Y5.551
G1 X2.938 Y5.389
G1 X2.703 Y5.245
G1 X2.667 Y5.154
G1 X2.433 Y4.992
G1 X2.361 Y5.010
M5
G0 X3.677 Y5.479 F2500
M3 S220
G1 F1000
G1 X3.785 Y5.497
G1 X3.839 Y5.569
G1 X4.073 Y5.569
G1 X4.398 Y5.461
G1 X4.325 Y5.443
G1 X3.983 Y5.533
G1 X3.803 Y5.461
G1 X3.677 Y5.479
M5
G0 X3.623 Y6.002 F2500
M3 S220
G1 F1000
G1 X3.262 Y5.857
G1 X3.208 Y5.803
G1 X3.352 Y5.893
G1 X3.514 Y5.929
G1 X3.010 Y5.623
G1 X2.956 Y5.641
G1 X3.010 Y5.677
G1 X2.848 Y5.569
G1 X2.631 Y5.551
G1 X2.830 Y5.713
G1 X3.316 Y5.965
G1 X3.478 Y6.020
G1 X3.623 Y6.002
M5
G0 X3.893 Y6.578 F2500
M3 S220
G1 F1000
G1 X3.731 Y6.470
G1 X3.352 Y6.344
G1 X2.974 Y6.128
G1 X2.866 Y6.110
G1 X3.082 Y6.272
G1 X3.568 Y6.524
G1 X3.785 Y6.596
G1 X3.893 Y6.578
M5
G0 X3.893 Y6.885 F2500
M3 S220
G1 F1000
G1 X4.109 Y6.957
G1 X4.434 Y6.975
G1 X4.848 Y6.831
G1 X4.740 Y6.813
G1 X4.578 Y6.867
G1 X4.506 Y6.831
G1 X4.470 Y6.885
G1 X4.307 Y6.867
G1 X4.470 Y6.849
G1 X4.271 Y6.831
G1 X4.253 Y6.867
G1 X4.199 Y6.849
G1 X4.199 Y6.885
G1 X4.145 Y6.849
G1 X3.947 Y6.849
G1 X3.893 Y6.885
M5
G0 X4.037 Y7.245 F2500
M3 S220
G1 F1000
G1 X3.857 Y7.209
G1 X3.659 Y7.101
G1 X3.605 Y7.119
G1 X3.785 Y7.209
G1 X3.532 Y7.101
G1 X3.568 Y7.083
G1 X3.388 Y7.029
G1 X3.587 Y7.209
G1 X3.857 Y7.317
G1 X4.037 Y7.245
M5
G0 X4.325 Y7.047 F2500
M3 S220
G1 F1000
G1 X4.524 Y7.137
G1 X4.722 Y7.119
G1 X4.956 Y6.903
G1 X4.902 Y6.885
G1 X4.578 Y6.993
G1 X4.542 Y7.065
G1 X4.325 Y7.047
M5
G0 X4.289 Y6.795 F2500
M3 S220
G1 F1000
G1 X4.452 Y6.740
G1 X4.920 Y6.434
G1 X4.722 Y6.542
G1 X4.650 Y6.686
G1 X4.794 Y6.596
G1 X4.560 Y6.777
G1 X4.794 Y6.740
G1 X4.884 Y6.650
G1 X4.902 Y6.560
G1 X4.830 Y6.650
G1 X4.668 Y6.740
G1 X4.866 Y6.596
G1 X5.082 Y6.308
G1 X5.046 Y6.290
G1 X4.506 Y6.614
G1 X4.668 Y6.506
G1 X4.596 Y6.488
G1 X4.488 Y6.542
G1 X4.488 Y6.578
G1 X4.452 Y6.560
G1 X4.416 Y6.614
G1 X4.361 Y6.614
G1 X4.325 Y6.668
G1 X4.380 Y6.668
G1 X4.271 Y6.740
G1 X4.289 Y6.795
M5
G0 X4.398 Y6.524 F2500
M3 S220
G1 F1000
G1 X4.398 Y6.470
G1 X4.253 Y6.470
G1 X4.343 Y6.416
G1 X4.289 Y6.434
G1 X4.289 Y6.398
G1 X4.217 Y6.416
G1 X4.127 Y6.362
G1 X3.893 Y6.398
G1 X3.695 Y6.326
G1 X3.605 Y6.344
G1 X3.803 Y6.452
G1 X4.253 Y6.578
G1 X4.398 Y6.524
M5
G0 X4.812 Y6.380 F2500
M3 S220
G1 F1000
G1 X4.704 Y6.380
G1 X4.704 Y6.344
G1 X4.596 Y6.380
G1 X4.542 Y6.362
G1 X4.614 Y6.380
G1 X4.614 Y6.326
G1 X4.325 Y6.272
G1 X4.199 Y6.326
G1 X4.560 Y6.470
G1 X4.812 Y6.380
M5
G0 X4.974 Y6.542 F2500
M3 S220
G1 F1000
G1 X5.046 Y6.542
G1 X5.317 Y6.272
G1 X5.389 Y5.984
G1 X4.974 Y6.542
M5
G0 X4.884 Y6.650 F2500
M3 S220
G1 F1000
G1 X4.938 Y6.668
G1 X5.461 Y6.380
G1 X5.713 Y6.146
G1 X5.749 Y6.002
G1 X5.641 Y6.056
G1 X5.497 Y6.236
G1 X5.533 Y6.110
G1 X5.100 Y6.524
G1 X4.884 Y6.650
M5
G0 X4.902 Y6.758 F2500
M3 S220
G1 F1000
G1 X5.010 Y6.795
G1 X5.335 Y6.650
G1 X5.389 Y6.542
G1 X5.064 Y6.722
G1 X4.902 Y6.758
M5
G0 X5.082 Y7.047 F2500
M3 S220
G1 F1000
G1 X5.173 Y7.047
G1 X5.569 Y6.867
G1 X5.623 Y6.813
G1 X5.623 Y6.740
G1 X5.461 Y6.831
G1 X5.515 Y6.849
G1 X5.245 Y6.921
G1 X5.082 Y7.047
M5
G0 X4.740 Y7.119 F2500
M3 S220
G1 F1000
G1 X4.866 Y7.137
G1 X5.046 Y7.065
G1 X5.335 Y6.795
G1 X5.281 Y6.777
G1 X5.100 Y6.867
G1 X4.740 Y7.119
M5
G0 X4.488 Y7.335 F2500
M3 S220
G1 F1000
G1 X4.001 Y7.299
G1 X4.163 Y7.407
G1 X4.488 Y7.335
M5
G0 X4.325 Y7.479 F2500
M3 S220
G1 F1000
G1 X4.416 Y7.551
G1 X4.560 Y7.570
G1 X4.866 Y7.425
G1 X4.614 Y7.407
G1 X4.470 Y7.443
G1 X4.506 Y7.425
G1 X4.452 Y7.407
G1 X4.325 Y7.479
M5
G0 X4.398 Y7.624 F2500
M3 S220
G1 F1000
G1 X4.488 Y7.732
G1 X4.632 Y7.804
G1 X4.902 Y7.804
G1 X4.956 Y7.750
G1 X4.884 Y7.678
G1 X4.722 Y7.678
G1 X4.758 Y7.624
G1 X4.398 Y7.624
M5
G0 X4.343 Y7.678 F2500
M3 S220
G1 F1000
G1 X4.380 Y7.624
G1 X4.343 Y7.570
G1 X4.289 Y7.570
G1 X4.307 Y7.606
G1 X4.073 Y7.515
G1 X4.307 Y7.551
G1 X4.253 Y7.497
G1 X3.893 Y7.335
G1 X3.857 Y7.389
G1 X4.001 Y7.570
G1 X4.145 Y7.660
G1 X4.343 Y7.678
M5
G0 X4.217 Y7.966 F2500
M3 S220
G1 F1000
G1 X3.929 Y7.551
G1 X3.821 Y7.533
G1 X3.785 Y7.624
G1 X4.073 Y7.930
G1 X4.217 Y7.966
M5
G0 X4.217 Y8.164 F2500
M3 S220
G1 F1000
G1 X3.911 Y7.966
G1 X3.659 Y7.894
G1 X3.911 Y8.128
G1 X4.217 Y8.164
M5
G0 X3.767 Y8.290 F2500
M3 S220
G1 F1000
G1 X3.785 Y8.236
G1 X3.659 Y7.966
G1 X3.460 Y7.768
G1 X3.442 Y7.894
G1 X3.496 Y8.002
G1 X3.767 Y8.290
M5
G0 X3.839 Y7.858 F2500
M3 S220
G1 F1000
G1 X3.731 Y7.822
G1 X3.550 Y7.642
G1 X3.532 Y7.678
G1 X3.460 Y7.533
G1 X3.388 Y7.515
G1 X3.460 Y7.624
G1 X3.370 Y7.497
G1 X3.316 Y7.497
G1 X3.352 Y7.588
G1 X3.280 Y7.461
G1 X3.262 Y7.533
G1 X3.406 Y7.840
G1 X3.424 Y7.768
G1 X3.370 Y7.624
G1 X3.442 Y7.750
G1 X3.659 Y7.858
G1 X3.839 Y7.858
M5
G0 X3.767 Y7.588 F2500
M3 S220
G1 F1000
G1 X3.821 Y7.515
G1 X3.767 Y7.353
G1 X3.659 Y7.263
G1 X3.478 Y7.245
G1 X3.478 Y7.191
G1 X3.424 Y7.173
G1 X3.334 Y7.029
G1 X3.100 Y6.831
G1 X2.613 Y6.254
G1 X2.559 Y6.236
G1 X1.964 Y5.263
G1 X1.928 Y5.317
G1 X2.037 Y5.551
G1 X2.631 Y6.488
G1 X3.550 Y7.479
G1 X3.767 Y7.588
M5
G0 X4.776 Y7.588 F2500
M3 S220
G1 F1000
G1 X4.992 Y7.624
G1 X5.209 Y7.461
G1 X5.136 Y7.461
G1 X5.154 Y7.407
G1 X5.064 Y7.443
G1 X5.046 Y7.407
G1 X4.776 Y7.533
G1 X4.776 Y7.588
M5
G0 X4.956 Y7.696 F2500
M3 S220
G1 F1000
G1 X5.118 Y7.822
G1 X5.335 Y7.822
G1 X5.533 Y7.714
G1 X5.136 Y7.660
G1 X4.956 Y7.696
M5
G0 X5.118 Y7.606 F2500
M3 S220
G1 F1000
G1 X5.136 Y7.642
G1 X5.371 Y7.642
G1 X5.497 Y7.570
G1 X5.551 Y7.461
G1 X5.335 Y7.461
G1 X5.118 Y7.606
M5
G0 X5.227 Y7.894 F2500
M3 S220
G1 F1000
G1 X5.263 Y7.930
G1 X5.587 Y7.912
G1 X5.677 Y7.858
G1 X5.749 Y7.732
G1 X5.587 Y7.786
G1 X5.569 Y7.840
G1 X5.497 Y7.786
G1 X5.227 Y7.894
M5
G0 X5.209 Y7.966 F2500
M3 S220
G1 F1000
G1 X5.136 Y7.894
G1 X5.010 Y7.858
G1 X4.650 Y7.858
G1 X4.920 Y7.966
G1 X5.209 Y7.966
M5
G0 X5.389 Y8.056 F2500
M3 S220
G1 F1000
G1 X5.461 Y8.110
G1 X5.677 Y8.092
G1 X5.839 Y7.948
G1 X5.713 Y7.948
G1 X5.659 Y8.002
G1 X5.677 Y7.966
G1 X5.623 Y7.948
G1 X5.389 Y8.056
M5
G0 X5.443 Y8.146 F2500
M3 S220
G1 F1000
G1 X5.587 Y8.182
G1 X5.533 Y8.164
G1 X5.497 Y8.218
G1 X5.821 Y8.381
G1 X6.002 Y8.363
G1 X5.965 Y8.326
G1 X6.092 Y8.308
G1 X5.875 Y8.200
G1 X5.731 Y8.200
G1 X5.857 Y8.164
G1 X6.002 Y8.236
G1 X6.164 Y8.254
G1 X6.470 Y8.182
G1 X6.470 Y8.128
G1 X6.344 Y8.128
G1 X6.218 Y8.056
G1 X5.443 Y8.146
M5
G0 X5.623 Y8.344 F2500
M3 S220
G1 F1000
G1 X5.407 Y8.200
G1 X5.443 Y8.182
G1 X5.281 Y8.056
G1 X5.082 Y8.038
G1 X5.335 Y8.128
G1 X5.010 Y8.020
G1 X4.920 Y8.038
G1 X4.974 Y8.092
G1 X5.082 Y8.110
G1 X4.974 Y8.092
G1 X5.389 Y8.399
G1 X5.533 Y8.399
G1 X5.623 Y8.344
M5
G0 X5.821 Y8.561 F2500
M3 S220
G1 F1000
G1 X5.515 Y8.507
G1 X5.371 Y8.417
G1 X5.317 Y8.435
G1 X5.569 Y8.579
G1 X5.821 Y8.561
M5
G0 X5.893 Y8.507 F2500
M3 S220
G1 F1000
G1 X5.641 Y8.417
G1 X5.407 Y8.453
G1 X5.857 Y8.561
G1 X5.893 Y8.507
M5
G0 X5.929 Y8.507 F2500
M3 S220
G1 F1000
G1 X6.002 Y8.579
G1 X6.110 Y8.579
G1 X6.362 Y8.399
G1 X6.218 Y8.417
G1 X6.290 Y8.381
G1 X6.218 Y8.363
G1 X5.929 Y8.507
M5
G0 X5.821 Y8.813 F2500
M3 S220
G1 F1000
G1 X5.659 Y8.705
G1 X5.497 Y8.687
G1 X5.533 Y8.669
G1 X5.479 Y8.633
G1 X5.371 Y8.651
G1 X5.623 Y8.813
G1 X5.731 Y8.849
G1 X5.821 Y8.813
M5
G0 X5.713 Y9.119 F2500
M3 S220
G1 F1000
G1 X5.605 Y8.975
G1 X5.443 Y8.867
G1 X5.173 Y8.849
G1 X5.389 Y9.083
G1 X5.515 Y9.137
G1 X5.713 Y9.119
M5
G0 X5.929 Y9.300 F2500
M3 S220
G1 F1000
G1 X5.695 Y9.156
G1 X5.461 Y9.119
G1 X5.443 Y9.156
G1 X5.641 Y9.282
G1 X5.929 Y9.300
M5
G0 X5.407 Y9.282 F2500
M3 S220
G1 F1000
G1 X5.425 Y9.228
G1 X5.154 Y8.921
G1 X5.154 Y8.957
G1 X5.118 Y8.867
G1 X4.974 Y8.795
G1 X5.118 Y8.777
G1 X5.028 Y8.687
G1 X4.812 Y8.615
G1 X4.542 Y8.615
G1 X4.668 Y8.741
G1 X4.884 Y8.813
G1 X5.154 Y9.137
G1 X5.407 Y9.282
M5
G0 X5.082 Y9.137 F2500
M3 S220
G1 F1000
G1 X4.812 Y8.813
G1 X4.632 Y8.723
G1 X4.632 Y8.831
G1 X4.758 Y8.957
G1 X5.082 Y9.137
M5
G0 X5.136 Y9.624 F2500
M3 S220
G1 F1000
G1 X4.416 Y9.065
G1 X3.911 Y8.561
G1 X3.334 Y7.894
G1 X3.334 Y7.948
G1 X3.064 Y7.551
G1 X2.884 Y7.137
G1 X3.154 Y7.624
G1 X3.334 Y7.768
G1 X3.262 Y7.624
G1 X3.244 Y7.660
G1 X3.136 Y7.335
G1 X3.100 Y7.299
G1 X3.154 Y7.533
G1 X2.992 Y7.119
G1 X2.830 Y6.921
G1 X2.757 Y6.975
G1 X2.775 Y7.083
G1 X2.559 Y6.578
G1 X2.415 Y6.434
G1 X2.163 Y5.929
G1 X2.199 Y5.911
G1 X2.037 Y5.641
G1 X2.037 Y5.767
G1 X2.343 Y6.362
G1 X2.469 Y6.704
G1 X2.757 Y7.191
G1 X3.046 Y7.840
G1 X3.334 Y8.290
G1 X3.875 Y8.867
G1 X4.271 Y9.192
G1 X4.794 Y9.516
G1 X5.082 Y9.642
G1 X5.136 Y9.624
M5
G0 X5.136 Y10.525 F2500
M3 S220
G1 F1000
G1 X6.146 Y10.525
G1 X7.281 Y10.687
G1 X8.002 Y9.534
G1 X8.543 Y8.849
G1 X9.282 Y8.074
G1 X10.093 Y7.371
G1 X9.858 Y7.083
G1 X9.534 Y6.560
G1 X9.011 Y5.371
G1 X8.705 Y4.325
G1 X8.561 Y3.280
G1 X8.633 Y3.875
G1 X8.777 Y4.542
G1 X9.083 Y5.515
G1 X9.570 Y6.578
G1 X10.129 Y7.389
G1 X9.318 Y8.074
G1 X8.453 Y8.975
G1 X7.930 Y9.642
G1 X7.281 Y10.705
G1 X6.254 Y10.543
G1 X5.136 Y10.525
M5
G0 X4.019 Y9.696 F2500
M3 S220
G1 F1000
G1 X3.695 Y9.336
G1 X3.298 Y8.705
G1 X2.577 Y7.029
G1 X2.541 Y7.155
G1 X2.595 Y7.263
G1 X2.559 Y7.245
G1 X2.595 Y7.209
G1 X2.541 Y7.173
G1 X2.523 Y7.407
G1 X2.667 Y7.822
G1 X2.541 Y7.515
G1 X2.523 Y7.660
G1 X2.830 Y8.417
G1 X3.082 Y8.831
G1 X3.460 Y9.282
G1 X3.875 Y9.642
G1 X4.019 Y9.696
M5
G0 X4.325 Y8.705 F2500
M3 S220
G1 F1000
G1 X4.343 Y8.579
G1 X4.073 Y8.290
G1 X4.055 Y8.344
G1 X4.127 Y8.507
G1 X4.325 Y8.705
M5
G0 X4.217 Y8.669 F2500
M3 S220
G1 F1000
G1 X4.109 Y8.543
G1 X3.965 Y8.218
G1 X3.749 Y8.002
G1 X3.785 Y8.182
G1 X4.001 Y8.543
G1 X4.091 Y8.633
G1 X4.217 Y8.669
M5
G0 X4.650 Y8.435 F2500
M3 S220
G1 F1000
G1 X4.380 Y8.344
G1 X4.434 Y8.326
G1 X4.199 Y8.200
G1 X4.055 Y8.164
G1 X4.001 Y8.200
G1 X4.217 Y8.399
G1 X4.650 Y8.435
M5
G0 X4.884 Y8.561 F2500
M3 S220
G1 F1000
G1 X4.650 Y8.471
G1 X4.560 Y8.489
G1 X4.506 Y8.435
G1 X4.289 Y8.435
G1 X4.452 Y8.579
G1 X4.794 Y8.597
G1 X4.884 Y8.561
M5
G0 X5.209 Y8.381 F2500
M3 S220
G1 F1000
G1 X5.209 Y8.326
G1 X4.956 Y8.128
G1 X4.956 Y8.164
G1 X4.902 Y8.074
G1 X4.380 Y7.732
G1 X4.217 Y7.678
G1 X4.145 Y7.696
G1 X4.253 Y7.768
G1 X4.091 Y7.678
G1 X4.271 Y7.948
G1 X4.452 Y8.110
G1 X4.614 Y8.146
G1 X4.470 Y7.948
G1 X4.325 Y7.876
G1 X4.560 Y7.948
G1 X4.776 Y8.218
G1 X5.209 Y8.381
M5
G0 X5.461 Y8.777 F2500
M3 S220
G1 F1000
G1 X5.227 Y8.633
G1 X5.154 Y8.651
G1 X5.371 Y8.741
G1 X5.173 Y8.687
G1 X5.028 Y8.597
G1 X4.974 Y8.615
G1 X5.154 Y8.777
G1 X5.461 Y8.777
M5
G0 X6.218 Y8.813 F2500
M3 S220
G1 F1000
G1 X6.128 Y8.741
G1 X5.929 Y8.705
G1 X5.731 Y8.597
G1 X5.641 Y8.651
G1 X5.929 Y8.813
G1 X6.218 Y8.813
M5
G0 X6.380 Y8.633 F2500
M3 S220
G1 F1000
G1 X6.542 Y8.741
G1 X6.939 Y8.759
G1 X7.119 Y8.687
G1 X6.921 Y8.597
G1 X6.578 Y8.579
G1 X6.380 Y8.633
M5
G0 X6.668 Y8.543 F2500
M3 S220
G1 F1000
G1 X6.813 Y8.543
G1 X7.047 Y8.344
G1 X7.191 Y8.056
G1 X6.849 Y8.272
G1 X6.650 Y8.507
G1 X6.668 Y8.543
M5
G0 X6.867 Y8.543 F2500
M3 S220
G1 F1000
G1 X7.155 Y8.615
G1 X7.353 Y8.561
G1 X7.497 Y8.471
G1 X7.083 Y8.489
G1 X7.299 Y8.435
G1 X7.155 Y8.417
G1 X7.011 Y8.435
G1 X6.867 Y8.543
M5
G0 X7.101 Y8.381 F2500
M3 S220
G1 F1000
G1 X7.245 Y8.344
G1 X7.371 Y8.218
G1 X7.479 Y7.948
G1 X7.173 Y8.200
G1 X7.083 Y8.344
G1 X7.101 Y8.381
M5
G0 X7.299 Y8.363 F2500
M3 S220
G1 F1000
G1 X7.642 Y8.344
G1 X7.858 Y8.182
G1 X7.804 Y8.146
G1 X7.371 Y8.290
G1 X7.299 Y8.363
M5
G0 X7.407 Y8.272 F2500
M3 S220
G1 F1000
G1 X7.606 Y8.146
G1 X7.732 Y8.002
G1 X7.840 Y7.786
G1 X7.840 Y7.624
G1 X7.443 Y8.110
G1 X7.389 Y8.218
G1 X7.407 Y8.272
M5
G0 X7.822 Y7.894 F2500
M3 S220
G1 F1000
G1 X7.948 Y7.894
G1 X8.182 Y7.696
G1 X8.254 Y7.533
G1 X8.236 Y7.461
G1 X8.146 Y7.551
G1 X8.146 Y7.624
G1 X8.092 Y7.678
G1 X8.146 Y7.624
G1 X8.146 Y7.551
G1 X7.894 Y7.768
G1 X7.822 Y7.894
M5
G0 X7.497 Y7.209 F2500
M3 S220
G1 F1000
G1 X7.660 Y7.137
G1 X7.840 Y6.957
G1 X7.840 Y6.885
G1 X7.660 Y6.957
G1 X7.479 Y7.155
G1 X7.497 Y7.209
M5
G0 X7.299 Y7.191 F2500
M3 S220
G1 F1000
G1 X7.461 Y7.119
G1 X7.678 Y6.831
G1 X7.660 Y6.758
G1 X7.353 Y6.993
G1 X7.281 Y7.137
G1 X7.299 Y7.191
M5
G0 X7.173 Y7.443 F2500
M3 S220
G1 F1000
G1 X7.335 Y7.443
G1 X7.606 Y7.245
G1 X7.299 Y7.245
G1 X7.263 Y7.353
G1 X7.461 Y7.263
G1 X7.245 Y7.353
G1 X7.173 Y7.443
M5
G0 X6.885 Y7.479 F2500
M3 S220
G1 F1000
G1 X7.263 Y7.101
G1 X7.263 Y7.029
G1 X7.101 Y7.191
G1 X7.047 Y7.173
G1 X6.903 Y7.299
G1 X7.281 Y6.993
G1 X7.245 Y6.975
G1 X6.885 Y7.227
G1 X6.849 Y7.335
G1 X6.885 Y7.479
M5
G0 X6.957 Y7.660 F2500
M3 S220
G1 F1000
G1 X7.137 Y7.678
G1 X7.299 Y7.588
G1 X7.371 Y7.497
G1 X7.101 Y7.515
G1 X7.047 Y7.588
G1 X6.957 Y7.606
G1 X6.957 Y7.660
M5
G0 X6.650 Y7.786 F2500
M3 S220
G1 F1000
G1 X6.704 Y7.876
G1 X6.885 Y7.894
G1 X7.047 Y7.840
G1 X7.119 Y7.750
G1 X7.083 Y7.714
G1 X6.849 Y7.714
G1 X6.740 Y7.750
G1 X6.885 Y7.768
G1 X6.686 Y7.750
G1 X6.650 Y7.786
M5
G0 X6.632 Y7.732 F2500
M3 S220
G1 F1000
G1 X6.686 Y7.750
G1 X6.867 Y7.678
G1 X7.137 Y7.443
G1 X7.245 Y7.245
G1 X7.191 Y7.227
G1 X6.632 Y7.732
M5
G0 X6.506 Y7.714 F2500
M3 S220
G1 F1000
G1 X6.614 Y7.696
G1 X6.813 Y7.533
G1 X6.831 Y7.299
G1 X6.578 Y7.588
G1 X6.704 Y7.407
G1 X6.668 Y7.389
G1 X6.488 Y7.606
G1 X6.470 Y7.678
G1 X6.506 Y7.714
M5
G0 X6.200 Y7.714 F2500
M3 S220
G1 F1000
G1 X6.236 Y7.750
G1 X6.362 Y7.732
G1 X6.434 Y7.660
G1 X6.452 Y7.551
G1 X6.380 Y7.624
G1 X6.452 Y7.533
G1 X6.470 Y7.570
G1 X6.506 Y7.443
G1 X6.470 Y7.497
G1 X6.452 Y7.461
G1 X6.398 Y7.533
G1 X6.344 Y7.533
G1 X6.200 Y7.714
M5
G0 X6.182 Y7.407 F2500
M3 S220
G1 F1000
G1 X6.254 Y7.407
G1 X6.380 Y7.263
G1 X6.236 Y7.425
G1 X6.272 Y7.443
G1 X6.416 Y7.281
G1 X6.290 Y7.443
G1 X6.344 Y7.461
G1 X6.596 Y7.191
G1 X6.614 Y6.993
G1 X6.182 Y7.407
M5
G0 X5.929 Y7.371 F2500
M3 S220
G1 F1000
G1 X6.038 Y7.317
G1 X5.947 Y7.371
G1 X6.110 Y7.353
G1 X6.308 Y7.119
G1 X6.074 Y7.155
G1 X5.929 Y7.371
M5
G0 X5.713 Y7.389 F2500
M3 S220
G1 F1000
G1 X5.857 Y7.371
G1 X6.002 Y7.227
G1 X6.074 Y6.957
G1 X6.056 Y6.885
G1 X5.929 Y7.101
G1 X6.002 Y6.993
G1 X5.984 Y6.939
G1 X5.713 Y7.389
M5
G0 X5.389 Y7.407 F2500
M3 S220
G1 F1000
G1 X5.497 Y7.407
G1 X5.659 Y7.335
G1 X5.767 Y7.227
G1 X5.785 Y7.119
G1 X5.677 Y7.245
G1 X5.515 Y7.317
G1 X5.677 Y7.227
G1 X5.641 Y7.209
G1 X5.443 Y7.299
G1 X5.479 Y7.317
G1 X5.371 Y7.371
G1 X5.389 Y7.407
M5
G0 X5.443 Y7.624 F2500
M3 S220
G1 F1000
G1 X5.479 Y7.660
G1 X5.695 Y7.678
G1 X5.911 Y7.606
G1 X6.002 Y7.497
G1 X5.857 Y7.497
G1 X5.929 Y7.461
G1 X5.821 Y7.443
G1 X5.641 Y7.461
G1 X5.443 Y7.624
M5
G0 X5.749 Y7.876 F2500
M3 S220
G1 F1000
G1 X6.002 Y7.804
G1 X6.164 Y7.678
G1 X6.200 Y7.588
G1 X5.984 Y7.768
G1 X6.038 Y7.606
G1 X6.002 Y7.588
G1 X5.929 Y7.786
G1 X5.947 Y7.750
G1 X5.803 Y7.750
G1 X5.767 Y7.786
G1 X5.803 Y7.804
G1 X5.731 Y7.840
G1 X5.749 Y7.876
M5
G0 X5.893 Y8.038 F2500
M3 S220
G1 F1000
G1 X6.200 Y8.020
G1 X6.344 Y7.948
G1 X6.578 Y7.732
G1 X6.506 Y7.732
G1 X6.200 Y7.912
G1 X6.362 Y7.822
G1 X6.038 Y7.876
G1 X5.965 Y7.912
G1 X5.893 Y8.038
M5
G0 X6.272 Y8.038 F2500
M3 S220
G1 F1000
G1 X6.434 Y8.128
G1 X6.632 Y8.074
G1 X6.813 Y7.966
G1 X6.470 Y7.984
G1 X6.614 Y7.948
G1 X6.470 Y7.894
G1 X6.326 Y7.984
G1 X6.416 Y8.002
G1 X6.272 Y8.038
M5
G0 X6.596 Y7.389 F2500
M3 S220
G1 F1000
G1 X6.867 Y7.119
G1 X6.867 Y6.867
G1 X6.831 Y7.047
G1 X6.885 Y6.795
G1 X6.668 Y6.993
G1 X6.596 Y7.389
M5
G0 X6.939 Y7.101 F2500
M3 S220
G1 F1000
G1 X6.993 Y7.119
G1 X7.281 Y6.867
G1 X7.299 Y6.740
G1 X7.281 Y6.831
G1 X7.335 Y6.849
G1 X7.389 Y6.795
G1 X7.425 Y6.614
G1 X7.407 Y6.326
G1 X7.281 Y6.578
G1 X7.245 Y6.813
G1 X6.939 Y7.101
M5
G0 X6.993 Y7.047 F2500
M3 S220
G1 F1000
G1 X7.155 Y6.849
G1 X7.227 Y6.686
G1 X7.245 Y6.344
G1 X7.029 Y6.686
G1 X6.993 Y7.047
M5
G0 X7.443 Y6.813 F2500
M3 S220
G1 F1000
G1 X7.732 Y6.650
G1 X7.822 Y6.506
G1 X7.786 Y6.452
G1 X7.479 Y6.758
G1 X7.624 Y6.542
G1 X7.822 Y6.380
G1 X7.912 Y6.236
G1 X7.930 Y6.110
G1 X7.804 Y6.236
G1 X7.804 Y6.290
G1 X7.822 Y6.254
G1 X7.786 Y6.236
G1 X7.642 Y6.362
G1 X7.425 Y6.740
G1 X7.443 Y6.813
M5
G0 X7.479 Y6.542 F2500
M3 S220
G1 F1000
G1 X7.606 Y6.344
G1 X7.551 Y5.984
G1 X7.443 Y6.218
G1 X7.479 Y6.542
M5
G0 X7.678 Y6.254 F2500
M3 S220
G1 F1000
G1 X7.750 Y6.110
G1 X7.768 Y5.947
G1 X7.714 Y5.587
G1 X7.624 Y5.785
G1 X7.624 Y6.074
G1 X7.678 Y6.254
M5
G0 X7.732 Y6.254 F2500
M3 S220
G1 F1000
G1 X7.984 Y5.947
G1 X8.056 Y5.731
G1 X8.038 Y5.587
G1 X7.786 Y6.020
G1 X7.732 Y6.254
M5
G0 X7.822 Y5.857 F2500
M3 S220
G1 F1000
G1 X7.966 Y5.569
G1 X7.984 Y5.263
G1 X7.948 Y5.209
G1 X7.840 Y5.371
G1 X7.786 Y5.551
G1 X7.822 Y5.857
M5
G0 X6.885 Y6.182 F2500
M3 S220
G1 F1000
G1 X7.137 Y5.857
G1 X7.137 Y5.551
G1 X6.903 Y5.911
G1 X6.885 Y6.182
M5
G0 X6.722 Y6.470 F2500
M3 S220
G1 F1000
G1 X6.849 Y6.470
G1 X6.975 Y6.362
G1 X7.119 Y6.146
G1 X7.119 Y5.984
G1 X7.047 Y6.110
G1 X6.867 Y6.254
G1 X6.831 Y6.398
G1 X6.722 Y6.470
M5
G0 X6.686 Y6.488 F2500
M3 S220
G1 F1000
G1 X6.795 Y6.326
G1 X6.849 Y6.146
G1 X6.831 Y5.839
G1 X6.686 Y6.146
G1 X6.650 Y6.326
G1 X6.686 Y6.488
M5
G0 X6.488 Y6.777 F2500
M3 S220
G1 F1000
G1 X6.560 Y6.795
G1 X6.813 Y6.668
G1 X6.921 Y6.560
G1 X6.903 Y6.488
G1 X6.813 Y6.524
G1 X6.867 Y6.542
G1 X6.722 Y6.650
G1 X6.740 Y6.614
G1 X6.650 Y6.632
G1 X6.632 Y6.596
G1 X6.488 Y6.777
M5
G0 X6.074 Y7.137 F2500
M3 S220
G1 F1000
G1 X6.236 Y7.065
G1 X6.434 Y7.065
G1 X6.632 Y6.885
G1 X6.614 Y6.795
G1 X6.236 Y7.029
G1 X6.524 Y6.686
G1 X6.506 Y6.614
G1 X6.380 Y6.758
G1 X6.398 Y6.686
G1 X6.344 Y6.740
G1 X6.596 Y6.344
G1 X6.614 Y6.416
G1 X6.632 Y6.236
G1 X6.308 Y6.650
G1 X6.236 Y6.885
G1 X6.164 Y6.975
G1 X6.164 Y6.921
G1 X6.092 Y6.993
G1 X6.074 Y7.137
M5
G0 X5.659 Y6.903 F2500
M3 S220
G1 F1000
G1 X5.965 Y6.758
G1 X6.056 Y6.596
G1 X5.731 Y6.668
G1 X5.623 Y6.849
G1 X5.659 Y6.903
M5
G0 X5.677 Y6.650 F2500
M3 S220
G1 F1000
G1 X5.767 Y6.632
G1 X5.875 Y6.506
G1 X5.965 Y6.182
G1 X5.929 Y6.164
G1 X5.767 Y6.362
G1 X5.677 Y6.650
M5
G0 X5.857 Y6.560 F2500
M3 S220
G1 F1000
G1 X6.074 Y6.560
G1 X6.254 Y6.452
G1 X6.344 Y6.344
G1 X6.290 Y6.326
G1 X6.218 Y6.380
G1 X6.218 Y6.344
G1 X6.146 Y6.344
G1 X6.038 Y6.434
G1 X6.110 Y6.362
G1 X6.002 Y6.344
G1 X5.857 Y6.560
M5
G0 X6.020 Y6.308 F2500
M3 S220
G1 F1000
G1 X6.218 Y5.984
G1 X6.236 Y5.785
G1 X6.200 Y5.731
G1 X6.020 Y6.056
G1 X6.020 Y6.308
M5
G0 X6.164 Y6.290 F2500
M3 S220
G1 F1000
G1 X6.434 Y5.767
G1 X6.452 Y5.587
G1 X6.416 Y5.479
G1 X6.362 Y5.479
G1 X6.290 Y5.641
G1 X6.254 Y5.965
G1 X6.128 Y6.218
G1 X6.164 Y6.290
M5
G0 X6.218 Y6.254 F2500
M3 S220
G1 F1000
G1 X6.380 Y6.254
G1 X6.506 Y6.146
G1 X6.614 Y5.984
G1 X6.614 Y5.839
G1 X6.218 Y6.254
M5
G0 X6.398 Y6.002 F2500
M3 S220
G1 F1000
G1 X6.758 Y5.605
G1 X6.849 Y5.389
G1 X6.849 Y5.263
G1 X6.488 Y5.713
G1 X6.380 Y5.947
G1 X6.398 Y6.002
M5
G0 X6.632 Y5.443 F2500
M3 S220
G1 F1000
G1 X6.650 Y4.920
G1 X6.596 Y4.776
G1 X6.524 Y4.956
G1 X6.524 Y5.154
G1 X6.596 Y5.425
G1 X6.632 Y5.443
M5
G0 X6.668 Y5.389 F2500
M3 S220
G1 F1000
G1 X6.939 Y4.992
G1 X6.921 Y4.848
G1 X6.668 Y5.154
G1 X6.668 Y5.389
M5
G0 X6.704 Y5.028 F2500
M3 S220
G1 F1000
G1 X6.849 Y4.848
G1 X6.867 Y4.596
G1 X6.813 Y4.434
G1 X6.722 Y4.542
G1 X6.668 Y4.704
G1 X6.704 Y5.028
M5
G0 X5.821 Y5.479 F2500
M3 S220
G1 F1000
G1 X5.984 Y5.245
G1 X6.002 Y4.974
G1 X5.947 Y4.884
G1 X5.821 Y5.118
G1 X5.821 Y5.479
M5
G0 X5.821 Y5.713 F2500
M3 S220
G1 F1000
G1 X5.965 Y5.587
G1 X6.020 Y5.479
G1 X6.038 Y5.245
G1 X5.803 Y5.551
G1 X5.821 Y5.713
M5
G0 X5.623 Y6.056 F2500
M3 S220
G1 F1000
G1 X5.695 Y5.965
G1 X5.785 Y5.659
G1 X5.767 Y5.263
G1 X5.677 Y5.497
G1 X5.623 Y6.056
M5
G0 X5.497 Y6.128 F2500
M3 S220
G1 F1000
G1 X5.623 Y5.911
G1 X5.605 Y5.659
G1 X5.443 Y5.911
G1 X5.443 Y6.092
G1 X5.497 Y6.128
M5
G0 X5.389 Y6.813 F2500
M3 S220
G1 F1000
G1 X5.677 Y6.668
G1 X5.713 Y6.560
G1 X5.677 Y6.434
G1 X5.443 Y6.650
G1 X5.371 Y6.777
G1 X5.389 Y6.813
M5
G0 X5.461 Y7.137 F2500
M3 S220
G1 F1000
G1 X5.064 Y7.101
G1 X4.596 Y7.191
G1 X4.073 Y7.029
G1 X3.695 Y6.867
G1 X3.226 Y6.542
G1 X2.649 Y6.038
G1 X2.631 Y6.074
G1 X3.028 Y6.488
G1 X3.316 Y6.722
G1 X4.055 Y7.137
G1 X4.668 Y7.281
G1 X5.046 Y7.281
G1 X5.407 Y7.173
G1 X5.046 Y7.155
G1 X4.956 Y7.191
G1 X5.082 Y7.137
G1 X5.461 Y7.137
M5
G0 X5.209 Y5.425 F2500
M3 S220
G1 F1000
G1 X5.191 Y5.353
G1 X4.722 Y5.857
G1 X4.398 Y6.020
G1 X4.452 Y6.038
G1 X4.361 Y6.020
G1 X4.271 Y6.056
G1 X4.325 Y6.074
G1 X4.199 Y6.056
G1 X3.911 Y6.110
G1 X3.839 Y6.074
G1 X3.641 Y6.110
G1 X3.875 Y6.128
G1 X3.623 Y6.128
G1 X2.938 Y5.893
G1 X2.992 Y5.947
G1 X2.920 Y5.893
G1 X2.956 Y5.875
G1 X2.775 Y5.821
G1 X2.812 Y5.803
G1 X2.019 Y5.191
G1 X2.199 Y5.461
G1 X2.685 Y5.911
G1 X3.172 Y6.182
G1 X3.659 Y6.308
G1 X4.163 Y6.290
G1 X4.650 Y6.092
G1 X4.974 Y5.803
G1 X5.209 Y5.425
M5
G0 X7.714 Y6.867 F2500
M3 S220
G1 F1000
G1 X7.984 Y6.632
G1 X8.092 Y6.380
G1 X8.074 Y6.290
G1 X7.750 Y6.722
G1 X7.714 Y6.867
M5
G0 X6.668 Y8.831 F2500
M3 S220
G1 F1000
G1 X6.614 Y8.759
G1 X6.398 Y8.687
G1 X6.146 Y8.705
G1 X6.362 Y8.813
G1 X6.668 Y8.831
M5
G0 X6.506 Y9.300 F2500
M3 S220
G1 F1000
G1 X5.767 Y9.083
G1 X5.749 Y9.119
G1 X5.893 Y9.228
G1 X6.146 Y9.318
G1 X6.434 Y9.336
G1 X6.506 Y9.300
M5
G0 X7.768 Y10.093 F2500
M3 S220
G1 F1000
G1 X7.317 Y10.832
G1 X6.362 Y10.669
G1 X5.082 Y10.651
G1 X6.290 Y10.651
G1 X7.317 Y10.814
G1 X7.768 Y10.093
M5
G0 X8.290 Y9.354 F2500
M3 S220
G1 F1000
G1 X8.795 Y8.741
G1 X9.426 Y8.110
G1 X10.273 Y7.407
G1 X9.804 Y6.777
G1 X9.300 Y5.785
G1 X8.939 Y4.758
G1 X8.705 Y3.568
G1 X8.957 Y4.776
G1 X9.300 Y5.749
G1 X9.786 Y6.704
G1 X10.309 Y7.407
G1 X9.354 Y8.200
G1 X8.759 Y8.795
G1 X8.290 Y9.354
M5
G0 X10.904 Y10.904 F2500
M3 S220
G1 F1000
G1 X10.615 Y10.922
G1 X10.237 Y10.796
G1 X9.894 Y10.489
G1 X9.714 Y10.129
G1 X9.696 Y9.822
G1 X9.858 Y9.390
G1 X10.147 Y9.083
G1 X10.471 Y8.867
G1 X10.651 Y8.921
G1 X10.922 Y9.119
G1 X10.886 Y9.246
G1 X10.597 Y9.192
G1 X10.381 Y9.228
G1 X10.183 Y9.372
G1 X10.093 Y9.534
G1 X10.075 Y9.768
G1 X10.129 Y9.949
G1 X10.291 Y10.201
G1 X10.525 Y10.435
G1 X10.850 Y10.579
G1 X11.066 Y10.561
G1 X11.210 Y10.489
G1 X11.390 Y10.237
G1 X11.408 Y10.021
G1 X11.336 Y9.804
G1 X11.408 Y9.732
G1 X11.535 Y9.786
G1 X11.769 Y10.093
G1 X11.589 Y10.399
G1 X11.318 Y10.687
G1 X11.102 Y10.832
G1 X10.904 Y10.904
M5
G0 X11.444 Y11.877 F2500
M3 S220
G1 F1000
G1 X11.480 Y11.895
G1 X11.625 Y11.751
G1 X11.841 Y11.625
G1 X12.021 Y11.589
G1 X11.985 Y11.643
G1 X11.931 Y11.625
G1 X11.715 Y11.715
G1 X11.480 Y11.913
G1 X11.498 Y11.949
G1 X12.057 Y11.841
G1 X12.309 Y11.733
G1 X12.472 Y11.535
G1 X12.472 Y11.426
G1 X12.400 Y11.444
G1 X12.291 Y11.571
G1 X12.165 Y11.607
G1 X12.057 Y11.589
G1 X12.309 Y11.553
G1 X12.346 Y11.516
G1 X12.327 Y11.462
G1 X11.841 Y11.553
G1 X11.625 Y11.679
G1 X11.444 Y11.877
M5
G0 X11.120 Y12.327 F2500
M3 S220
G1 F1000
G1 X11.138 Y12.364
G1 X11.426 Y12.346
G1 X11.715 Y12.255
G1 X11.931 Y12.147
G1 X12.075 Y11.967
G1 X12.057 Y11.913
G1 X11.877 Y12.129
G1 X11.931 Y12.003
G1 X11.751 Y12.093
G1 X11.661 Y12.093
G1 X11.643 Y12.057
G1 X11.607 Y12.093
G1 X11.589 Y12.003
G1 X11.535 Y12.129
G1 X11.336 Y12.147
G1 X11.120 Y12.327
M5
G0 X10.958 Y12.327 F2500
M3 S220
G1 F1000
G1 X10.994 Y12.364
G1 X11.174 Y12.201
G1 X11.535 Y12.075
G1 X11.553 Y12.003
G1 X11.192 Y12.111
G1 X10.958 Y12.327
M5
G0 X10.489 Y12.724 F2500
M3 S220
G1 F1000
G1 X10.525 Y12.742
G1 X10.796 Y12.580
G1 X11.012 Y12.562
G1 X11.084 Y12.472
G1 X11.012 Y12.454
G1 X10.742 Y12.526
G1 X10.489 Y12.724
M5
G0 X10.543 Y12.796 F2500
M3 S220
G1 F1000
G1 X10.561 Y12.832
G1 X11.066 Y12.796
G1 X11.516 Y12.526
G1 X11.535 Y12.418
G1 X11.462 Y12.418
G1 X11.462 Y12.508
G1 X11.426 Y12.490
G1 X11.462 Y12.436
G1 X11.228 Y12.436
G1 X11.156 Y12.490
G1 X11.174 Y12.562
G1 X10.796 Y12.616
G1 X10.543 Y12.796
M5
G0 X9.949 Y13.247 F2500
M3 S220
G1 F1000
G1 X10.489 Y13.247
G1 X10.850 Y13.102
G1 X10.976 Y12.994
G1 X10.940 Y12.976
G1 X10.832 Y13.048
G1 X10.760 Y13.012
G1 X10.850 Y12.976
G1 X10.814 Y13.012
G1 X10.886 Y13.012
G1 X10.940 Y12.886
G1 X10.886 Y12.868
G1 X10.687 Y12.994
G1 X10.255 Y13.066
G1 X10.111 Y13.211
G1 X10.075 Y13.211
G1 X10.201 Y13.139
G1 X10.147 Y13.120
G1 X9.949 Y13.247
M5
G0 X9.894 Y13.229 F2500
M3 S220
G1 F1000
G1 X9.930 Y13.247
G1 X10.291 Y13.012
G1 X10.327 Y13.048
G1 X10.742 Y12.976
G1 X10.778 Y12.940
G1 X10.760 Y12.886
G1 X10.489 Y12.904
G1 X10.327 Y12.994
G1 X10.309 Y12.940
G1 X9.894 Y13.229
M5
G0 X9.408 Y13.661 F2500
M3 S220
G1 F1000
G1 X9.642 Y13.697
G1 X10.003 Y13.679
G1 X10.273 Y13.571
G1 X10.489 Y13.409
G1 X10.363 Y13.427
G1 X10.417 Y13.355
G1 X10.363 Y13.337
G1 X10.345 Y13.373
G1 X10.309 Y13.337
G1 X10.291 Y13.463
G1 X10.273 Y13.337
G1 X10.003 Y13.355
G1 X9.985 Y13.409
G1 X10.021 Y13.445
G1 X10.093 Y13.391
G1 X10.075 Y13.427
G1 X10.129 Y13.445
G1 X10.165 Y13.373
G1 X10.183 Y13.445
G1 X9.768 Y13.481
G1 X9.408 Y13.661
M5
G0 X8.921 Y14.076 F2500
M3 S220
G1 F1000
G1 X9.408 Y14.094
G1 X9.552 Y14.058
G1 X9.822 Y13.913
G1 X9.876 Y13.823
G1 X9.840 Y13.751
G1 X9.786 Y13.877
G1 X9.786 Y13.769
G1 X9.696 Y13.823
G1 X9.696 Y13.769
G1 X9.498 Y13.787
G1 X9.498 Y13.823
G1 X9.516 Y13.769
G1 X9.408 Y13.751
G1 X9.210 Y13.823
G1 X9.137 Y13.805
G1 X9.137 Y13.877
G1 X9.192 Y13.895
G1 X9.354 Y13.859
G1 X9.408 Y13.805
G1 X9.426 Y13.877
G1 X9.606 Y13.841
G1 X9.624 Y13.805
G1 X9.660 Y13.877
G1 X9.282 Y13.877
G1 X9.156 Y13.913
G1 X8.993 Y14.040
G1 X9.101 Y13.950
G1 X9.065 Y13.932
G1 X8.921 Y14.004
G1 X8.921 Y14.076
M5
G0 X8.218 Y14.436 F2500
M3 S220
G1 F1000
G1 X8.254 Y14.472
G1 X8.561 Y14.508
G1 X8.831 Y14.490
G1 X9.156 Y14.364
G1 X9.210 Y14.292
G1 X9.119 Y14.238
G1 X9.119 Y14.184
G1 X9.047 Y14.184
G1 X9.065 Y14.274
G1 X9.029 Y14.166
G1 X8.957 Y14.184
G1 X8.885 Y14.274
G1 X8.849 Y14.238
G1 X8.453 Y14.292
G1 X8.218 Y14.436
M5
G0 X8.074 Y15.013 F2500
M3 S220
G1 F1000
G1 X7.984 Y14.995
G1 X8.056 Y14.977
G1 X8.038 Y14.941
G1 X7.966 Y14.941
G1 X7.948 Y14.995
G1 X7.714 Y14.941
G1 X7.714 Y15.013
G1 X8.020 Y15.049
G1 X8.074 Y15.013
M5
G0 X7.588 Y14.797 F2500
M3 S220
G1 F1000
G1 X7.912 Y14.869
G1 X8.218 Y14.869
G1 X8.381 Y14.833
G1 X8.633 Y14.688
G1 X8.381 Y14.634
G1 X7.840 Y14.652
G1 X7.588 Y14.797
M5
G0 X7.515 Y14.743 F2500
M3 S220
G1 F1000
G1 X7.533 Y14.779
G1 X7.678 Y14.670
G1 X7.894 Y14.616
G1 X7.930 Y14.562
G1 X7.966 Y14.652
G1 X8.092 Y14.598
G1 X8.146 Y14.634
G1 X8.254 Y14.598
G1 X8.272 Y14.634
G1 X8.363 Y14.634
G1 X8.399 Y14.598
G1 X8.507 Y14.670
G1 X8.597 Y14.652
G1 X8.615 Y14.598
G1 X8.525 Y14.544
G1 X8.489 Y14.616
G1 X8.417 Y14.544
G1 X8.272 Y14.526
G1 X8.236 Y14.562
G1 X8.128 Y14.508
G1 X8.038 Y14.544
G1 X8.020 Y14.598
G1 X7.948 Y14.508
G1 X7.696 Y14.598
G1 X7.515 Y14.743
M5
G0 X7.029 Y14.977 F2500
M3 S220
G1 F1000
G1 X7.065 Y15.013
G1 X7.299 Y14.959
G1 X7.696 Y14.995
G1 X7.678 Y14.941
G1 X7.606 Y14.941
G1 X7.624 Y14.905
G1 X7.443 Y14.905
G1 X7.443 Y14.941
G1 X7.389 Y14.869
G1 X7.353 Y14.905
G1 X7.407 Y14.941
G1 X7.335 Y14.941
G1 X7.317 Y14.887
G1 X7.281 Y14.923
G1 X7.263 Y14.887
G1 X7.227 Y14.941
G1 X7.137 Y14.905
G1 X7.029 Y14.977
M5
G0 X6.921 Y15.103 F2500
M3 S220
G1 F1000
G1 X7.389 Y15.211
G1 X7.750 Y15.175
G1 X7.966 Y15.067
G1 X7.606 Y14.995
G1 X7.173 Y14.995
G1 X6.921 Y15.103
M5
G0 X6.380 Y15.518 F2500
M3 S220
G1 F1000
G1 X6.272 Y15.518
G1 X6.290 Y15.554
G1 X6.182 Y15.499
G1 X6.146 Y15.536
G1 X6.128 Y15.481
G1 X5.984 Y15.518
G1 X6.056 Y15.572
G1 X6.092 Y15.518
G1 X6.074 Y15.554
G1 X6.344 Y15.626
G1 X6.380 Y15.518
M5
G0 X6.272 Y15.409 F2500
M3 S220
G1 F1000
G1 X6.614 Y15.518
G1 X6.867 Y15.536
G1 X7.137 Y15.481
G1 X7.299 Y15.391
G1 X6.867 Y15.301
G1 X6.506 Y15.301
G1 X6.272 Y15.409
M5
G0 X6.254 Y15.301 F2500
M3 S220
G1 F1000
G1 X6.308 Y15.373
G1 X6.470 Y15.283
G1 X6.704 Y15.265
G1 X6.740 Y15.301
G1 X7.047 Y15.301
G1 X7.155 Y15.373
G1 X7.209 Y15.319
G1 X7.173 Y15.247
G1 X7.173 Y15.301
G1 X7.065 Y15.229
G1 X7.047 Y15.265
G1 X6.993 Y15.211
G1 X6.921 Y15.247
G1 X6.849 Y15.193
G1 X6.831 Y15.247
G1 X6.795 Y15.193
G1 X6.506 Y15.211
G1 X6.542 Y15.247
G1 X6.452 Y15.211
G1 X6.398 Y15.283
G1 X6.290 Y15.265
G1 X6.254 Y15.301
M5
G0 X5.984 Y15.968 F2500
M3 S220
G1 F1000
G1 X5.984 Y15.914
G1 X5.911 Y15.878
G1 X5.839 Y15.950
G1 X5.821 Y15.878
G1 X5.731 Y15.878
G1 X5.641 Y15.806
G1 X5.533 Y15.806
G1 X5.389 Y15.734
G1 X5.281 Y15.752
G1 X5.281 Y15.788
G1 X5.263 Y15.734
G1 X5.209 Y15.752
G1 X5.245 Y15.770
G1 X5.209 Y15.734
G1 X4.902 Y15.932
G1 X5.064 Y15.914
G1 X5.010 Y15.950
G1 X5.046 Y15.986
G1 X5.497 Y16.094
G1 X5.785 Y16.058
G1 X5.984 Y15.968
M5
G0 X5.803 Y15.950 F2500
M3 S220
G1 F1000
G1 X5.407 Y15.860
G1 X5.100 Y15.842
G1 X5.443 Y15.860
G1 X5.803 Y15.950
M5
G0 X5.623 Y15.716 F2500
M3 S220
G1 F1000
G1 X5.947 Y15.806
G1 X6.200 Y15.824
G1 X6.578 Y15.752
G1 X6.632 Y15.716
G1 X6.596 Y15.698
G1 X6.668 Y15.698
G1 X6.740 Y15.626
G1 X6.614 Y15.590
G1 X6.578 Y15.644
G1 X6.542 Y15.572
G1 X6.524 Y15.644
G1 X6.452 Y15.572
G1 X6.380 Y15.590
G1 X6.452 Y15.662
G1 X6.200 Y15.590
G1 X5.947 Y15.572
G1 X5.623 Y15.662
G1 X5.623 Y15.716
M5
G0 X5.299 Y16.166 F2500
M3 S220
G1 F1000
G1 X5.136 Y16.094
G1 X5.028 Y16.112
G1 X5.046 Y16.058
G1 X5.010 Y16.040
G1 X4.956 Y16.076
G1 X4.992 Y16.112
G1 X4.902 Y16.094
G1 X4.866 Y16.130
G1 X4.956 Y16.076
G1 X4.830 Y16.040
G1 X4.812 Y15.986
G1 X4.668 Y15.986
G1 X4.650 Y15.950
G1 X4.578 Y16.004
G1 X4.614 Y16.076
G1 X4.758 Y16.040
G1 X4.722 Y16.076
G1 X4.848 Y16.076
G1 X4.830 Y16.112
G1 X4.578 Y16.076
G1 X4.560 Y16.004
G1 X4.506 Y16.058
G1 X4.145 Y16.112
G1 X4.524 Y16.274
G1 X4.830 Y16.329
G1 X5.010 Y16.329
G1 X5.281 Y16.238
G1 X4.956 Y16.148
G1 X5.263 Y16.220
G1 X5.299 Y16.166
M5
G0 X4.578 Y16.437 F2500
M3 S220
G1 F1000
G1 X3.929 Y16.256
G1 X3.587 Y16.220
G1 X3.424 Y16.256
G1 X3.857 Y16.473
G1 X4.091 Y16.527
G1 X4.307 Y16.527
G1 X4.578 Y16.437
M5
G0 X4.037 Y16.058 F2500
M3 S220
G1 F1000
G1 X4.073 Y16.094
G1 X4.380 Y16.058
G1 X4.470 Y15.950
G1 X4.398 Y15.932
G1 X4.380 Y16.004
G1 X4.325 Y15.968
G1 X4.307 Y16.004
G1 X4.199 Y16.004
G1 X4.199 Y16.040
G1 X4.037 Y16.058
M5
G0 X3.785 Y16.527 F2500
M3 S220
G1 F1000
G1 X3.695 Y16.473
G1 X3.641 Y16.491
G1 X3.605 Y16.437
G1 X3.532 Y16.437
G1 X3.532 Y16.401
G1 X3.370 Y16.383
G1 X3.334 Y16.329
G1 X3.172 Y16.329
G1 X3.244 Y16.383
G1 X3.118 Y16.274
G1 X3.028 Y16.292
G1 X3.154 Y16.365
G1 X2.974 Y16.274
G1 X2.595 Y16.347
G1 X2.739 Y16.401
G1 X2.739 Y16.347
G1 X2.775 Y16.383
G1 X2.866 Y16.347
G1 X2.884 Y16.383
G1 X3.154 Y16.401
G1 X3.478 Y16.509
G1 X3.514 Y16.473
G1 X3.532 Y16.527
G1 X3.568 Y16.491
G1 X3.659 Y16.563
G1 X3.677 Y16.527
G1 X3.695 Y16.563
G1 X3.785 Y16.527
M5
G0 X3.857 Y16.617 F2500
M3 S220
G1 F1000
G1 X3.208 Y16.419
G1 X2.848 Y16.401
G1 X2.794 Y16.365
G1 X2.794 Y16.401
G1 X2.721 Y16.419
G1 X3.316 Y16.707
G1 X3.641 Y16.689
G1 X3.857 Y16.617
M5
G0 X3.100 Y16.797 F2500
M3 S220
G1 F1000
G1 X2.523 Y16.563
G1 X2.631 Y16.563
G1 X2.595 Y16.509
G1 X2.649 Y16.599
G1 X2.866 Y16.671
G1 X2.830 Y16.599
G1 X2.739 Y16.599
G1 X2.631 Y16.473
G1 X2.451 Y16.545
G1 X2.181 Y16.491
G1 X2.037 Y16.545
G1 X2.379 Y16.761
G1 X2.541 Y16.815
G1 X2.902 Y16.851
G1 X3.100 Y16.797
M5
G0 X2.361 Y16.869 F2500
M3 S220
G1 F1000
G1 X2.163 Y16.833
G1 X1.640 Y16.617
G1 X1.334 Y16.635
G1 X1.604 Y16.833
G1 X1.892 Y16.941
G1 X2.271 Y16.941
G1 X2.361 Y16.869
M5
G0 X2.145 Y16.779 F2500
M3 S220
G1 F1000
G1 X2.073 Y16.653
G1 X2.001 Y16.689
G1 X2.073 Y16.743
G1 X1.946 Y16.617
G1 X1.766 Y16.563
G1 X1.730 Y16.599
G1 X1.532 Y16.473
G1 X1.478 Y16.509
G1 X1.388 Y16.473
G1 X1.298 Y16.545
G1 X1.460 Y16.563
G1 X1.424 Y16.527
G1 X1.496 Y16.599
G1 X1.496 Y16.545
G1 X1.550 Y16.599
G1 X1.604 Y16.581
G1 X1.586 Y16.545
G1 X1.676 Y16.635
G1 X2.091 Y16.797
G1 X2.145 Y16.779
M5
G0 X1.586 Y16.995 F2500
M3 S220
G1 F1000
G1 X1.298 Y16.851
G1 X1.171 Y16.635
G1 X1.171 Y16.689
G1 X1.081 Y16.599
G1 X0.937 Y16.545
G1 X0.396 Y16.581
G1 X0.559 Y16.581
G1 X0.793 Y16.653
G1 X0.829 Y16.599
G1 X0.919 Y16.653
G1 X0.937 Y16.617
G1 X1.099 Y16.725
G1 X1.117 Y16.689
G1 X1.262 Y16.833
G1 X0.937 Y16.671
G1 X0.667 Y16.617
G1 X0.541 Y16.653
G1 X0.829 Y16.869
G1 X1.189 Y17.013
G1 X1.586 Y16.995
M5
G0 X0.901 Y17.031 F2500
M3 S220
G1 F1000
G1 X0.270 Y16.725
G1 X0.487 Y16.851
G1 X0.595 Y16.797
G1 X0.252 Y16.617
G1 X0.234 Y16.671
G1 X0.216 Y16.599
G1 X-0.072 Y16.545
G1 X-0.054 Y16.617
G1 X0.018 Y16.653
G1 X0.036 Y16.617
G1 X0.108 Y16.689
G1 X0.162 Y16.671
G1 X0.126 Y16.617
G1 X0.234 Y16.725
G1 X-0.090 Y16.653
G1 X-0.090 Y16.599
G1 X-0.180 Y16.563
G1 X-0.216 Y16.581
G1 X-0.072 Y16.761
G1 X0.342 Y17.031
G1 X0.541 Y17.067
G1 X0.829 Y17.067
G1 X0.901 Y17.031
M5
G0 X0.162 Y17.049 F2500
M3 S220
G1 F1000
G1 X-0.559 Y16.689
G1 X-0.865 Y16.617
G1 X-0.829 Y16.581
G1 X-0.775 Y16.635
G1 X-0.703 Y16.617
G1 X-0.757 Y16.545
G1 X-1.045 Y16.545
G1 X-0.919 Y16.599
G1 X-0.685 Y16.851
G1 X-0.396 Y17.031
G1 X-0.072 Y17.085
G1 X0.162 Y17.049
M5
G0 X-0.036 Y16.977 F2500
M3 S220
G1 F1000
G1 X-0.018 Y16.941
G1 X-0.198 Y16.761
G1 X-0.288 Y16.761
G1 X-0.378 Y16.653
G1 X-0.415 Y16.689
G1 X-0.415 Y16.653
G1 X-0.505 Y16.635
G1 X-0.559 Y16.563
G1 X-0.757 Y16.545
G1 X-0.703 Y16.617
G1 X-0.469 Y16.689
G1 X-0.451 Y16.743
G1 X-0.324 Y16.779
G1 X-0.036 Y16.977
M5
G0 X-0.360 Y17.428 F2500
M3 S220
G1 F1000
G1 X1.135 Y17.392
G1 X2.830 Y17.194
G1 X4.668 Y16.779
G1 X6.218 Y16.256
G1 X7.588 Y15.644
G1 X8.471 Y15.175
G1 X9.300 Y14.670
G1 X10.615 Y13.733
G1 X12.003 Y12.526
G1 X13.301 Y11.138
G1 X14.238 Y9.930
G1 X15.175 Y8.453
G1 X15.914 Y6.993
G1 X16.292 Y6.074
G1 X16.689 Y4.920
G1 X17.013 Y3.677
G1 X17.284 Y2.127
G1 X17.410 Y0.505
G1 X17.392 Y-0.991
G1 X17.176 Y-2.866
G1 X16.761 Y-4.704
G1 X16.311 Y-6.056
G1 X15.716 Y-7.443
G1 X14.851 Y-9.029
G1 X13.913 Y-10.399
G1 X12.724 Y-11.823
G1 X11.408 Y-13.084
G1 X10.561 Y-13.787
G1 X9.967 Y-14.220
G1 X8.777 Y-14.995
G1 X7.191 Y-15.824
G1 X5.515 Y-16.491
G1 X3.875 Y-16.959
G1 X2.235 Y-17.266
G1 X0.667 Y-17.392
G1 X-1.262 Y-17.356
G1 X-2.667 Y-17.194
G1 X-4.235 Y-16.869
G1 X-5.875 Y-16.365
G1 X-7.588 Y-15.644
G1 X-9.029 Y-14.851
G1 X-10.687 Y-13.697
G1 X-11.841 Y-12.706
G1 X-13.030 Y-11.498
G1 X-14.220 Y-10.003
G1 X-15.121 Y-8.597
G1 X-15.932 Y-7.011
G1 X-16.491 Y-5.587
G1 X-16.959 Y-3.965
G1 X-17.266 Y-2.307
G1 X-17.428 Y-0.378
G1 X-17.374 Y1.316
G1 X-17.140 Y3.100
G1 X-16.815 Y4.506
G1 X-16.311 Y6.056
G1 X-15.824 Y7.209
G1 X-15.355 Y8.146
G1 X-14.725 Y9.228
G1 X-13.751 Y10.615
G1 X-12.472 Y12.075
G1 X-11.535 Y12.976
G1 X-10.561 Y13.787
G1 X-9.930 Y14.256
G1 X-8.326 Y15.265
G1 X-6.885 Y15.986
G1 X-5.154 Y16.635
G1 X-3.821 Y16.995
G1 X-1.910 Y17.320
G1 X-0.360 Y17.428
M5
G0 X-0.703 Y17.482 F2500
M3 S220
G1 F1000
G1 X-2.361 Y17.338
G1 X-4.001 Y17.031
G1 X-4.830 Y16.815
G1 X-5.875 Y16.473
G1 X-7.299 Y15.878
G1 X-8.705 Y15.139
G1 X-10.309 Y14.076
G1 X-11.607 Y13.012
G1 X-13.012 Y11.607
G1 X-13.986 Y10.435
G1 X-15.067 Y8.813
G1 X-15.824 Y7.389
G1 X-16.509 Y5.731
G1 X-16.815 Y4.794
G1 X-17.049 Y3.893
G1 X-17.338 Y2.361
G1 X-17.500 Y0.559
G1 X-17.482 Y-0.955
G1 X-17.338 Y-2.379
G1 X-16.977 Y-4.253
G1 X-16.473 Y-5.875
G1 X-15.878 Y-7.317
G1 X-15.031 Y-8.903
G1 X-14.112 Y-10.291
G1 X-13.157 Y-11.480
G1 X-11.859 Y-12.814
G1 X-10.669 Y-13.823
G1 X-8.957 Y-14.995
G1 X-7.335 Y-15.860
G1 X-5.929 Y-16.437
G1 X-4.163 Y-16.977
G1 X-2.433 Y-17.320
G1 X-0.919 Y-17.464
G1 X0.631 Y-17.482
G1 X2.199 Y-17.356
G1 X3.875 Y-17.049
G1 X4.776 Y-16.815
G1 X5.731 Y-16.509
G1 X7.281 Y-15.878
G1 X8.705 Y-15.139
G1 X10.219 Y-14.148
G1 X11.571 Y-13.066
G1 X12.724 Y-11.949
G1 X14.004 Y-10.435
G1 X15.103 Y-8.777
G1 X15.824 Y-7.407
G1 X16.473 Y-5.857
G1 X17.031 Y-4.001
G1 X17.338 Y-2.379
G1 X17.482 Y-0.793
G1 X17.482 Y0.829
G1 X17.338 Y2.343
G1 X16.941 Y4.325
G1 X16.473 Y5.821
G1 X15.878 Y7.263
G1 X15.031 Y8.867
G1 X14.076 Y10.309
G1 X12.742 Y11.895
G1 X11.931 Y12.706
G1 X10.561 Y13.877
G1 X9.137 Y14.869
G1 X8.110 Y15.463
G1 X6.975 Y16.022
G1 X6.110 Y16.383
G1 X4.632 Y16.869
G1 X2.956 Y17.248
G1 X1.135 Y17.464
G1 X-0.703 Y17.482
M5
G0 X-0.595 Y17.049 F2500
M3 S220
G1 F1000
G1 X-1.280 Y16.653
G1 X-1.658 Y16.563
G1 X-1.478 Y16.761
G1 X-1.117 Y17.013
G1 X-0.793 Y17.067
G1 X-0.595 Y17.049
M5
G0 X-0.649 Y16.977 F2500
M3 S220
G1 F1000
G1 X-0.739 Y16.887
G1 X-0.847 Y16.851
G1 X-0.991 Y16.689
G1 X-1.063 Y16.689
G1 X-1.099 Y16.617
G1 X-1.171 Y16.581
G1 X-1.189 Y16.635
G1 X-1.208 Y16.563
G1 X-1.262 Y16.581
G1 X-1.370 Y16.527
G1 X-1.280 Y16.653
G1 X-1.135 Y16.725
G1 X-1.117 Y16.689
G1 X-1.099 Y16.761
G1 X-0.721 Y16.977
G1 X-0.649 Y16.977
M5
G0 X-0.847 Y16.455 F2500
M3 S220
G1 F1000
G1 X0.847 Y16.455
G1 X2.001 Y16.365
G1 X2.739 Y16.256
G1 X4.199 Y15.932
G1 X5.497 Y15.518
G1 X7.101 Y14.833
G1 X8.218 Y14.238
G1 X9.949 Y13.066
G1 X10.832 Y12.327
G1 X12.075 Y11.102
G1 X13.229 Y9.714
G1 X14.202 Y8.236
G1 X14.923 Y6.849
G1 X15.391 Y5.731
G1 X15.914 Y4.109
G1 X16.274 Y2.397
G1 X16.419 Y0.973
G1 X16.419 Y-1.009
G1 X16.256 Y-2.577
G1 X15.896 Y-4.235
G1 X15.391 Y-5.803
G1 X14.725 Y-7.335
G1 X14.148 Y-8.381
G1 X13.319 Y-9.642
G1 X12.309 Y-10.886
G1 X11.066 Y-12.147
G1 X9.786 Y-13.211
G1 X8.615 Y-14.004
G1 X7.714 Y-14.526
G1 X7.029 Y-14.869
G1 X5.407 Y-15.536
G1 X3.821 Y-16.004
G1 X2.541 Y-16.256
G1 X1.045 Y-16.419
G1 X-0.631 Y-16.437
G1 X-2.127 Y-16.311
G1 X-3.659 Y-16.040
G1 X-5.551 Y-15.481
G1 X-7.065 Y-14.851
G1 X-8.326 Y-14.184
G1 X-9.678 Y-13.301
G1 X-11.048 Y-12.183
G1 X-12.273 Y-10.958
G1 X-13.102 Y-9.949
G1 X-13.986 Y-8.669
G1 X-14.923 Y-6.939
G1 X-15.427 Y-5.767
G1 X-15.914 Y-4.217
G1 X-16.220 Y-2.830
G1 X-16.383 Y-1.694
G1 X-16.455 Y-0.811
G1 X-16.455 Y0.829
G1 X-16.292 Y2.343
G1 X-15.914 Y4.181
G1 X-15.499 Y5.479
G1 X-14.851 Y7.029
G1 X-13.986 Y8.615
G1 X-13.589 Y9.228
G1 X-12.958 Y10.075
G1 X-12.075 Y11.102
G1 X-11.048 Y12.129
G1 X-9.750 Y13.211
G1 X-8.290 Y14.184
G1 X-6.831 Y14.959
G1 X-5.082 Y15.662
G1 X-3.947 Y15.986
G1 X-2.253 Y16.329
G1 X-0.847 Y16.455
M5
G0 X-0.739 Y16.130 F2500
M3 S220
G1 F1000
G1 X0.829 Y16.130
G1 X2.523 Y15.950
G1 X3.911 Y15.662
G1 X5.263 Y15.247
G1 X6.722 Y14.652
G1 X8.182 Y13.877
G1 X9.426 Y13.048
G1 X10.579 Y12.111
G1 X11.733 Y10.994
G1 X12.886 Y9.624
G1 X13.769 Y8.308
G1 X14.598 Y6.758
G1 X15.139 Y5.461
G1 X15.590 Y4.037
G1 X15.932 Y2.415
G1 X16.094 Y0.883
G1 X16.094 Y-0.973
G1 X15.932 Y-2.469
G1 X15.608 Y-4.019
G1 X15.175 Y-5.425
G1 X14.652 Y-6.704
G1 X13.877 Y-8.182
G1 X13.048 Y-9.444
G1 X12.003 Y-10.742
G1 X10.778 Y-11.967
G1 X9.894 Y-12.706
G1 X8.561 Y-13.643
G1 X7.119 Y-14.454
G1 X5.731 Y-15.067
G1 X4.127 Y-15.590
G1 X2.289 Y-15.968
G1 X1.045 Y-16.094
G1 X-0.667 Y-16.112
G1 X-2.145 Y-15.986
G1 X-3.695 Y-15.698
G1 X-5.335 Y-15.211
G1 X-6.650 Y-14.688
G1 X-8.236 Y-13.859
G1 X-9.336 Y-13.139
G1 X-10.687 Y-12.057
G1 X-11.931 Y-10.832
G1 X-12.886 Y-9.678
G1 X-13.769 Y-8.381
G1 X-14.616 Y-6.813
G1 X-15.121 Y-5.605
G1 X-15.626 Y-4.001
G1 X-15.950 Y-2.397
G1 X-16.112 Y-0.865
G1 X-16.112 Y0.721
G1 X-15.950 Y2.343
G1 X-15.662 Y3.803
G1 X-15.229 Y5.245
G1 X-14.616 Y6.740
G1 X-13.950 Y8.020
G1 X-13.120 Y9.318
G1 X-12.039 Y10.669
G1 X-10.886 Y11.841
G1 X-9.840 Y12.742
G1 X-8.326 Y13.787
G1 X-6.867 Y14.580
G1 X-5.569 Y15.139
G1 X-3.965 Y15.644
G1 X-2.397 Y15.968
G1 X-0.739 Y16.130
M5
G0 X-0.396 Y16.220 F2500
M3 S220
G1 F1000
G1 X-2.091 Y16.094
G1 X-3.659 Y15.806
G1 X-5.371 Y15.301
G1 X-6.686 Y14.761
G1 X-8.218 Y13.950
G1 X-9.624 Y13.012
G1 X-10.723 Y12.111
G1 X-11.967 Y10.886
G1 X-13.102 Y9.498
G1 X-13.877 Y8.326
G1 X-14.688 Y6.795
G1 X-15.265 Y5.407
G1 X-15.716 Y3.947
G1 X-16.004 Y2.523
G1 X-16.184 Y0.919
G1 X-16.202 Y-0.667
G1 X-16.094 Y-1.910
G1 X-15.806 Y-3.587
G1 X-15.283 Y-5.389
G1 X-14.706 Y-6.813
G1 X-13.932 Y-8.272
G1 X-13.175 Y-9.426
G1 X-12.400 Y-10.435
G1 X-11.156 Y-11.751
G1 X-9.985 Y-12.760
G1 X-8.579 Y-13.751
G1 X-7.678 Y-14.274
G1 X-6.885 Y-14.670
G1 X-5.821 Y-15.121
G1 X-4.307 Y-15.626
G1 X-2.794 Y-15.968
G1 X-0.991 Y-16.184
G1 X0.577 Y-16.202
G1 X2.091 Y-16.076
G1 X3.442 Y-15.842
G1 X4.956 Y-15.427
G1 X5.731 Y-15.157
G1 X6.632 Y-14.779
G1 X7.822 Y-14.184
G1 X9.137 Y-13.373
G1 X10.453 Y-12.364
G1 X11.733 Y-11.156
G1 X12.562 Y-10.219
G1 X13.607 Y-8.777
G1 X14.436 Y-7.335
G1 X15.067 Y-5.947
G1 X15.644 Y-4.199
G1 X15.950 Y-2.830
G1 X16.184 Y-0.955
G1 X16.202 Y0.415
G1 X16.058 Y2.109
G1 X15.752 Y3.767
G1 X15.355 Y5.136
G1 X14.725 Y6.704
G1 X13.913 Y8.254
G1 X13.084 Y9.516
G1 X12.093 Y10.742
G1 X11.030 Y11.823
G1 X9.840 Y12.850
G1 X8.579 Y13.733
G1 X7.389 Y14.418
G1 X5.713 Y15.175
G1 X4.181 Y15.680
G1 X2.613 Y16.022
G1 X1.153 Y16.184
G1 X-0.396 Y16.220
M5
G0 X0.054 Y15.608 F2500
M3 S220
G1 F1000
G1 X-0.306 Y15.445
G1 X-0.541 Y15.193
G1 X-0.685 Y14.797
G1 X-0.649 Y14.310
G1 X-0.523 Y14.022
G1 X-0.288 Y13.805
G1 X0.090 Y13.661
G1 X0.487 Y13.661
G1 X0.829 Y13.787
G1 X1.099 Y14.058
G1 X1.244 Y14.436
G1 X1.226 Y14.887
G1 X1.081 Y15.247
G1 X0.811 Y15.499
G1 X0.415 Y15.626
G1 X0.054 Y15.608
M5
G0 X0.216 Y15.427 F2500
M3 S220
G1 F1000
G1 X0.451 Y15.391
G1 X0.595 Y15.265
G1 X0.739 Y14.869
G1 X0.739 Y14.436
G1 X0.667 Y14.112
G1 X0.541 Y13.950
G1 X0.306 Y13.859
G1 X0.126 Y13.895
G1 X-0.054 Y14.058
G1 X-0.126 Y14.184
G1 X-0.198 Y14.490
G1 X-0.198 Y14.851
G1 X-0.126 Y15.139
G1 X0.072 Y15.373
G1 X0.216 Y15.427
M5
G0 X1.676 Y15.518 F2500
M3 S220
G1 F1000
G1 X1.622 Y15.355
G1 X1.766 Y15.283
G1 X1.784 Y15.175
G1 X1.586 Y13.913
G1 X1.478 Y13.823
G1 X1.370 Y13.823
G1 X1.370 Y13.661
G1 X2.595 Y13.463
G1 X2.739 Y13.481
G1 X2.884 Y13.986
G1 X2.757 Y14.004
G1 X2.577 Y13.805
G1 X2.415 Y13.733
G1 X2.181 Y13.751
G1 X2.037 Y13.841
G1 X2.235 Y15.157
G1 X2.451 Y15.265
G1 X2.433 Y15.391
G1 X1.676 Y15.518
M5
G0 X3.370 Y15.193 F2500
M3 S220
G1 F1000
G1 X3.352 Y15.049
G1 X3.442 Y15.013
G1 X3.478 Y14.941
G1 X3.190 Y13.823
G1 X3.118 Y13.643
G1 X3.064 Y13.589
G1 X2.884 Y13.589
G1 X2.848 Y13.463
G1 X2.956 Y13.391
G1 X4.235 Y13.066
G1 X4.434 Y13.571
G1 X4.398 Y13.607
G1 X4.289 Y13.607
G1 X4.145 Y13.445
G1 X3.947 Y13.373
G1 X3.731 Y13.391
G1 X3.587 Y13.499
G1 X3.893 Y14.761
G1 X3.965 Y14.869
G1 X4.145 Y14.905
G1 X4.127 Y15.049
G1 X3.478 Y15.211
G1 X3.370 Y15.193
M5
G0 X5.064 Y14.725 F2500
M3 S220
G1 F1000
G1 X5.010 Y14.580
G1 X5.118 Y14.508
G1 X5.118 Y14.400
G1 X4.686 Y13.283
G1 X4.596 Y13.175
G1 X4.380 Y13.193
G1 X4.343 Y13.048
G1 X5.731 Y12.490
G1 X5.965 Y12.904
G1 X5.911 Y12.994
G1 X5.803 Y12.994
G1 X5.605 Y12.832
G1 X5.407 Y12.832
G1 X5.191 Y12.922
G1 X5.118 Y12.994
G1 X5.100 Y13.084
G1 X5.281 Y13.535
G1 X5.353 Y13.553
G1 X5.605 Y13.409
G1 X5.605 Y13.247
G1 X5.713 Y13.175
G1 X5.785 Y13.229
G1 X5.947 Y13.697
G1 X5.929 Y13.787
G1 X5.821 Y13.805
G1 X5.677 Y13.697
G1 X5.407 Y13.787
G1 X5.389 Y13.841
G1 X5.533 Y14.256
G1 X5.659 Y14.292
G1 X5.893 Y14.184
G1 X5.984 Y14.058
G1 X5.984 Y13.877
G1 X6.020 Y13.805
G1 X6.092 Y13.787
G1 X6.182 Y13.877
G1 X6.272 Y14.184
G1 X6.254 Y14.292
G1 X5.064 Y14.725
M5
G0 X6.921 Y13.715 F2500
M3 S220
G1 F1000
G1 X6.596 Y13.571
G1 X6.326 Y13.283
G1 X6.182 Y12.922
G1 X6.182 Y12.526
G1 X6.344 Y12.201
G1 X6.596 Y11.949
G1 X6.921 Y11.769
G1 X7.425 Y11.643
G1 X7.678 Y12.147
G1 X7.786 Y12.219
G1 X7.894 Y12.201
G1 X7.948 Y12.327
G1 X7.227 Y12.742
G1 X7.173 Y12.724
G1 X7.119 Y12.598
G1 X7.245 Y12.490
G1 X7.281 Y12.400
G1 X7.101 Y12.057
G1 X7.029 Y11.985
G1 X6.921 Y12.003
G1 X6.686 Y12.201
G1 X6.614 Y12.364
G1 X6.596 Y12.580
G1 X6.668 Y12.886
G1 X6.903 Y13.247
G1 X7.227 Y13.463
G1 X7.497 Y13.445
G1 X7.732 Y13.283
G1 X7.822 Y13.102
G1 X7.840 Y12.778
G1 X8.002 Y12.760
G1 X8.164 Y13.229
G1 X7.876 Y13.463
G1 X7.533 Y13.661
G1 X7.281 Y13.733
G1 X6.921 Y13.715
M5
G0 X8.651 Y12.904 F2500
M3 S220
G1 F1000
G1 X8.597 Y12.760
G1 X8.687 Y12.670
G1 X8.381 Y12.201
G1 X7.840 Y11.516
G1 X7.624 Y11.535
G1 X7.588 Y11.426
G1 X8.723 Y10.561
G1 X9.065 Y10.976
G1 X8.939 Y11.066
G1 X8.759 Y10.940
G1 X8.561 Y10.958
G1 X8.290 Y11.174
G1 X8.290 Y11.318
G1 X8.615 Y11.733
G1 X8.831 Y11.553
G1 X8.867 Y11.480
G1 X8.831 Y11.336
G1 X8.957 Y11.264
G1 X9.264 Y11.679
G1 X9.282 Y11.787
G1 X9.174 Y11.841
G1 X9.029 Y11.751
G1 X8.957 Y11.769
G1 X8.759 Y11.931
G1 X9.065 Y12.364
G1 X9.336 Y12.165
G1 X9.372 Y11.985
G1 X9.318 Y11.805
G1 X9.390 Y11.751
G1 X9.516 Y11.787
G1 X9.714 Y12.147
G1 X9.029 Y12.688
G1 X8.651 Y12.904
M5
G0 X11.931 Y11.444 F2500
M3 S220
G1 F1000
G1 X12.472 Y11.372
G1 X12.814 Y11.138
G1 X12.796 Y11.048
G1 X12.670 Y11.138
G1 X12.706 Y11.048
G1 X12.652 Y11.012
G1 X12.634 Y11.084
G1 X12.544 Y11.156
G1 X12.201 Y11.210
G1 X12.003 Y11.336
G1 X11.931 Y11.444
M5
G0 X12.490 Y10.940 F2500
M3 S220
G1 F1000
G1 X12.742 Y10.922
G1 X13.012 Y10.832
G1 X13.211 Y10.705
G1 X13.391 Y10.507
G1 X13.355 Y10.471
G1 X13.193 Y10.633
G1 X13.247 Y10.489
G1 X13.030 Y10.633
G1 X12.976 Y10.615
G1 X12.724 Y10.687
G1 X12.616 Y10.760
G1 X12.490 Y10.940
M5
G0 X12.760 Y10.489 F2500
M3 S220
G1 F1000
G1 X13.247 Y10.075
G1 X13.193 Y10.057
G1 X12.958 Y10.219
G1 X12.742 Y10.435
G1 X12.760 Y10.489
M5
G0 X12.832 Y10.453 F2500
M3 S220
G1 F1000
G1 X13.193 Y10.399
G1 X13.481 Y10.273
G1 X13.769 Y10.039
G1 X13.895 Y9.840
G1 X13.841 Y9.840
G1 X13.625 Y10.075
G1 X13.769 Y9.858
G1 X13.607 Y9.930
G1 X13.553 Y10.057
G1 X13.229 Y10.147
G1 X12.994 Y10.327
G1 X13.030 Y10.291
G1 X12.994 Y10.273
G1 X12.832 Y10.453
M5
G0 X13.265 Y9.949 F2500
M3 S220
G1 F1000
G1 X13.643 Y9.858
G1 X13.895 Y9.714
G1 X14.040 Y9.570
G1 X14.040 Y9.624
G1 X14.094 Y9.498
G1 X14.076 Y9.444
G1 X14.004 Y9.462
G1 X14.076 Y9.426
G1 X14.094 Y9.336
G1 X13.913 Y9.444
G1 X13.499 Y9.588
G1 X13.319 Y9.750
G1 X13.301 Y9.858
G1 X13.463 Y9.696
G1 X13.643 Y9.606
G1 X13.391 Y9.786
G1 X13.265 Y9.949
M5
G0 X13.553 Y9.408 F2500
M3 S220
G1 F1000
G1 X13.823 Y9.119
G1 X13.841 Y9.156
G1 X14.076 Y8.957
G1 X13.968 Y8.975
G1 X13.733 Y9.137
G1 X13.535 Y9.372
G1 X13.553 Y9.408
M5
G0 X13.733 Y9.408 F2500
M3 S220
G1 F1000
G1 X14.238 Y9.192
G1 X14.346 Y9.101
G1 X14.418 Y8.957
G1 X14.400 Y9.047
G1 X14.490 Y8.957
G1 X14.490 Y8.831
G1 X14.418 Y8.903
G1 X14.418 Y8.795
G1 X14.292 Y8.939
G1 X14.310 Y8.831
G1 X14.112 Y9.029
G1 X14.238 Y8.885
G1 X14.130 Y8.903
G1 X14.058 Y8.993
G1 X14.076 Y9.029
G1 X13.805 Y9.228
G1 X13.715 Y9.372
G1 X13.733 Y9.408
M5
G0 X13.950 Y8.813 F2500
M3 S220
G1 F1000
G1 X14.166 Y8.579
G1 X14.400 Y8.417
G1 X14.310 Y8.561
G1 X14.256 Y8.597
G1 X14.292 Y8.507
G1 X14.094 Y8.687
G1 X14.130 Y8.705
G1 X14.220 Y8.615
G1 X14.112 Y8.813
G1 X14.292 Y8.759
G1 X14.670 Y8.543
G1 X14.887 Y8.308
G1 X14.887 Y8.236
G1 X14.761 Y8.399
G1 X14.905 Y8.164
G1 X14.869 Y8.146
G1 X14.743 Y8.218
G1 X14.688 Y8.308
G1 X14.743 Y8.236
G1 X14.706 Y8.218
G1 X14.580 Y8.399
G1 X14.652 Y8.272
G1 X14.616 Y8.254
G1 X14.526 Y8.308
G1 X14.436 Y8.471
G1 X14.508 Y8.344
G1 X14.454 Y8.326
G1 X14.274 Y8.435
G1 X13.932 Y8.777
G1 X13.950 Y8.813
M5
G0 X14.328 Y8.218 F2500
M3 S220
G1 F1000
G1 X14.761 Y7.822
G1 X14.454 Y8.110
G1 X14.400 Y8.236
G1 X14.418 Y8.272
G1 X14.779 Y8.110
G1 X15.049 Y7.894
G1 X15.211 Y7.696
G1 X15.139 Y7.696
G1 X15.139 Y7.624
G1 X15.049 Y7.750
G1 X15.103 Y7.588
G1 X14.995 Y7.714
G1 X14.977 Y7.642
G1 X14.526 Y7.930
G1 X14.364 Y8.092
G1 X14.328 Y8.218
M5
G0 X14.580 Y7.714 F2500
M3 S220
G1 F1000
G1 X14.743 Y7.479
G1 X14.977 Y7.263
G1 X14.923 Y7.335
G1 X14.941 Y7.371
G1 X14.743 Y7.570
G1 X14.779 Y7.570
G1 X14.743 Y7.678
G1 X15.193 Y7.425
G1 X15.427 Y7.191
G1 X15.536 Y6.993
G1 X15.518 Y6.939
G1 X15.373 Y7.137
G1 X15.445 Y7.047
G1 X15.463 Y6.939
G1 X15.229 Y7.065
G1 X15.157 Y7.155
G1 X15.121 Y7.119
G1 X14.905 Y7.263
G1 X14.688 Y7.479
G1 X14.562 Y7.678
G1 X14.580 Y7.714
M5
G0 X14.941 Y7.065 F2500
M3 S220
G1 F1000
G1 X15.013 Y7.083
G1 X15.409 Y6.867
G1 X15.698 Y6.578
G1 X15.824 Y6.326
G1 X15.806 Y6.254
G1 X15.608 Y6.398
G1 X15.499 Y6.596
G1 X15.590 Y6.434
G1 X15.554 Y6.416
G1 X14.941 Y7.065
M5
G0 X14.941 Y7.029 F2500
M3 S220
G1 F1000
G1 X15.445 Y6.506
G1 X15.409 Y6.488
G1 X15.013 Y6.849
G1 X14.923 Y6.975
G1 X14.941 Y7.029
M5
G0 X15.211 Y6.470 F2500
M3 S220
G1 F1000
G1 X15.247 Y6.488
G1 X15.698 Y6.236
G1 X15.968 Y5.929
G1 X16.040 Y5.785
G1 X16.022 Y5.713
G1 X15.932 Y5.839
G1 X15.986 Y5.677
G1 X15.932 Y5.731
G1 X15.860 Y5.893
G1 X15.896 Y5.749
G1 X15.824 Y5.839
G1 X15.788 Y5.803
G1 X15.427 Y6.164
G1 X15.211 Y6.470
M5
G0 X15.229 Y6.398 F2500
M3 S220
G1 F1000
G1 X15.680 Y5.911
G1 X15.644 Y5.893
G1 X15.391 Y6.110
G1 X15.229 Y6.326
G1 X15.229 Y6.398
M5
G0 X15.481 Y5.857 F2500
M3 S220
G1 F1000
G1 X15.518 Y5.875
G1 X15.842 Y5.677
G1 X16.094 Y5.443
G1 X16.184 Y5.317
G1 X16.256 Y5.064
G1 X16.238 Y5.010
G1 X15.986 Y5.317
G1 X16.076 Y5.191
G1 X16.040 Y5.154
G1 X15.734 Y5.461
G1 X15.716 Y5.533
G1 X15.590 Y5.623
G1 X15.481 Y5.857
M5
G0 X15.463 Y5.803 F2500
M3 S220
G1 F1000
G1 X15.824 Y5.335
G1 X15.788 Y5.317
G1 X15.608 Y5.497
G1 X15.445 Y5.749
G1 X15.463 Y5.803
M5
G0 X15.716 Y5.227 F2500
M3 S220
G1 F1000
G1 X16.040 Y5.064
G1 X16.329 Y4.794
G1 X16.401 Y4.632
G1 X16.347 Y4.452
G1 X16.166 Y4.614
G1 X16.130 Y4.722
G1 X16.130 Y4.632
G1 X15.968 Y4.794
G1 X15.752 Y5.082
G1 X15.716 Y5.227
M5
G0 X15.698 Y5.154 F2500
M3 S220
G1 F1000
G1 X16.040 Y4.668
G1 X15.734 Y4.992
G1 X15.680 Y5.100
G1 X15.698 Y5.154
M5
G0 X15.878 Y4.596 F2500
M3 S220
G1 F1000
G1 X15.932 Y4.632
G1 X15.950 Y4.578
G1 X15.968 Y4.614
G1 X16.347 Y4.343
G1 X16.491 Y4.145
G1 X16.527 Y4.019
G1 X16.455 Y4.091
G1 X16.509 Y4.019
G1 X16.509 Y3.929
G1 X16.437 Y4.019
G1 X16.563 Y3.857
G1 X16.509 Y3.821
G1 X16.419 Y3.929
G1 X16.347 Y3.947
G1 X16.094 Y4.325
G1 X16.220 Y4.037
G1 X15.914 Y4.398
G1 X15.860 Y4.506
G1 X15.878 Y4.560
G1 X16.148 Y4.163
G1 X15.878 Y4.596
M5
G0 X16.058 Y4.019 F2500
M3 S220
G1 F1000
G1 X16.311 Y3.875
G1 X16.599 Y3.587
G1 X16.725 Y3.280
G1 X16.725 Y3.118
G1 X16.509 Y3.605
G1 X16.635 Y3.280
G1 X16.617 Y3.208
G1 X16.545 Y3.406
G1 X16.563 Y3.262
G1 X16.455 Y3.478
G1 X16.491 Y3.334
G1 X16.401 Y3.478
G1 X16.238 Y3.623
G1 X16.166 Y3.803
G1 X16.220 Y3.785
G1 X16.329 Y3.587
G1 X16.238 Y3.767
G1 X16.148 Y3.857
G1 X16.094 Y3.857
G1 X16.112 Y3.965
G1 X16.076 Y3.911
G1 X16.058 Y4.019
M5
G0 X16.058 Y3.893 F2500
M3 S220
G1 F1000
G1 X16.220 Y3.623
G1 X16.419 Y3.406
G1 X16.383 Y3.388
G1 X16.184 Y3.587
G1 X16.040 Y3.839
G1 X16.058 Y3.893
M5
G0 X16.184 Y3.388 F2500
M3 S220
G1 F1000
G1 X16.238 Y3.406
G1 X16.311 Y3.334
G1 X16.311 Y3.244
G1 X16.347 Y3.226
G1 X16.329 Y3.316
G1 X16.671 Y3.028
G1 X16.689 Y2.938
G1 X16.707 Y2.974
G1 X16.833 Y2.739
G1 X16.833 Y2.577
G1 X16.761 Y2.721
G1 X16.779 Y2.613
G1 X16.833 Y2.577
G1 X16.797 Y2.523
G1 X16.671 Y2.685
G1 X16.581 Y2.721
G1 X16.491 Y2.884
G1 X16.509 Y2.775
G1 X16.256 Y3.046
G1 X16.184 Y3.172
G1 X16.202 Y3.244
G1 X16.455 Y2.884
G1 X16.365 Y3.010
G1 X16.311 Y3.190
G1 X16.220 Y3.280
G1 X16.238 Y3.352
G1 X16.184 Y3.388
M5
G0 X16.329 Y2.775 F2500
M3 S220
G1 F1000
G1 X16.401 Y2.667
G1 X16.419 Y2.721
G1 X16.545 Y2.631
G1 X16.887 Y2.253
G1 X16.923 Y2.163
G1 X16.887 Y2.109
G1 X16.833 Y2.163
G1 X16.923 Y2.037
G1 X16.905 Y1.856
G1 X16.743 Y2.091
G1 X16.725 Y2.055
G1 X16.635 Y2.145
G1 X16.311 Y2.685
G1 X16.329 Y2.775
M5
G0 X16.292 Y2.703 F2500
M3 S220
G1 F1000
G1 X16.563 Y2.199
G1 X16.347 Y2.451
G1 X16.274 Y2.613
G1 X16.292 Y2.703
M5
G0 X16.401 Y2.217 F2500
M3 S220
G1 F1000
G1 X16.761 Y1.892
G1 X16.959 Y1.622
G1 X16.995 Y1.514
G1 X16.959 Y1.208
G1 X16.905 Y1.370
G1 X16.905 Y1.298
G1 X16.509 Y1.838
G1 X16.419 Y2.037
G1 X16.455 Y2.091
G1 X16.401 Y2.109
G1 X16.437 Y2.127
G1 X16.383 Y2.181
G1 X16.401 Y2.217
M5
G0 X16.401 Y2.055 F2500
M3 S220
G1 F1000
G1 X16.653 Y1.568
G1 X16.437 Y1.820
G1 X16.383 Y1.964
G1 X16.401 Y2.055
M5
G0 X16.473 Y1.568 F2500
M3 S220
G1 F1000
G1 X16.545 Y1.460
G1 X16.545 Y1.532
G1 X16.617 Y1.406
G1 X16.635 Y1.442
G1 X16.851 Y1.244
G1 X16.959 Y1.063
G1 X16.995 Y0.811
G1 X16.959 Y0.685
G1 X16.779 Y0.883
G1 X16.797 Y0.919
G1 X16.491 Y1.406
G1 X16.473 Y1.568
M5
G0 X16.455 Y1.442 F2500
M3 S220
G1 F1000
G1 X16.743 Y0.991
G1 X16.761 Y0.901
G1 X16.509 Y1.208
G1 X16.437 Y1.388
G1 X16.455 Y1.442
M5
G0 X16.509 Y0.973 F2500
M3 S220
G1 F1000
G1 X16.617 Y0.811
G1 X16.617 Y0.901
G1 X16.941 Y0.541
G1 X17.031 Y0.198
G1 X16.995 Y-0.000
G1 X16.545 Y0.595
G1 X16.473 Y0.793
G1 X16.491 Y0.883
G1 X16.581 Y0.631
G1 X16.707 Y0.451
G1 X16.491 Y0.937
G1 X16.509 Y0.973
M5
G0 X16.527 Y0.451 F2500
M3 S220
G1 F1000
G1 X16.653 Y0.162
G1 X16.635 Y0.288
G1 X16.869 Y0.036
G1 X17.031 Y-0.252
G1 X16.995 Y-0.631
G1 X16.833 Y-0.342
G1 X16.689 Y-0.234
G1 X16.563 Y-0.036
G1 X16.491 Y0.216
G1 X16.509 Y0.270
G1 X16.635 Y-0.054
G1 X16.761 Y-0.216
G1 X16.617 Y-0.018
G1 X16.527 Y0.288
G1 X16.527 Y0.451
M5
G0 X16.545 Y-0.180 F2500
M3 S220
G1 F1000
G1 X16.653 Y-0.433
G1 X16.635 Y-0.306
G1 X16.833 Y-0.541
G1 X17.013 Y-0.865
G1 X17.031 Y-1.099
G1 X16.977 Y-1.298
G1 X16.887 Y-1.081
G1 X16.671 Y-0.811
G1 X16.545 Y-0.577
G1 X16.527 Y-0.360
G1 X16.653 Y-0.649
G1 X16.545 Y-0.360
G1 X16.545 Y-0.180
M5
G0 X16.545 Y-0.775 F2500
M3 S220
G1 F1000
G1 X16.617 Y-0.883
G1 X16.653 Y-1.063
G1 X16.617 Y-0.883
G1 X16.797 Y-1.117
G1 X16.923 Y-1.370
G1 X16.995 Y-1.604
G1 X16.959 Y-1.730
G1 X16.905 Y-1.604
G1 X16.959 Y-1.730
G1 X16.923 Y-1.892
G1 X16.833 Y-1.658
G1 X16.545 Y-1.208
G1 X16.491 Y-0.955
G1 X16.509 Y-0.829
G1 X16.653 Y-1.280
G1 X16.545 Y-0.937
G1 X16.545 Y-0.775
M5
G0 X16.491 Y-1.334 F2500
M3 S220
G1 F1000
G1 X16.599 Y-1.676
G1 X16.527 Y-1.460
G1 X16.545 Y-1.406
G1 X16.761 Y-1.712
G1 X16.887 Y-2.001
G1 X16.923 Y-2.217
G1 X16.851 Y-2.487
G1 X16.617 Y-1.874
G1 X16.689 Y-2.091
G1 X16.671 Y-2.145
G1 X16.455 Y-1.748
G1 X16.455 Y-1.496
G1 X16.563 Y-1.856
G1 X16.473 Y-1.514
G1 X16.491 Y-1.334
M5
G0 X16.437 Y-1.946 F2500
M3 S220
G1 F1000
G1 X16.509 Y-2.145
G1 X16.509 Y-2.037
G1 X16.635 Y-2.217
G1 X16.815 Y-2.613
G1 X16.815 Y-2.884
G1 X16.743 Y-3.100
G1 X16.671 Y-2.920
G1 X16.671 Y-2.559
G1 X16.653 Y-2.866
G1 X16.401 Y-2.361
G1 X16.365 Y-2.217
G1 X16.401 Y-2.055
G1 X16.473 Y-2.343
G1 X16.419 Y-2.073
G1 X16.437 Y-1.946
M5
G0 X16.365 Y-2.487 F2500
M3 S220
G1 F1000
G1 X16.545 Y-2.884
G1 X16.563 Y-2.848
G1 X16.707 Y-3.154
G1 X16.707 Y-3.424
G1 X16.635 Y-3.641
G1 X16.491 Y-3.226
G1 X16.509 Y-3.334
G1 X16.292 Y-2.902
G1 X16.329 Y-2.577
G1 X16.365 Y-2.757
G1 X16.365 Y-2.487
M5
G0 X16.256 Y-3.118 F2500
M3 S220
G1 F1000
G1 X16.292 Y-3.370
G1 X16.311 Y-3.118
G1 X16.581 Y-3.731
G1 X16.599 Y-3.929
G1 X16.509 Y-4.181
G1 X16.202 Y-3.478
G1 X16.202 Y-3.262
G1 X16.256 Y-3.118
M5
G0 X16.166 Y-3.605 F2500
M3 S220
G1 F1000
G1 X16.437 Y-4.235
G1 X16.455 Y-4.470
G1 X16.419 Y-4.542
G1 X16.383 Y-4.253
G1 X16.365 Y-4.722
G1 X16.238 Y-4.434
G1 X16.238 Y-4.325
G1 X16.220 Y-4.361
G1 X16.112 Y-4.181
G1 X16.076 Y-3.785
G1 X16.112 Y-3.713
G1 X16.148 Y-3.839
G1 X16.130 Y-3.677
G1 X16.166 Y-3.605
M5
G0 X15.986 Y-4.181 F2500
M3 S220
G1 F1000
G1 X16.238 Y-4.614
G1 X16.292 Y-4.848
G1 X16.292 Y-5.118
G1 X16.184 Y-5.353
G1 X16.148 Y-5.281
G1 X16.184 Y-5.064
G1 X16.148 Y-5.191
G1 X15.914 Y-4.506
G1 X15.914 Y-4.380
G1 X15.986 Y-4.181
M5
G0 X15.842 Y-4.740 F2500
M3 S220
G1 F1000
G1 X15.896 Y-4.884
G1 X15.914 Y-4.848
G1 X15.950 Y-4.902
G1 X15.950 Y-4.992
G1 X16.004 Y-5.028
G1 X16.094 Y-5.335
G1 X16.094 Y-5.605
G1 X15.986 Y-5.821
G1 X16.040 Y-5.479
G1 X15.968 Y-5.749
G1 X15.896 Y-5.533
G1 X15.914 Y-5.389
G1 X15.878 Y-5.515
G1 X15.752 Y-5.154
G1 X15.752 Y-4.938
G1 X15.842 Y-4.740
M5
G0 X15.680 Y-5.263 F2500
M3 S220
G1 F1000
G1 X15.824 Y-5.605
G1 X15.914 Y-6.002
G1 X15.914 Y-6.146
G1 X15.860 Y-6.254
G1 X15.842 Y-6.110
G1 X15.842 Y-6.290
G1 X15.788 Y-6.344
G1 X15.806 Y-5.695
G1 X15.806 Y-6.002
G1 X15.752 Y-6.200
G1 X15.716 Y-5.929
G1 X15.698 Y-6.056
G1 X15.572 Y-5.713
G1 X15.572 Y-5.461
G1 X15.680 Y-5.263
M5
G0 X15.518 Y-5.785 F2500
M3 S220
G1 F1000
G1 X15.536 Y-5.947
G1 X15.572 Y-5.947
G1 X15.716 Y-6.470
G1 X15.698 Y-6.686
G1 X15.662 Y-6.542
G1 X15.662 Y-6.777
G1 X15.572 Y-6.903
G1 X15.391 Y-6.308
G1 X15.391 Y-6.020
G1 X15.445 Y-5.839
G1 X15.518 Y-5.785
M5
G0 X15.301 Y-6.254 F2500
M3 S220
G1 F1000
G1 X15.337 Y-6.344
G1 X15.319 Y-6.524
G1 X15.337 Y-6.416
G1 X15.445 Y-6.686
G1 X15.481 Y-7.173
G1 X15.409 Y-7.317
G1 X15.373 Y-7.263
G1 X15.427 Y-7.065
G1 X15.373 Y-7.245
G1 X15.373 Y-7.047
G1 X15.337 Y-7.263
G1 X15.355 Y-7.227
G1 X15.373 Y-7.281
G1 X15.319 Y-7.425
G1 X15.157 Y-6.795
G1 X15.193 Y-6.506
G1 X15.301 Y-6.254
M5
G0 X15.085 Y-6.795 F2500
M3 S220
G1 F1000
G1 X15.193 Y-7.173
G1 X15.175 Y-7.245
G1 X15.193 Y-7.209
G1 X15.229 Y-7.263
G1 X15.229 Y-7.497
G1 X15.085 Y-7.912
G1 X15.031 Y-7.678
G1 X15.103 Y-7.461
G1 X15.085 Y-7.768
G1 X15.175 Y-7.281
G1 X15.031 Y-7.642
G1 X14.941 Y-7.353
G1 X14.959 Y-7.011
G1 X15.085 Y-6.795
M5
G0 X14.833 Y-7.299 F2500
M3 S220
G1 F1000
G1 X14.833 Y-7.642
G1 X14.869 Y-7.371
G1 X14.941 Y-7.624
G1 X14.887 Y-7.858
G1 X14.941 Y-7.714
G1 X14.977 Y-7.750
G1 X14.995 Y-8.020
G1 X14.905 Y-8.254
G1 X14.941 Y-7.894
G1 X14.869 Y-8.308
G1 X14.815 Y-8.417
G1 X14.761 Y-8.218
G1 X14.779 Y-8.002
G1 X14.743 Y-8.074
G1 X14.688 Y-7.678
G1 X14.743 Y-7.443
G1 X14.833 Y-7.299
M5
G0 X14.616 Y-7.804 F2500
M3 S220
G1 F1000
G1 X14.706 Y-8.236
G1 X14.706 Y-8.561
G1 X14.616 Y-8.759
G1 X14.598 Y-8.633
G1 X14.652 Y-8.525
G1 X14.616 Y-8.597
G1 X14.598 Y-8.471
G1 X14.580 Y-8.795
G1 X14.526 Y-8.903
G1 X14.490 Y-8.669
G1 X14.544 Y-8.453
G1 X14.490 Y-8.633
G1 X14.418 Y-8.363
G1 X14.418 Y-8.110
G1 X14.562 Y-7.822
G1 X14.616 Y-7.804
M5
G0 X14.310 Y-8.290 F2500
M3 S220
G1 F1000
G1 X14.418 Y-8.669
G1 X14.328 Y-8.849
G1 X14.292 Y-8.831
G1 X14.292 Y-9.246
G1 X14.256 Y-9.318
G1 X14.256 Y-9.210
G1 X14.220 Y-9.372
G1 X14.148 Y-8.939
G1 X14.148 Y-8.579
G1 X14.310 Y-8.290
M5
G0 X14.436 Y-8.741 F2500
M3 S220
G1 F1000
G1 X14.418 Y-9.029
G1 X14.328 Y-9.210
G1 X14.310 Y-9.137
G1 X14.382 Y-8.957
G1 X14.328 Y-9.065
G1 X14.310 Y-8.921
G1 X14.382 Y-8.741
G1 X14.436 Y-8.741
M5
G0 X14.022 Y-8.759 F2500
M3 S220
G1 F1000
G1 X14.094 Y-8.993
G1 X14.040 Y-9.101
G1 X14.076 Y-9.029
G1 X14.094 Y-9.156
G1 X14.022 Y-9.300
G1 X14.004 Y-9.588
G1 X13.932 Y-9.804
G1 X13.895 Y-9.786
G1 X13.877 Y-9.552
G1 X13.913 Y-9.498
G1 X13.877 Y-9.552
G1 X13.823 Y-9.137
G1 X13.932 Y-8.849
G1 X14.022 Y-8.759
M5
G0 X13.751 Y-9.228 F2500
M3 S220
G1 F1000
G1 X13.769 Y-9.390
G1 X13.733 Y-9.426
G1 X13.769 Y-9.390
G1 X13.805 Y-9.534
G1 X13.661 Y-9.876
G1 X13.787 Y-9.588
G1 X13.805 Y-9.786
G1 X13.697 Y-9.930
G1 X13.589 Y-10.273
G1 X13.571 Y-10.057
G1 X13.625 Y-9.949
G1 X13.571 Y-10.057
G1 X13.517 Y-9.876
G1 X13.517 Y-9.606
G1 X13.607 Y-9.336
G1 X13.751 Y-9.228
M5
G0 X13.427 Y-9.642 F2500
M3 S220
G1 F1000
G1 X13.445 Y-9.804
G1 X13.409 Y-9.894
G1 X13.445 Y-9.804
G1 X13.463 Y-9.967
G1 X13.355 Y-10.219
G1 X13.319 Y-10.561
G1 X13.229 Y-10.723
G1 X13.193 Y-10.075
G1 X13.283 Y-9.804
G1 X13.427 Y-9.642
M5
G0 X13.102 Y-10.129 F2500
M3 S220
G1 F1000
G1 X13.120 Y-10.237
G1 X13.048 Y-10.399
G1 X13.120 Y-10.237
G1 X13.139 Y-10.399
G1 X12.904 Y-10.886
G1 X12.850 Y-10.886
G1 X12.850 Y-10.471
G1 X12.958 Y-10.219
G1 X13.048 Y-10.129
G1 X13.084 Y-10.165
G1 X13.102 Y-10.129
M5
G0 X13.120 Y-10.453 F2500
M3 S220
G1 F1000
G1 X13.139 Y-10.651
G1 X12.886 Y-11.156
G1 X12.868 Y-10.976
G1 X13.120 Y-10.453
M5
G0 X12.724 Y-10.525 F2500
M3 S220
G1 F1000
G1 X12.760 Y-10.615
G1 X12.670 Y-10.850
G1 X12.760 Y-10.615
G1 X12.778 Y-10.814
G1 X12.544 Y-11.246
G1 X12.508 Y-11.426
G1 X12.526 Y-11.300
G1 X12.634 Y-11.120
G1 X12.616 Y-11.264
G1 X12.760 Y-10.886
G1 X12.796 Y-10.922
G1 X12.778 Y-11.102
G1 X12.706 Y-11.228
G1 X12.670 Y-11.228
G1 X12.616 Y-11.444
G1 X12.562 Y-11.516
G1 X12.544 Y-11.462
G1 X12.490 Y-11.589
G1 X12.490 Y-10.886
G1 X12.724 Y-10.525
M5
G0 X12.364 Y-10.958 F2500
M3 S220
G1 F1000
G1 X12.418 Y-11.084
G1 X12.327 Y-11.210
G1 X12.291 Y-11.372
G1 X12.400 Y-11.120
G1 X12.400 Y-11.300
G1 X12.111 Y-11.823
G1 X12.093 Y-11.462
G1 X12.129 Y-11.300
G1 X12.219 Y-11.102
G1 X12.364 Y-10.958
M5
G0 X11.985 Y-11.354 F2500
M3 S220
G1 F1000
G1 X11.985 Y-11.426
G1 X12.021 Y-11.372
G1 X12.039 Y-11.643
G1 X11.859 Y-11.985
G1 X11.787 Y-12.003
G1 X11.823 Y-12.039
G1 X11.733 Y-12.165
G1 X11.715 Y-11.931
G1 X11.751 Y-11.715
G1 X11.841 Y-11.516
G1 X11.985 Y-11.354
M5
G0 X12.021 Y-11.697 F2500
M3 S220
G1 F1000
G1 X12.021 Y-11.895
G1 X11.895 Y-12.039
G1 X11.841 Y-12.255
G1 X11.805 Y-12.291
G1 X11.805 Y-12.219
G1 X11.787 Y-12.309
G1 X11.715 Y-12.382
G1 X11.733 Y-12.201
G1 X12.021 Y-11.697
M5
G0 X11.625 Y-11.715 F2500
M3 S220
G1 F1000
G1 X11.661 Y-11.877
G1 X11.535 Y-12.057
G1 X11.643 Y-11.895
G1 X11.643 Y-12.039
G1 X11.336 Y-12.544
G1 X11.318 Y-12.273
G1 X11.390 Y-12.003
G1 X11.625 Y-11.715
M5
G0 X11.625 Y-12.093 F2500
M3 S220
G1 F1000
G1 X11.625 Y-12.273
G1 X11.498 Y-12.418
G1 X11.426 Y-12.634
G1 X11.318 Y-12.742
G1 X11.318 Y-12.634
G1 X11.372 Y-12.580
G1 X11.336 Y-12.652
G1 X11.318 Y-12.580
G1 X11.426 Y-12.400
G1 X11.498 Y-12.364
G1 X11.535 Y-12.219
G1 X11.625 Y-12.093
M5
G0 X11.228 Y-12.111 F2500
M3 S220
G1 F1000
G1 X11.282 Y-12.201
G1 X11.246 Y-12.436
G1 X10.922 Y-12.940
G1 X10.958 Y-12.454
G1 X11.030 Y-12.309
G1 X11.228 Y-12.111
M5
G0 X10.850 Y-12.436 F2500
M3 S220
G1 F1000
G1 X10.868 Y-12.598
G1 X10.742 Y-12.778
G1 X10.850 Y-12.634
G1 X10.850 Y-12.742
G1 X10.489 Y-13.265
G1 X10.489 Y-12.976
G1 X10.543 Y-12.814
G1 X10.651 Y-12.634
G1 X10.850 Y-12.436
M5
G0 X10.814 Y-12.814 F2500
M3 S220
G1 F1000
G1 X10.832 Y-12.922
G1 X10.633 Y-13.157
G1 X10.597 Y-13.301
G1 X10.561 Y-13.301
G1 X10.579 Y-13.337
G1 X10.417 Y-13.445
G1 X10.525 Y-13.193
G1 X10.814 Y-12.814
M5
G0 X10.417 Y-12.796 F2500
M3 S220
G1 F1000
G1 X10.327 Y-13.157
G1 X10.417 Y-12.940
G1 X10.435 Y-13.066
G1 X10.363 Y-13.193
G1 X10.309 Y-13.211
G1 X10.237 Y-13.391
G1 X10.111 Y-13.517
G1 X10.057 Y-13.661
G1 X10.129 Y-13.499
G1 X10.237 Y-13.445
G1 X10.111 Y-13.715
G1 X9.985 Y-13.823
G1 X10.075 Y-13.211
G1 X10.417 Y-12.796
M5
G0 X9.967 Y-13.157 F2500
M3 S220
G1 F1000
G1 X9.967 Y-13.427
G1 X9.588 Y-13.932
G1 X9.570 Y-13.787
G1 X9.660 Y-13.481
G1 X9.967 Y-13.157
M5
G0 X9.930 Y-13.499 F2500
M3 S220
G1 F1000
G1 X9.912 Y-13.661
G1 X9.642 Y-14.040
G1 X9.534 Y-14.130
G1 X9.516 Y-14.076
G1 X9.570 Y-13.968
G1 X9.930 Y-13.499
M5
G0 X9.534 Y-13.481 F2500
M3 S220
G1 F1000
G1 X9.534 Y-13.733
G1 X9.192 Y-14.184
G1 X9.408 Y-13.950
G1 X9.480 Y-13.805
G1 X9.480 Y-13.950
G1 X9.137 Y-14.364
G1 X9.137 Y-14.292
G1 X9.101 Y-14.364
G1 X9.137 Y-14.382
G1 X9.065 Y-14.436
G1 X9.174 Y-13.913
G1 X9.282 Y-13.715
G1 X9.534 Y-13.481
M5
G0 X9.101 Y-13.841 F2500
M3 S220
G1 F1000
G1 X9.119 Y-13.932
G1 X8.705 Y-14.508
G1 X9.029 Y-14.094
G1 X9.011 Y-14.256
G1 X8.795 Y-14.472
G1 X8.669 Y-14.670
G1 X8.543 Y-14.725
G1 X8.741 Y-14.112
G1 X8.867 Y-13.950
G1 X9.083 Y-13.841
G1 X8.993 Y-13.950
G1 X9.101 Y-13.841
M5
G0 X8.633 Y-14.094 F2500
M3 S220
G1 F1000
G1 X8.633 Y-14.220
G1 X8.543 Y-14.328
G1 X8.579 Y-14.292
G1 X8.579 Y-14.382
G1 X8.164 Y-14.815
G1 X8.507 Y-14.490
G1 X8.489 Y-14.616
G1 X8.453 Y-14.652
G1 X8.435 Y-14.616
G1 X8.308 Y-14.779
G1 X8.020 Y-14.995
G1 X8.182 Y-14.544
G1 X8.308 Y-14.346
G1 X8.471 Y-14.184
G1 X8.633 Y-14.094
M5
G0 X8.164 Y-14.400 F2500
M3 S220
G1 F1000
G1 X8.146 Y-14.508
G1 X7.966 Y-14.706
G1 X8.092 Y-14.580
G1 X8.092 Y-14.652
G1 X7.624 Y-15.085
G1 X7.624 Y-14.959
G1 X7.768 Y-14.652
G1 X8.020 Y-14.436
G1 X8.164 Y-14.400
M5
G0 X8.038 Y-14.706 F2500
M3 S220
G1 F1000
G1 X8.056 Y-14.743
G1 X7.966 Y-14.869
G1 X7.624 Y-15.175
G1 X7.678 Y-15.175
G1 X7.984 Y-14.851
G1 X8.002 Y-14.887
G1 X7.948 Y-14.977
G1 X7.696 Y-15.211
G1 X7.497 Y-15.265
G1 X7.570 Y-15.139
G1 X8.038 Y-14.706
M5
G0 X7.660 Y-14.688 F2500
M3 S220
G1 F1000
G1 X7.606 Y-14.815
G1 X7.461 Y-14.941
G1 X7.588 Y-14.797
G1 X7.570 Y-14.923
G1 X7.083 Y-15.409
G1 X7.461 Y-15.049
G1 X7.515 Y-15.049
G1 X7.461 Y-15.157
G1 X7.191 Y-15.391
G1 X7.353 Y-15.247
G1 X7.407 Y-15.265
G1 X7.245 Y-15.427
G1 X7.047 Y-15.536
G1 X6.975 Y-15.518
G1 X7.047 Y-15.427
G1 X7.209 Y-14.995
G1 X7.443 Y-14.743
G1 X7.606 Y-14.670
G1 X7.660 Y-14.688
M5
G0 X7.137 Y-14.905 F2500
M3 S220
G1 F1000
G1 X7.155 Y-14.941
G1 X7.047 Y-15.193
G1 X6.975 Y-15.247
G1 X6.957 Y-15.211
G1 X7.011 Y-15.157
G1 X6.939 Y-15.229
G1 X6.975 Y-15.247
G1 X6.560 Y-15.662
G1 X6.993 Y-15.247
G1 X7.011 Y-15.301
G1 X6.921 Y-15.391
G1 X6.957 Y-15.409
G1 X6.903 Y-15.481
G1 X6.614 Y-15.662
G1 X6.867 Y-15.536
G1 X6.704 Y-15.680
G1 X6.434 Y-15.770
G1 X6.704 Y-15.211
G1 X6.885 Y-15.031
G1 X7.137 Y-14.905
M5
G0 X6.632 Y-15.175 F2500
M3 S220
G1 F1000
G1 X6.470 Y-15.337
G1 X6.578 Y-15.229
G1 X6.578 Y-15.301
G1 X6.308 Y-15.536
G1 X6.236 Y-15.662
G1 X6.074 Y-15.770
G1 X6.236 Y-15.680
G1 X6.506 Y-15.391
G1 X6.524 Y-15.427
G1 X6.398 Y-15.644
G1 X6.056 Y-15.878
G1 X6.110 Y-15.842
G1 X6.128 Y-15.896
G1 X6.092 Y-15.932
G1 X5.893 Y-15.986
G1 X6.002 Y-15.824
G1 X6.146 Y-15.445
G1 X6.326 Y-15.283
G1 X6.578 Y-15.157
G1 X6.632 Y-15.175
M5
G0 X6.110 Y-15.391 F2500
M3 S220
G1 F1000
G1 X5.965 Y-15.499
G1 X6.074 Y-15.481
G1 X6.002 Y-15.608
G1 X5.497 Y-16.004
G1 X5.641 Y-15.932
G1 X5.929 Y-15.680
G1 X5.929 Y-15.770
G1 X5.857 Y-15.860
G1 X5.515 Y-16.076
G1 X5.839 Y-15.914
G1 X5.695 Y-16.058
G1 X5.389 Y-16.184
G1 X5.335 Y-16.148
G1 X5.443 Y-16.022
G1 X5.605 Y-15.698
G1 X5.767 Y-15.518
G1 X5.929 Y-15.427
G1 X6.110 Y-15.391
M5
G0 X5.587 Y-15.626 F2500
M3 S220
G1 F1000
G1 X5.443 Y-15.734
G1 X5.497 Y-15.698
G1 X5.515 Y-15.734
G1 X5.389 Y-15.860
G1 X4.902 Y-16.220
G1 X5.154 Y-16.076
G1 X5.407 Y-15.860
G1 X5.425 Y-15.896
G1 X5.335 Y-16.022
G1 X4.938 Y-16.274
G1 X5.100 Y-16.202
G1 X5.209 Y-16.094
G1 X5.281 Y-16.112
G1 X5.046 Y-16.292
G1 X4.740 Y-16.365
G1 X5.173 Y-15.752
G1 X5.533 Y-15.590
G1 X5.587 Y-15.626
M5
G0 X5.028 Y-15.788 F2500
M3 S220
G1 F1000
G1 X4.848 Y-15.878
G1 X4.974 Y-15.896
G1 X4.704 Y-16.058
G1 X4.704 Y-16.112
G1 X4.398 Y-16.347
G1 X4.578 Y-16.256
G1 X4.866 Y-16.004
G1 X4.866 Y-16.076
G1 X4.758 Y-16.166
G1 X4.776 Y-16.202
G1 X4.632 Y-16.365
G1 X4.488 Y-16.455
G1 X4.434 Y-16.437
G1 X4.614 Y-16.329
G1 X4.704 Y-16.220
G1 X4.470 Y-16.383
G1 X4.343 Y-16.419
G1 X4.452 Y-16.419
G1 X4.398 Y-16.491
G1 X4.181 Y-16.527
G1 X4.343 Y-16.329
G1 X4.452 Y-16.094
G1 X4.650 Y-15.896
G1 X4.884 Y-15.788
G1 X5.028 Y-15.788
M5
G0 X4.470 Y-15.950 F2500
M3 S220
G1 F1000
G1 X4.289 Y-16.094
G1 X4.380 Y-16.112
G1 X4.055 Y-16.365
G1 X3.803 Y-16.473
G1 X4.055 Y-16.383
G1 X4.289 Y-16.202
G1 X4.307 Y-16.238
G1 X4.127 Y-16.473
G1 X4.073 Y-16.437
G1 X4.109 Y-16.419
G1 X3.731 Y-16.581
G1 X4.037 Y-16.473
G1 X4.073 Y-16.509
G1 X3.947 Y-16.599
G1 X3.677 Y-16.671
G1 X3.605 Y-16.653
G1 X3.731 Y-16.527
G1 X3.893 Y-16.256
G1 X4.091 Y-16.058
G1 X4.289 Y-15.968
G1 X4.470 Y-15.950
M5
G0 X3.947 Y-16.094 F2500
M3 S220
G1 F1000
G1 X3.749 Y-16.220
G1 X3.911 Y-16.148
G1 X3.460 Y-16.509
G1 X3.262 Y-16.581
G1 X3.460 Y-16.527
G1 X3.767 Y-16.292
G1 X3.785 Y-16.329
G1 X3.641 Y-16.455
G1 X3.659 Y-16.491
G1 X3.496 Y-16.635
G1 X3.262 Y-16.743
G1 X3.046 Y-16.761
G1 X3.514 Y-16.202
G1 X3.695 Y-16.112
G1 X3.947 Y-16.094
M5
G0 X3.334 Y-16.238 F2500
M3 S220
G1 F1000
G1 X3.154 Y-16.365
G1 X3.298 Y-16.329
G1 X2.866 Y-16.635
G1 X2.631 Y-16.725
G1 X2.830 Y-16.671
G1 X3.172 Y-16.437
G1 X3.154 Y-16.527
G1 X3.064 Y-16.617
G1 X2.884 Y-16.689
G1 X2.830 Y-16.797
G1 X2.595 Y-16.869
G1 X2.469 Y-16.851
G1 X2.721 Y-16.527
G1 X2.920 Y-16.347
G1 X3.136 Y-16.238
G1 X3.334 Y-16.238
M5
G0 X2.775 Y-16.329 F2500
M3 S220
G1 F1000
G1 X2.667 Y-16.401
G1 X2.757 Y-16.401
G1 X2.559 Y-16.509
G1 X2.541 Y-16.545
G1 X2.685 Y-16.491
G1 X2.361 Y-16.833
G1 X2.163 Y-16.923
G1 X1.838 Y-16.941
G1 X2.037 Y-16.761
G1 X2.217 Y-16.761
G1 X2.487 Y-16.581
G1 X2.235 Y-16.743
G1 X2.109 Y-16.779
G1 X2.037 Y-16.743
G1 X2.343 Y-16.419
G1 X2.577 Y-16.329
G1 X2.775 Y-16.329
M5
G0 X2.235 Y-16.401 F2500
M3 S220
G1 F1000
G1 X2.073 Y-16.509
G1 X2.181 Y-16.491
G1 X2.109 Y-16.563
G1 X1.496 Y-16.869
G1 X1.712 Y-16.797
G1 X1.964 Y-16.635
G1 X2.037 Y-16.653
G1 X1.766 Y-16.905
G1 X1.586 Y-16.977
G1 X1.280 Y-16.995
G1 X1.748 Y-16.509
G1 X2.019 Y-16.401
G1 X2.235 Y-16.401
M5
G0 X1.640 Y-16.473 F2500
M3 S220
G1 F1000
G1 X1.514 Y-16.563
G1 X1.604 Y-16.563
G1 X1.496 Y-16.653
G1 X1.460 Y-16.635
G1 X1.208 Y-16.797
G1 X0.901 Y-16.887
G1 X1.153 Y-16.833
G1 X1.406 Y-16.671
G1 X1.460 Y-16.689
G1 X1.189 Y-16.941
G1 X0.919 Y-17.031
G1 X0.703 Y-17.013
G1 X1.171 Y-16.563
G1 X1.442 Y-16.473
G1 X1.640 Y-16.473
M5
G0 X1.135 Y-16.527 F2500
M3 S220
G1 F1000
G1 X0.901 Y-16.635
G1 X1.027 Y-16.599
G1 X0.919 Y-16.689
G1 X0.775 Y-16.725
G1 X0.288 Y-16.977
G1 X0.811 Y-16.725
G1 X0.883 Y-16.725
G1 X0.703 Y-16.905
G1 X0.613 Y-16.905
G1 X0.360 Y-17.013
G1 X0.595 Y-16.959
G1 X0.559 Y-16.995
G1 X0.288 Y-17.067
G1 X0.090 Y-17.049
G1 X0.595 Y-16.599
G1 X0.865 Y-16.509
G1 X1.135 Y-16.527
M5
G0 X0.487 Y-16.563 F2500
M3 S220
G1 F1000
G1 X0.324 Y-16.635
G1 X0.469 Y-16.617
G1 X0.360 Y-16.707
G1 X0.180 Y-16.743
G1 X0.018 Y-16.851
G1 X-0.234 Y-16.941
G1 X0.216 Y-16.761
G1 X0.252 Y-16.797
G1 X0.180 Y-16.869
G1 X-0.162 Y-16.995
G1 X-0.342 Y-17.013
G1 X0.018 Y-16.977
G1 X-0.270 Y-17.067
G1 X-0.487 Y-17.031
G1 X-0.342 Y-16.941
G1 X-0.108 Y-16.689
G1 X0.216 Y-16.545
G1 X0.487 Y-16.563
M5
G0 X0.000 Y-16.563 F2500
M3 S220
G1 F1000
G1 X-0.234 Y-16.635
G1 X-0.126 Y-16.635
G1 X-0.559 Y-16.833
G1 X-0.847 Y-16.923
G1 X-0.919 Y-16.905
G1 X-0.667 Y-16.653
G1 X-0.378 Y-16.545
G1 X0.000 Y-16.563
M5
G0 X-0.270 Y-16.743 F2500
M3 S220
G1 F1000
G1 X-0.559 Y-16.959
G1 X-0.613 Y-16.941
G1 X-0.559 Y-16.905
G1 X-0.919 Y-16.995
G1 X-0.613 Y-16.959
G1 X-0.685 Y-17.013
G1 X-1.063 Y-17.013
G1 X-0.919 Y-16.905
G1 X-0.685 Y-16.887
G1 X-0.270 Y-16.743
M5
G0 X-0.595 Y-16.563 F2500
M3 S220
G1 F1000
G1 X-0.829 Y-16.617
G1 X-0.721 Y-16.617
G1 X-1.099 Y-16.797
G1 X-1.460 Y-16.869
G1 X-1.135 Y-16.815
G1 X-0.901 Y-16.707
G1 X-0.847 Y-16.725
G1 X-1.045 Y-16.887
G1 X-1.153 Y-16.905
G1 X-1.063 Y-16.851
G1 X-1.442 Y-16.941
G1 X-1.171 Y-16.905
G1 X-1.262 Y-16.977
G1 X-1.712 Y-16.977
G1 X-1.496 Y-16.869
G1 X-1.262 Y-16.635
G1 X-0.991 Y-16.527
G1 X-0.685 Y-16.527
G1 X-0.685 Y-16.563
G1 X-0.595 Y-16.563
M5
G0 X-1.244 Y-16.545 F2500
M3 S220
G1 F1000
G1 X-1.334 Y-16.563
G1 X-1.280 Y-16.581
G1 X-1.370 Y-16.635
G1 X-1.406 Y-16.617
G1 X-1.586 Y-16.707
G1 X-1.640 Y-16.689
G1 X-1.820 Y-16.779
G1 X-2.091 Y-16.815
G1 X-1.586 Y-16.725
G1 X-1.730 Y-16.887
G1 X-1.838 Y-16.923
G1 X-2.091 Y-16.941
G1 X-2.307 Y-16.887
G1 X-2.019 Y-16.743
G1 X-1.730 Y-16.527
G1 X-1.604 Y-16.491
G1 X-1.244 Y-16.545
M5
G0 X-1.748 Y-16.455 F2500
M3 S220
G1 F1000
G1 X-1.964 Y-16.599
G1 X-2.577 Y-16.725
G1 X-2.019 Y-16.635
G1 X-2.433 Y-16.851
G1 X-2.884 Y-16.815
G1 X-2.451 Y-16.527
G1 X-2.181 Y-16.419
G1 X-1.748 Y-16.455
M5
G0 X-2.325 Y-16.383 F2500
M3 S220
G1 F1000
G1 X-2.469 Y-16.437
G1 X-2.631 Y-16.437
G1 X-2.451 Y-16.455
G1 X-2.541 Y-16.509
G1 X-3.136 Y-16.617
G1 X-2.595 Y-16.527
G1 X-2.685 Y-16.599
G1 X-3.244 Y-16.707
G1 X-2.739 Y-16.635
G1 X-2.902 Y-16.725
G1 X-3.262 Y-16.761
G1 X-3.496 Y-16.689
G1 X-2.830 Y-16.347
G1 X-2.523 Y-16.329
G1 X-2.325 Y-16.383
M5
G0 X-2.974 Y-16.311 F2500
M3 S220
G1 F1000
G1 X-3.172 Y-16.401
G1 X-3.785 Y-16.491
G1 X-3.677 Y-16.509
G1 X-3.154 Y-16.419
G1 X-3.424 Y-16.581
G1 X-3.623 Y-16.635
G1 X-3.821 Y-16.635
G1 X-4.055 Y-16.563
G1 X-3.406 Y-16.238
G1 X-3.154 Y-16.220
G1 X-3.046 Y-16.238
G1 X-2.974 Y-16.311
M5
G0 X-3.460 Y-16.184 F2500
M3 S220
G1 F1000
G1 X-3.623 Y-16.220
G1 X-3.767 Y-16.311
G1 X-4.434 Y-16.383
G1 X-3.803 Y-16.329
G1 X-3.929 Y-16.419
G1 X-4.181 Y-16.401
G1 X-4.398 Y-16.437
G1 X-4.145 Y-16.491
G1 X-4.380 Y-16.491
G1 X-4.614 Y-16.419
G1 X-4.578 Y-16.365
G1 X-4.506 Y-16.383
G1 X-3.965 Y-16.112
G1 X-3.623 Y-16.112
G1 X-3.460 Y-16.184
M5
G0 X-4.253 Y-16.130 F2500
M3 S220
G1 F1000
G1 X-4.704 Y-16.329
G1 X-4.920 Y-16.329
G1 X-5.191 Y-16.220
G1 X-5.136 Y-16.166
G1 X-5.118 Y-16.202
G1 X-4.974 Y-16.148
G1 X-4.866 Y-16.202
G1 X-4.668 Y-16.202
G1 X-4.361 Y-16.112
G1 X-4.253 Y-16.130
M5
G0 X-4.470 Y-16.202 F2500
M3 S220
G1 F1000
G1 X-4.632 Y-16.256
G1 X-4.974 Y-16.256
G1 X-4.686 Y-16.274
G1 X-4.470 Y-16.202
M5
G0 X-4.974 Y-16.148 F2500
M3 S220
G1 F1000
G1 X-4.578 Y-15.968
G1 X-4.289 Y-15.968
G1 X-4.037 Y-16.040
G1 X-4.217 Y-16.076
G1 X-4.217 Y-16.130
G1 X-4.398 Y-16.112
G1 X-4.758 Y-16.202
G1 X-4.974 Y-16.148
M5
G0 X-5.461 Y-15.950 F2500
M3 S220
G1 F1000
G1 X-5.281 Y-15.842
G1 X-5.082 Y-15.788
G1 X-4.776 Y-15.806
G1 X-4.596 Y-15.878
G1 X-4.632 Y-15.914
G1 X-4.776 Y-15.896
G1 X-4.758 Y-15.950
G1 X-4.866 Y-16.004
G1 X-5.371 Y-16.004
G1 X-5.461 Y-15.950
M5
G0 X-5.713 Y-16.058 F2500
M3 S220
G1 F1000
G1 X-5.659 Y-16.004
G1 X-5.605 Y-16.022
G1 X-5.461 Y-15.950
G1 X-5.353 Y-16.022
G1 X-4.974 Y-15.986
G1 X-4.938 Y-16.022
G1 X-5.227 Y-16.076
G1 X-5.046 Y-16.076
G1 X-5.299 Y-16.148
G1 X-5.479 Y-16.148
G1 X-5.713 Y-16.058
M5
G0 X-6.038 Y-15.770 F2500
M3 S220
G1 F1000
G1 X-5.947 Y-15.698
G1 X-5.677 Y-15.608
G1 X-5.407 Y-15.626
G1 X-5.136 Y-15.716
G1 X-5.425 Y-15.752
G1 X-5.353 Y-15.788
G1 X-5.389 Y-15.824
G1 X-5.893 Y-15.824
G1 X-6.038 Y-15.770
M5
G0 X-6.272 Y-15.842 F2500
M3 S220
G1 F1000
G1 X-6.056 Y-15.770
G1 X-5.875 Y-15.842
G1 X-5.623 Y-15.806
G1 X-5.479 Y-15.860
G1 X-5.641 Y-15.878
G1 X-5.641 Y-15.914
G1 X-5.785 Y-15.968
G1 X-5.947 Y-15.968
G1 X-6.272 Y-15.842
M5
G0 X-5.695 Y-15.518 F2500
M3 S220
G1 F1000
G1 X-5.875 Y-15.536
G1 X-5.821 Y-15.572
G1 X-6.002 Y-15.572
G1 X-5.929 Y-15.608
G1 X-6.074 Y-15.680
G1 X-6.380 Y-15.680
G1 X-6.164 Y-15.698
G1 X-6.380 Y-15.752
G1 X-6.560 Y-15.734
G1 X-6.849 Y-15.608
G1 X-6.272 Y-15.409
G1 X-6.038 Y-15.409
G1 X-5.695 Y-15.518
M5
G0 X-7.119 Y-15.301 F2500
M3 S220
G1 F1000
G1 X-6.867 Y-15.193
G1 X-6.632 Y-15.175
G1 X-6.308 Y-15.265
G1 X-6.254 Y-15.337
G1 X-6.380 Y-15.337
G1 X-6.380 Y-15.373
G1 X-6.542 Y-15.427
G1 X-6.614 Y-15.391
G1 X-6.993 Y-15.373
G1 X-7.119 Y-15.301
M5
G0 X-7.371 Y-15.355 F2500
M3 S220
G1 F1000
G1 X-7.137 Y-15.301
G1 X-6.939 Y-15.391
G1 X-6.614 Y-15.391
G1 X-6.578 Y-15.427
G1 X-6.650 Y-15.463
G1 X-6.921 Y-15.445
G1 X-7.227 Y-15.373
G1 X-7.065 Y-15.445
G1 X-6.668 Y-15.463
G1 X-6.795 Y-15.518
G1 X-7.029 Y-15.518
G1 X-7.371 Y-15.355
M5
G0 X-7.660 Y-15.067 F2500
M3 S220
G1 F1000
G1 X-7.389 Y-14.959
G1 X-7.065 Y-14.959
G1 X-6.758 Y-15.085
G1 X-6.903 Y-15.085
G1 X-6.867 Y-15.103
G1 X-6.903 Y-15.139
G1 X-6.957 Y-15.103
G1 X-6.903 Y-15.139
G1 X-6.975 Y-15.175
G1 X-7.245 Y-15.157
G1 X-7.065 Y-15.193
G1 X-7.173 Y-15.229
G1 X-7.281 Y-15.157
G1 X-7.660 Y-15.067
M5
G0 X-7.912 Y-15.085 F2500
M3 S220
G1 F1000
G1 X-7.660 Y-15.067
G1 X-7.317 Y-15.175
G1 X-7.317 Y-15.211
G1 X-7.209 Y-15.211
G1 X-7.245 Y-15.247
G1 X-7.533 Y-15.265
G1 X-7.714 Y-15.211
G1 X-7.912 Y-15.085
M5
G0 X-7.768 Y-14.598 F2500
M3 S220
G1 F1000
G1 X-7.876 Y-14.598
G1 X-7.876 Y-14.634
G1 X-7.984 Y-14.598
G1 X-7.930 Y-14.634
G1 X-7.966 Y-14.670
G1 X-8.110 Y-14.706
G1 X-8.615 Y-14.526
G1 X-8.164 Y-14.688
G1 X-8.200 Y-14.725
G1 X-8.417 Y-14.725
G1 X-8.489 Y-14.670
G1 X-8.308 Y-14.670
G1 X-8.669 Y-14.598
G1 X-8.453 Y-14.706
G1 X-8.543 Y-14.725
G1 X-8.867 Y-14.544
G1 X-8.182 Y-14.418
G1 X-7.948 Y-14.490
G1 X-7.768 Y-14.598
M5
G0 X-7.245 Y-14.851 F2500
M3 S220
G1 F1000
G1 X-7.461 Y-14.833
G1 X-7.371 Y-14.869
G1 X-7.551 Y-14.941
G1 X-8.128 Y-14.815
G1 X-7.948 Y-14.887
G1 X-7.696 Y-14.887
G1 X-7.570 Y-14.941
G1 X-7.678 Y-14.977
G1 X-8.218 Y-14.869
G1 X-7.750 Y-14.977
G1 X-8.056 Y-14.995
G1 X-8.381 Y-14.833
G1 X-7.714 Y-14.688
G1 X-7.461 Y-14.743
G1 X-7.245 Y-14.851
M5
G0 X-9.354 Y-14.220 F2500
M3 S220
G1 F1000
G1 X-9.156 Y-14.202
G1 X-8.993 Y-14.310
G1 X-8.669 Y-14.364
G1 X-8.975 Y-14.310
G1 X-9.137 Y-14.202
G1 X-8.903 Y-14.148
G1 X-8.633 Y-14.148
G1 X-8.272 Y-14.310
G1 X-8.417 Y-14.346
G1 X-8.417 Y-14.382
G1 X-8.795 Y-14.454
G1 X-8.741 Y-14.400
G1 X-9.047 Y-14.346
G1 X-9.228 Y-14.256
G1 X-9.083 Y-14.346
G1 X-8.867 Y-14.382
G1 X-8.849 Y-14.454
G1 X-9.119 Y-14.400
G1 X-9.354 Y-14.220
M5
G0 X-9.786 Y-13.877 F2500
M3 S220
G1 F1000
G1 X-9.174 Y-13.841
G1 X-8.885 Y-13.932
G1 X-8.723 Y-14.040
G1 X-8.777 Y-14.058
G1 X-8.885 Y-14.004
G1 X-8.813 Y-14.058
G1 X-8.885 Y-14.076
G1 X-8.939 Y-14.040
G1 X-8.903 Y-14.076
G1 X-8.993 Y-14.094
G1 X-9.101 Y-14.040
G1 X-9.011 Y-14.094
G1 X-9.156 Y-14.112
G1 X-9.300 Y-14.040
G1 X-9.264 Y-14.022
G1 X-9.408 Y-14.004
G1 X-9.552 Y-13.913
G1 X-9.408 Y-14.004
G1 X-9.498 Y-14.022
G1 X-9.696 Y-13.932
G1 X-9.444 Y-14.040
G1 X-9.426 Y-14.130
G1 X-9.642 Y-14.040
G1 X-9.786 Y-13.932
G1 X-9.786 Y-13.877
M5
G0 X-10.039 Y-13.571 F2500
M3 S220
G1 F1000
G1 X-9.985 Y-13.535
G1 X-9.678 Y-13.517
G1 X-9.354 Y-13.625
G1 X-9.210 Y-13.733
G1 X-9.372 Y-13.751
G1 X-9.516 Y-13.697
G1 X-9.336 Y-13.769
G1 X-9.606 Y-13.805
G1 X-9.750 Y-13.715
G1 X-9.714 Y-13.697
G1 X-9.822 Y-13.697
G1 X-10.039 Y-13.571
M5
G0 X-10.237 Y-13.589 F2500
M3 S220
G1 F1000
G1 X-10.057 Y-13.553
G1 X-9.912 Y-13.661
G1 X-10.003 Y-13.679
G1 X-10.111 Y-13.625
G1 X-9.876 Y-13.751
G1 X-9.894 Y-13.805
G1 X-10.039 Y-13.751
G1 X-10.237 Y-13.589
M5
G0 X-10.615 Y-13.193 F2500
M3 S220
G1 F1000
G1 X-10.093 Y-13.193
G1 X-9.840 Y-13.283
G1 X-9.678 Y-13.409
G1 X-9.786 Y-13.445
G1 X-9.930 Y-13.373
G1 X-9.804 Y-13.445
G1 X-9.894 Y-13.463
G1 X-9.967 Y-13.427
G1 X-9.894 Y-13.463
G1 X-10.057 Y-13.499
G1 X-10.435 Y-13.265
G1 X-10.345 Y-13.337
G1 X-10.399 Y-13.355
G1 X-10.615 Y-13.247
G1 X-10.615 Y-13.193
M5
G0 X-10.742 Y-13.211 F2500
M3 S220
G1 F1000
G1 X-10.669 Y-13.193
G1 X-10.273 Y-13.463
G1 X-10.489 Y-13.409
G1 X-10.742 Y-13.211
M5
G0 X-11.012 Y-12.850 F2500
M3 S220
G1 F1000
G1 X-10.778 Y-12.832
G1 X-10.417 Y-12.886
G1 X-10.219 Y-12.976
G1 X-10.093 Y-13.102
G1 X-10.183 Y-13.120
G1 X-10.327 Y-13.030
G1 X-10.183 Y-13.120
G1 X-10.489 Y-13.139
G1 X-10.597 Y-13.030
G1 X-10.994 Y-12.922
G1 X-11.012 Y-12.850
M5
G0 X-11.156 Y-12.850 F2500
M3 S220
G1 F1000
G1 X-11.084 Y-12.850
G1 X-10.976 Y-12.958
G1 X-10.760 Y-13.030
G1 X-10.687 Y-13.102
G1 X-10.760 Y-13.120
G1 X-10.940 Y-13.048
G1 X-11.156 Y-12.850
M5
G0 X-11.390 Y-12.490 F2500
M3 S220
G1 F1000
G1 X-11.102 Y-12.472
G1 X-10.814 Y-12.544
G1 X-10.633 Y-12.652
G1 X-10.561 Y-12.778
G1 X-10.687 Y-12.688
G1 X-10.651 Y-12.760
G1 X-10.832 Y-12.778
G1 X-10.904 Y-12.724
G1 X-10.850 Y-12.760
G1 X-10.904 Y-12.778
G1 X-11.390 Y-12.490
M5
G0 X-11.553 Y-12.454 F2500
M3 S220
G1 F1000
G1 X-11.408 Y-12.472
G1 X-11.210 Y-12.634
G1 X-11.300 Y-12.634
G1 X-11.444 Y-12.544
G1 X-11.102 Y-12.742
G1 X-11.174 Y-12.760
G1 X-11.318 Y-12.706
G1 X-11.571 Y-12.490
G1 X-11.553 Y-12.454
M5
G0 X-11.787 Y-12.111 F2500
M3 S220
G1 F1000
G1 X-11.589 Y-12.093
G1 X-11.228 Y-12.165
G1 X-11.048 Y-12.291
G1 X-11.012 Y-12.436
G1 X-11.210 Y-12.291
G1 X-11.120 Y-12.364
G1 X-11.120 Y-12.436
G1 X-11.336 Y-12.346
G1 X-11.264 Y-12.400
G1 X-11.498 Y-12.400
G1 X-11.571 Y-12.273
G1 X-11.372 Y-12.382
G1 X-11.426 Y-12.309
G1 X-11.643 Y-12.237
G1 X-11.787 Y-12.111
M5
G0 X-11.985 Y-12.093 F2500
M3 S220
G1 F1000
G1 X-11.949 Y-12.075
G1 X-11.516 Y-12.382
G1 X-11.751 Y-12.309
G1 X-11.985 Y-12.093
M5
G0 X-12.255 Y-11.697 F2500
M3 S220
G1 F1000
G1 X-11.733 Y-11.751
G1 X-11.462 Y-11.895
G1 X-11.318 Y-12.039
G1 X-11.372 Y-12.057
G1 X-11.462 Y-11.949
G1 X-11.480 Y-11.985
G1 X-11.607 Y-11.895
G1 X-11.462 Y-11.985
G1 X-11.444 Y-12.057
G1 X-11.607 Y-11.949
G1 X-11.516 Y-12.021
G1 X-11.589 Y-12.039
G1 X-11.697 Y-11.931
G1 X-12.075 Y-11.841
G1 X-12.255 Y-11.697
M5
G0 X-12.382 Y-11.697 F2500
M3 S220
G1 F1000
G1 X-12.291 Y-11.679
G1 X-11.877 Y-12.003
G1 X-12.021 Y-11.985
G1 X-12.075 Y-11.895
G1 X-12.237 Y-11.787
G1 X-12.003 Y-11.967
G1 X-12.093 Y-11.967
G1 X-12.382 Y-11.697
M5
G0 X-12.760 Y-11.264 F2500
M3 S220
G1 F1000
G1 X-12.346 Y-11.282
G1 X-11.949 Y-11.426
G1 X-11.751 Y-11.625
G1 X-11.787 Y-11.643
G1 X-11.931 Y-11.535
G1 X-11.823 Y-11.643
G1 X-12.129 Y-11.625
G1 X-12.526 Y-11.336
G1 X-12.490 Y-11.372
G1 X-12.526 Y-11.390
G1 X-12.634 Y-11.300
G1 X-12.165 Y-11.607
G1 X-12.327 Y-11.607
G1 X-12.670 Y-11.318
G1 X-12.418 Y-11.535
G1 X-12.472 Y-11.553
G1 X-12.562 Y-11.498
G1 X-12.760 Y-11.264
M5
G0 X-12.976 Y-10.868 F2500
M3 S220
G1 F1000
G1 X-12.778 Y-10.868
G1 X-12.490 Y-10.940
G1 X-12.291 Y-11.048
G1 X-12.165 Y-11.228
G1 X-12.273 Y-11.138
G1 X-12.201 Y-11.264
G1 X-12.237 Y-11.264
G1 X-12.400 Y-11.120
G1 X-12.291 Y-11.228
G1 X-12.364 Y-11.246
G1 X-12.544 Y-11.120
G1 X-12.436 Y-11.210
G1 X-12.490 Y-11.228
G1 X-12.616 Y-11.120
G1 X-12.580 Y-11.102
G1 X-12.616 Y-11.120
G1 X-12.814 Y-11.012
G1 X-12.976 Y-10.868
M5
G0 X-13.120 Y-10.814 F2500
M3 S220
G1 F1000
G1 X-12.994 Y-10.850
G1 X-12.724 Y-11.084
G1 X-12.760 Y-11.102
G1 X-13.012 Y-10.940
G1 X-12.688 Y-11.156
G1 X-12.832 Y-11.138
G1 X-12.994 Y-11.030
G1 X-13.139 Y-10.850
G1 X-13.120 Y-10.814
M5
G0 X-13.355 Y-10.435 F2500
M3 S220
G1 F1000
G1 X-13.247 Y-10.417
G1 X-12.832 Y-10.525
G1 X-12.562 Y-10.705
G1 X-12.490 Y-10.850
G1 X-12.562 Y-10.796
G1 X-12.544 Y-10.868
G1 X-12.670 Y-10.760
G1 X-12.598 Y-10.832
G1 X-12.634 Y-10.850
G1 X-12.850 Y-10.705
G1 X-12.688 Y-10.832
G1 X-12.940 Y-10.796
G1 X-13.066 Y-10.669
G1 X-12.994 Y-10.669
G1 X-13.120 Y-10.633
G1 X-13.355 Y-10.435
M5
G0 X-13.481 Y-10.363 F2500
M3 S220
G1 F1000
G1 X-13.265 Y-10.597
G1 X-13.102 Y-10.651
G1 X-12.976 Y-10.760
G1 X-13.084 Y-10.760
G1 X-13.175 Y-10.669
G1 X-13.139 Y-10.705
G1 X-13.175 Y-10.723
G1 X-13.337 Y-10.615
G1 X-13.499 Y-10.399
G1 X-13.481 Y-10.363
M5
G0 X-13.859 Y-9.912 F2500
M3 S220
G1 F1000
G1 X-13.715 Y-9.930
G1 X-13.643 Y-10.003
G1 X-13.643 Y-9.949
G1 X-13.463 Y-9.985
G1 X-13.139 Y-10.111
G1 X-12.940 Y-10.255
G1 X-12.922 Y-10.327
G1 X-12.958 Y-10.309
G1 X-12.868 Y-10.417
G1 X-12.904 Y-10.435
G1 X-13.157 Y-10.165
G1 X-12.922 Y-10.417
G1 X-13.012 Y-10.417
G1 X-13.247 Y-10.201
G1 X-13.048 Y-10.381
G1 X-13.139 Y-10.381
G1 X-13.283 Y-10.255
G1 X-13.625 Y-10.111
G1 X-13.697 Y-10.003
G1 X-13.589 Y-10.147
G1 X-13.391 Y-10.291
G1 X-13.427 Y-10.309
G1 X-13.607 Y-10.219
G1 X-13.859 Y-9.912
M5
G0 X-14.184 Y-9.444 F2500
M3 S220
G1 F1000
G1 X-14.148 Y-9.408
G1 X-13.932 Y-9.606
G1 X-14.022 Y-9.498
G1 X-13.751 Y-9.534
G1 X-13.463 Y-9.660
G1 X-13.157 Y-9.985
G1 X-13.229 Y-9.985
G1 X-13.355 Y-9.858
G1 X-13.265 Y-9.967
G1 X-13.301 Y-9.985
G1 X-13.571 Y-9.786
G1 X-13.409 Y-9.930
G1 X-13.463 Y-9.949
G1 X-13.841 Y-9.660
G1 X-13.661 Y-9.822
G1 X-13.661 Y-9.894
G1 X-13.895 Y-9.786
G1 X-14.040 Y-9.660
G1 X-14.184 Y-9.444
M5
G0 X-14.400 Y-8.993 F2500
M3 S220
G1 F1000
G1 X-14.346 Y-8.975
G1 X-14.256 Y-9.029
G1 X-14.094 Y-9.047
G1 X-13.787 Y-9.192
G1 X-13.589 Y-9.390
G1 X-13.535 Y-9.534
G1 X-13.643 Y-9.444
G1 X-13.607 Y-9.498
G1 X-13.661 Y-9.516
G1 X-13.805 Y-9.354
G1 X-13.751 Y-9.480
G1 X-13.841 Y-9.462
G1 X-13.950 Y-9.318
G1 X-14.256 Y-9.174
G1 X-14.400 Y-8.993
M5
G0 X-14.508 Y-8.939 F2500
M3 S220
G1 F1000
G1 X-14.472 Y-8.921
G1 X-14.256 Y-9.192
G1 X-13.968 Y-9.390
G1 X-14.004 Y-9.408
G1 X-14.256 Y-9.264
G1 X-14.508 Y-8.939
M5
G0 X-14.725 Y-8.435 F2500
M3 S220
G1 F1000
G1 X-14.580 Y-8.561
G1 X-14.598 Y-8.489
G1 X-14.220 Y-8.633
G1 X-14.112 Y-8.795
G1 X-13.841 Y-9.029
G1 X-13.877 Y-9.065
G1 X-14.040 Y-8.921
G1 X-13.932 Y-9.029
G1 X-14.022 Y-9.011
G1 X-14.238 Y-8.759
G1 X-14.040 Y-8.993
G1 X-14.166 Y-8.975
G1 X-14.310 Y-8.813
G1 X-14.526 Y-8.723
G1 X-14.743 Y-8.471
G1 X-14.725 Y-8.435
M5
G0 X-14.797 Y-8.417 F2500
M3 S220
G1 F1000
G1 X-14.670 Y-8.597
G1 X-14.328 Y-8.885
G1 X-14.400 Y-8.885
G1 X-14.634 Y-8.723
G1 X-14.761 Y-8.561
G1 X-14.797 Y-8.417
M5
G0 X-15.049 Y-7.912 F2500
M3 S220
G1 F1000
G1 X-14.851 Y-8.074
G1 X-14.887 Y-7.966
G1 X-14.652 Y-8.038
G1 X-14.436 Y-8.164
G1 X-14.238 Y-8.363
G1 X-14.148 Y-8.507
G1 X-14.148 Y-8.579
G1 X-14.292 Y-8.435
G1 X-14.184 Y-8.561
G1 X-14.256 Y-8.561
G1 X-14.328 Y-8.471
G1 X-14.310 Y-8.543
G1 X-14.472 Y-8.399
G1 X-14.418 Y-8.471
G1 X-14.508 Y-8.471
G1 X-14.833 Y-8.272
G1 X-14.977 Y-8.128
G1 X-15.013 Y-8.002
G1 X-14.833 Y-8.200
G1 X-14.706 Y-8.290
G1 X-14.706 Y-8.236
G1 X-14.526 Y-8.417
G1 X-14.652 Y-8.272
G1 X-14.905 Y-8.128
G1 X-15.031 Y-7.948
G1 X-15.049 Y-7.984
G1 X-15.049 Y-7.912
M5
G0 X-15.265 Y-7.533 F2500
M3 S220
G1 F1000
G1 X-15.175 Y-7.642
G1 X-14.905 Y-7.822
G1 X-15.211 Y-7.570
G1 X-15.193 Y-7.515
G1 X-15.121 Y-7.588
G1 X-15.193 Y-7.497
G1 X-15.175 Y-7.461
G1 X-14.779 Y-7.624
G1 X-14.526 Y-7.858
G1 X-14.436 Y-8.020
G1 X-14.454 Y-8.074
G1 X-14.634 Y-7.858
G1 X-14.508 Y-8.020
G1 X-14.580 Y-8.020
G1 X-14.706 Y-7.840
G1 X-14.616 Y-7.966
G1 X-14.652 Y-7.984
G1 X-14.833 Y-7.822
G1 X-14.706 Y-7.948
G1 X-14.941 Y-7.876
G1 X-15.265 Y-7.606
G1 X-15.265 Y-7.533
M5
G0 X-15.518 Y-6.957 F2500
M3 S220
G1 F1000
G1 X-15.337 Y-7.173
G1 X-15.121 Y-7.335
G1 X-15.518 Y-6.957
M5
G0 X-15.608 Y-6.813 F2500
M3 S220
G1 F1000
G1 X-15.536 Y-6.903
G1 X-15.518 Y-6.867
G1 X-15.319 Y-7.119
G1 X-15.481 Y-6.903
G1 X-15.445 Y-6.885
G1 X-15.103 Y-7.047
G1 X-14.815 Y-7.461
G1 X-14.833 Y-7.533
G1 X-15.067 Y-7.335
G1 X-14.995 Y-7.425
G1 X-15.085 Y-7.425
G1 X-15.409 Y-7.191
G1 X-15.590 Y-6.939
G1 X-15.608 Y-6.813
M5
G0 X-15.842 Y-6.272 F2500
M3 S220
G1 F1000
G1 X-15.662 Y-6.434
G1 X-15.662 Y-6.362
G1 X-15.229 Y-6.596
G1 X-15.049 Y-6.813
G1 X-14.977 Y-6.957
G1 X-14.995 Y-7.011
G1 X-15.283 Y-6.650
G1 X-15.085 Y-6.957
G1 X-15.121 Y-6.975
G1 X-15.211 Y-6.921
G1 X-15.337 Y-6.758
G1 X-15.265 Y-6.849
G1 X-15.265 Y-6.921
G1 X-15.608 Y-6.686
G1 X-15.770 Y-6.506
G1 X-15.860 Y-6.308
G1 X-15.842 Y-6.272
M5
G0 X-16.022 Y-5.749 F2500
M3 S220
G1 F1000
G1 X-15.968 Y-5.713
G1 X-15.445 Y-6.056
G1 X-15.319 Y-6.200
G1 X-15.193 Y-6.470
G1 X-15.211 Y-6.524
G1 X-15.463 Y-6.128
G1 X-15.337 Y-6.308
G1 X-15.337 Y-6.398
G1 X-15.427 Y-6.272
G1 X-15.391 Y-6.416
G1 X-15.590 Y-6.218
G1 X-15.518 Y-6.362
G1 X-15.644 Y-6.308
G1 X-15.950 Y-6.002
G1 X-16.022 Y-5.857
G1 X-16.004 Y-5.803
G1 X-15.716 Y-6.146
G1 X-16.022 Y-5.749
M5
G0 X-16.274 Y-5.046 F2500
M3 S220
G1 F1000
G1 X-16.238 Y-5.028
G1 X-16.058 Y-5.245
G1 X-15.770 Y-5.407
G1 X-15.572 Y-5.587
G1 X-15.499 Y-5.749
G1 X-15.536 Y-5.857
G1 X-15.554 Y-5.731
G1 X-15.626 Y-5.695
G1 X-15.590 Y-5.839
G1 X-15.662 Y-5.731
G1 X-15.626 Y-5.857
G1 X-15.788 Y-5.677
G1 X-15.734 Y-5.803
G1 X-15.896 Y-5.695
G1 X-16.166 Y-5.425
G1 X-16.184 Y-5.299
G1 X-16.004 Y-5.479
G1 X-16.148 Y-5.335
G1 X-16.274 Y-5.046
M5
G0 X-16.401 Y-4.560 F2500
M3 S220
G1 F1000
G1 X-16.365 Y-4.542
G1 X-15.824 Y-4.974
G1 X-15.698 Y-5.173
G1 X-15.716 Y-5.227
G1 X-15.842 Y-5.028
G1 X-15.770 Y-5.118
G1 X-15.734 Y-5.263
G1 X-15.896 Y-5.010
G1 X-15.806 Y-5.191
G1 X-15.806 Y-5.299
G1 X-15.968 Y-5.082
G1 X-15.932 Y-5.245
G1 X-16.292 Y-4.920
G1 X-16.419 Y-4.668
G1 X-16.365 Y-4.614
G1 X-16.383 Y-4.650
G1 X-16.329 Y-4.740
G1 X-16.365 Y-4.614
G1 X-16.256 Y-4.776
G1 X-16.401 Y-4.560
M5
G0 X-16.599 Y-3.875 F2500
M3 S220
G1 F1000
G1 X-15.950 Y-4.434
G1 X-15.824 Y-4.722
G1 X-15.842 Y-4.776
G1 X-15.968 Y-4.578
G1 X-15.914 Y-4.704
G1 X-15.932 Y-4.758
G1 X-16.040 Y-4.668
G1 X-16.184 Y-4.632
G1 X-16.329 Y-4.488
G1 X-16.545 Y-4.181
G1 X-16.545 Y-4.073
G1 X-16.292 Y-4.416
G1 X-16.581 Y-4.019
G1 X-16.599 Y-3.875
M5
G0 X-16.671 Y-3.352 F2500
M3 S220
G1 F1000
G1 X-16.112 Y-3.875
G1 X-16.058 Y-3.965
G1 X-16.094 Y-4.037
G1 X-16.202 Y-3.893
G1 X-16.112 Y-4.037
G1 X-16.112 Y-4.181
G1 X-16.256 Y-3.983
G1 X-16.202 Y-4.127
G1 X-16.509 Y-3.803
G1 X-16.671 Y-3.478
G1 X-16.671 Y-3.352
M5
G0 X-16.779 Y-2.938 F2500
M3 S220
G1 F1000
G1 X-16.509 Y-3.370
G1 X-16.545 Y-3.388
G1 X-16.761 Y-3.118
G1 X-16.779 Y-2.938
M5
G0 X-16.815 Y-2.667 F2500
M3 S220
G1 F1000
G1 X-16.256 Y-3.280
G1 X-16.166 Y-3.442
G1 X-16.166 Y-3.550
G1 X-16.256 Y-3.406
G1 X-16.202 Y-3.496
G1 X-16.238 Y-3.587
G1 X-16.383 Y-3.460
G1 X-16.365 Y-3.532
G1 X-16.455 Y-3.442
G1 X-16.761 Y-2.974
G1 X-16.833 Y-2.757
G1 X-16.815 Y-2.667
M5
G0 X-16.887 Y-2.289 F2500
M3 S220
G1 F1000
G1 X-16.653 Y-2.739
G1 X-16.851 Y-2.523
G1 X-16.905 Y-2.379
G1 X-16.887 Y-2.289
M5
G0 X-16.887 Y-2.109 F2500
M3 S220
G1 F1000
G1 X-16.383 Y-2.649
G1 X-16.311 Y-2.920
G1 X-16.365 Y-2.830
G1 X-16.347 Y-2.956
G1 X-16.419 Y-2.902
G1 X-16.401 Y-2.974
G1 X-16.635 Y-2.757
G1 X-16.869 Y-2.325
G1 X-16.887 Y-2.109
M5
G0 X-16.977 Y-1.532 F2500
M3 S220
G1 F1000
G1 X-16.581 Y-1.892
G1 X-16.401 Y-2.199
G1 X-16.437 Y-2.235
G1 X-16.473 Y-2.163
G1 X-16.401 Y-2.343
G1 X-16.419 Y-2.397
G1 X-16.437 Y-2.361
G1 X-16.455 Y-2.415
G1 X-16.509 Y-2.289
G1 X-16.527 Y-2.361
G1 X-16.671 Y-2.217
G1 X-16.941 Y-1.694
G1 X-16.743 Y-2.163
G1 X-16.887 Y-2.001
G1 X-16.977 Y-1.802
G1 X-16.977 Y-1.532
M5
G0 X-17.013 Y-1.063 F2500
M3 S220
G1 F1000
G1 X-16.761 Y-1.604
G1 X-16.995 Y-1.280
G1 X-17.013 Y-1.063
M5
G0 X-17.013 Y-0.883 F2500
M3 S220
G1 F1000
G1 X-16.527 Y-1.460
G1 X-16.473 Y-1.874
G1 X-16.527 Y-1.784
G1 X-16.653 Y-1.712
G1 X-16.635 Y-1.676
G1 X-16.869 Y-1.370
G1 X-17.049 Y-0.919
G1 X-17.013 Y-0.883
M5
G0 X-17.067 Y-0.360 F2500
M3 S220
G1 F1000
G1 X-16.779 Y-1.027
G1 X-17.031 Y-0.685
G1 X-17.085 Y-0.469
G1 X-17.067 Y-0.360
M5
G0 X-17.049 Y-0.234 F2500
M3 S220
G1 F1000
G1 X-16.941 Y-0.415
G1 X-16.635 Y-0.757
G1 X-16.527 Y-0.955
G1 X-16.527 Y-1.135
G1 X-16.563 Y-1.045
G1 X-16.527 Y-1.171
G1 X-16.581 Y-1.208
G1 X-16.833 Y-0.901
G1 X-16.995 Y-0.577
G1 X-17.067 Y-0.306
G1 X-17.049 Y-0.234
M5
G0 X-17.049 Y0.360 F2500
M3 S220
G1 F1000
G1 X-16.707 Y-0.090
G1 X-16.545 Y-0.378
G1 X-16.545 Y-0.559
G1 X-16.581 Y-0.469
G1 X-16.563 Y-0.685
G1 X-16.707 Y-0.451
G1 X-16.689 Y-0.541
G1 X-16.869 Y-0.360
G1 X-17.031 Y-0.090
G1 X-17.085 Y0.108
G1 X-17.049 Y0.360
M5
G0 X-17.031 Y0.937 F2500
M3 S220
G1 F1000
G1 X-16.545 Y0.198
G1 X-16.527 Y0.018
G1 X-16.545 Y-0.054
G1 X-16.581 Y0.054
G1 X-16.581 Y-0.108
G1 X-16.671 Y0.072
G1 X-16.689 Y0.036
G1 X-16.869 Y0.234
G1 X-17.049 Y0.559
G1 X-17.067 Y0.811
G1 X-17.031 Y0.937
M5
G0 X-16.959 Y1.550 F2500
M3 S220
G1 F1000
G1 X-16.923 Y1.424
G1 X-16.671 Y1.099
G1 X-16.509 Y0.721
G1 X-16.527 Y0.523
G1 X-16.563 Y0.613
G1 X-16.581 Y0.487
G1 X-16.869 Y0.829
G1 X-16.995 Y1.099
G1 X-17.031 Y1.424
G1 X-16.959 Y1.550
M5
G0 X-16.923 Y2.145 F2500
M3 S220
G1 F1000
G1 X-16.509 Y1.442
G1 X-16.473 Y1.316
G1 X-16.509 Y1.027
G1 X-16.545 Y1.208
G1 X-16.563 Y1.099
G1 X-16.905 Y1.622
G1 X-16.959 Y1.820
G1 X-16.959 Y2.091
G1 X-16.923 Y2.145
M5
G0 X-16.833 Y2.703 F2500
M3 S220
G1 F1000
G1 X-16.455 Y2.037
G1 X-16.491 Y1.874
G1 X-16.473 Y1.838
G1 X-16.455 Y1.982
G1 X-16.419 Y1.784
G1 X-16.473 Y1.622
G1 X-16.833 Y2.163
G1 X-16.887 Y2.361
G1 X-16.869 Y2.667
G1 X-16.833 Y2.703
M5
G0 X-16.707 Y3.334 F2500
M3 S220
G1 F1000
G1 X-16.635 Y3.100
G1 X-16.365 Y2.595
G1 X-16.365 Y2.307
G1 X-16.473 Y2.721
G1 X-16.383 Y2.433
G1 X-16.401 Y2.253
G1 X-16.437 Y2.379
G1 X-16.455 Y2.289
G1 X-16.635 Y2.559
G1 X-16.797 Y2.920
G1 X-16.797 Y3.118
G1 X-16.707 Y3.334
M5
G0 X-16.401 Y3.496 F2500
M3 S220
G1 F1000
G1 X-16.274 Y3.262
G1 X-16.292 Y2.938
G1 X-16.401 Y3.496
M5
G0 X-16.545 Y3.875 F2500
M3 S220
G1 F1000
G1 X-16.329 Y3.136
G1 X-16.347 Y2.902
G1 X-16.383 Y2.956
G1 X-16.401 Y2.884
G1 X-16.671 Y3.478
G1 X-16.617 Y3.821
G1 X-16.545 Y3.875
M5
G0 X-16.455 Y4.470 F2500
M3 S220
G1 F1000
G1 X-16.401 Y4.470
G1 X-16.347 Y4.235
G1 X-16.166 Y3.893
G1 X-16.130 Y3.695
G1 X-16.166 Y3.460
G1 X-16.202 Y3.749
G1 X-16.184 Y3.587
G1 X-16.238 Y3.478
G1 X-16.274 Y3.478
G1 X-16.509 Y3.983
G1 X-16.527 Y4.307
G1 X-16.455 Y4.470
M5
G0 X-16.256 Y5.082 F2500
M3 S220
G1 F1000
G1 X-16.040 Y4.560
G1 X-15.968 Y4.253
G1 X-16.004 Y4.127
G1 X-16.022 Y4.307
G1 X-16.004 Y4.109
G1 X-16.058 Y4.001
G1 X-16.094 Y4.055
G1 X-16.094 Y3.947
G1 X-16.292 Y4.343
G1 X-16.365 Y4.596
G1 X-16.365 Y4.866
G1 X-16.256 Y5.082
M5
G0 X-15.914 Y5.227 F2500
M3 S220
G1 F1000
G1 X-15.824 Y4.920
G1 X-15.824 Y4.722
G1 X-15.860 Y4.686
G1 X-15.914 Y5.227
M5
G0 X-16.058 Y5.659 F2500
M3 S220
G1 F1000
G1 X-15.950 Y5.317
G1 X-15.932 Y4.650
G1 X-15.968 Y4.596
G1 X-16.184 Y5.245
G1 X-16.184 Y5.389
G1 X-16.058 Y5.659
M5
G0 X-15.806 Y6.272 F2500
M3 S220
G1 F1000
G1 X-15.752 Y5.695
G1 X-15.716 Y5.821
G1 X-15.662 Y5.695
G1 X-15.644 Y5.389
G1 X-15.698 Y5.335
G1 X-15.716 Y5.371
G1 X-15.770 Y5.118
G1 X-15.968 Y5.605
G1 X-15.968 Y6.002
G1 X-15.806 Y6.272
M5
G0 X-15.590 Y6.813 F2500
M3 S220
G1 F1000
G1 X-15.554 Y6.813
G1 X-15.518 Y6.488
G1 X-15.409 Y6.200
G1 X-15.427 Y5.857
G1 X-15.463 Y5.947
G1 X-15.499 Y5.749
G1 X-15.536 Y5.893
G1 X-15.572 Y5.623
G1 X-15.698 Y6.038
G1 X-15.734 Y6.398
G1 X-15.680 Y6.686
G1 X-15.590 Y6.813
M5
G0 X-15.265 Y6.975 F2500
M3 S220
G1 F1000
G1 X-15.193 Y6.722
G1 X-15.193 Y6.452
G1 X-15.229 Y6.416
G1 X-15.265 Y6.975
M5
G0 X-15.337 Y7.371 F2500
M3 S220
G1 F1000
G1 X-15.283 Y7.335
G1 X-15.301 Y6.326
G1 X-15.337 Y6.218
G1 X-15.499 Y6.795
G1 X-15.445 Y7.209
G1 X-15.337 Y7.371
M5
G0 X-15.013 Y8.020 F2500
M3 S220
G1 F1000
G1 X-14.995 Y7.570
G1 X-15.031 Y7.425
G1 X-14.977 Y7.588
G1 X-14.905 Y7.407
G1 X-14.905 Y7.191
G1 X-14.959 Y6.993
G1 X-14.977 Y7.281
G1 X-14.977 Y7.119
G1 X-15.013 Y7.011
G1 X-15.085 Y6.957
G1 X-14.995 Y7.335
G1 X-15.085 Y7.065
G1 X-15.085 Y6.813
G1 X-15.121 Y6.740
G1 X-15.229 Y7.407
G1 X-15.157 Y7.786
G1 X-15.013 Y8.020
M5
G0 X-14.688 Y8.507 F2500
M3 S220
G1 F1000
G1 X-14.706 Y8.056
G1 X-14.652 Y8.092
G1 X-14.616 Y7.768
G1 X-14.652 Y7.606
G1 X-14.670 Y7.732
G1 X-14.688 Y7.533
G1 X-14.743 Y7.443
G1 X-14.761 Y7.588
G1 X-14.779 Y7.461
G1 X-14.851 Y7.407
G1 X-14.923 Y7.822
G1 X-14.923 Y8.110
G1 X-14.797 Y8.453
G1 X-14.688 Y8.507
M5
G0 X-14.346 Y9.101 F2500
M3 S220
G1 F1000
G1 X-14.328 Y8.921
G1 X-14.400 Y8.543
G1 X-14.346 Y8.705
G1 X-14.292 Y8.543
G1 X-14.292 Y8.326
G1 X-14.364 Y8.110
G1 X-14.382 Y8.182
G1 X-14.328 Y8.363
G1 X-14.454 Y8.002
G1 X-14.472 Y8.074
G1 X-14.544 Y7.876
G1 X-14.598 Y8.597
G1 X-14.562 Y8.795
G1 X-14.418 Y9.065
G1 X-14.346 Y9.101
M5
G0 X-14.004 Y9.624 F2500
M3 S220
G1 F1000
G1 X-13.968 Y9.588
G1 X-13.950 Y9.228
G1 X-13.968 Y8.813
G1 X-14.022 Y8.687
G1 X-14.058 Y8.741
G1 X-14.022 Y8.939
G1 X-14.130 Y8.579
G1 X-14.112 Y8.867
G1 X-14.202 Y8.489
G1 X-14.256 Y9.137
G1 X-14.112 Y9.552
G1 X-14.076 Y9.588
G1 X-14.058 Y9.552
G1 X-14.004 Y9.624
M5
G0 X-13.571 Y10.255 F2500
M3 S220
G1 F1000
G1 X-13.553 Y10.093
G1 X-13.679 Y9.588
G1 X-13.589 Y9.858
G1 X-13.571 Y9.552
G1 X-13.607 Y9.354
G1 X-13.661 Y9.246
G1 X-13.715 Y9.354
G1 X-13.733 Y9.246
G1 X-13.697 Y9.246
G1 X-13.787 Y9.101
G1 X-13.769 Y9.354
G1 X-13.859 Y9.011
G1 X-13.877 Y9.750
G1 X-13.751 Y10.057
G1 X-13.571 Y10.255
M5
G0 X-13.157 Y10.814 F2500
M3 S220
G1 F1000
G1 X-13.193 Y10.669
G1 X-13.157 Y10.723
G1 X-13.139 Y10.633
G1 X-13.193 Y10.471
G1 X-13.175 Y10.093
G1 X-13.319 Y9.732
G1 X-13.355 Y9.840
G1 X-13.229 Y10.201
G1 X-13.319 Y9.967
G1 X-13.337 Y10.021
G1 X-13.337 Y9.876
G1 X-13.463 Y9.714
G1 X-13.517 Y10.021
G1 X-13.481 Y10.255
G1 X-13.355 Y10.579
G1 X-13.157 Y10.814
M5
G0 X-12.724 Y11.282 F2500
M3 S220
G1 F1000
G1 X-12.760 Y10.561
G1 X-12.922 Y10.255
G1 X-12.940 Y10.327
G1 X-12.886 Y10.435
G1 X-12.904 Y10.399
G1 X-12.922 Y10.471
G1 X-12.832 Y10.633
G1 X-12.796 Y10.850
G1 X-12.940 Y10.345
G1 X-13.030 Y10.273
G1 X-12.994 Y10.255
G1 X-13.066 Y10.129
G1 X-13.084 Y10.579
G1 X-13.048 Y10.814
G1 X-12.922 Y11.084
G1 X-12.724 Y11.282
M5
G0 X-12.237 Y11.769 F2500
M3 S220
G1 F1000
G1 X-12.327 Y11.048
G1 X-12.490 Y10.742
G1 X-12.670 Y10.543
G1 X-12.688 Y10.579
G1 X-12.364 Y11.156
G1 X-12.327 Y11.480
G1 X-12.436 Y11.048
G1 X-12.652 Y10.633
G1 X-12.670 Y10.705
G1 X-12.580 Y10.904
G1 X-12.652 Y10.760
G1 X-12.652 Y11.138
G1 X-12.580 Y11.390
G1 X-12.454 Y11.625
G1 X-12.346 Y11.733
G1 X-12.237 Y11.769
M5
G0 X-11.787 Y11.985 F2500
M3 S220
G1 F1000
G1 X-11.877 Y11.571
G1 X-11.985 Y11.444
G1 X-11.931 Y11.498
G1 X-11.949 Y11.372
G1 X-12.129 Y11.156
G1 X-12.165 Y11.210
G1 X-11.949 Y11.571
G1 X-11.859 Y11.931
G1 X-11.787 Y11.985
M5
G0 X-11.751 Y12.291 F2500
M3 S220
G1 F1000
G1 X-11.733 Y12.237
G1 X-11.805 Y12.003
G1 X-11.859 Y11.949
G1 X-11.913 Y11.697
G1 X-12.183 Y11.192
G1 X-12.201 Y11.498
G1 X-12.129 Y11.859
G1 X-12.021 Y12.057
G1 X-11.751 Y12.291
M5
G0 X-11.228 Y12.778 F2500
M3 S220
G1 F1000
G1 X-11.282 Y12.508
G1 X-11.336 Y12.508
G1 X-11.282 Y12.472
G1 X-11.426 Y11.931
G1 X-11.661 Y11.661
G1 X-11.679 Y11.715
G1 X-11.589 Y11.823
G1 X-11.408 Y12.255
G1 X-11.571 Y11.895
G1 X-11.751 Y11.643
G1 X-11.661 Y12.255
G1 X-11.535 Y12.526
G1 X-11.228 Y12.778
M5
G0 X-10.760 Y12.904 F2500
M3 S220
G1 F1000
G1 X-10.940 Y12.364
G1 X-11.210 Y12.057
G1 X-11.246 Y12.093
G1 X-11.030 Y12.382
G1 X-10.886 Y12.724
G1 X-10.760 Y12.904
M5
G0 X-10.687 Y13.157 F2500
M3 S220
G1 F1000
G1 X-10.760 Y12.922
G1 X-10.814 Y12.940
G1 X-11.084 Y12.309
G1 X-11.246 Y12.111
G1 X-11.264 Y12.165
G1 X-11.138 Y12.382
G1 X-11.228 Y12.219
G1 X-11.210 Y12.508
G1 X-11.084 Y12.850
G1 X-10.850 Y13.120
G1 X-10.760 Y13.175
G1 X-10.687 Y13.157
M5
G0 X-10.165 Y13.643 F2500
M3 S220
G1 F1000
G1 X-10.201 Y13.445
G1 X-10.273 Y13.409
G1 X-10.219 Y13.337
G1 X-10.327 Y12.976
G1 X-10.507 Y12.706
G1 X-10.742 Y12.490
G1 X-10.742 Y12.562
G1 X-10.453 Y12.922
G1 X-10.291 Y13.373
G1 X-10.453 Y12.958
G1 X-10.723 Y12.598
G1 X-10.633 Y13.120
G1 X-10.435 Y13.463
G1 X-10.165 Y13.643
M5
G0 X-9.606 Y14.058 F2500
M3 S220
G1 F1000
G1 X-9.606 Y13.932
G1 X-9.660 Y13.823
G1 X-9.714 Y13.823
G1 X-9.660 Y13.787
G1 X-9.858 Y13.283
G1 X-10.183 Y12.940
G1 X-10.201 Y12.976
G1 X-9.840 Y13.499
G1 X-9.732 Y13.787
G1 X-9.876 Y13.463
G1 X-10.201 Y12.994
G1 X-10.165 Y13.319
G1 X-10.057 Y13.625
G1 X-9.822 Y13.932
G1 X-9.606 Y14.058
M5
G0 X-8.957 Y14.454 F2500
M3 S220
G1 F1000
G1 X-9.228 Y13.787
G1 X-9.498 Y13.535
G1 X-9.516 Y13.571
G1 X-9.372 Y13.733
G1 X-9.246 Y13.968
G1 X-9.174 Y14.004
G1 X-9.210 Y14.058
G1 X-9.101 Y14.274
G1 X-9.408 Y13.715
G1 X-9.660 Y13.427
G1 X-9.678 Y13.481
G1 X-9.498 Y14.004
G1 X-9.210 Y14.346
G1 X-9.029 Y14.454
G1 X-8.957 Y14.454
M5
G0 X-8.344 Y14.815 F2500
M3 S220
G1 F1000
G1 X-8.561 Y14.364
G1 X-8.543 Y14.328
G1 X-8.705 Y14.058
G1 X-8.957 Y13.859
G1 X-8.957 Y13.913
G1 X-8.777 Y14.112
G1 X-8.489 Y14.616
G1 X-8.741 Y14.202
G1 X-8.921 Y14.040
G1 X-8.885 Y14.004
G1 X-9.047 Y13.895
G1 X-8.957 Y14.220
G1 X-8.705 Y14.634
G1 X-8.435 Y14.815
G1 X-8.344 Y14.815
M5
G0 X-7.858 Y14.941 F2500
M3 S220
G1 F1000
G1 X-7.840 Y14.869
G1 X-7.966 Y14.598
G1 X-8.236 Y14.310
G1 X-8.254 Y14.346
G1 X-7.858 Y14.941
M5
G0 X-7.732 Y15.139 F2500
M3 S220
G1 F1000
G1 X-7.804 Y15.085
G1 X-7.822 Y14.959
G1 X-7.894 Y14.941
G1 X-8.200 Y14.472
G1 X-8.453 Y14.220
G1 X-8.417 Y14.436
G1 X-8.236 Y14.815
G1 X-7.930 Y15.103
G1 X-7.804 Y15.157
G1 X-7.732 Y15.139
M5
G0 X-7.263 Y15.175 F2500
M3 S220
G1 F1000
G1 X-7.263 Y15.103
G1 X-7.425 Y14.833
G1 X-7.696 Y14.598
G1 X-7.768 Y14.598
G1 X-7.515 Y14.851
G1 X-7.317 Y15.175
G1 X-7.263 Y15.175
M5
G0 X-7.083 Y15.481 F2500
M3 S220
G1 F1000
G1 X-7.155 Y15.373
G1 X-7.119 Y15.355
G1 X-7.191 Y15.301
G1 X-7.227 Y15.319
G1 X-7.497 Y14.923
G1 X-7.822 Y14.616
G1 X-7.876 Y14.490
G1 X-7.894 Y14.544
G1 X-7.624 Y15.139
G1 X-7.389 Y15.373
G1 X-7.173 Y15.481
G1 X-7.083 Y15.481
M5
G0 X-6.416 Y15.770 F2500
M3 S220
G1 F1000
G1 X-6.722 Y15.211
G1 X-7.083 Y14.905
G1 X-7.101 Y14.941
G1 X-6.885 Y15.157
G1 X-6.650 Y15.481
G1 X-6.632 Y15.445
G1 X-6.488 Y15.716
G1 X-6.885 Y15.193
G1 X-7.245 Y14.905
G1 X-7.263 Y14.941
G1 X-7.119 Y15.211
G1 X-6.903 Y15.518
G1 X-6.722 Y15.680
G1 X-6.470 Y15.788
G1 X-6.416 Y15.770
M5
G0 X-6.002 Y15.662 F2500
M3 S220
G1 F1000
G1 X-6.020 Y15.554
G1 X-6.254 Y15.319
G1 X-6.344 Y15.319
G1 X-6.416 Y15.265
G1 X-6.434 Y15.301
G1 X-6.236 Y15.445
G1 X-6.074 Y15.644
G1 X-6.002 Y15.662
M5
G0 X-5.731 Y16.040 F2500
M3 S220
G1 F1000
G1 X-6.218 Y15.481
G1 X-6.596 Y15.193
G1 X-6.614 Y15.229
G1 X-6.452 Y15.518
G1 X-6.128 Y15.896
G1 X-5.893 Y16.022
G1 X-5.731 Y16.040
M5
G0 X-5.191 Y16.022 F2500
M3 S220
G1 F1000
G1 X-5.263 Y15.986
G1 X-5.281 Y15.896
G1 X-5.569 Y15.590
G1 X-5.587 Y15.662
G1 X-5.245 Y16.058
G1 X-5.191 Y16.022
M5
G0 X-5.046 Y16.256 F2500
M3 S220
G1 F1000
G1 X-5.064 Y16.184
G1 X-5.136 Y16.202
G1 X-5.461 Y15.824
G1 X-5.659 Y15.662
G1 X-5.677 Y15.590
G1 X-5.731 Y15.590
G1 X-5.695 Y15.644
G1 X-5.767 Y15.626
G1 X-5.965 Y15.409
G1 X-5.984 Y15.445
G1 X-5.767 Y15.824
G1 X-5.497 Y16.130
G1 X-5.245 Y16.256
G1 X-5.100 Y16.292
G1 X-5.046 Y16.256
M5
G0 X-4.488 Y16.238 F2500
M3 S220
G1 F1000
G1 X-4.956 Y15.770
G1 X-5.028 Y15.788
G1 X-4.596 Y16.238
G1 X-4.488 Y16.238
M5
G0 X-4.289 Y16.509 F2500
M3 S220
G1 F1000
G1 X-4.596 Y16.274
G1 X-4.884 Y15.950
G1 X-5.191 Y15.770
G1 X-5.263 Y15.770
G1 X-4.992 Y16.148
G1 X-4.776 Y16.365
G1 X-4.416 Y16.509
G1 X-4.289 Y16.509
M5
G0 X-3.695 Y16.509 F2500
M3 S220
G1 F1000
G1 X-4.109 Y16.094
G1 X-4.452 Y15.914
G1 X-4.470 Y15.950
G1 X-4.416 Y16.040
G1 X-4.307 Y16.094
G1 X-4.235 Y16.076
G1 X-4.217 Y16.148
G1 X-4.109 Y16.220
G1 X-4.091 Y16.184
G1 X-4.073 Y16.256
G1 X-3.947 Y16.329
G1 X-3.803 Y16.491
G1 X-3.695 Y16.509
M5
G0 X-3.587 Y16.671 F2500
M3 S220
G1 F1000
G1 X-4.289 Y16.094
G1 X-4.560 Y16.004
G1 X-4.325 Y16.329
G1 X-4.145 Y16.491
G1 X-3.803 Y16.653
G1 X-3.587 Y16.671
M5
G0 X-3.100 Y16.563 F2500
M3 S220
G1 F1000
G1 X-3.442 Y16.220
G1 X-3.749 Y16.094
G1 X-3.731 Y16.166
G1 X-3.605 Y16.220
G1 X-3.641 Y16.184
G1 X-3.190 Y16.545
G1 X-3.100 Y16.563
M5
G0 X-2.848 Y16.815 F2500
M3 S220
G1 F1000
G1 X-3.496 Y16.311
G1 X-3.839 Y16.184
G1 X-3.352 Y16.707
G1 X-3.064 Y16.815
G1 X-2.848 Y16.815
M5
G0 X-2.271 Y16.779 F2500
M3 S220
G1 F1000
G1 X-2.595 Y16.455
G1 X-2.631 Y16.473
G1 X-2.757 Y16.329
G1 X-2.739 Y16.383
G1 X-2.848 Y16.383
G1 X-2.992 Y16.292
G1 X-2.920 Y16.401
G1 X-2.739 Y16.437
G1 X-2.397 Y16.743
G1 X-2.271 Y16.779
M5
G0 X-2.127 Y16.923 F2500
M3 S220
G1 F1000
G1 X-2.217 Y16.761
G1 X-2.289 Y16.815
G1 X-2.757 Y16.455
G1 X-3.136 Y16.329
G1 X-2.631 Y16.833
G1 X-2.361 Y16.923
G1 X-2.127 Y16.923
M5
G0 X-1.496 Y16.869 F2500
M3 S220
G1 F1000
G1 X-1.712 Y16.653
G1 X-1.694 Y16.743
G1 X-1.928 Y16.509
G1 X-1.946 Y16.545
G1 X-1.910 Y16.599
G1 X-1.964 Y16.491
G1 X-2.181 Y16.383
G1 X-2.289 Y16.419
G1 X-2.181 Y16.455
G1 X-1.928 Y16.653
G1 X-1.892 Y16.635
G1 X-1.604 Y16.851
G1 X-1.496 Y16.869
M5
G0 X-1.370 Y16.995 F2500
M3 S220
G1 F1000
G1 X-2.127 Y16.527
G1 X-2.325 Y16.473
G1 X-2.361 Y16.509
G1 X-2.091 Y16.797
G1 X-1.838 Y16.959
G1 X-1.604 Y17.013
G1 X-1.370 Y16.995
M5
G0 X-1.280 Y17.104 F2500
M3 S220
G1 F1000
G1 X-3.118 Y16.869
G1 X-4.596 Y16.527
G1 X-5.965 Y16.076
G1 X-6.704 Y15.770
G1 X-7.894 Y15.193
G1 X-9.300 Y14.364
G1 X-9.930 Y13.932
G1 X-11.012 Y13.084
G1 X-12.255 Y11.931
G1 X-13.265 Y10.796
G1 X-14.148 Y9.624
G1 X-14.562 Y8.993
G1 X-15.085 Y8.074
G1 X-15.445 Y7.371
G1 X-15.932 Y6.272
G1 X-16.401 Y4.956
G1 X-16.851 Y3.172
G1 X-17.085 Y1.496
G1 X-17.140 Y0.523
G1 X-17.104 Y-1.316
G1 X-17.031 Y-2.019
G1 X-16.833 Y-3.226
G1 X-16.455 Y-4.812
G1 X-15.914 Y-6.362
G1 X-15.301 Y-7.732
G1 X-14.382 Y-9.300
G1 X-13.589 Y-10.417
G1 X-12.327 Y-11.877
G1 X-11.156 Y-12.976
G1 X-9.732 Y-14.076
G1 X-8.308 Y-14.977
G1 X-6.740 Y-15.752
G1 X-5.028 Y-16.383
G1 X-3.442 Y-16.797
G1 X-2.145 Y-17.013
G1 X-0.415 Y-17.140
G1 X1.244 Y-17.104
G1 X2.884 Y-16.905
G1 X4.163 Y-16.635
G1 X5.731 Y-16.148
G1 X6.777 Y-15.734
G1 X7.624 Y-15.337
G1 X9.119 Y-14.490
G1 X10.687 Y-13.373
G1 X11.805 Y-12.400
G1 X12.490 Y-11.715
G1 X13.030 Y-11.102
G1 X14.076 Y-9.750
G1 X14.797 Y-8.615
G1 X15.554 Y-7.173
G1 X16.220 Y-5.533
G1 X16.743 Y-3.641
G1 X16.941 Y-2.541
G1 X17.122 Y-0.757
G1 X17.104 Y1.081
G1 X16.887 Y2.848
G1 X16.563 Y4.343
G1 X16.004 Y6.074
G1 X15.373 Y7.515
G1 X14.761 Y8.651
G1 X13.643 Y10.309
G1 X12.418 Y11.751
G1 X11.120 Y12.976
G1 X9.858 Y13.968
G1 X8.399 Y14.905
G1 X7.533 Y15.373
G1 X6.722 Y15.752
G1 X5.154 Y16.347
G1 X4.091 Y16.653
G1 X3.208 Y16.851
G1 X1.982 Y17.031
G1 X0.739 Y17.140
G1 X-1.280 Y17.104
M5
G0 X-1.748 Y15.536 F2500
M3 S220
G1 F1000
G1 X-2.037 Y15.463
G1 X-2.307 Y15.319
G1 X-2.559 Y15.049
G1 X-2.685 Y14.706
G1 X-2.667 Y14.256
G1 X-2.541 Y13.968
G1 X-2.289 Y13.715
G1 X-1.928 Y13.571
G1 X-1.622 Y13.553
G1 X-1.262 Y13.625
G1 X-0.955 Y13.769
G1 X-0.901 Y14.076
G1 X-0.937 Y14.310
G1 X-1.045 Y14.274
G1 X-1.153 Y14.022
G1 X-1.316 Y13.859
G1 X-1.496 Y13.787
G1 X-1.694 Y13.787
G1 X-1.892 Y13.877
G1 X-2.037 Y14.022
G1 X-2.127 Y14.184
G1 X-2.199 Y14.454
G1 X-2.163 Y14.959
G1 X-2.055 Y15.157
G1 X-1.838 Y15.301
G1 X-1.568 Y15.319
G1 X-1.460 Y15.283
G1 X-1.280 Y15.139
G1 X-1.171 Y14.941
G1 X-1.009 Y14.977
G1 X-1.135 Y15.499
G1 X-1.748 Y15.536
M5
G0 X-3.929 Y15.157 F2500
M3 S220
G1 F1000
G1 X-4.055 Y15.121
G1 X-4.163 Y15.031
G1 X-5.227 Y14.688
G1 X-5.461 Y14.670
G1 X-5.353 Y14.220
G1 X-5.299 Y14.112
G1 X-5.245 Y14.094
G1 X-5.154 Y14.166
G1 X-5.136 Y14.436
G1 X-4.974 Y14.562
G1 X-4.866 Y14.598
G1 X-4.812 Y14.544
G1 X-4.434 Y13.265
G1 X-4.596 Y13.102
G1 X-4.596 Y12.976
G1 X-4.560 Y12.940
G1 X-3.695 Y13.229
G1 X-3.731 Y13.373
G1 X-3.875 Y13.355
G1 X-4.001 Y13.463
G1 X-4.398 Y14.725
G1 X-4.325 Y14.779
G1 X-4.109 Y14.797
G1 X-3.839 Y14.544
G1 X-3.731 Y14.634
G1 X-3.929 Y15.157
M5
G0 X-5.749 Y14.472 F2500
M3 S220
G1 F1000
G1 X-6.344 Y14.202
G1 X-6.326 Y14.058
G1 X-6.146 Y14.076
G1 X-6.038 Y14.004
G1 X-5.731 Y13.391
G1 X-5.713 Y13.247
G1 X-7.029 Y13.841
G1 X-7.101 Y13.841
G1 X-7.515 Y13.625
G1 X-7.497 Y13.517
G1 X-7.299 Y13.499
G1 X-7.209 Y13.427
G1 X-6.903 Y12.814
G1 X-6.704 Y12.309
G1 X-6.722 Y12.147
G1 X-6.813 Y12.039
G1 X-6.777 Y11.967
G1 X-6.686 Y11.949
G1 X-6.164 Y12.219
G1 X-6.146 Y12.273
G1 X-6.182 Y12.364
G1 X-6.344 Y12.364
G1 X-6.488 Y12.490
G1 X-6.885 Y13.265
G1 X-6.849 Y13.283
G1 X-5.371 Y12.598
G1 X-5.209 Y12.652
G1 X-5.209 Y12.796
G1 X-5.803 Y14.184
G1 X-5.713 Y14.310
G1 X-5.749 Y14.472
M5
G0 X-7.966 Y13.355 F2500
M3 S220
G1 F1000
G1 X-9.047 Y12.634
G1 X-8.993 Y12.526
G1 X-8.849 Y12.544
G1 X-8.723 Y12.436
G1 X-8.074 Y11.372
G1 X-8.074 Y11.264
G1 X-8.164 Y11.156
G1 X-8.092 Y11.048
G1 X-6.903 Y11.841
G1 X-7.011 Y12.219
G1 X-7.083 Y12.309
G1 X-7.191 Y12.273
G1 X-7.209 Y11.967
G1 X-7.389 Y11.733
G1 X-7.588 Y11.625
G1 X-7.642 Y11.625
G1 X-7.732 Y11.715
G1 X-7.966 Y12.093
G1 X-7.948 Y12.165
G1 X-7.750 Y12.291
G1 X-7.515 Y12.165
G1 X-7.425 Y12.291
G1 X-7.732 Y12.778
G1 X-7.804 Y12.778
G1 X-7.876 Y12.706
G1 X-7.840 Y12.616
G1 X-7.876 Y12.490
G1 X-8.110 Y12.346
G1 X-8.417 Y12.796
G1 X-8.110 Y13.012
G1 X-7.948 Y12.994
G1 X-7.804 Y12.850
G1 X-7.678 Y12.922
G1 X-7.678 Y13.030
G1 X-7.966 Y13.355
M5
G0 X-9.408 Y12.346 F2500
M3 S220
G1 F1000
G1 X-9.570 Y12.255
G1 X-9.858 Y11.985
G1 X-9.588 Y10.814
G1 X-10.579 Y11.282
G1 X-10.651 Y11.282
G1 X-11.084 Y10.850
G1 X-11.012 Y10.778
G1 X-10.814 Y10.814
G1 X-10.615 Y10.615
G1 X-10.057 Y9.822
G1 X-9.985 Y9.660
G1 X-10.039 Y9.498
G1 X-9.985 Y9.444
G1 X-9.912 Y9.444
G1 X-9.498 Y9.840
G1 X-9.498 Y9.930
G1 X-9.534 Y9.967
G1 X-9.768 Y9.930
G1 X-10.399 Y10.669
G1 X-10.363 Y10.687
G1 X-9.210 Y10.129
G1 X-9.137 Y10.183
G1 X-9.137 Y10.273
G1 X-9.480 Y11.444
G1 X-8.885 Y10.760
G1 X-8.867 Y10.651
G1 X-8.903 Y10.561
G1 X-8.867 Y10.507
G1 X-8.759 Y10.507
G1 X-8.200 Y11.012
G1 X-8.290 Y11.120
G1 X-8.381 Y11.066
G1 X-8.507 Y11.084
G1 X-8.903 Y11.480
G1 X-9.408 Y12.075
G1 X-9.336 Y12.273
G1 X-9.408 Y12.346
M5
G0 X-11.390 Y10.543 F2500
M3 S220
G1 F1000
G1 X-11.480 Y10.489
G1 X-11.823 Y10.039
G1 X-11.715 Y9.949
G1 X-11.535 Y10.039
G1 X-11.444 Y10.003
G1 X-10.850 Y9.498
G1 X-12.237 Y9.480
G1 X-12.327 Y9.426
G1 X-12.652 Y9.029
G1 X-12.544 Y8.939
G1 X-12.436 Y9.011
G1 X-12.237 Y8.975
G1 X-11.553 Y8.435
G1 X-11.300 Y8.182
G1 X-11.264 Y8.020
G1 X-11.318 Y7.930
G1 X-11.210 Y7.858
G1 X-10.904 Y8.218
G1 X-10.796 Y8.435
G1 X-10.850 Y8.489
G1 X-10.994 Y8.435
G1 X-11.210 Y8.471
G1 X-11.877 Y8.975
G1 X-11.877 Y9.029
G1 X-10.363 Y9.011
G1 X-10.237 Y9.029
G1 X-10.129 Y9.174
G1 X-10.327 Y9.390
G1 X-11.282 Y10.201
G1 X-11.318 Y10.453
G1 X-11.390 Y10.543
M5
G0 X-12.922 Y8.344 F2500
M3 S220
G1 F1000
G1 X-13.066 Y8.254
G1 X-13.229 Y8.074
G1 X-13.697 Y7.281
G1 X-13.607 Y7.209
G1 X-13.427 Y7.281
G1 X-12.490 Y6.722
G1 X-12.255 Y6.542
G1 X-12.237 Y6.452
G1 X-12.273 Y6.380
G1 X-12.165 Y6.272
G1 X-11.751 Y6.975
G1 X-11.823 Y7.065
G1 X-11.967 Y6.993
G1 X-12.057 Y7.011
G1 X-12.382 Y7.209
G1 X-12.418 Y7.317
G1 X-12.364 Y7.353
G1 X-12.201 Y7.317
G1 X-11.625 Y7.335
G1 X-11.462 Y7.461
G1 X-11.300 Y7.732
G1 X-11.300 Y7.804
G1 X-11.372 Y7.858
G1 X-11.426 Y7.804
G1 X-11.589 Y7.768
G1 X-11.949 Y7.768
G1 X-12.255 Y7.822
G1 X-12.291 Y8.056
G1 X-12.418 Y8.236
G1 X-12.652 Y8.363
G1 X-12.922 Y8.344
M5
G0 X-13.084 Y7.894 F2500
M3 S220
G1 F1000
G1 X-12.850 Y7.930
G1 X-12.670 Y7.822
G1 X-12.544 Y7.642
G1 X-12.544 Y7.515
G1 X-12.670 Y7.371
G1 X-13.211 Y7.696
G1 X-13.084 Y7.894
M5
G0 X-13.895 Y6.813 F2500
M3 S220
G1 F1000
G1 X-14.418 Y5.713
G1 X-14.418 Y5.605
G1 X-14.346 Y5.569
G1 X-14.238 Y5.659
G1 X-14.166 Y5.659
G1 X-12.922 Y5.100
G1 X-12.868 Y5.028
G1 X-12.886 Y4.902
G1 X-12.724 Y4.848
G1 X-12.490 Y5.461
G1 X-12.219 Y6.020
G1 X-12.237 Y6.146
G1 X-12.652 Y6.398
G1 X-12.706 Y6.308
G1 X-12.526 Y6.038
G1 X-12.526 Y5.893
G1 X-12.688 Y5.533
G1 X-12.832 Y5.569
G1 X-13.265 Y5.785
G1 X-13.157 Y6.020
G1 X-12.922 Y6.128
G1 X-12.940 Y6.254
G1 X-13.391 Y6.452
G1 X-13.463 Y6.434
G1 X-13.535 Y6.362
G1 X-13.409 Y6.218
G1 X-13.391 Y6.074
G1 X-13.445 Y5.947
G1 X-13.535 Y5.911
G1 X-13.986 Y6.146
G1 X-13.805 Y6.470
G1 X-13.499 Y6.542
G1 X-13.481 Y6.578
G1 X-13.499 Y6.650
G1 X-13.895 Y6.813
M5
G0 X-14.562 Y5.299 F2500
M3 S220
G1 F1000
G1 X-14.725 Y4.812
G1 X-14.706 Y4.722
G1 X-14.634 Y4.686
G1 X-14.526 Y4.794
G1 X-14.436 Y4.812
G1 X-13.679 Y4.235
G1 X-14.670 Y4.127
G1 X-14.725 Y4.181
G1 X-14.725 Y4.307
G1 X-14.851 Y4.307
G1 X-15.031 Y3.677
G1 X-15.031 Y3.550
G1 X-14.887 Y3.532
G1 X-14.815 Y3.641
G1 X-14.706 Y3.677
G1 X-13.139 Y3.803
G1 X-12.994 Y3.857
G1 X-12.976 Y3.965
G1 X-14.382 Y5.100
G1 X-14.400 Y5.317
G1 X-14.562 Y5.299
M5
G0 X-14.598 Y3.226 F2500
M3 S220
G1 F1000
G1 X-14.977 Y3.046
G1 X-15.157 Y2.830
G1 X-15.301 Y2.397
G1 X-15.283 Y1.982
G1 X-15.121 Y1.658
G1 X-14.851 Y1.424
G1 X-14.472 Y1.280
G1 X-14.040 Y1.316
G1 X-13.769 Y1.442
G1 X-13.535 Y1.694
G1 X-13.391 Y2.055
G1 X-13.373 Y2.379
G1 X-13.409 Y2.559
G1 X-13.571 Y2.884
G1 X-13.841 Y3.118
G1 X-14.130 Y3.226
G1 X-14.598 Y3.226
M5
G0 X-15.067 Y2.433 F2500
M3 S220
G1 F1000
G1 X-14.869 Y2.667
G1 X-14.526 Y2.775
G1 X-14.220 Y2.757
G1 X-13.950 Y2.685
G1 X-13.715 Y2.523
G1 X-13.625 Y2.379
G1 X-13.625 Y2.145
G1 X-13.679 Y2.019
G1 X-13.805 Y1.892
G1 X-13.950 Y1.820
G1 X-14.238 Y1.766
G1 X-14.562 Y1.802
G1 X-14.869 Y1.928
G1 X-15.013 Y2.073
G1 X-15.085 Y2.235
G1 X-15.067 Y2.433
M5
G0 X-13.643 Y0.919 F2500
M3 S220
G1 F1000
G1 X-14.220 Y0.955
G1 X-14.310 Y1.081
G1 X-14.454 Y1.081
G1 X-14.472 Y0.288
G1 X-14.328 Y0.252
G1 X-14.292 Y0.415
G1 X-14.184 Y0.487
G1 X-13.841 Y0.469
G1 X-13.751 Y0.396
G1 X-13.733 Y0.306
G1 X-13.787 Y0.054
G1 X-13.950 Y-0.126
G1 X-14.328 Y-0.270
G1 X-14.725 Y-0.252
G1 X-14.923 Y-0.180
G1 X-15.139 Y-0.000
G1 X-15.229 Y0.198
G1 X-15.229 Y0.469
G1 X-15.085 Y0.685
G1 X-14.869 Y0.775
G1 X-14.887 Y0.937
G1 X-15.067 Y0.955
G1 X-15.355 Y0.901
G1 X-15.445 Y0.613
G1 X-15.463 Y0.180
G1 X-15.409 Y-0.108
G1 X-15.229 Y-0.433
G1 X-14.995 Y-0.631
G1 X-14.670 Y-0.757
G1 X-14.256 Y-0.757
G1 X-13.877 Y-0.595
G1 X-13.661 Y-0.360
G1 X-13.517 Y0.018
G1 X-13.517 Y0.487
G1 X-13.643 Y0.919
M5
G0 X-9.246 Y-0.757 F2500
M3 S220
G1 F1000
G1 X-9.570 Y-1.406
G1 X-10.057 Y-2.055
G1 X-10.057 Y-2.667
G1 X-9.985 Y-3.623
G1 X-9.714 Y-4.938
G1 X-9.462 Y-5.677
G1 X-8.903 Y-6.813
G1 X-8.507 Y-7.389
G1 X-9.101 Y-6.434
G1 X-9.498 Y-5.551
G1 X-9.768 Y-4.686
G1 X-9.985 Y-3.478
G1 X-10.039 Y-2.073
G1 X-9.678 Y-1.604
G1 X-9.246 Y-0.757
M5
G0 X-8.975 Y-0.415 F2500
M3 S220
G1 F1000
G1 X-9.083 Y-0.721
G1 X-9.444 Y-1.406
G1 X-9.678 Y-1.784
G1 X-9.949 Y-2.109
G1 X-9.876 Y-3.478
G1 X-9.786 Y-4.109
G1 X-9.624 Y-4.776
G1 X-9.858 Y-3.532
G1 X-9.930 Y-2.127
G1 X-9.660 Y-1.802
G1 X-9.444 Y-1.460
G1 X-9.137 Y-0.865
G1 X-8.975 Y-0.415
M5
G0 X-7.209 Y0.306 F2500
M3 S220
G1 F1000
G1 X-7.083 Y0.126
G1 X-6.813 Y-0.018
G1 X-6.668 Y-0.018
G1 X-6.596 Y0.036
G1 X-5.929 Y-0.000
G1 X-5.893 Y0.054
G1 X-4.434 Y0.054
G1 X-4.307 Y-0.054
G1 X-4.091 Y-0.072
G1 X-3.857 Y-0.252
G1 X-3.875 Y-0.378
G1 X-3.839 Y-0.451
G1 X-3.695 Y-0.505
G1 X-3.641 Y-0.721
G1 X-3.514 Y-0.847
G1 X-3.514 Y-1.478
G1 X-3.460 Y-1.532
G1 X-3.316 Y-1.550
G1 X-3.208 Y-1.514
G1 X-2.775 Y-1.532
G1 X-2.775 Y-1.748
G1 X-2.956 Y-1.982
G1 X-2.956 Y-2.145
G1 X-2.487 Y-2.145
G1 X-2.361 Y-2.091
G1 X-2.181 Y-1.874
G1 X-2.019 Y-1.514
G1 X-1.802 Y-1.496
G1 X2.055 Y-1.514
G1 X2.217 Y-1.874
G1 X2.397 Y-2.091
G1 X2.613 Y-2.163
G1 X3.010 Y-2.145
G1 X3.010 Y-2.001
G1 X2.812 Y-1.766
G1 X2.830 Y-1.514
G1 X3.208 Y-1.514
G1 X3.262 Y-1.550
G1 X3.478 Y-1.550
G1 X3.514 Y-1.514
G1 X3.514 Y-0.829
G1 X3.623 Y-0.739
G1 X3.677 Y-0.505
G1 X3.857 Y-0.396
G1 X3.875 Y-0.216
G1 X4.073 Y-0.072
G1 X4.289 Y-0.072
G1 X4.416 Y0.036
G1 X5.281 Y0.036
G1 X5.389 Y-0.036
G1 X5.659 Y-0.018
G1 X5.749 Y0.072
G1 X6.110 Y0.180
G1 X6.452 Y0.433
G1 X6.740 Y0.721
G1 X6.957 Y0.847
G1 X7.137 Y0.901
G1 X7.317 Y0.847
G1 X7.678 Y0.865
G1 X7.786 Y0.955
G1 X7.858 Y1.208
G1 X7.804 Y1.334
G1 X7.660 Y1.460
G1 X7.497 Y1.532
G1 X7.173 Y1.550
G1 X6.777 Y1.478
G1 X6.542 Y1.370
G1 X5.731 Y0.739
G1 X5.587 Y0.811
G1 X5.100 Y0.703
G1 X4.416 Y0.703
G1 X4.343 Y0.793
G1 X4.109 Y0.793
G1 X3.983 Y0.883
G1 X3.857 Y0.901
G1 X3.839 Y1.099
G1 X3.677 Y1.153
G1 X3.623 Y1.406
G1 X3.532 Y1.388
G1 X3.514 Y1.784
G1 X3.550 Y1.838
G1 X3.695 Y1.766
G1 X3.857 Y1.784
G1 X3.947 Y1.910
G1 X3.947 Y2.019
G1 X3.857 Y2.109
G1 X2.866 Y2.505
G1 X1.838 Y2.775
G1 X1.027 Y2.902
G1 X-0.108 Y2.974
G1 X-1.135 Y2.884
G1 X-2.127 Y2.703
G1 X-3.172 Y2.397
G1 X-3.875 Y2.091
G1 X-3.947 Y2.001
G1 X-3.947 Y1.910
G1 X-3.821 Y1.748
G1 X-3.695 Y1.748
G1 X-3.532 Y1.820
G1 X-3.550 Y1.388
G1 X-3.641 Y1.370
G1 X-3.713 Y1.117
G1 X-3.839 Y1.117
G1 X-3.893 Y0.883
G1 X-4.001 Y0.883
G1 X-4.127 Y0.793
G1 X-4.325 Y0.793
G1 X-4.380 Y0.721
G1 X-4.704 Y0.685
G1 X-5.875 Y0.703
G1 X-5.965 Y0.775
G1 X-6.218 Y0.775
G1 X-6.290 Y0.703
G1 X-6.596 Y0.703
G1 X-6.777 Y0.775
G1 X-6.849 Y0.721
G1 X-6.975 Y0.721
G1 X-7.137 Y0.613
G1 X-7.209 Y0.469
G1 X-7.209 Y0.306
M5
G0 X-6.975 Y0.613 F2500
M3 S220
G1 F1000
G1 X-7.083 Y0.487
G1 X-7.083 Y0.360
G1 X-6.993 Y0.234
G1 X-7.029 Y0.216
G1 X-7.137 Y0.360
G1 X-7.137 Y0.469
G1 X-7.101 Y0.541
G1 X-6.975 Y0.613
M5
G0 X-6.758 Y0.739 F2500
M3 S220
G1 F1000
G1 X-6.704 Y0.721
G1 X-6.722 Y0.270
G1 X-6.758 Y0.234
G1 X-6.777 Y0.360
G1 X-6.795 Y0.090
G1 X-6.849 Y0.523
G1 X-6.813 Y0.685
G1 X-6.758 Y0.739
M5
G0 X-6.650 Y0.631 F2500
M3 S220
G1 F1000
G1 X-6.290 Y0.631
G1 X-6.308 Y0.288
G1 X-6.650 Y0.288
G1 X-6.686 Y0.324
G1 X-6.650 Y0.631
M5
G0 X-6.128 Y0.721 F2500
M3 S220
G1 F1000
G1 X-6.146 Y0.108
G1 X-6.218 Y0.054
G1 X-6.254 Y0.577
G1 X-6.218 Y0.703
G1 X-6.128 Y0.721
M5
G0 X-6.038 Y0.739 F2500
M3 S220
G1 F1000
G1 X-5.965 Y0.721
G1 X-6.002 Y0.126
G1 X-6.056 Y0.360
G1 X-6.038 Y0.126
G1 X-6.074 Y0.090
G1 X-6.092 Y0.667
G1 X-6.038 Y0.739
M5
G0 X-5.929 Y0.162 F2500
M3 S220
G1 F1000
G1 X-5.911 Y0.234
G1 X-4.452 Y0.234
G1 X-4.416 Y0.198
G1 X-4.434 Y0.126
G1 X-4.560 Y0.162
G1 X-5.929 Y0.162
M5
G0 X-5.461 Y-0.775 F2500
M3 S220
G1 F1000
G1 X-5.515 Y-0.847
G1 X-5.515 Y-0.991
G1 X-5.695 Y-1.262
G1 X-5.677 Y-1.586
G1 X-5.785 Y-1.658
G1 X-5.821 Y-1.748
G1 X-6.308 Y-1.838
G1 X-6.993 Y-2.127
G1 X-7.551 Y-2.541
G1 X-7.858 Y-2.884
G1 X-8.146 Y-3.316
G1 X-8.399 Y-3.965
G1 X-8.363 Y-4.235
G1 X-8.417 Y-4.398
G1 X-8.417 Y-4.596
G1 X-8.363 Y-4.668
G1 X-8.236 Y-4.668
G1 X-8.182 Y-4.614
G1 X-8.146 Y-4.740
G1 X-8.020 Y-4.776
G1 X-7.930 Y-4.668
G1 X-7.930 Y-4.416
G1 X-7.840 Y-4.361
G1 X-7.822 Y-4.506
G1 X-7.876 Y-4.776
G1 X-7.840 Y-4.848
G1 X-7.750 Y-4.866
G1 X-7.678 Y-4.758
G1 X-7.660 Y-4.416
G1 X-7.371 Y-4.416
G1 X-7.407 Y-4.902
G1 X-7.281 Y-4.956
G1 X-7.245 Y-4.938
G1 X-7.227 Y-4.452
G1 X-7.137 Y-4.398
G1 X-6.975 Y-4.416
G1 X-7.029 Y-4.938
G1 X-6.921 Y-5.028
G1 X-6.831 Y-4.974
G1 X-6.831 Y-4.398
G1 X-6.596 Y-4.452
G1 X-6.668 Y-5.028
G1 X-6.632 Y-5.064
G1 X-6.488 Y-5.046
G1 X-6.452 Y-4.956
G1 X-6.488 Y-4.722
G1 X-6.452 Y-4.488
G1 X-6.254 Y-4.614
G1 X-6.290 Y-5.082
G1 X-6.254 Y-5.118
G1 X-6.128 Y-5.118
G1 X-6.092 Y-5.010
G1 X-6.128 Y-4.614
G1 X-5.821 Y-4.488
G1 X-5.839 Y-5.100
G1 X-5.731 Y-5.136
G1 X-5.659 Y-5.046
G1 X-5.659 Y-4.506
G1 X-5.569 Y-4.524
G1 X-5.587 Y-7.389
G1 X-5.659 Y-7.533
G1 X-5.623 Y-7.750
G1 X-5.641 Y-8.218
G1 X-5.677 Y-8.308
G1 X-5.551 Y-8.417
G1 X-5.389 Y-8.435
G1 X-5.209 Y-8.344
G1 X-5.245 Y-8.200
G1 X-5.245 Y-7.425
G1 X-5.281 Y-7.389
G1 X-5.263 Y-4.470
G1 X-5.173 Y-4.524
G1 X-5.209 Y-5.118
G1 X-5.173 Y-5.136
G1 X-5.028 Y-5.082
G1 X-5.028 Y-4.524
G1 X-4.740 Y-4.614
G1 X-4.758 Y-5.082
G1 X-4.704 Y-5.136
G1 X-4.632 Y-5.136
G1 X-4.578 Y-5.064
G1 X-4.614 Y-4.614
G1 X-4.416 Y-4.488
G1 X-4.361 Y-4.506
G1 X-4.398 Y-5.046
G1 X-4.361 Y-5.082
G1 X-4.235 Y-5.064
G1 X-4.217 Y-4.776
G1 X-4.271 Y-4.470
G1 X-4.073 Y-4.398
G1 X-4.001 Y-4.470
G1 X-4.019 Y-4.902
G1 X-3.983 Y-4.992
G1 X-3.893 Y-5.010
G1 X-3.821 Y-4.920
G1 X-3.875 Y-4.524
G1 X-3.857 Y-4.380
G1 X-3.659 Y-4.398
G1 X-3.623 Y-4.506
G1 X-3.623 Y-4.902
G1 X-3.478 Y-4.956
G1 X-3.424 Y-4.884
G1 X-3.478 Y-4.560
G1 X-3.442 Y-4.398
G1 X-3.172 Y-4.434
G1 X-3.190 Y-4.794
G1 X-3.136 Y-4.866
G1 X-3.082 Y-4.866
G1 X-3.010 Y-4.758
G1 X-2.992 Y-4.380
G1 X-2.920 Y-4.434
G1 X-2.956 Y-4.524
G1 X-2.920 Y-4.758
G1 X-2.739 Y-4.758
G1 X-2.685 Y-4.614
G1 X-2.613 Y-4.668
G1 X-2.523 Y-4.650
G1 X-2.469 Y-4.578
G1 X-2.523 Y-4.235
G1 X-2.469 Y-3.983
G1 X-2.595 Y-3.623
G1 X-2.830 Y-3.154
G1 X-3.118 Y-2.757
G1 X-3.442 Y-2.433
G1 X-4.127 Y-2.001
G1 X-4.560 Y-1.838
G1 X-5.082 Y-1.748
G1 X-5.118 Y-1.712
G1 X-5.118 Y-1.658
G1 X-5.209 Y-1.568
G1 X-5.136 Y-1.406
G1 X-5.154 Y-1.280
G1 X-5.335 Y-0.991
G1 X-5.371 Y-0.811
G1 X-5.461 Y-0.775
M5
G0 X-5.371 Y-1.099 F2500
M3 S220
G1 F1000
G1 X-5.317 Y-1.171
G1 X-5.371 Y-1.370
G1 X-5.497 Y-1.388
G1 X-5.479 Y-1.424
G1 X-5.533 Y-1.496
G1 X-5.587 Y-1.496
G1 X-5.551 Y-1.442
G1 X-5.623 Y-1.496
G1 X-5.641 Y-1.442
G1 X-5.551 Y-1.388
G1 X-5.659 Y-1.406
G1 X-5.623 Y-1.208
G1 X-5.497 Y-1.099
G1 X-5.371 Y-1.099
M5
G0 X-4.560 Y-3.406 F2500
M3 S220
G1 F1000
G1 X-4.343 Y-3.316
G1 X-3.965 Y-3.316
G1 X-3.514 Y-3.514
G1 X-3.587 Y-3.587
G1 X-3.857 Y-3.496
G1 X-3.623 Y-3.568
G1 X-3.550 Y-3.641
G1 X-3.550 Y-3.587
G1 X-3.478 Y-3.532
G1 X-3.442 Y-3.659
G1 X-3.478 Y-3.767
G1 X-3.731 Y-3.605
G1 X-3.965 Y-3.532
G1 X-4.271 Y-3.532
G1 X-4.560 Y-3.605
G1 X-4.560 Y-3.406
M5
G0 X-5.551 Y-7.606 F2500
M3 S220
G1 F1000
G1 X-5.407 Y-7.624
G1 X-5.407 Y-7.930
G1 X-5.443 Y-7.966
G1 X-5.389 Y-8.002
G1 X-5.425 Y-8.146
G1 X-5.479 Y-8.164
G1 X-5.587 Y-8.146
G1 X-5.587 Y-7.642
G1 X-5.551 Y-7.606
M5
G0 X-5.605 Y-8.308 F2500
M3 S220
G1 F1000
G1 X-5.497 Y-8.290
G1 X-5.533 Y-8.236
G1 X-5.479 Y-8.236
G1 X-5.461 Y-8.290
G1 X-5.461 Y-8.218
G1 X-5.407 Y-8.218
G1 X-5.371 Y-8.308
G1 X-5.299 Y-8.236
G1 X-5.281 Y-8.308
G1 X-5.461 Y-8.381
G1 X-5.605 Y-8.308
M5
G0 X-8.435 Y-7.281 F2500
M3 S220
G1 F1000
G1 X-8.056 Y-7.750
G1 X-7.660 Y-8.146
G1 X-6.885 Y-8.723
G1 X-6.380 Y-8.975
G1 X-5.785 Y-9.174
G1 X-5.064 Y-9.282
G1 X-4.398 Y-9.264
G1 X-4.325 Y-9.462
G1 X-4.127 Y-9.768
G1 X-3.749 Y-10.111
G1 X-4.127 Y-9.750
G1 X-4.398 Y-9.228
G1 X-4.740 Y-9.264
G1 X-5.407 Y-9.228
G1 X-5.984 Y-9.101
G1 X-6.470 Y-8.921
G1 X-6.885 Y-8.705
G1 X-7.570 Y-8.200
G1 X-7.966 Y-7.822
G1 X-8.435 Y-7.281
M5
G0 X-8.489 Y-7.425 F2500
M3 S220
G1 F1000
G1 X-8.146 Y-7.840
G1 X-7.624 Y-8.363
G1 X-6.957 Y-8.831
G1 X-6.416 Y-9.101
G1 X-5.821 Y-9.300
G1 X-5.082 Y-9.408
G1 X-4.452 Y-9.408
G1 X-4.253 Y-9.768
G1 X-3.947 Y-10.093
G1 X-3.605 Y-10.381
G1 X-3.262 Y-10.543
G1 X-3.713 Y-10.309
G1 X-4.145 Y-9.894
G1 X-4.343 Y-9.606
G1 X-4.488 Y-9.300
G1 X-4.452 Y-9.354
G1 X-4.650 Y-9.390
G1 X-5.443 Y-9.354
G1 X-6.038 Y-9.228
G1 X-6.506 Y-9.047
G1 X-7.047 Y-8.759
G1 X-7.461 Y-8.471
G1 X-8.236 Y-7.732
G1 X-8.489 Y-7.425
M5
G0 X-8.381 Y-9.534 F2500
M3 S220
G1 F1000
G1 X-8.254 Y-9.660
G1 X-8.218 Y-9.642
G1 X-8.182 Y-9.696
G1 X-7.858 Y-9.822
G1 X-7.425 Y-9.840
G1 X-7.696 Y-10.489
G1 X-7.750 Y-10.525
G1 X-7.786 Y-10.435
G1 X-7.732 Y-10.273
G1 X-7.840 Y-10.471
G1 X-7.912 Y-10.417
G1 X-7.858 Y-10.219
G1 X-7.912 Y-10.363
G1 X-7.966 Y-10.399
G1 X-8.020 Y-10.345
G1 X-7.966 Y-10.183
G1 X-8.074 Y-10.327
G1 X-8.128 Y-10.273
G1 X-8.074 Y-10.111
G1 X-8.182 Y-10.255
G1 X-8.236 Y-10.165
G1 X-8.164 Y-10.021
G1 X-8.254 Y-10.183
G1 X-8.344 Y-10.129
G1 X-8.254 Y-10.003
G1 X-8.272 Y-9.949
G1 X-8.363 Y-10.129
G1 X-8.435 Y-10.057
G1 X-8.272 Y-9.732
G1 X-8.417 Y-10.021
G1 X-8.471 Y-10.057
G1 X-8.525 Y-10.003
G1 X-8.417 Y-9.786
G1 X-8.525 Y-9.858
G1 X-8.525 Y-9.804
G1 X-8.381 Y-9.534
M5
G0 X-9.228 Y-9.732 F2500
M3 S220
G1 F1000
G1 X-8.831 Y-10.129
G1 X-7.876 Y-10.760
G1 X-8.885 Y-10.075
G1 X-9.228 Y-9.732
M5
G0 X-9.318 Y-9.858 F2500
M3 S220
G1 F1000
G1 X-8.993 Y-10.219
G1 X-8.507 Y-10.561
G1 X-9.065 Y-10.147
G1 X-9.318 Y-9.858
M5
G0 X-9.408 Y-10.021 F2500
M3 S220
G1 F1000
G1 X-9.083 Y-10.399
G1 X-8.741 Y-10.651
G1 X-9.029 Y-10.435
G1 X-9.408 Y-10.021
M5
G0 X-9.480 Y-10.219 F2500
M3 S220
G1 F1000
G1 X-9.264 Y-10.471
G1 X-8.849 Y-10.778
G1 X-9.210 Y-10.507
G1 X-9.480 Y-10.219
M5
G0 X-9.570 Y-10.363 F2500
M3 S220
G1 F1000
G1 X-9.282 Y-10.669
G1 X-8.975 Y-10.886
G1 X-9.336 Y-10.615
G1 X-9.570 Y-10.363
M5
G0 X-9.660 Y-10.525 F2500
M3 S220
G1 F1000
G1 X-9.480 Y-10.723
G1 X-9.011 Y-11.084
G1 X-9.660 Y-10.525
M5
G0 X-9.768 Y-10.705 F2500
M3 S220
G1 F1000
G1 X-9.354 Y-11.084
G1 X-9.083 Y-11.246
G1 X-9.390 Y-11.048
G1 X-9.768 Y-10.705
M5
G0 X-9.876 Y-10.832 F2500
M3 S220
G1 F1000
G1 X-9.570 Y-11.156
G1 X-9.174 Y-11.426
G1 X-9.534 Y-11.174
G1 X-9.876 Y-10.832
M5
G0 X-9.949 Y-10.994 F2500
M3 S220
G1 F1000
G1 X-9.678 Y-11.300
G1 X-9.282 Y-11.607
G1 X-9.768 Y-11.210
G1 X-9.949 Y-10.994
M5
G0 X-10.039 Y-11.174 F2500
M3 S220
G1 F1000
G1 X-9.768 Y-11.462
G1 X-9.408 Y-11.733
G1 X-10.039 Y-11.174
M5
G0 X-10.129 Y-11.318 F2500
M3 S220
G1 F1000
G1 X-9.930 Y-11.553
G1 X-9.516 Y-11.877
G1 X-9.858 Y-11.607
G1 X-10.129 Y-11.318
M5
G0 X-10.201 Y-11.480 F2500
M3 S220
G1 F1000
G1 X-9.876 Y-11.823
G1 X-9.336 Y-12.219
G1 X-9.840 Y-11.841
G1 X-10.201 Y-11.480
M5
G0 X-10.255 Y-11.661 F2500
M3 S220
G1 F1000
G1 X-9.714 Y-12.147
G1 X-8.903 Y-12.688
G1 X-9.768 Y-12.093
G1 X-10.255 Y-11.661
M5
G0 X-10.435 Y-11.372 F2500
M3 S220
G1 F1000
G1 X-9.552 Y-9.912
G1 X-9.300 Y-9.426
G1 X-9.174 Y-9.336
G1 X-9.174 Y-9.444
G1 X-9.083 Y-9.642
G1 X-8.885 Y-9.858
G1 X-7.515 Y-10.778
G1 X-6.164 Y-11.498
G1 X-5.064 Y-11.967
G1 X-4.343 Y-12.219
G1 X-3.046 Y-12.562
G1 X-1.370 Y-12.832
G1 X-0.559 Y-12.886
G1 X0.559 Y-12.886
G1 X1.388 Y-12.832
G1 X2.505 Y-12.670
G1 X3.659 Y-12.418
G1 X4.758 Y-12.075
G1 X5.929 Y-11.607
G1 X7.227 Y-10.940
G1 X8.687 Y-10.003
G1 X9.047 Y-9.678
G1 X9.210 Y-9.336
G1 X10.435 Y-11.372
G1 X10.435 Y-11.607
G1 X10.309 Y-11.805
G1 X9.967 Y-12.129
G1 X9.390 Y-12.562
G1 X8.363 Y-13.229
G1 X7.011 Y-13.968
G1 X5.299 Y-14.688
G1 X4.145 Y-15.049
G1 X2.595 Y-15.373
G1 X1.208 Y-15.536
G1 X-0.378 Y-15.572
G1 X-1.964 Y-15.463
G1 X-3.370 Y-15.229
G1 X-4.452 Y-14.959
G1 X-6.020 Y-14.418
G1 X-7.551 Y-13.697
G1 X-9.156 Y-12.724
G1 X-9.949 Y-12.147
G1 X-10.309 Y-11.805
G1 X-10.435 Y-11.571
G1 X-10.435 Y-11.372
M5
G0 X-7.678 Y-11.607 F2500
M3 S220
G1 F1000
G1 X-7.714 Y-11.733
G1 X-7.551 Y-11.841
G1 X-7.714 Y-12.147
G1 X-7.894 Y-12.201
G1 X-7.930 Y-12.454
G1 X-7.822 Y-12.562
G1 X-7.714 Y-12.544
G1 X-7.606 Y-12.436
G1 X-7.389 Y-12.544
G1 X-7.353 Y-12.598
G1 X-7.533 Y-12.922
G1 X-7.425 Y-13.048
G1 X-7.353 Y-13.030
G1 X-6.921 Y-12.183
G1 X-6.308 Y-12.490
G1 X-6.290 Y-12.544
G1 X-6.344 Y-12.616
G1 X-6.578 Y-12.508
G1 X-6.758 Y-12.508
G1 X-6.867 Y-12.580
G1 X-6.903 Y-12.652
G1 X-6.867 Y-12.832
G1 X-7.047 Y-13.030
G1 X-7.065 Y-13.283
G1 X-7.011 Y-13.409
G1 X-6.849 Y-13.571
G1 X-6.722 Y-13.643
G1 X-6.614 Y-13.517
G1 X-6.867 Y-13.265
G1 X-6.867 Y-13.175
G1 X-6.758 Y-13.012
G1 X-6.686 Y-12.994
G1 X-6.506 Y-13.120
G1 X-6.524 Y-13.247
G1 X-6.614 Y-13.265
G1 X-6.524 Y-13.391
G1 X-6.380 Y-13.355
G1 X-6.308 Y-13.229
G1 X-6.308 Y-13.120
G1 X-6.398 Y-12.958
G1 X-6.668 Y-12.832
G1 X-6.704 Y-12.742
G1 X-6.650 Y-12.688
G1 X-6.578 Y-12.688
G1 X-6.218 Y-12.814
G1 X-6.128 Y-12.598
G1 X-5.857 Y-12.706
G1 X-6.236 Y-13.607
G1 X-6.038 Y-13.697
G1 X-5.659 Y-12.778
G1 X-4.686 Y-13.139
G1 X-4.668 Y-13.193
G1 X-4.758 Y-13.319
G1 X-5.263 Y-13.193
G1 X-5.263 Y-13.355
G1 X-5.154 Y-13.445
G1 X-5.154 Y-13.571
G1 X-5.209 Y-13.643
G1 X-5.335 Y-13.643
G1 X-5.443 Y-13.553
G1 X-5.461 Y-13.157
G1 X-5.623 Y-13.157
G1 X-5.641 Y-13.265
G1 X-5.623 Y-13.571
G1 X-5.551 Y-13.715
G1 X-5.371 Y-13.823
G1 X-5.209 Y-13.841
G1 X-5.028 Y-13.733
G1 X-4.974 Y-13.589
G1 X-5.010 Y-13.445
G1 X-4.956 Y-13.427
G1 X-4.812 Y-13.481
G1 X-4.794 Y-13.553
G1 X-4.992 Y-14.094
G1 X-4.776 Y-14.166
G1 X-4.470 Y-13.229
G1 X-3.731 Y-13.409
G1 X-3.695 Y-13.445
G1 X-3.767 Y-13.715
G1 X-4.289 Y-13.589
G1 X-4.398 Y-13.733
G1 X-4.361 Y-13.913
G1 X-4.253 Y-13.986
G1 X-4.163 Y-13.968
G1 X-4.145 Y-13.823
G1 X-4.073 Y-13.805
G1 X-3.821 Y-13.895
G1 X-3.947 Y-14.346
G1 X-3.929 Y-14.400
G1 X-3.767 Y-14.454
G1 X-3.532 Y-13.517
G1 X-3.496 Y-13.481
G1 X-3.316 Y-13.517
G1 X-3.244 Y-13.589
G1 X-3.442 Y-14.490
G1 X-3.424 Y-14.544
G1 X-3.262 Y-14.562
G1 X-3.064 Y-13.625
G1 X-3.010 Y-13.589
G1 X-2.902 Y-13.607
G1 X-2.884 Y-13.463
G1 X-3.064 Y-13.409
G1 X-3.172 Y-13.030
G1 X-3.298 Y-12.868
G1 X-3.587 Y-12.796
G1 X-3.550 Y-12.994
G1 X-3.442 Y-12.994
G1 X-3.316 Y-13.102
G1 X-3.244 Y-13.265
G1 X-3.244 Y-13.391
G1 X-4.452 Y-13.066
G1 X-5.587 Y-12.652
G1 X-6.777 Y-12.093
G1 X-7.624 Y-11.589
G1 X-7.678 Y-11.607
M5
G0 X-7.389 Y-11.949 F2500
M3 S220
G1 F1000
G1 X-7.101 Y-12.111
G1 X-7.245 Y-12.400
G1 X-7.317 Y-12.418
G1 X-7.533 Y-12.291
G1 X-7.551 Y-12.237
G1 X-7.389 Y-11.949
M5
G0 X-2.235 Y-13.066 F2500
M3 S220
G1 F1000
G1 X-2.199 Y-13.247
G1 X-1.964 Y-13.319
G1 X-1.820 Y-13.571
G1 X-1.838 Y-13.625
G1 X-2.505 Y-13.553
G1 X-2.523 Y-13.679
G1 X-2.253 Y-13.751
G1 X-2.253 Y-13.950
G1 X-2.343 Y-14.022
G1 X-2.487 Y-14.040
G1 X-2.451 Y-14.310
G1 X-2.235 Y-14.490
G1 X-2.109 Y-14.526
G1 X-1.910 Y-14.508
G1 X-1.874 Y-14.797
G1 X-1.712 Y-14.815
G1 X-1.622 Y-13.841
G1 X-1.550 Y-13.805
G1 X-0.811 Y-13.877
G1 X-0.811 Y-14.076
G1 X-0.865 Y-14.166
G1 X-1.208 Y-14.112
G1 X-1.352 Y-14.130
G1 X-1.424 Y-14.202
G1 X-1.424 Y-14.382
G1 X-1.316 Y-14.490
G1 X-1.135 Y-14.472
G1 X-1.189 Y-14.328
G1 X-0.865 Y-14.310
G1 X-0.829 Y-14.346
G1 X-0.847 Y-14.869
G1 X-0.667 Y-14.887
G1 X-0.613 Y-13.877
G1 X-0.469 Y-13.859
G1 X-0.487 Y-13.715
G1 X-1.099 Y-13.715
G1 X-1.622 Y-13.661
G1 X-1.802 Y-13.247
G1 X-1.892 Y-13.139
G1 X-2.001 Y-13.084
G1 X-2.235 Y-13.066
M5
G0 X-1.838 Y-13.769 F2500
M3 S220
G1 F1000
G1 X-1.802 Y-13.805
G1 X-1.874 Y-14.310
G1 X-2.001 Y-14.382
G1 X-2.181 Y-14.346
G1 X-2.253 Y-14.274
G1 X-2.253 Y-14.130
G1 X-2.073 Y-14.058
G1 X-2.019 Y-13.751
G1 X-1.838 Y-13.769
M5
G0 X-1.496 Y-11.174 F2500
M3 S220
G1 F1000
G1 X-1.081 Y-11.372
G1 X-0.577 Y-11.715
G1 X-0.324 Y-11.949
G1 X0.000 Y-12.364
G1 X0.270 Y-12.003
G1 X0.613 Y-11.679
G1 X1.063 Y-11.372
G1 X1.478 Y-11.174
G1 X1.099 Y-11.336
G1 X0.649 Y-11.625
G1 X0.162 Y-12.093
G1 X0.000 Y-12.309
G1 X-0.198 Y-12.057
G1 X-0.613 Y-11.661
G1 X-1.081 Y-11.354
G1 X-1.496 Y-11.174
M5
G0 X0.306 Y-9.714 F2500
M3 S220
G1 F1000
G1 X0.270 Y-9.786
G1 X0.198 Y-9.804
G1 X0.252 Y-9.822
G1 X0.054 Y-10.129
G1 X0.036 Y-10.075
G1 X0.126 Y-9.912
G1 X0.072 Y-9.876
G1 X0.108 Y-9.840
G1 X0.162 Y-9.858
G1 X0.090 Y-9.786
G1 X0.126 Y-9.696
G1 X0.306 Y-9.714
M5
G0 X0.360 Y-8.777 F2500
M3 S220
G1 F1000
G1 X0.523 Y-8.903
G1 X0.469 Y-9.119
G1 X0.324 Y-9.011
G1 X0.324 Y-8.885
G1 X0.469 Y-9.011
G1 X0.324 Y-8.867
G1 X0.360 Y-8.777
M5
G0 X1.171 Y-11.192 F2500
M3 S220
G1 F1000
G1 X0.523 Y-11.607
G1 X0.180 Y-11.931
G1 X0.000 Y-12.183
G1 X-0.505 Y-11.625
G1 X-0.973 Y-11.300
G1 X-0.523 Y-11.625
G1 X0.000 Y-12.219
G1 X0.198 Y-11.949
G1 X0.541 Y-11.607
G1 X1.171 Y-11.192
M5
G0 X2.001 Y-13.643 F2500
M3 S220
G1 F1000
G1 X1.910 Y-13.607
G1 X1.171 Y-13.715
G1 X-0.054 Y-13.751
G1 X-0.054 Y-13.895
G1 X0.162 Y-13.895
G1 X0.234 Y-14.112
G1 X0.216 Y-14.274
G1 X0.072 Y-14.256
G1 X0.036 Y-14.400
G1 X0.162 Y-14.544
G1 X0.360 Y-14.544
G1 X0.451 Y-14.382
G1 X0.415 Y-13.895
G1 X0.667 Y-13.913
G1 X0.739 Y-14.887
G1 X0.901 Y-14.869
G1 X0.883 Y-13.877
G1 X1.640 Y-13.787
G1 X1.676 Y-13.823
G1 X1.658 Y-14.040
G1 X1.388 Y-14.040
G1 X1.171 Y-14.148
G1 X1.117 Y-14.274
G1 X1.153 Y-14.508
G1 X1.370 Y-14.869
G1 X1.550 Y-14.761
G1 X1.334 Y-14.454
G1 X1.334 Y-14.256
G1 X1.442 Y-14.202
G1 X1.712 Y-14.202
G1 X1.784 Y-14.797
G1 X1.982 Y-14.779
G1 X1.874 Y-13.787
G1 X2.019 Y-13.751
G1 X2.001 Y-13.643
M5
G0 X3.731 Y-13.409 F2500
M3 S220
G1 F1000
G1 X3.785 Y-13.427
G1 X3.857 Y-13.769
G1 X3.641 Y-13.877
G1 X3.568 Y-13.823
G1 X3.460 Y-13.499
G1 X3.731 Y-13.409
M5
G0 X4.055 Y-13.157 F2500
M3 S220
G1 F1000
G1 X2.866 Y-13.481
G1 X2.920 Y-13.625
G1 X3.154 Y-13.553
G1 X3.244 Y-13.553
G1 X3.316 Y-13.625
G1 X3.370 Y-13.859
G1 X3.334 Y-13.895
G1 X3.208 Y-13.895
G1 X3.136 Y-13.841
G1 X3.046 Y-14.022
G1 X3.641 Y-14.526
G1 X3.767 Y-14.400
G1 X3.496 Y-14.202
G1 X3.388 Y-14.076
G1 X3.424 Y-14.040
G1 X3.875 Y-13.950
G1 X3.947 Y-13.968
G1 X4.037 Y-14.382
G1 X4.235 Y-14.328
G1 X3.965 Y-13.409
G1 X3.983 Y-13.337
G1 X4.109 Y-13.301
G1 X4.055 Y-13.157
M5
G0 X5.118 Y-12.994 F2500
M3 S220
G1 F1000
G1 X5.263 Y-13.427
G1 X5.154 Y-13.535
G1 X5.028 Y-13.535
G1 X4.956 Y-13.481
G1 X4.812 Y-13.120
G1 X5.118 Y-12.994
M5
G0 X5.965 Y-12.508 F2500
M3 S220
G1 F1000
G1 X5.893 Y-12.508
G1 X5.046 Y-12.868
G1 X4.452 Y-13.048
G1 X4.488 Y-13.193
G1 X4.596 Y-13.157
G1 X4.632 Y-13.193
G1 X4.740 Y-13.517
G1 X4.830 Y-13.643
G1 X4.956 Y-13.697
G1 X5.100 Y-13.697
G1 X5.353 Y-13.607
G1 X5.443 Y-13.895
G1 X5.605 Y-13.877
G1 X5.641 Y-13.823
G1 X5.317 Y-12.994
G1 X5.335 Y-12.904
G1 X6.002 Y-12.634
G1 X5.965 Y-12.508
M5
G0 X7.389 Y-11.823 F2500
M3 S220
G1 F1000
G1 X7.335 Y-11.805
G1 X6.614 Y-12.165
G1 X6.740 Y-12.327
G1 X6.885 Y-12.670
G1 X6.885 Y-12.796
G1 X6.758 Y-12.958
G1 X6.650 Y-13.012
G1 X6.488 Y-13.012
G1 X6.452 Y-12.976
G1 X6.632 Y-12.760
G1 X6.632 Y-12.526
G1 X6.506 Y-12.346
G1 X6.344 Y-12.291
G1 X6.110 Y-12.418
G1 X6.074 Y-12.634
G1 X6.164 Y-12.742
G1 X6.290 Y-12.760
G1 X6.326 Y-12.742
G1 X6.326 Y-12.652
G1 X6.254 Y-12.562
G1 X6.308 Y-12.490
G1 X6.380 Y-12.490
G1 X6.452 Y-12.562
G1 X6.416 Y-12.760
G1 X6.254 Y-12.868
G1 X5.731 Y-13.048
G1 X5.641 Y-13.175
G1 X5.677 Y-13.301
G1 X5.803 Y-13.409
G1 X5.965 Y-13.355
G1 X5.984 Y-13.283
G1 X5.911 Y-13.175
G1 X6.218 Y-13.030
G1 X6.398 Y-13.157
G1 X6.560 Y-13.193
G1 X6.722 Y-13.157
G1 X7.011 Y-12.976
G1 X7.137 Y-13.211
G1 X7.281 Y-13.102
G1 X6.885 Y-12.237
G1 X6.903 Y-12.183
G1 X7.101 Y-12.093
G1 X7.551 Y-12.940
G1 X7.588 Y-12.958
G1 X7.732 Y-12.832
G1 X7.317 Y-12.039
G1 X7.335 Y-11.967
G1 X7.425 Y-11.931
G1 X7.389 Y-11.823
M5
G0 X8.453 Y-9.480 F2500
M3 S220
G1 F1000
G1 X8.669 Y-9.912
G1 X8.633 Y-9.949
G1 X8.489 Y-9.750
G1 X8.471 Y-9.624
G1 X8.417 Y-9.588
G1 X8.417 Y-9.678
G1 X8.597 Y-9.967
G1 X8.561 Y-10.003
G1 X8.507 Y-9.985
G1 X8.381 Y-9.714
G1 X8.326 Y-9.678
G1 X8.507 Y-10.021
G1 X8.435 Y-10.075
G1 X8.326 Y-9.876
G1 X8.417 Y-10.075
G1 X8.344 Y-10.129
G1 X8.236 Y-9.967
G1 X8.308 Y-10.111
G1 X8.236 Y-10.201
G1 X8.146 Y-10.021
G1 X8.218 Y-10.201
G1 X8.164 Y-10.255
G1 X8.110 Y-10.237
G1 X8.056 Y-10.111
G1 X8.110 Y-10.237
G1 X8.038 Y-10.345
G1 X7.948 Y-10.165
G1 X8.020 Y-10.345
G1 X7.966 Y-10.399
G1 X7.912 Y-10.381
G1 X7.840 Y-10.219
G1 X7.912 Y-10.381
G1 X7.876 Y-10.453
G1 X7.822 Y-10.435
G1 X7.732 Y-10.237
G1 X7.822 Y-10.471
G1 X7.696 Y-10.507
G1 X7.389 Y-9.804
G1 X7.425 Y-9.786
G1 X7.515 Y-9.840
G1 X7.840 Y-9.822
G1 X8.218 Y-9.660
G1 X8.453 Y-9.480
M5
G0 X9.228 Y-9.714 F2500
M3 S220
G1 F1000
G1 X8.903 Y-10.057
G1 X7.858 Y-10.760
G1 X8.939 Y-10.039
G1 X9.228 Y-9.714
M5
G0 X9.318 Y-9.858 F2500
M3 S220
G1 F1000
G1 X9.083 Y-10.129
G1 X8.525 Y-10.543
G1 X9.011 Y-10.201
G1 X9.318 Y-9.858
M5
G0 X9.408 Y-10.021 F2500
M3 S220
G1 F1000
G1 X9.083 Y-10.381
G1 X8.723 Y-10.651
G1 X9.137 Y-10.345
G1 X9.408 Y-10.021
M5
G0 X9.480 Y-10.219 F2500
M3 S220
G1 F1000
G1 X9.282 Y-10.435
G1 X8.831 Y-10.778
G1 X9.210 Y-10.507
G1 X9.480 Y-10.219
M5
G0 X9.552 Y-10.363 F2500
M3 S220
G1 F1000
G1 X9.318 Y-10.615
G1 X8.939 Y-10.904
G1 X9.264 Y-10.669
G1 X9.552 Y-10.363
M5
G0 X9.642 Y-10.525 F2500
M3 S220
G1 F1000
G1 X8.993 Y-11.084
G1 X9.444 Y-10.742
G1 X9.642 Y-10.525
M5
G0 X9.750 Y-10.687 F2500
M3 S220
G1 F1000
G1 X9.390 Y-11.030
G1 X9.065 Y-11.246
G1 X9.444 Y-10.994
G1 X9.750 Y-10.687
M5
G0 X9.840 Y-10.868 F2500
M3 S220
G1 F1000
G1 X9.534 Y-11.156
G1 X9.156 Y-11.426
G1 X9.570 Y-11.138
G1 X9.840 Y-10.868
M5
G0 X9.930 Y-11.012 F2500
M3 S220
G1 F1000
G1 X9.624 Y-11.318
G1 X9.246 Y-11.607
G1 X9.678 Y-11.282
G1 X9.930 Y-11.012
M5
G0 X10.021 Y-11.174 F2500
M3 S220
G1 F1000
G1 X9.372 Y-11.751
G1 X9.732 Y-11.480
G1 X10.021 Y-11.174
M5
G0 X10.111 Y-11.318 F2500
M3 S220
G1 F1000
G1 X9.822 Y-11.625
G1 X9.498 Y-11.877
G1 X9.876 Y-11.589
G1 X10.111 Y-11.318
M5
G0 X10.183 Y-11.480 F2500
M3 S220
G1 F1000
G1 X9.912 Y-11.769
G1 X9.336 Y-12.201
G1 X9.949 Y-11.751
G1 X10.183 Y-11.480
M5
G0 X10.255 Y-11.661 F2500
M3 S220
G1 F1000
G1 X9.822 Y-12.039
G1 X8.885 Y-12.688
G1 X9.624 Y-12.201
G1 X10.255 Y-11.661
M5
G0 X13.211 Y-7.894 F2500
M3 S220
G1 F1000
G1 X13.084 Y-8.128
G1 X13.066 Y-8.092
G1 X13.030 Y-8.146
G1 X13.066 Y-8.110
G1 X13.084 Y-8.146
G1 X12.778 Y-8.687
G1 X12.400 Y-9.156
G1 X11.895 Y-9.660
G1 X11.138 Y-10.219
G1 X10.309 Y-10.651
G1 X10.147 Y-10.687
G1 X10.111 Y-10.615
G1 X11.030 Y-10.111
G1 X11.571 Y-9.714
G1 X10.832 Y-10.219
G1 X10.237 Y-10.525
G1 X10.075 Y-10.561
G1 X10.021 Y-10.489
G1 X10.669 Y-10.165
G1 X10.994 Y-9.930
G1 X10.651 Y-10.165
G1 X10.021 Y-10.471
G1 X9.930 Y-10.363
G1 X10.651 Y-9.967
G1 X9.930 Y-10.345
G1 X9.840 Y-10.201
G1 X10.525 Y-9.840
G1 X9.840 Y-10.183
G1 X9.768 Y-10.057
G1 X10.255 Y-9.786
G1 X9.732 Y-10.021
G1 X9.660 Y-9.894
G1 X10.147 Y-9.624
G1 X9.660 Y-9.858
G1 X9.570 Y-9.732
G1 X10.021 Y-9.480
G1 X9.570 Y-9.714
G1 X9.498 Y-9.642
G1 X9.480 Y-9.552
G1 X9.804 Y-9.390
G1 X9.462 Y-9.552
G1 X9.372 Y-9.408
G1 X9.840 Y-9.174
G1 X9.354 Y-9.372
G1 X9.282 Y-9.264
G1 X9.678 Y-9.065
G1 X9.264 Y-9.246
G1 X9.156 Y-9.156
G1 X9.156 Y-9.101
G1 X9.570 Y-8.921
G1 X9.101 Y-9.119
G1 X8.741 Y-9.156
G1 X7.804 Y-9.750
G1 X7.750 Y-9.732
G1 X7.930 Y-9.516
G1 X8.290 Y-9.282
G1 X9.462 Y-8.795
G1 X8.200 Y-9.318
G1 X7.894 Y-9.534
G1 X7.696 Y-9.768
G1 X7.606 Y-9.732
G1 X7.696 Y-9.552
G1 X7.894 Y-9.354
G1 X8.164 Y-9.174
G1 X8.669 Y-8.939
G1 X9.408 Y-8.669
G1 X8.561 Y-8.975
G1 X8.110 Y-9.192
G1 X7.714 Y-9.516
G1 X7.606 Y-9.732
G1 X7.551 Y-9.750
G1 X7.497 Y-9.678
G1 X7.642 Y-9.426
G1 X8.038 Y-9.083
G1 X8.417 Y-8.885
G1 X9.318 Y-8.543
G1 X9.822 Y-8.272
G1 X9.426 Y-8.489
G1 X8.435 Y-8.867
G1 X8.074 Y-9.047
G1 X7.660 Y-9.390
G1 X7.479 Y-9.714
G1 X7.425 Y-9.642
G1 X7.425 Y-9.462
G1 X7.497 Y-9.336
G1 X7.840 Y-9.029
G1 X9.678 Y-8.182
G1 X10.273 Y-7.840
G1 X10.705 Y-7.533
G1 X11.408 Y-6.867
G1 X11.769 Y-6.344
G1 X11.787 Y-6.524
G1 X11.498 Y-6.975
G1 X11.751 Y-6.578
G1 X11.805 Y-6.578
G1 X11.787 Y-6.704
G1 X11.607 Y-6.993
G1 X11.769 Y-6.758
G1 X11.787 Y-6.867
G1 X11.679 Y-7.443
G1 X11.390 Y-8.164
G1 X11.048 Y-8.759
G1 X11.462 Y-8.705
G1 X12.039 Y-8.543
G1 X12.670 Y-8.236
G1 X13.193 Y-7.858
G1 X13.211 Y-7.894
M5
G0 X14.562 Y0.216 F2500
M3 S220
G1 F1000
G1 X14.580 Y0.360
G1 X15.247 Y0.342
G1 X15.193 Y0.108
G1 X14.995 Y-0.036
G1 X14.833 Y-0.036
G1 X14.706 Y0.018
G1 X14.562 Y0.216
M5
G0 X15.427 Y0.973 F2500
M3 S220
G1 F1000
G1 X15.283 Y0.973
G1 X15.193 Y0.829
G1 X13.895 Y0.811
G1 X13.805 Y0.847
G1 X13.733 Y0.973
G1 X13.571 Y0.955
G1 X13.589 Y0.180
G1 X13.751 Y0.198
G1 X13.823 Y0.342
G1 X14.310 Y0.324
G1 X14.238 Y0.234
G1 X13.715 Y-0.108
G1 X13.607 Y-0.234
G1 X13.571 Y-0.667
G1 X13.625 Y-0.757
G1 X13.715 Y-0.739
G1 X13.823 Y-0.595
G1 X14.400 Y-0.180
G1 X14.562 Y-0.396
G1 X14.743 Y-0.487
G1 X14.995 Y-0.505
G1 X15.211 Y-0.415
G1 X15.373 Y-0.216
G1 X15.445 Y-0.000
G1 X15.463 Y0.685
G1 X15.427 Y0.973
M5
G0 X15.121 Y3.172 F2500
M3 S220
G1 F1000
G1 X14.995 Y3.154
G1 X14.941 Y3.010
G1 X13.823 Y2.812
G1 X13.679 Y2.739
G1 X13.535 Y2.595
G1 X13.427 Y2.325
G1 X13.427 Y1.964
G1 X13.535 Y1.676
G1 X13.679 Y1.532
G1 X14.040 Y1.388
G1 X15.139 Y1.478
G1 X15.247 Y1.352
G1 X15.391 Y1.334
G1 X15.319 Y1.982
G1 X15.175 Y1.982
G1 X15.139 Y1.820
G1 X15.049 Y1.748
G1 X14.364 Y1.640
G1 X13.950 Y1.676
G1 X13.769 Y1.820
G1 X13.733 Y1.910
G1 X13.733 Y2.145
G1 X13.769 Y2.217
G1 X13.986 Y2.379
G1 X14.887 Y2.523
G1 X15.067 Y2.505
G1 X15.121 Y2.379
G1 X15.265 Y2.415
G1 X15.121 Y3.172
M5
G0 X14.652 Y5.064 F2500
M3 S220
G1 F1000
G1 X14.184 Y4.938
G1 X14.220 Y4.812
G1 X14.400 Y4.776
G1 X14.526 Y4.668
G1 X14.580 Y4.524
G1 X14.544 Y4.452
G1 X13.301 Y4.073
G1 X13.211 Y4.091
G1 X13.120 Y4.217
G1 X12.958 Y4.145
G1 X13.175 Y3.406
G1 X13.337 Y3.424
G1 X13.355 Y3.568
G1 X13.445 Y3.641
G1 X14.652 Y4.019
G1 X14.725 Y3.983
G1 X14.725 Y3.803
G1 X14.508 Y3.514
G1 X14.526 Y3.442
G1 X14.580 Y3.388
G1 X14.670 Y3.388
G1 X15.103 Y3.514
G1 X14.652 Y5.064
M5
G0 X13.950 Y6.849 F2500
M3 S220
G1 F1000
G1 X13.463 Y6.650
G1 X13.499 Y6.560
G1 X13.787 Y6.488
G1 X13.932 Y6.308
G1 X13.895 Y6.218
G1 X12.742 Y5.713
G1 X12.634 Y5.713
G1 X12.526 Y5.803
G1 X12.382 Y5.767
G1 X12.670 Y5.046
G1 X12.832 Y5.064
G1 X12.868 Y5.263
G1 X14.112 Y5.821
G1 X14.166 Y5.749
G1 X14.184 Y5.605
G1 X13.986 Y5.317
G1 X13.986 Y5.245
G1 X14.076 Y5.173
G1 X14.544 Y5.371
G1 X13.950 Y6.849
M5
G0 X13.409 Y7.804 F2500
M3 S220
G1 F1000
G1 X13.355 Y7.822
G1 X13.283 Y7.768
G1 X13.301 Y7.624
G1 X12.255 Y6.993
G1 X12.039 Y6.903
G1 X11.931 Y6.993
G1 X11.805 Y6.939
G1 X12.129 Y6.290
G1 X12.291 Y6.326
G1 X12.291 Y6.470
G1 X12.418 Y6.578
G1 X13.499 Y7.173
G1 X13.607 Y7.101
G1 X13.769 Y7.155
G1 X13.409 Y7.804
M5
G0 X12.147 Y9.714 F2500
M3 S220
G1 F1000
G1 X12.021 Y9.660
G1 X12.039 Y9.480
G1 X11.913 Y9.354
G1 X10.958 Y8.687
G1 X10.832 Y8.687
G1 X10.742 Y8.741
G1 X10.633 Y8.669
G1 X10.687 Y8.543
G1 X11.084 Y8.038
G1 X11.210 Y8.146
G1 X11.174 Y8.200
G1 X11.210 Y8.290
G1 X11.697 Y8.633
G1 X12.039 Y8.128
G1 X11.498 Y7.768
G1 X11.372 Y7.840
G1 X11.264 Y7.786
G1 X11.643 Y7.155
G1 X11.715 Y7.137
G1 X11.805 Y7.173
G1 X11.769 Y7.317
G1 X11.931 Y7.497
G1 X12.940 Y8.182
G1 X13.030 Y8.110
G1 X13.139 Y8.110
G1 X13.211 Y8.164
G1 X12.778 Y8.831
G1 X12.652 Y8.759
G1 X12.652 Y8.579
G1 X12.255 Y8.290
G1 X11.913 Y8.759
G1 X11.931 Y8.813
G1 X12.364 Y9.101
G1 X12.490 Y9.011
G1 X12.580 Y9.065
G1 X12.580 Y9.119
G1 X12.147 Y9.714
M5
G0 X1.748 Y9.660 F2500
M3 S220
G1 F1000
G1 X1.982 Y9.390
G1 X2.199 Y9.011
G1 X2.325 Y8.669
G1 X2.469 Y8.002
G1 X2.487 Y7.299
G1 X2.433 Y6.777
G1 X2.343 Y6.470
G1 X2.181 Y6.182
G1 X2.163 Y6.236
G1 X2.379 Y6.849
G1 X2.397 Y7.732
G1 X2.379 Y6.903
G1 X2.235 Y6.434
G1 X2.217 Y6.506
G1 X2.325 Y6.975
G1 X2.325 Y7.588
G1 X2.325 Y7.029
G1 X2.181 Y6.380
G1 X2.199 Y7.533
G1 X2.145 Y8.417
G1 X2.019 Y8.993
G1 X1.730 Y9.624
G1 X1.748 Y9.660
M5
G0 X1.514 Y8.417 F2500
M3 S220
G1 F1000
G1 X1.748 Y8.164
G1 X1.964 Y7.804
G1 X2.073 Y7.479
G1 X2.145 Y7.011
G1 X2.109 Y6.290
G1 X2.037 Y6.002
G1 X2.073 Y6.885
G1 X2.019 Y6.146
G1 X1.874 Y5.389
G1 X1.820 Y5.389
G1 X1.910 Y5.731
G1 X1.946 Y6.092
G1 X1.892 Y7.155
G1 X1.784 Y7.750
G1 X1.694 Y8.020
G1 X1.496 Y8.381
G1 X1.514 Y8.417
M5
G0 X0.973 Y7.858 F2500
M3 S220
G1 F1000
G1 X1.244 Y7.678
G1 X1.586 Y7.335
G1 X1.730 Y7.101
G1 X1.838 Y6.813
G1 X1.892 Y6.524
G1 X1.892 Y5.803
G1 X1.820 Y5.497
G1 X1.766 Y5.425
G1 X1.712 Y5.497
G1 X1.730 Y6.254
G1 X1.640 Y6.740
G1 X1.442 Y7.245
G1 X1.208 Y7.588
G1 X0.937 Y7.840
G1 X0.973 Y7.858
M5
G0 X-1.208 Y8.272 F2500
M3 S220
G1 F1000
G1 X-1.298 Y8.381
G1 X-1.550 Y8.399
G1 X-1.892 Y8.795
G1 X-2.001 Y8.759
G1 X-2.523 Y8.759
G1 X-3.352 Y8.939
G1 X-3.875 Y8.885
G1 X-4.145 Y8.759
G1 X-4.452 Y8.507
G1 X-4.704 Y8.741
G1 X-5.173 Y8.921
G1 X-5.605 Y8.921
G1 X-6.380 Y8.759
G1 X-6.975 Y8.777
G1 X-7.281 Y8.417
G1 X-7.588 Y8.381
G1 X-7.660 Y8.290
G1 X-8.272 Y4.938
G1 X-8.128 Y4.812
G1 X-5.100 Y4.920
G1 X-4.866 Y4.794
G1 X-4.596 Y4.740
G1 X-4.073 Y4.776
G1 X-3.713 Y4.920
G1 X-0.703 Y4.812
G1 X-0.595 Y4.902
G1 X-0.595 Y5.082
G1 X-1.208 Y8.272
M5
G0 X-1.442 Y8.326 F2500
M3 S220
G1 F1000
G1 X-1.316 Y8.344
G1 X-1.280 Y8.308
G1 X-1.262 Y8.200
G1 X-1.298 Y8.164
G1 X-1.244 Y8.146
G1 X-1.226 Y8.002
G1 X-1.298 Y7.948
G1 X-1.244 Y7.984
G1 X-1.208 Y7.948
G1 X-1.189 Y7.714
G1 X-1.298 Y7.732
G1 X-1.316 Y7.822
G1 X-1.244 Y7.894
G1 X-1.298 Y7.876
G1 X-1.352 Y7.966
G1 X-1.298 Y8.074
G1 X-1.370 Y8.092
G1 X-1.334 Y8.146
G1 X-1.388 Y8.182
G1 X-1.442 Y8.326
M5
G0 X-1.496 Y8.308 F2500
M3 S220
G1 F1000
G1 X-1.171 Y6.740
G1 X-0.919 Y5.209
G1 X-1.009 Y5.281
G1 X-1.550 Y8.272
G1 X-1.496 Y8.308
M5
G0 X-1.658 Y8.435 F2500
M3 S220
G1 F1000
G1 X-1.568 Y8.308
G1 X-1.045 Y5.389
G1 X-1.063 Y5.317
G1 X-1.171 Y5.443
G1 X-1.478 Y7.335
G1 X-1.676 Y8.344
G1 X-1.658 Y8.435
M5
G0 X-1.748 Y8.525 F2500
M3 S220
G1 F1000
G1 X-1.694 Y8.453
G1 X-1.208 Y5.443
G1 X-1.334 Y5.587
G1 X-1.784 Y8.507
G1 X-1.748 Y8.525
M5
G0 X-1.856 Y8.633 F2500
M3 S220
G1 F1000
G1 X-1.802 Y8.579
G1 X-1.352 Y5.731
G1 X-1.370 Y5.641
G1 X-1.478 Y5.803
G1 X-1.874 Y8.489
G1 X-1.856 Y8.633
M5
G0 X-3.100 Y8.290 F2500
M3 S220
G1 F1000
G1 X-3.082 Y8.254
G1 X-2.577 Y8.110
G1 X-2.235 Y8.110
G1 X-2.577 Y8.128
G1 X-3.100 Y8.290
M5
G0 X-3.334 Y8.525 F2500
M3 S220
G1 F1000
G1 X-3.677 Y8.525
G1 X-3.857 Y8.453
G1 X-3.605 Y8.525
G1 X-3.334 Y8.525
M5
G0 X-3.857 Y8.236 F2500
M3 S220
G1 F1000
G1 X-3.659 Y8.308
G1 X-3.316 Y8.308
G1 X-3.695 Y8.308
G1 X-3.857 Y8.236
M5
G0 X-3.857 Y8.020 F2500
M3 S220
G1 F1000
G1 X-3.605 Y8.092
G1 X-3.298 Y8.074
G1 X-3.352 Y8.110
G1 X-3.587 Y8.110
G1 X-3.857 Y8.020
M5
G0 X-3.803 Y7.407 F2500
M3 S220
G1 F1000
G1 X-3.641 Y7.461
G1 X-3.262 Y7.479
G1 X-3.605 Y7.479
G1 X-3.803 Y7.407
M5
G0 X-3.785 Y6.975 F2500
M3 S220
G1 F1000
G1 X-3.550 Y7.047
G1 X-3.208 Y7.029
G1 X-3.532 Y7.065
G1 X-3.785 Y6.975
M5
G0 X-3.713 Y6.542 F2500
M3 S220
G1 F1000
G1 X-3.172 Y6.578
G1 X-3.568 Y6.596
G1 X-3.713 Y6.542
M5
G0 X-3.785 Y6.272 F2500
M3 S220
G1 F1000
G1 X-3.550 Y6.344
G1 X-3.154 Y6.344
G1 X-3.550 Y6.362
G1 X-3.785 Y6.272
M5
G0 X-4.199 Y5.389 F2500
M3 S220
G1 F1000
G1 X-4.181 Y5.335
G1 X-3.893 Y5.569
G1 X-3.478 Y5.713
G1 X-3.010 Y5.713
G1 X-2.415 Y5.587
G1 X-2.325 Y5.515
G1 X-2.307 Y5.551
G1 X-2.775 Y5.695
G1 X-3.370 Y5.767
G1 X-3.749 Y5.677
G1 X-4.199 Y5.389
M5
G0 X-4.073 Y5.317 F2500
M3 S220
G1 F1000
G1 X-3.839 Y5.389
G1 X-3.785 Y5.371
G1 X-3.857 Y5.317
G1 X-3.478 Y5.443
G1 X-2.992 Y5.443
G1 X-2.397 Y5.317
G1 X-3.064 Y5.479
G1 X-3.695 Y5.443
G1 X-3.605 Y5.479
G1 X-3.875 Y5.371
G1 X-3.983 Y5.371
G1 X-3.785 Y5.497
G1 X-3.442 Y5.587
G1 X-3.028 Y5.587
G1 X-2.343 Y5.443
G1 X-3.082 Y5.623
G1 X-3.442 Y5.623
G1 X-3.803 Y5.515
G1 X-4.073 Y5.317
M5
G0 X-4.361 Y5.371 F2500
M3 S220
G1 F1000
G1 X-4.145 Y5.605
G1 X-3.821 Y5.803
G1 X-3.605 Y5.875
G1 X-3.262 Y5.911
G1 X-3.028 Y5.875
G1 X-3.100 Y5.839
G1 X-3.262 Y5.857
G1 X-3.298 Y5.821
G1 X-3.028 Y5.839
G1 X-3.010 Y5.803
G1 X-2.631 Y5.731
G1 X-3.028 Y5.857
G1 X-2.938 Y5.875
G1 X-2.073 Y5.659
G1 X-1.478 Y5.641
G1 X-1.424 Y5.587
G1 X-1.676 Y5.569
G1 X-1.460 Y5.569
G1 X-1.334 Y5.497
G1 X-1.694 Y5.497
G1 X-2.289 Y5.587
G1 X-1.298 Y5.443
G1 X-1.208 Y5.371
G1 X-2.055 Y5.425
G1 X-1.676 Y5.353
G1 X-1.153 Y5.335
G1 X-1.081 Y5.281
G1 X-2.019 Y5.299
G1 X-1.496 Y5.227
G1 X-0.973 Y5.209
G1 X-0.937 Y5.118
G1 X-1.712 Y5.136
G1 X-3.172 Y5.353
G1 X-3.677 Y5.299
G1 X-3.983 Y5.136
G1 X-4.091 Y5.245
G1 X-4.289 Y5.335
G1 X-4.091 Y5.569
G1 X-3.713 Y5.785
G1 X-3.478 Y5.839
G1 X-3.857 Y5.731
G1 X-4.109 Y5.569
G1 X-4.271 Y5.353
G1 X-4.361 Y5.371
M5
G0 X-4.560 Y5.407 F2500
M3 S220
G1 F1000
G1 X-4.560 Y5.335
G1 X-4.722 Y5.299
G1 X-4.920 Y5.154
G1 X-5.082 Y5.245
G1 X-5.425 Y5.335
G1 X-5.929 Y5.335
G1 X-7.227 Y5.136
G1 X-7.840 Y5.118
G1 X-7.966 Y5.154
G1 X-7.858 Y5.227
G1 X-7.389 Y5.227
G1 X-6.957 Y5.281
G1 X-6.831 Y5.335
G1 X-7.317 Y5.263
G1 X-7.804 Y5.281
G1 X-7.750 Y5.335
G1 X-7.227 Y5.353
G1 X-6.849 Y5.443
G1 X-7.317 Y5.371
G1 X-7.588 Y5.371
G1 X-7.660 Y5.407
G1 X-7.588 Y5.461
G1 X-7.011 Y5.497
G1 X-6.614 Y5.587
G1 X-6.867 Y5.533
G1 X-6.975 Y5.551
G1 X-6.686 Y5.623
G1 X-6.777 Y5.623
G1 X-7.065 Y5.515
G1 X-7.533 Y5.515
G1 X-7.479 Y5.569
G1 X-7.137 Y5.587
G1 X-7.443 Y5.605
G1 X-7.407 Y5.641
G1 X-6.686 Y5.677
G1 X-5.803 Y5.893
G1 X-5.389 Y5.875
G1 X-5.497 Y5.821
G1 X-5.335 Y5.821
G1 X-5.118 Y5.749
G1 X-4.812 Y5.551
G1 X-4.848 Y5.533
G1 X-5.100 Y5.677
G1 X-5.461 Y5.767
G1 X-5.893 Y5.749
G1 X-6.380 Y5.605
G1 X-5.875 Y5.713
G1 X-5.389 Y5.713
G1 X-5.245 Y5.641
G1 X-5.209 Y5.677
G1 X-5.046 Y5.623
G1 X-4.614 Y5.371
G1 X-4.902 Y5.641
G1 X-5.389 Y5.857
G1 X-5.281 Y5.875
G1 X-4.938 Y5.731
G1 X-4.560 Y5.407
M5
G0 X-5.010 Y5.046 F2500
M3 S220
G1 F1000
G1 X-5.046 Y4.992
G1 X-5.082 Y5.046
G1 X-5.100 Y5.010
G1 X-5.173 Y5.028
G1 X-5.173 Y5.064
G1 X-5.209 Y5.010
G1 X-5.263 Y5.046
G1 X-5.299 Y4.992
G1 X-5.353 Y5.064
G1 X-5.371 Y5.010
G1 X-5.425 Y5.046
G1 X-5.461 Y4.992
G1 X-5.515 Y5.046
G1 X-5.533 Y4.992
G1 X-5.587 Y5.046
G1 X-5.623 Y4.992
G1 X-5.713 Y5.028
G1 X-5.749 Y4.992
G1 X-5.767 Y5.028
G1 X-5.821 Y4.992
G1 X-5.965 Y5.028
G1 X-5.984 Y4.992
G1 X-6.020 Y5.028
G1 X-6.038 Y4.974
G1 X-6.110 Y5.028
G1 X-6.146 Y4.974
G1 X-6.182 Y5.028
G1 X-6.236 Y4.974
G1 X-6.272 Y5.028
G1 X-6.308 Y4.974
G1 X-6.380 Y5.028
G1 X-6.398 Y4.974
G1 X-6.452 Y5.028
G1 X-6.488 Y4.974
G1 X-6.542 Y5.010
G1 X-6.614 Y4.974
G1 X-6.614 Y5.010
G1 X-6.668 Y4.956
G1 X-6.704 Y5.028
G1 X-6.740 Y4.956
G1 X-6.813 Y5.010
G1 X-6.831 Y4.956
G1 X-6.885 Y5.010
G1 X-6.957 Y4.974
G1 X-6.975 Y5.028
G1 X-6.993 Y4.956
G1 X-7.065 Y5.010
G1 X-7.083 Y4.956
G1 X-7.155 Y4.992
G1 X-7.173 Y4.938
G1 X-7.227 Y5.010
G1 X-7.245 Y4.956
G1 X-7.317 Y4.992
G1 X-7.335 Y4.938
G1 X-7.389 Y4.992
G1 X-7.425 Y4.938
G1 X-7.461 Y4.992
G1 X-7.533 Y4.956
G1 X-7.551 Y4.992
G1 X-7.570 Y4.938
G1 X-7.642 Y4.974
G1 X-7.660 Y4.920
G1 X-7.714 Y4.992
G1 X-7.750 Y4.920
G1 X-7.786 Y4.974
G1 X-7.822 Y4.920
G1 X-7.858 Y4.974
G1 X-7.912 Y4.938
G1 X-8.002 Y4.974
G1 X-8.056 Y4.902
G1 X-8.092 Y4.974
G1 X-7.948 Y5.046
G1 X-6.020 Y5.118
G1 X-5.064 Y5.118
G1 X-5.010 Y5.046
M5
G0 X-5.677 Y5.821 F2500
M3 S220
G1 F1000
G1 X-5.695 Y5.857
G1 X-5.893 Y5.839
G1 X-6.380 Y5.695
G1 X-5.965 Y5.821
G1 X-5.677 Y5.821
M5
G0 X-5.767 Y6.326 F2500
M3 S220
G1 F1000
G1 X-5.443 Y6.344
G1 X-5.245 Y6.308
G1 X-5.461 Y6.362
G1 X-5.767 Y6.326
M5
G0 X-6.038 Y7.371 F2500
M3 S220
G1 F1000
G1 X-6.344 Y7.281
G1 X-6.795 Y7.245
G1 X-6.470 Y7.245
G1 X-6.038 Y7.371
M5
G0 X-6.002 Y7.588 F2500
M3 S220
G1 F1000
G1 X-6.308 Y7.497
G1 X-6.758 Y7.443
G1 X-6.308 Y7.479
G1 X-6.002 Y7.588
M5
G0 X-5.659 Y7.642 F2500
M3 S220
G1 F1000
G1 X-5.173 Y7.642
G1 X-5.299 Y7.678
G1 X-5.659 Y7.642
M5
G0 X-5.677 Y7.425 F2500
M3 S220
G1 F1000
G1 X-5.353 Y7.443
G1 X-5.082 Y7.389
G1 X-5.353 Y7.461
G1 X-5.677 Y7.425
M5
G0 X-4.686 Y8.651 F2500
M3 S220
G1 F1000
G1 X-4.506 Y8.471
G1 X-4.452 Y8.200
G1 X-4.452 Y5.407
G1 X-4.488 Y5.371
G1 X-4.686 Y5.605
G1 X-4.974 Y5.803
G1 X-5.371 Y5.929
G1 X-5.857 Y5.929
G1 X-6.849 Y5.695
G1 X-7.389 Y5.713
G1 X-6.939 Y8.723
G1 X-6.416 Y8.705
G1 X-5.659 Y8.867
G1 X-5.263 Y8.885
G1 X-4.920 Y8.795
G1 X-4.686 Y8.651
M5
G0 X-4.289 Y8.579 F2500
M3 S220
G1 F1000
G1 X-4.037 Y8.759
G1 X-3.677 Y8.885
G1 X-3.154 Y8.867
G1 X-2.451 Y8.705
G1 X-1.928 Y8.705
G1 X-1.748 Y7.299
G1 X-1.496 Y5.713
G1 X-1.532 Y5.677
G1 X-2.055 Y5.695
G1 X-3.010 Y5.929
G1 X-3.514 Y5.929
G1 X-4.001 Y5.749
G1 X-4.398 Y5.389
G1 X-4.416 Y8.417
G1 X-4.289 Y8.579
M5
G0 X-3.262 Y7.678 F2500
M3 S220
G1 F1000
G1 X-3.677 Y7.678
G1 X-4.019 Y7.533
G1 X-4.163 Y7.425
G1 X-3.767 Y7.642
G1 X-3.262 Y7.678
M5
G0 X-3.064 Y7.840 F2500
M3 S220
G1 F1000
G1 X-2.631 Y7.714
G1 X-2.469 Y7.714
G1 X-3.064 Y7.840
M5
G0 X-3.046 Y7.425 F2500
M3 S220
G1 F1000
G1 X-2.397 Y7.263
G1 X-2.127 Y7.281
G1 X-2.451 Y7.281
G1 X-3.046 Y7.425
M5
G0 X-3.226 Y7.245 F2500
M3 S220
G1 F1000
G1 X-3.496 Y7.281
G1 X-3.821 Y7.191
G1 X-3.514 Y7.263
G1 X-3.226 Y7.245
M5
G0 X-2.721 Y6.921 F2500
M3 S220
G1 F1000
G1 X-2.325 Y6.813
G1 X-2.073 Y6.831
G1 X-2.325 Y6.831
G1 X-2.721 Y6.921
M5
G0 X-2.649 Y6.686 F2500
M3 S220
G1 F1000
G1 X-2.289 Y6.596
G1 X-2.127 Y6.614
G1 X-2.649 Y6.686
M5
G0 X-2.685 Y7.533 F2500
M3 S220
G1 F1000
G1 X-2.343 Y7.461
G1 X-2.145 Y7.479
G1 X-2.685 Y7.533
M5
G0 X-1.045 Y6.903 F2500
M3 S220
G1 F1000
G1 X-0.973 Y6.686
G1 X-0.991 Y6.614
G1 X-1.063 Y6.596
G1 X-1.081 Y6.668
G1 X-1.045 Y6.668
G1 X-1.081 Y6.722
G1 X-1.027 Y6.740
G1 X-1.117 Y6.740
G1 X-1.045 Y6.813
G1 X-1.099 Y6.795
G1 X-1.135 Y6.831
G1 X-1.117 Y6.885
G1 X-1.045 Y6.903
M5
G0 X-1.009 Y6.614 F2500
M3 S220
G1 F1000
G1 X-0.973 Y6.596
G1 X-0.919 Y6.290
G1 X-1.027 Y6.272
G1 X-1.045 Y6.308
G1 X-0.991 Y6.344
G1 X-1.045 Y6.362
G1 X-1.063 Y6.470
G1 X-0.991 Y6.524
G1 X-1.081 Y6.524
G1 X-1.063 Y6.596
G1 X-1.009 Y6.614
M5
G0 X-0.973 Y6.128 F2500
M3 S220
G1 F1000
G1 X-0.865 Y6.110
G1 X-0.847 Y6.002
G1 X-0.937 Y5.984
G1 X-0.847 Y5.947
G1 X-0.811 Y5.821
G1 X-0.829 Y5.605
G1 X-0.793 Y5.515
G1 X-0.865 Y5.497
G1 X-0.901 Y5.551
G1 X-0.865 Y5.587
G1 X-0.919 Y5.641
G1 X-0.847 Y5.659
G1 X-0.937 Y5.731
G1 X-0.919 Y5.821
G1 X-0.955 Y5.875
G1 X-0.919 Y5.911
G1 X-0.973 Y5.929
G1 X-0.973 Y6.128
M5
G0 X-3.947 Y5.046 F2500
M3 S220
G1 F1000
G1 X-3.839 Y5.118
G1 X-2.866 Y5.118
G1 X-0.829 Y5.046
G1 X-0.757 Y4.938
G1 X-0.775 Y4.902
G1 X-0.793 Y4.956
G1 X-0.865 Y4.974
G1 X-0.883 Y4.920
G1 X-0.955 Y4.992
G1 X-0.973 Y4.938
G1 X-1.027 Y4.992
G1 X-1.099 Y4.956
G1 X-1.099 Y4.992
G1 X-1.135 Y4.920
G1 X-1.171 Y4.974
G1 X-1.226 Y4.938
G1 X-1.244 Y4.992
G1 X-1.316 Y4.956
G1 X-1.316 Y4.992
G1 X-1.352 Y4.938
G1 X-1.388 Y4.992
G1 X-1.550 Y4.956
G1 X-1.550 Y5.010
G1 X-1.568 Y4.956
G1 X-1.622 Y4.956
G1 X-1.622 Y5.010
G1 X-1.694 Y4.938
G1 X-1.730 Y5.010
G1 X-1.784 Y4.938
G1 X-1.820 Y5.010
G1 X-1.856 Y4.938
G1 X-1.928 Y4.992
G1 X-1.982 Y4.938
G1 X-2.037 Y4.992
G1 X-2.055 Y4.938
G1 X-2.109 Y5.028
G1 X-2.145 Y4.956
G1 X-2.253 Y5.010
G1 X-2.271 Y4.956
G1 X-2.307 Y5.028
G1 X-2.397 Y4.992
G1 X-2.415 Y5.028
G1 X-2.451 Y4.974
G1 X-2.487 Y5.046
G1 X-2.523 Y4.974
G1 X-2.577 Y4.974
G1 X-2.613 Y5.028
G1 X-2.685 Y4.974
G1 X-2.721 Y5.028
G1 X-2.757 Y4.974
G1 X-2.812 Y5.028
G1 X-2.866 Y4.974
G1 X-2.902 Y5.028
G1 X-2.956 Y4.992
G1 X-2.956 Y5.028
G1 X-3.010 Y4.974
G1 X-3.064 Y5.046
G1 X-3.082 Y4.992
G1 X-3.154 Y5.046
G1 X-3.172 Y4.992
G1 X-3.226 Y5.046
G1 X-3.262 Y4.992
G1 X-3.298 Y5.046
G1 X-3.334 Y4.992
G1 X-3.388 Y5.046
G1 X-3.424 Y4.992
G1 X-3.460 Y5.046
G1 X-3.550 Y5.010
G1 X-3.568 Y5.046
G1 X-3.641 Y5.028
G1 X-3.641 Y5.064
G1 X-3.677 Y5.010
G1 X-3.749 Y5.046
G1 X-3.875 Y5.010
G1 X-3.875 Y5.046
G1 X-3.893 Y4.992
G1 X-3.947 Y5.046
M5
G0 X-6.398 Y5.353 F2500
M3 S220
G1 F1000
G1 X-5.911 Y5.443
G1 X-5.497 Y5.443
G1 X-4.902 Y5.263
G1 X-4.848 Y5.299
G1 X-4.920 Y5.281
G1 X-5.245 Y5.425
G1 X-5.533 Y5.479
G1 X-5.857 Y5.479
G1 X-6.398 Y5.353
M5
G0 X-6.434 Y5.461 F2500
M3 S220
G1 F1000
G1 X-5.857 Y5.587
G1 X-5.443 Y5.587
G1 X-5.082 Y5.497
G1 X-4.758 Y5.335
G1 X-5.028 Y5.497
G1 X-5.461 Y5.623
G1 X-5.929 Y5.605
G1 X-6.434 Y5.461
M5
G0 X-7.858 Y6.236 F2500
M3 S220
G1 F1000
G1 X-7.876 Y6.182
G1 X-7.930 Y6.182
G1 X-7.876 Y6.164
G1 X-7.894 Y5.965
G1 X-7.966 Y5.893
G1 X-8.038 Y5.984
G1 X-7.966 Y6.272
G1 X-7.858 Y6.236
M5
G0 X-7.786 Y7.245 F2500
M3 S220
G1 F1000
G1 X-7.678 Y7.227
G1 X-7.768 Y6.632
G1 X-7.840 Y6.614
G1 X-7.786 Y6.542
G1 X-7.840 Y6.470
G1 X-7.930 Y6.506
G1 X-7.912 Y6.596
G1 X-7.876 Y6.596
G1 X-7.912 Y6.614
G1 X-7.894 Y6.777
G1 X-7.786 Y6.831
G1 X-7.876 Y6.831
G1 X-7.840 Y6.939
G1 X-7.768 Y6.939
G1 X-7.858 Y6.975
G1 X-7.786 Y7.047
G1 X-7.822 Y7.101
G1 X-7.786 Y7.245
M5
G0 X-7.570 Y8.200 F2500
M3 S220
G1 F1000
G1 X-7.515 Y8.110
G1 X-7.660 Y7.281
G1 X-7.750 Y7.245
G1 X-7.786 Y7.335
G1 X-7.750 Y7.425
G1 X-7.696 Y7.425
G1 X-7.750 Y7.443
G1 X-7.750 Y7.551
G1 X-7.660 Y7.588
G1 X-7.714 Y7.660
G1 X-7.624 Y7.714
G1 X-7.660 Y7.696
G1 X-7.696 Y7.750
G1 X-7.678 Y7.804
G1 X-7.624 Y7.804
G1 X-7.696 Y7.822
G1 X-7.606 Y7.894
G1 X-7.678 Y7.912
G1 X-7.606 Y8.092
G1 X-7.624 Y8.182
G1 X-7.570 Y8.200
M5
G0 X-7.335 Y8.326 F2500
M3 S220
G1 F1000
G1 X-7.840 Y5.371
G1 X-7.948 Y5.209
G1 X-7.443 Y8.182
G1 X-7.335 Y8.326
M5
G0 X-7.245 Y8.399 F2500
M3 S220
G1 F1000
G1 X-7.227 Y8.326
G1 X-7.317 Y7.948
G1 X-7.696 Y5.497
G1 X-7.804 Y5.335
G1 X-7.822 Y5.443
G1 X-7.353 Y8.128
G1 X-7.299 Y8.344
G1 X-7.245 Y8.399
M5
G0 X-7.137 Y8.507 F2500
M3 S220
G1 F1000
G1 X-7.119 Y8.417
G1 X-7.551 Y5.587
G1 X-7.678 Y5.443
G1 X-7.209 Y8.417
G1 X-7.137 Y8.507
M5
G0 X-7.029 Y8.615 F2500
M3 S220
G1 F1000
G1 X-7.011 Y8.507
G1 X-7.425 Y5.731
G1 X-7.515 Y5.605
G1 X-7.533 Y5.695
G1 X-7.353 Y7.011
G1 X-7.101 Y8.543
G1 X-7.029 Y8.615
M5
G0 X-5.281 Y10.525 F2500
M3 S220
G1 F1000
G1 X-6.182 Y10.543
G1 X-7.317 Y10.687
G1 X-7.660 Y10.057
G1 X-8.435 Y9.011
G1 X-9.246 Y8.146
G1 X-9.967 Y7.551
G1 X-10.129 Y7.371
G1 X-9.894 Y7.083
G1 X-9.570 Y6.560
G1 X-9.047 Y5.389
G1 X-8.759 Y4.416
G1 X-8.579 Y3.352
G1 X-8.705 Y4.271
G1 X-8.849 Y4.848
G1 X-9.083 Y5.533
G1 X-9.570 Y6.596
G1 X-10.111 Y7.389
G1 X-9.065 Y8.290
G1 X-8.435 Y8.993
G1 X-7.858 Y9.750
G1 X-7.299 Y10.687
G1 X-6.308 Y10.543
G1 X-5.281 Y10.525
M5
G0 X-5.136 Y10.651 F2500
M3 S220
G1 F1000
G1 X-6.308 Y10.669
G1 X-7.353 Y10.832
G1 X-7.822 Y10.003
G1 X-8.543 Y9.047
G1 X-9.264 Y8.290
G1 X-10.309 Y7.389
G1 X-9.822 Y6.740
G1 X-9.336 Y5.785
G1 X-8.993 Y4.866
G1 X-8.759 Y3.785
G1 X-8.975 Y4.848
G1 X-9.282 Y5.695
G1 X-9.768 Y6.686
G1 X-10.273 Y7.407
G1 X-9.264 Y8.272
G1 X-8.615 Y8.957
G1 X-7.930 Y9.840
G1 X-7.371 Y10.796
G1 X-7.299 Y10.814
G1 X-6.452 Y10.669
G1 X-5.136 Y10.651
M5
G0 X-1.820 Y11.390 F2500
M3 S220
G1 F1000
G1 X-1.352 Y11.625
G1 X-0.883 Y11.931
G1 X0.000 Y12.688
G1 X0.523 Y12.201
G1 X0.973 Y11.859
G1 X1.532 Y11.516
G1 X2.181 Y11.210
G1 X1.478 Y11.553
G1 X1.045 Y11.823
G1 X0.523 Y12.219
G1 X-0.018 Y12.724
G1 X-0.469 Y12.273
G1 X-0.829 Y11.985
G1 X-1.280 Y11.679
G1 X-1.820 Y11.390
M5
G0 X-0.793 Y12.147 F2500
M3 S220
G1 F1000
G1 X0.000 Y12.868
G1 X0.415 Y12.454
G1 X1.027 Y11.967
G1 X0.487 Y12.400
G1 X0.018 Y12.886
G1 X-0.036 Y12.886
G1 X-0.793 Y12.147
M5
G0 X-0.270 Y11.895 F2500
M3 S220
G1 F1000
G1 X-0.270 Y3.749
G1 X-8.164 Y3.749
G1 X-8.200 Y3.785
G1 X-8.381 Y4.740
G1 X-8.651 Y5.587
G1 X-9.119 Y6.632
G1 X-9.534 Y7.335
G1 X-8.957 Y7.840
G1 X-8.200 Y8.633
G1 X-7.588 Y9.426
G1 X-7.101 Y10.201
G1 X-6.038 Y10.111
G1 X-5.046 Y10.111
G1 X-4.307 Y10.183
G1 X-3.406 Y10.345
G1 X-2.830 Y10.507
G1 X-2.001 Y10.814
G1 X-1.135 Y11.264
G1 X-0.270 Y11.895
M5
G0 X0.000 Y12.237 F2500
M3 S220
G1 F1000
G1 X-0.595 Y11.733
G1 X-1.298 Y11.264
G1 X-2.199 Y10.814
G1 X-3.100 Y10.507
G1 X-3.947 Y10.309
G1 X-5.064 Y10.183
G1 X-6.002 Y10.183
G1 X-7.137 Y10.291
G1 X-7.551 Y9.624
G1 X-8.128 Y8.849
G1 X-9.101 Y7.822
G1 X-9.642 Y7.353
G1 X-9.174 Y6.560
G1 X-8.777 Y5.695
G1 X-8.471 Y4.758
G1 X-8.236 Y3.659
G1 X-0.180 Y3.659
G1 X-0.180 Y11.985
G1 X0.000 Y12.165
G1 X0.162 Y12.003
G1 X0.180 Y11.408
G1 X0.162 Y3.659
G1 X3.424 Y3.677
G1 X8.182 Y3.568
G1 X8.128 Y3.352
G1 X-8.200 Y3.370
G1 X-8.164 Y2.019
G1 X-8.218 Y1.316
G1 X-8.363 Y0.433
G1 X-8.543 Y-0.252
G1 X-8.849 Y-1.063
G1 X-9.210 Y-1.730
G1 X-9.588 Y-2.253
G1 X-9.534 Y-3.370
G1 X-9.372 Y-4.361
G1 X-9.047 Y-5.443
G1 X-8.597 Y-6.416
G1 X-8.254 Y-6.957
G1 X-7.858 Y-7.461
G1 X-7.317 Y-7.984
G1 X-6.885 Y-8.308
G1 X-6.272 Y-8.633
G1 X-5.605 Y-8.849
G1 X-5.100 Y-8.921
G1 X-4.145 Y-8.885
G1 X-4.109 Y-9.083
G1 X-3.947 Y-9.408
G1 X-3.496 Y-9.876
G1 X-2.992 Y-10.147
G1 X-1.676 Y-10.597
G1 X-1.027 Y-10.886
G1 X-0.396 Y-11.300
G1 X0.000 Y-11.679
G1 X0.433 Y-11.264
G1 X0.955 Y-10.922
G1 X1.712 Y-10.579
G1 X3.028 Y-10.129
G1 X3.460 Y-9.894
G1 X3.929 Y-9.426
G1 X4.091 Y-9.119
G1 X4.163 Y-8.867
G1 X4.560 Y-8.921
G1 X5.100 Y-8.921
G1 X5.533 Y-8.867
G1 X6.236 Y-8.651
G1 X6.849 Y-8.326
G1 X7.371 Y-7.930
G1 X7.894 Y-7.407
G1 X8.308 Y-6.867
G1 X8.651 Y-6.308
G1 X9.047 Y-5.425
G1 X9.354 Y-4.416
G1 X9.516 Y-3.424
G1 X9.570 Y-2.253
G1 X9.119 Y-1.604
G1 X8.813 Y-1.009
G1 X8.417 Y0.162
G1 X8.290 Y0.721
G1 X8.182 Y1.550
G1 X8.146 Y2.217
G1 X8.164 Y3.046
G1 X8.326 Y4.217
G1 X8.633 Y5.353
G1 X8.831 Y5.875
G1 X9.210 Y6.650
G1 X9.642 Y7.353
G1 X9.192 Y7.732
G1 X8.200 Y8.759
G1 X7.606 Y9.534
G1 X7.119 Y10.309
G1 X6.290 Y10.201
G1 X5.082 Y10.183
G1 X4.181 Y10.273
G1 X3.280 Y10.453
G1 X2.325 Y10.760
G1 X1.514 Y11.138
G1 X0.829 Y11.553
G1 X0.000 Y12.237
M5
G0 X0.000 Y12.544 F2500
M3 S220
G1 F1000
G1 X0.631 Y11.967
G1 X1.370 Y11.462
G1 X2.235 Y11.030
G1 X3.244 Y10.687
G1 X4.073 Y10.507
G1 X5.191 Y10.399
G1 X6.236 Y10.417
G1 X7.263 Y10.543
G1 X7.606 Y9.912
G1 X8.381 Y8.867
G1 X8.975 Y8.218
G1 X9.930 Y7.371
G1 X9.372 Y6.506
G1 X8.885 Y5.389
G1 X8.597 Y4.434
G1 X8.381 Y2.884
G1 X8.399 Y1.586
G1 X8.489 Y0.865
G1 X8.633 Y0.180
G1 X9.029 Y-0.955
G1 X9.390 Y-1.640
G1 X9.786 Y-2.181
G1 X9.750 Y-3.262
G1 X9.606 Y-4.289
G1 X9.282 Y-5.425
G1 X8.903 Y-6.290
G1 X8.453 Y-7.029
G1 X8.002 Y-7.606
G1 X7.588 Y-8.020
G1 X6.957 Y-8.507
G1 X6.272 Y-8.867
G1 X5.623 Y-9.065
G1 X5.064 Y-9.137
G1 X4.289 Y-9.101
G1 X4.253 Y-9.282
G1 X4.073 Y-9.588
G1 X3.641 Y-10.021
G1 X3.010 Y-10.363
G1 X1.640 Y-10.832
G1 X0.955 Y-11.156
G1 X0.487 Y-11.480
G1 X0.126 Y-11.823
G1 X0.018 Y-11.985
G1 X-0.036 Y-11.985
G1 X-0.108 Y-11.859
G1 X-0.505 Y-11.462
G1 X-0.991 Y-11.138
G1 X-1.730 Y-10.796
G1 X-3.010 Y-10.363
G1 X-3.623 Y-10.039
G1 X-4.091 Y-9.570
G1 X-4.271 Y-9.246
G1 X-4.307 Y-9.101
G1 X-5.064 Y-9.137
G1 X-5.623 Y-9.065
G1 X-6.308 Y-8.849
G1 X-6.903 Y-8.543
G1 X-7.479 Y-8.128
G1 X-7.966 Y-7.660
G1 X-8.453 Y-7.047
G1 X-8.903 Y-6.308
G1 X-9.318 Y-5.353
G1 X-9.606 Y-4.343
G1 X-9.750 Y-3.424
G1 X-9.804 Y-2.199
G1 X-9.390 Y-1.622
G1 X-9.047 Y-0.973
G1 X-8.633 Y0.234
G1 X-8.489 Y0.955
G1 X-8.399 Y1.730
G1 X-8.399 Y2.992
G1 X-8.525 Y4.019
G1 X-8.849 Y5.245
G1 X-9.101 Y5.911
G1 X-9.354 Y6.434
G1 X-9.696 Y7.029
G1 X-9.930 Y7.335
G1 X-9.930 Y7.389
G1 X-9.192 Y8.020
G1 X-8.363 Y8.903
G1 X-7.840 Y9.588
G1 X-7.245 Y10.543
G1 X-6.218 Y10.417
G1 X-5.191 Y10.399
G1 X-4.235 Y10.489
G1 X-3.136 Y10.723
G1 X-2.343 Y10.994
G1 X-1.388 Y11.462
G1 X-0.739 Y11.895
G1 X0.000 Y12.544
M5
G0 X0.000 Y12.580 F2500
M3 S220
G1 F1000
G1 X-0.685 Y11.967
G1 X-1.370 Y11.498
G1 X-2.181 Y11.084
G1 X-3.136 Y10.742
G1 X-4.109 Y10.525
G1 X-5.191 Y10.417
G1 X-6.164 Y10.435
G1 X-7.281 Y10.561
G1 X-7.624 Y9.949
G1 X-8.290 Y9.029
G1 X-9.156 Y8.092
G1 X-9.985 Y7.389
G1 X-9.390 Y6.452
G1 X-8.903 Y5.335
G1 X-8.597 Y4.271
G1 X-8.417 Y3.010
G1 X-8.399 Y2.073
G1 X-8.435 Y1.514
G1 X-8.561 Y0.649
G1 X-8.705 Y0.054
G1 X-9.047 Y-0.919
G1 X-9.390 Y-1.568
G1 X-9.822 Y-2.145
G1 X-9.840 Y-2.235
G1 X-9.786 Y-3.316
G1 X-9.642 Y-4.289
G1 X-9.300 Y-5.479
G1 X-8.849 Y-6.452
G1 X-8.507 Y-7.011
G1 X-7.966 Y-7.696
G1 X-7.389 Y-8.236
G1 X-6.867 Y-8.597
G1 X-6.110 Y-8.957
G1 X-5.587 Y-9.101
G1 X-5.209 Y-9.156
G1 X-4.325 Y-9.137
G1 X-4.109 Y-9.588
G1 X-3.713 Y-10.003
G1 X-3.100 Y-10.345
G1 X-1.802 Y-10.796
G1 X-1.009 Y-11.156
G1 X-0.451 Y-11.553
G1 X0.000 Y-12.057
G1 X0.090 Y-11.913
G1 X0.487 Y-11.516
G1 X0.973 Y-11.174
G1 X1.748 Y-10.814
G1 X3.100 Y-10.345
G1 X3.677 Y-10.021
G1 X4.091 Y-9.606
G1 X4.343 Y-9.119
G1 X4.920 Y-9.174
G1 X5.677 Y-9.083
G1 X6.344 Y-8.867
G1 X6.921 Y-8.561
G1 X7.461 Y-8.164
G1 X8.020 Y-7.624
G1 X8.417 Y-7.119
G1 X8.867 Y-6.398
G1 X9.264 Y-5.533
G1 X9.588 Y-4.488
G1 X9.768 Y-3.388
G1 X9.822 Y-2.181
G1 X9.516 Y-1.784
G1 X9.246 Y-1.334
G1 X8.939 Y-0.685
G1 X8.687 Y0.072
G1 X8.525 Y0.793
G1 X8.435 Y1.424
G1 X8.399 Y2.848
G1 X8.561 Y4.145
G1 X8.885 Y5.317
G1 X9.372 Y6.452
G1 X9.642 Y6.921
G1 X9.967 Y7.353
G1 X9.912 Y7.443
G1 X9.264 Y7.984
G1 X8.417 Y8.867
G1 X7.840 Y9.606
G1 X7.245 Y10.597
G1 X6.416 Y10.453
G1 X5.209 Y10.417
G1 X4.091 Y10.525
G1 X3.244 Y10.705
G1 X2.289 Y11.030
G1 X1.352 Y11.498
G1 X0.721 Y11.931
G1 X0.000 Y12.580
M5
G0 X0.000 Y13.030 F2500
M3 S220
G1 F1000
G1 X0.559 Y12.472
G1 X1.244 Y11.967
G1 X2.253 Y11.426
G1 X3.244 Y11.066
G1 X4.037 Y10.886
G1 X5.064 Y10.760
G1 X6.110 Y10.760
G1 X7.389 Y10.922
G1 X7.894 Y10.075
G1 X8.723 Y8.993
G1 X9.516 Y8.182
G1 X10.435 Y7.407
G1 X10.129 Y7.047
G1 X9.840 Y6.614
G1 X9.282 Y5.425
G1 X8.939 Y4.253
G1 X8.759 Y3.064
G1 X8.759 Y1.676
G1 X8.885 Y0.739
G1 X9.011 Y0.198
G1 X9.372 Y-0.847
G1 X9.714 Y-1.496
G1 X10.129 Y-2.055
G1 X10.093 Y-3.334
G1 X9.912 Y-4.506
G1 X9.606 Y-5.569
G1 X9.174 Y-6.524
G1 X8.723 Y-7.245
G1 X8.272 Y-7.822
G1 X7.732 Y-8.363
G1 X7.083 Y-8.849
G1 X6.398 Y-9.210
G1 X5.821 Y-9.390
G1 X5.209 Y-9.480
G1 X4.506 Y-9.444
G1 X4.325 Y-9.822
G1 X3.785 Y-10.345
G1 X3.568 Y-10.489
G1 X2.992 Y-10.760
G1 X1.748 Y-11.174
G1 X1.208 Y-11.426
G1 X0.559 Y-11.859
G1 X0.216 Y-12.183
G1 X0.000 Y-12.454
G1 X-0.216 Y-12.183
G1 X-0.559 Y-11.859
G1 X-1.244 Y-11.408
G1 X-2.001 Y-11.084
G1 X-3.082 Y-10.723
G1 X-3.695 Y-10.417
G1 X-4.271 Y-9.894
G1 X-4.398 Y-9.732
G1 X-4.542 Y-9.426
G1 X-4.668 Y-9.480
G1 X-5.209 Y-9.480
G1 X-5.821 Y-9.390
G1 X-6.506 Y-9.156
G1 X-7.119 Y-8.831
G1 X-7.678 Y-8.417
G1 X-8.200 Y-7.912
G1 X-8.669 Y-7.335
G1 X-9.156 Y-6.578
G1 X-9.588 Y-5.659
G1 X-9.894 Y-4.650
G1 X-10.111 Y-3.334
G1 X-10.147 Y-2.055
G1 X-9.714 Y-1.460
G1 X-9.444 Y-0.973
G1 X-9.210 Y-0.396
G1 X-9.011 Y0.252
G1 X-8.849 Y1.009
G1 X-8.759 Y1.802
G1 X-8.777 Y3.154
G1 X-8.975 Y4.361
G1 X-9.300 Y5.443
G1 X-9.822 Y6.560
G1 X-10.075 Y6.957
G1 X-10.453 Y7.425
G1 X-9.516 Y8.200
G1 X-8.705 Y9.029
G1 X-8.110 Y9.786
G1 X-7.425 Y10.886
G1 X-7.353 Y10.940
G1 X-6.560 Y10.796
G1 X-5.064 Y10.760
G1 X-4.343 Y10.832
G1 X-3.406 Y11.030
G1 X-2.397 Y11.372
G1 X-1.496 Y11.823
G1 X-0.577 Y12.472
G1 X0.000 Y13.030
M5
G0 X0.000 Y13.175 F2500
M3 S220
G1 F1000
G1 X-0.703 Y12.490
G1 X-1.460 Y11.949
G1 X-2.451 Y11.444
G1 X-3.226 Y11.174
G1 X-4.235 Y10.940
G1 X-5.046 Y10.850
G1 X-6.344 Y10.868
G1 X-7.461 Y11.030
G1 X-8.110 Y9.949
G1 X-8.741 Y9.137
G1 X-9.624 Y8.236
G1 X-10.579 Y7.443
G1 X-10.003 Y6.668
G1 X-9.444 Y5.551
G1 X-9.065 Y4.361
G1 X-8.867 Y3.208
G1 X-8.831 Y2.685
G1 X-8.867 Y1.568
G1 X-8.939 Y0.991
G1 X-9.101 Y0.270
G1 X-9.498 Y-0.865
G1 X-9.768 Y-1.370
G1 X-10.237 Y-2.001
G1 X-10.201 Y-3.334
G1 X-10.021 Y-4.506
G1 X-9.678 Y-5.677
G1 X-9.282 Y-6.542
G1 X-8.759 Y-7.371
G1 X-8.344 Y-7.894
G1 X-7.786 Y-8.453
G1 X-7.209 Y-8.885
G1 X-6.542 Y-9.246
G1 X-6.056 Y-9.426
G1 X-5.263 Y-9.570
G1 X-4.596 Y-9.552
G1 X-4.289 Y-10.021
G1 X-3.803 Y-10.453
G1 X-3.064 Y-10.832
G1 X-1.730 Y-11.282
G1 X-1.244 Y-11.516
G1 X-0.523 Y-12.021
G1 X-0.252 Y-12.291
G1 X0.000 Y-12.652
G1 X0.180 Y-12.382
G1 X0.505 Y-12.039
G1 X1.117 Y-11.589
G1 X1.820 Y-11.246
G1 X3.226 Y-10.760
G1 X3.875 Y-10.399
G1 X4.235 Y-10.075
G1 X4.614 Y-9.552
G1 X4.884 Y-9.588
G1 X5.299 Y-9.570
G1 X6.128 Y-9.408
G1 X6.740 Y-9.156
G1 X7.407 Y-8.741
G1 X7.876 Y-8.363
G1 X8.417 Y-7.804
G1 X8.921 Y-7.119
G1 X9.372 Y-6.344
G1 X9.624 Y-5.785
G1 X9.822 Y-5.209
G1 X10.093 Y-4.073
G1 X10.219 Y-2.956
G1 X10.219 Y-1.982
G1 X9.858 Y-1.532
G1 X9.588 Y-1.081
G1 X9.300 Y-0.415
G1 X9.083 Y0.270
G1 X8.939 Y0.919
G1 X8.849 Y1.586
G1 X8.813 Y2.379
G1 X8.849 Y3.100
G1 X9.065 Y4.398
G1 X9.426 Y5.533
G1 X10.003 Y6.686
G1 X10.579 Y7.425
G1 X9.552 Y8.290
G1 X8.777 Y9.083
G1 X8.074 Y9.985
G1 X7.425 Y11.048
G1 X6.560 Y10.886
G1 X5.497 Y10.832
G1 X4.470 Y10.904
G1 X3.208 Y11.174
G1 X2.271 Y11.516
G1 X1.442 Y11.949
G1 X0.649 Y12.526
G1 X0.000 Y13.175
M5
G0 X0.252 Y11.913 F2500
M3 S220
G1 F1000
G1 X0.901 Y11.408
G1 X1.442 Y11.084
G1 X2.073 Y10.778
G1 X3.046 Y10.435
G1 X4.037 Y10.219
G1 X5.064 Y10.111
G1 X6.020 Y10.111
G1 X7.011 Y10.219
G1 X7.119 Y10.165
G1 X7.588 Y9.408
G1 X8.056 Y8.795
G1 X8.435 Y8.363
G1 X9.534 Y7.317
G1 X9.119 Y6.668
G1 X8.615 Y5.551
G1 X8.363 Y4.740
G1 X8.164 Y3.749
G1 X1.946 Y3.785
G1 X2.037 Y4.163
G1 X2.235 Y4.614
G1 X2.415 Y4.776
G1 X2.559 Y5.010
G1 X3.154 Y5.299
G1 X3.605 Y5.407
G1 X4.019 Y5.407
G1 X4.434 Y5.263
G1 X4.668 Y5.100
G1 X5.245 Y4.488
G1 X5.551 Y4.307
G1 X5.947 Y4.217
G1 X5.984 Y4.253
G1 X5.605 Y4.470
G1 X5.317 Y4.758
G1 X4.992 Y5.227
G1 X4.758 Y5.461
G1 X4.542 Y5.605
G1 X4.145 Y5.731
G1 X3.568 Y5.731
G1 X3.082 Y5.605
G1 X3.677 Y5.965
G1 X3.857 Y6.020
G1 X4.217 Y5.984
G1 X4.398 Y5.929
G1 X4.830 Y5.677
G1 X5.046 Y5.479
G1 X5.227 Y5.191
G1 X5.281 Y5.173
G1 X5.281 Y5.353
G1 X5.100 Y5.713
G1 X4.830 Y6.020
G1 X4.560 Y6.218
G1 X4.974 Y6.290
G1 X5.425 Y5.893
G1 X5.479 Y5.731
G1 X5.641 Y5.569
G1 X5.731 Y5.209
G1 X5.875 Y4.902
G1 X6.002 Y4.830
G1 X6.038 Y4.938
G1 X6.020 Y5.154
G1 X6.110 Y5.154
G1 X6.002 Y5.767
G1 X5.731 Y6.218
G1 X5.587 Y6.344
G1 X5.533 Y6.452
G1 X5.659 Y6.380
G1 X5.984 Y6.056
G1 X6.128 Y5.749
G1 X6.182 Y5.695
G1 X6.236 Y5.713
G1 X6.434 Y5.299
G1 X6.542 Y4.776
G1 X6.632 Y4.686
G1 X6.740 Y4.452
G1 X6.867 Y4.361
G1 X6.903 Y4.488
G1 X6.885 Y4.722
G1 X6.921 Y4.794
G1 X6.975 Y4.758
G1 X6.975 Y5.010
G1 X6.885 Y5.191
G1 X6.903 Y5.299
G1 X6.849 Y5.479
G1 X6.686 Y5.749
G1 X6.614 Y6.074
G1 X6.398 Y6.290
G1 X6.290 Y6.470
G1 X5.893 Y6.849
G1 X5.731 Y6.921
G1 X5.263 Y6.993
G1 X5.209 Y7.083
G1 X5.533 Y7.083
G1 X6.056 Y6.813
G1 X6.632 Y6.164
G1 X6.813 Y5.785
G1 X6.885 Y5.785
G1 X6.903 Y5.839
G1 X7.029 Y5.623
G1 X7.191 Y5.479
G1 X7.209 Y5.713
G1 X7.137 Y6.182
G1 X6.975 Y6.434
G1 X6.939 Y6.614
G1 X6.722 Y6.758
G1 X6.686 Y6.903
G1 X7.029 Y6.632
G1 X7.083 Y6.488
G1 X7.245 Y6.290
G1 X7.281 Y6.290
G1 X7.299 Y6.470
G1 X7.461 Y6.038
G1 X7.570 Y5.893
G1 X7.678 Y5.551
G1 X7.768 Y5.497
G1 X7.876 Y5.227
G1 X7.966 Y5.154
G1 X8.002 Y5.191
G1 X8.002 Y5.479
G1 X8.092 Y5.569
G1 X8.092 Y5.713
G1 X8.002 Y6.092
G1 X7.876 Y6.380
G1 X7.912 Y6.398
G1 X8.092 Y6.218
G1 X8.146 Y6.272
G1 X8.110 Y6.452
G1 X7.930 Y6.758
G1 X7.894 Y6.921
G1 X7.660 Y7.191
G1 X7.660 Y7.281
G1 X7.299 Y7.624
G1 X7.191 Y7.678
G1 X7.101 Y7.840
G1 X6.903 Y7.912
G1 X6.813 Y8.020
G1 X6.578 Y8.110
G1 X6.506 Y8.200
G1 X6.326 Y8.272
G1 X6.416 Y8.308
G1 X6.758 Y8.182
G1 X6.849 Y8.218
G1 X7.191 Y8.020
G1 X7.281 Y8.056
G1 X7.551 Y7.894
G1 X7.822 Y7.588
G1 X7.876 Y7.588
G1 X7.912 Y7.642
G1 X8.218 Y7.425
G1 X8.308 Y7.407
G1 X8.254 Y7.642
G1 X8.146 Y7.786
G1 X8.110 Y7.966
G1 X7.912 Y8.092
G1 X7.894 Y8.218
G1 X7.678 Y8.344
G1 X7.588 Y8.471
G1 X7.173 Y8.633
G1 X7.119 Y8.741
G1 X6.939 Y8.795
G1 X6.686 Y8.795
G1 X6.668 Y8.885
G1 X6.398 Y8.831
G1 X6.236 Y8.921
G1 X5.785 Y8.921
G1 X6.524 Y9.264
G1 X6.542 Y9.336
G1 X6.200 Y9.354
G1 X6.020 Y9.300
G1 X5.839 Y9.354
G1 X5.497 Y9.246
G1 X5.389 Y9.300
G1 X5.154 Y9.174
G1 X5.028 Y9.174
G1 X4.650 Y8.921
G1 X4.578 Y8.939
G1 X4.289 Y8.741
G1 X4.181 Y8.741
G1 X4.812 Y9.336
G1 X5.425 Y9.768
G1 X5.100 Y9.696
G1 X4.560 Y9.426
G1 X4.109 Y9.119
G1 X3.587 Y8.633
G1 X3.064 Y7.966
G1 X3.046 Y8.002
G1 X3.262 Y8.561
G1 X3.442 Y8.885
G1 X3.767 Y9.354
G1 X4.271 Y9.912
G1 X3.911 Y9.714
G1 X3.352 Y9.228
G1 X2.866 Y8.561
G1 X2.541 Y7.858
G1 X2.361 Y8.705
G1 X2.145 Y9.192
G1 X1.820 Y9.660
G1 X1.640 Y9.822
G1 X1.532 Y9.840
G1 X1.712 Y9.606
G1 X1.856 Y9.318
G1 X2.055 Y8.723
G1 X2.145 Y8.038
G1 X2.127 Y7.425
G1 X1.982 Y7.840
G1 X1.820 Y8.128
G1 X1.532 Y8.471
G1 X1.370 Y8.597
G1 X1.316 Y8.579
G1 X1.568 Y8.218
G1 X1.730 Y7.822
G1 X1.856 Y7.155
G1 X1.838 Y6.975
G1 X1.676 Y7.263
G1 X1.424 Y7.570
G1 X1.099 Y7.822
G1 X0.757 Y7.984
G1 X0.775 Y7.894
G1 X0.937 Y7.786
G1 X1.316 Y7.371
G1 X1.532 Y6.939
G1 X1.694 Y6.236
G1 X1.676 Y5.569
G1 X1.550 Y5.443
G1 X1.478 Y5.173
G1 X1.262 Y4.884
G1 X0.469 Y4.109
G1 X0.505 Y4.019
G1 X0.775 Y4.037
G1 X0.541 Y3.749
G1 X0.252 Y3.767
G1 X0.252 Y11.913
M5
G0 X-8.110 Y3.280 F2500
M3 S220
G1 F1000
G1 X8.092 Y3.280
G1 X8.074 Y1.928
G1 X8.218 Y0.667
G1 X8.399 Y-0.090
G1 X8.795 Y-1.171
G1 X9.083 Y-1.712
G1 X9.498 Y-2.289
G1 X9.444 Y-3.388
G1 X9.282 Y-4.380
G1 X8.975 Y-5.389
G1 X8.759 Y-5.911
G1 X8.471 Y-6.452
G1 X8.128 Y-6.975
G1 X7.732 Y-7.461
G1 X7.155 Y-8.002
G1 X6.542 Y-8.417
G1 X6.020 Y-8.651
G1 X5.389 Y-8.813
G1 X4.794 Y-8.849
G1 X4.091 Y-8.759
G1 X4.001 Y-9.119
G1 X3.875 Y-9.354
G1 X3.442 Y-9.804
G1 X2.992 Y-10.057
G1 X1.676 Y-10.507
G1 X1.009 Y-10.796
G1 X0.559 Y-11.066
G1 X-0.036 Y-11.535
G1 X-0.415 Y-11.174
G1 X-0.883 Y-10.868
G1 X-1.730 Y-10.489
G1 X-2.992 Y-10.057
G1 X-3.424 Y-9.822
G1 X-3.731 Y-9.552
G1 X-3.893 Y-9.336
G1 X-4.109 Y-8.759
G1 X-4.794 Y-8.849
G1 X-5.371 Y-8.813
G1 X-6.020 Y-8.651
G1 X-6.614 Y-8.381
G1 X-7.191 Y-7.984
G1 X-7.660 Y-7.551
G1 X-8.002 Y-7.155
G1 X-8.471 Y-6.470
G1 X-8.741 Y-5.965
G1 X-9.029 Y-5.263
G1 X-9.300 Y-4.343
G1 X-9.426 Y-3.605
G1 X-9.498 Y-2.866
G1 X-9.498 Y-2.271
G1 X-9.137 Y-1.784
G1 X-8.759 Y-1.063
G1 X-8.453 Y-0.234
G1 X-8.236 Y0.649
G1 X-8.092 Y1.856
G1 X-8.110 Y3.280
M5
G0 X-13.301 Y-7.804 F2500
M3 S220
G1 F1000
G1 X-13.211 Y-8.110
G1 X-12.922 Y-8.615
G1 X-12.526 Y-9.156
G1 X-12.183 Y-9.516
G1 X-11.841 Y-9.822
G1 X-11.228 Y-10.255
G1 X-10.237 Y-10.760
G1 X-10.219 Y-10.814
G1 X-10.507 Y-11.318
G1 X-10.507 Y-11.607
G1 X-10.381 Y-11.877
G1 X-10.165 Y-12.093
G1 X-9.624 Y-12.508
G1 X-8.489 Y-13.265
G1 X-7.407 Y-13.877
G1 X-6.578 Y-14.274
G1 X-5.749 Y-14.616
G1 X-4.596 Y-15.013
G1 X-3.478 Y-15.301
G1 X-2.505 Y-15.481
G1 X-1.532 Y-15.608
G1 X-0.559 Y-15.662
G1 X0.613 Y-15.662
G1 X1.820 Y-15.572
G1 X2.938 Y-15.409
G1 X4.289 Y-15.103
G1 X5.407 Y-14.743
G1 X6.182 Y-14.436
G1 X7.101 Y-14.022
G1 X8.074 Y-13.499
G1 X9.462 Y-12.616
G1 X10.345 Y-11.913
G1 X10.507 Y-11.625
G1 X10.507 Y-11.354
G1 X10.219 Y-10.796
G1 X11.228 Y-10.255
G1 X12.093 Y-9.606
G1 X12.832 Y-8.759
G1 X13.102 Y-8.326
G1 X13.301 Y-7.876
G1 X13.247 Y-7.750
G1 X12.760 Y-8.092
G1 X12.255 Y-8.363
G1 X11.715 Y-8.561
G1 X11.210 Y-8.651
G1 X11.625 Y-7.858
G1 X11.823 Y-7.209
G1 X11.877 Y-6.813
G1 X11.877 Y-6.272
G1 X11.841 Y-6.164
G1 X11.751 Y-6.182
G1 X11.535 Y-6.560
G1 X11.246 Y-6.921
G1 X10.814 Y-7.335
G1 X10.363 Y-7.678
G1 X9.696 Y-8.074
G1 X8.272 Y-8.705
G1 X7.606 Y-9.083
G1 X7.389 Y-9.318
G1 X7.299 Y-9.534
G1 X7.317 Y-9.876
G1 X7.624 Y-10.579
G1 X7.606 Y-10.633
G1 X6.002 Y-11.480
G1 X5.100 Y-11.859
G1 X4.235 Y-12.165
G1 X3.244 Y-12.436
G1 X1.442 Y-12.742
G1 X0.415 Y-12.814
G1 X-0.378 Y-12.814
G1 X-1.442 Y-12.742
G1 X-2.541 Y-12.580
G1 X-4.235 Y-12.165
G1 X-5.209 Y-11.823
G1 X-5.965 Y-11.498
G1 X-7.407 Y-10.742
G1 X-7.624 Y-10.597
G1 X-7.299 Y-9.786
G1 X-7.317 Y-9.498
G1 X-7.425 Y-9.282
G1 X-7.660 Y-9.047
G1 X-7.876 Y-8.903
G1 X-9.768 Y-8.038
G1 X-10.543 Y-7.551
G1 X-11.210 Y-6.975
G1 X-11.498 Y-6.614
G1 X-11.787 Y-6.146
G1 X-11.859 Y-6.164
G1 X-11.877 Y-6.795
G1 X-11.823 Y-7.191
G1 X-11.643 Y-7.804
G1 X-11.264 Y-8.579
G1 X-11.264 Y-8.651
G1 X-11.769 Y-8.543
G1 X-12.129 Y-8.417
G1 X-12.706 Y-8.128
G1 X-13.193 Y-7.786
G1 X-13.265 Y-7.768
G1 X-13.301 Y-7.804
M5
G0 X-13.193 Y-7.948 F2500
M3 S220
G1 F1000
G1 X-13.175 Y-7.894
G1 X-12.562 Y-8.308
G1 X-12.021 Y-8.543
G1 X-11.607 Y-8.669
G1 X-11.066 Y-8.741
G1 X-11.390 Y-8.182
G1 X-11.643 Y-7.551
G1 X-11.769 Y-6.957
G1 X-11.769 Y-6.596
G1 X-11.498 Y-6.993
G1 X-11.787 Y-6.560
G1 X-11.769 Y-6.344
G1 X-11.625 Y-6.596
G1 X-11.318 Y-6.975
G1 X-10.615 Y-7.606
G1 X-9.714 Y-8.164
G1 X-7.894 Y-8.993
G1 X-7.533 Y-9.300
G1 X-7.425 Y-9.480
G1 X-7.407 Y-9.624
G1 X-7.479 Y-9.714
G1 X-7.678 Y-9.372
G1 X-7.912 Y-9.156
G1 X-8.236 Y-8.957
G1 X-9.354 Y-8.525
G1 X-9.786 Y-8.308
G1 X-9.408 Y-8.507
G1 X-8.128 Y-9.029
G1 X-7.660 Y-9.408
G1 X-7.497 Y-9.714
G1 X-7.551 Y-9.750
G1 X-7.642 Y-9.732
G1 X-7.750 Y-9.498
G1 X-8.182 Y-9.156
G1 X-9.480 Y-8.633
G1 X-8.669 Y-8.939
G1 X-8.110 Y-9.210
G1 X-7.732 Y-9.534
G1 X-7.660 Y-9.660
G1 X-7.660 Y-9.750
G1 X-7.732 Y-9.768
G1 X-7.948 Y-9.498
G1 X-8.272 Y-9.282
G1 X-9.462 Y-8.795
G1 X-8.597 Y-9.137
G1 X-8.164 Y-9.354
G1 X-7.984 Y-9.480
G1 X-7.768 Y-9.732
G1 X-7.894 Y-9.714
G1 X-8.741 Y-9.156
G1 X-9.119 Y-9.119
G1 X-9.534 Y-8.939
G1 X-9.156 Y-9.137
G1 X-9.300 Y-9.246
G1 X-9.678 Y-9.065
G1 X-9.336 Y-9.228
G1 X-9.300 Y-9.282
G1 X-9.390 Y-9.390
G1 X-9.858 Y-9.174
G1 X-9.426 Y-9.372
G1 X-9.390 Y-9.426
G1 X-9.480 Y-9.552
G1 X-9.822 Y-9.390
G1 X-9.516 Y-9.534
G1 X-9.480 Y-9.588
G1 X-9.516 Y-9.660
G1 X-9.588 Y-9.714
G1 X-10.003 Y-9.498
G1 X-9.588 Y-9.714
G1 X-9.570 Y-9.750
G1 X-9.660 Y-9.876
G1 X-10.165 Y-9.624
G1 X-9.678 Y-9.876
G1 X-9.660 Y-9.912
G1 X-9.768 Y-10.039
G1 X-10.363 Y-9.732
G1 X-9.786 Y-10.039
G1 X-9.804 Y-10.147
G1 X-9.912 Y-10.165
G1 X-10.543 Y-9.840
G1 X-9.840 Y-10.201
G1 X-9.930 Y-10.327
G1 X-10.669 Y-9.949
G1 X-9.967 Y-10.327
G1 X-9.949 Y-10.363
G1 X-10.021 Y-10.471
G1 X-10.615 Y-10.183
G1 X-11.012 Y-9.930
G1 X-10.633 Y-10.183
G1 X-10.057 Y-10.453
G1 X-10.039 Y-10.507
G1 X-10.129 Y-10.561
G1 X-10.814 Y-10.237
G1 X-11.571 Y-9.714
G1 X-11.102 Y-10.075
G1 X-10.129 Y-10.579
G1 X-10.129 Y-10.651
G1 X-10.201 Y-10.687
G1 X-11.300 Y-10.111
G1 X-12.093 Y-9.480
G1 X-12.760 Y-8.705
G1 X-13.048 Y-8.164
G1 X-12.868 Y-8.344
G1 X-12.832 Y-8.417
G1 X-12.904 Y-8.290
G1 X-13.120 Y-8.092
G1 X-13.193 Y-7.948
M5
M5 ; Laser OFF
G0 X0 Y0 F1500 ; Return to Center
M2 ; Program End
